# vtk DataFile Version 3.0
Arquivo gerado por PZ
ASCII

DATASET UNSTRUCTURED_GRID
POINTS 1980 float
18.6603 -23.6603 0
16.3277 -23.6603 0
18.6603 -19.4817 0
16.3277 -23.6603 0
18.6603 -5 0
18.6603 -6.58405 0
15.7014 -5 0
18.6603 -6.58405 0
4.66506 -23.6603 0
6.9976 -19.3249 0
9.33013 -23.6603 0
6.9976 -19.3249 0
13.9952 -23.6603 0
15.1615 -20.2689 0
16.3277 -23.6603 0
15.1615 -20.2689 0
16.3277 -23.6603 0
15.1615 -20.2689 0
18.6603 -19.4817 0
15.1615 -20.2689 0
18.6603 -8.1681 0
16.3328 -7.37607 0
18.6603 -6.58405 0
16.3328 -7.37607 0
18.6603 -6.58405 0
16.3328 -7.37607 0
15.7014 -5 0
16.3328 -7.37607 0
18.6603 -11.5401 0
16.8566 -9.85408 0
18.6603 -8.1681 0
16.8566 -9.85408 0
18.6603 -8.1681 0
16.8566 -9.85408 0
16.3328 -7.37607 0
16.8566 -9.85408 0
16.3328 -7.37607 0
16.8566 -9.85408 0
14.5138 -9.07496 0
16.8566 -9.85408 0
-1.25652 0 0
-2.04267 -1.46473 0
-2.82882 0 0
-2.04267 -1.46473 0
-1.25652 0 0
-0.628262 -1.08469 0
-2.04267 -1.46473 0
-0.628262 -1.08469 0
-2.04267 -1.46473 0
-0.628262 -1.08469 0
-0.628262 -2.33818 0
-0.628262 -1.08469 0
-18.6603 -2.36603 0
-15.1735 -3.54904 0
-18.6603 -4.73205 0
-15.1735 -3.54904 0
-18.6603 0 0
-16.4267 0 0
-18.6603 -2.36603 0
-16.4267 0 0
-18.6603 -2.36603 0
-16.4267 0 0
-15.1735 -3.54904 0
-16.4267 0 0
-15.1735 -3.54904 0
-16.4267 0 0
-14.1932 0 0
-16.4267 0 0
-18.6603 -18.9282 0
-15.1277 -20.1112 0
-18.6603 -21.2942 0
-15.1277 -20.1112 0
-18.6603 -21.2942 0
-16.3277 -23.6603 0
-18.6603 -23.6603 0
-16.3277 -23.6603 0
-13.9952 -23.6603 0
-16.3277 -23.6603 0
-15.1277 -20.1112 0
-16.3277 -23.6603 0
-15.1277 -20.1112 0
-16.3277 -23.6603 0
-18.6603 -21.2942 0
-16.3277 -23.6603 0
4.66506 -23.6603 0
2.33253 -19.6101 0
6.9976 -19.3249 0
2.33253 -19.6101 0
7.31859e-13 -23.6603 0
2.33253 -19.6101 0
4.66506 -23.6603 0
2.33253 -19.6101 0
15.1615 -20.2689 0
16.3538 -17.3994 0
18.6603 -19.4817 0
16.3538 -17.3994 0
18.6603 -19.4817 0
16.3538 -17.3994 0
18.6603 -15.3171 0
16.3538 -17.3994 0
6.9976 -19.3249 0
11.0639 -19.9323 0
9.33013 -23.6603 0
11.0639 -19.9323 0
13.9952 -23.6603 0
11.0639 -19.9323 0
15.1615 -20.2689 0
11.0639 -19.9323 0
9.33013 -23.6603 0
11.0639 -19.9323 0
13.9952 -23.6603 0
11.0639 -19.9323 0
14.5138 -9.07496 0
14.5138 -6.58752 0
16.3328 -7.37607 0
14.5138 -6.58752 0
16.3328 -7.37607 0
14.5138 -6.58752 0
15.7014 -5 0
14.5138 -6.58752 0
15.7014 -5 0
14.5138 -6.58752 0
13.3262 -5 0
14.5138 -6.58752 0
12.3728 -7.48838 0
12.3728 -6.06157 0
14.5138 -6.58752 0
12.3728 -6.06157 0
14.5138 -6.58752 0
12.3728 -6.06157 0
13.3262 -5 0
12.3728 -6.06157 0
18.6603 -15.3171 0
15.9227 -13.4286 0
18.6603 -11.5401 0
15.9227 -13.4286 0
12.8428 -14.6832 0
15.9227 -13.4286 0
16.3538 -17.3994 0
15.9227 -13.4286 0
16.3538 -17.3994 0
15.9227 -13.4286 0
18.6603 -15.3171 0
15.9227 -13.4286 0
-4.79624 0 0
-6.02715 -2.10658 0
-7.25807 0 0
-6.02715 -2.10658 0
-2.82882 0 0
-3.81253 -1.41064 0
-4.79624 0 0
-3.81253 -1.41064 0
-4.79624 0 0
-3.81253 -1.41064 0
-6.02715 -2.10658 0
-3.81253 -1.41064 0
-6.02715 -2.10658 0
-3.81253 -1.41064 0
-3.81253 -3.13041 0
-3.81253 -1.41064 0
-3.81253 -3.13041 0
-3.81253 -1.41064 0
-2.04267 -1.46473 0
-3.81253 -1.41064 0
-2.04267 -1.46473 0
-3.81253 -1.41064 0
-2.82882 0 0
-3.81253 -1.41064 0
-0.628262 -2.33818 0
-2.11396 -3.1621 0
-2.04267 -1.46473 0
-2.11396 -3.1621 0
-2.04267 -1.46473 0
-2.11396 -3.1621 0
-3.81253 -3.13041 0
-2.11396 -3.1621 0
-12.2659 -6.29381 0
-15.8241 -7.15071 0
-15.1735 -3.54904 0
-15.8241 -7.15071 0
-15.1735 -3.54904 0
-15.8241 -7.15071 0
-18.6603 -4.73205 0
-15.8241 -7.15071 0
-18.6603 -4.73205 0
-15.8241 -7.15071 0
-18.6603 -9.4641 0
-15.8241 -7.15071 0
-12.2659 -6.29381 0
-12.2659 -2.44227 0
-8.79833 -3.91367 0
-12.2659 -2.44227 0
-15.1735 -3.54904 0
-12.2659 -2.44227 0
-12.2659 -6.29381 0
-12.2659 -2.44227 0
-14.1932 0 0
-12.2659 -2.44227 0
-15.1735 -3.54904 0
-12.2659 -2.44227 0
-10.3386 0 0
-12.2659 -2.44227 0
-14.1932 0 0
-12.2659 -2.44227 0
-7.25807 0 0
-8.79833 -1.65375 0
-10.3386 0 0
-8.79833 -1.65375 0
-10.3386 0 0
-8.79833 -1.65375 0
-12.2659 -2.44227 0
-8.79833 -1.65375 0
-12.2659 -2.44227 0
-8.79833 -1.65375 0
-8.79833 -3.91367 0
-8.79833 -1.65375 0
-8.79833 -3.91367 0
-8.79833 -1.65375 0
-6.02715 -2.10658 0
-8.79833 -1.65375 0
-6.02715 -2.10658 0
-8.79833 -1.65375 0
-7.25807 0 0
-8.79833 -1.65375 0
-11.5952 -16.5622 0
-11.3077 -20.3809 0
-15.1277 -20.1112 0
-11.3077 -20.3809 0
-15.1277 -20.1112 0
-11.3077 -20.3809 0
-13.9952 -23.6603 0
-11.3077 -20.3809 0
-13.9952 -23.6603 0
-11.3077 -20.3809 0
-9.33013 -23.6603 0
-11.3077 -20.3809 0
-9.33013 -23.6603 0
-11.3077 -20.3809 0
-6.9976 -19.0055 0
-11.3077 -20.3809 0
-6.9976 -19.0055 0
-11.3077 -20.3809 0
-11.5952 -16.5622 0
-11.3077 -20.3809 0
-15.1277 -20.1112 0
-15.429 -16.2788 0
-11.5952 -16.5622 0
-15.429 -16.2788 0
-18.6603 -18.9282 0
-15.429 -16.2788 0
-15.1277 -20.1112 0
-15.429 -16.2788 0
-18.6603 -14.1962 0
-15.429 -16.2788 0
-18.6603 -18.9282 0
-15.429 -16.2788 0
7.31859e-13 -23.6603 0
-2.33193 -19.2985 0
2.33253 -19.6101 0
-2.33193 -19.2985 0
-4.66506 -23.6603 0
-2.33193 -19.2985 0
7.31859e-13 -23.6603 0
-2.33193 -19.2985 0
16.3538 -17.3994 0
13.3006 -17.8132 0
12.8428 -14.6832 0
13.3006 -17.8132 0
11.0639 -19.9323 0
13.3006 -17.8132 0
15.1615 -20.2689 0
13.3006 -17.8132 0
15.1615 -20.2689 0
13.3006 -17.8132 0
16.3538 -17.3994 0
13.3006 -17.8132 0
9.98828 -13.1279 0
9.4438 -16.8634 0
6.9976 -14.4018 0
9.4438 -16.8634 0
12.8428 -14.6832 0
9.4438 -16.8634 0
9.98828 -13.1279 0
9.4438 -16.8634 0
6.9976 -19.3249 0
9.4438 -16.8634 0
11.0639 -19.9323 0
9.4438 -16.8634 0
11.0639 -19.9323 0
9.4438 -16.8634 0
13.3006 -17.8132 0
9.4438 -16.8634 0
13.3006 -17.8132 0
9.4438 -16.8634 0
12.8428 -14.6832 0
9.4438 -16.8634 0
12.0116 -10.2136 0
12.9472 -8.95107 0
14.5138 -9.07496 0
12.9472 -8.95107 0
14.5138 -9.07496 0
12.9472 -8.95107 0
14.5138 -6.58752 0
12.9472 -8.95107 0
14.5138 -6.58752 0
12.9472 -8.95107 0
12.3728 -7.48838 0
12.9472 -8.95107 0
12.0116 -10.2136 0
10.805 -8.66713 0
12.9472 -8.95107 0
10.805 -8.66713 0
12.9472 -8.95107 0
10.805 -8.66713 0
12.3728 -7.48838 0
10.805 -8.66713 0
14.5138 -9.07496 0
15.0754 -11.298 0
12.0116 -10.2136 0
15.0754 -11.298 0
16.8566 -9.85408 0
15.0754 -11.298 0
14.5138 -9.07496 0
15.0754 -11.298 0
15.9227 -13.4286 0
15.0754 -11.298 0
18.6603 -11.5401 0
15.0754 -11.298 0
18.6603 -11.5401 0
15.0754 -11.298 0
16.8566 -9.85408 0
15.0754 -11.298 0
6.9976 -14.4018 0
7.7286 -11.9705 0
9.98828 -13.1279 0
7.7286 -11.9705 0
9.98828 -13.1279 0
12.1849 -12.4935 0
12.8428 -14.6832 0
12.1849 -12.4935 0
15.0754 -11.298 0
12.1849 -12.4935 0
12.0116 -10.2136 0
12.1849 -12.4935 0
15.9227 -13.4286 0
12.1849 -12.4935 0
15.0754 -11.298 0
12.1849 -12.4935 0
12.8428 -14.6832 0
12.1849 -12.4935 0
15.9227 -13.4286 0
12.1849 -12.4935 0
7.7286 -11.9705 0
10.5251 -11.3411 0
9.98828 -13.1279 0
10.5251 -11.3411 0
9.98828 -13.1279 0
10.5251 -11.3411 0
12.1849 -12.4935 0
10.5251 -11.3411 0
12.1849 -12.4935 0
10.5251 -11.3411 0
12.0116 -10.2136 0
10.5251 -11.3411 0
12.0116 -10.2136 0
10.5251 -11.3411 0
10.805 -8.66713 0
10.5251 -11.3411 0
10.805 -8.66713 0
10.5251 -11.3411 0
9.27458 -9.95657 0
10.5251 -11.3411 0
-3.81253 -3.13041 0
-6.05995 -5.08463 0
-6.02715 -2.10658 0
-6.05995 -5.08463 0
-6.02715 -2.10658 0
-6.05995 -5.08463 0
-8.79833 -3.91367 0
-6.05995 -5.08463 0
-3.81253 -3.13041 0
-2.99544 -4.87202 0
-6.05995 -5.08463 0
-2.99544 -4.87202 0
-2.11396 -3.1621 0
-2.99544 -4.87202 0
-3.81253 -3.13041 0
-2.99544 -4.87202 0
0.256922 -3.28283 0
-0.943712 -3.52083 0
-0.628262 -2.33818 0
-0.943712 -3.52083 0
-0.628262 -2.33818 0
-0.943712 -3.52083 0
-2.11396 -3.1621 0
-0.943712 -3.52083 0
-2.11396 -3.1621 0
-0.943712 -3.52083 0
-2.99544 -4.87202 0
-0.943712 -3.52083 0
-2.99544 -4.87202 0
-0.943712 -3.52083 0
-1.41548 -5.96954 0
-0.943712 -3.52083 0
-8.79833 -3.91367 0
-8.99764 -7.33931 0
-12.2659 -6.29381 0
-8.99764 -7.33931 0
-6.05995 -5.08463 0
-8.99764 -7.33931 0
-8.79833 -3.91367 0
-8.99764 -7.33931 0
-13.6479 -11.5402 0
-9.91663 -12.9456 0
-11.5952 -16.5622 0
-9.91663 -12.9456 0
-18.6603 -14.1962 0
-15.8669 -13.4101 0
-15.429 -16.2788 0
-15.8669 -13.4101 0
-15.429 -16.2788 0
-15.8669 -13.4101 0
-11.5952 -16.5622 0
-15.8669 -13.4101 0
-11.5952 -16.5622 0
-15.8669 -13.4101 0
-13.6479 -11.5402 0
-15.8669 -13.4101 0
-18.6603 -11.8301 0
-15.8669 -13.4101 0
-18.6603 -14.1962 0
-15.8669 -13.4101 0
-6.9976 -23.6603 0
-5.83133 -21.3329 0
-4.66506 -23.6603 0
-5.83133 -21.3329 0
-9.33013 -23.6603 0
-5.83133 -21.3329 0
-6.9976 -23.6603 0
-5.83133 -21.3329 0
-6.9976 -19.0055 0
-5.83133 -21.3329 0
-9.33013 -23.6603 0
-5.83133 -21.3329 0
-4.66506 -23.6603 0
-5.83133 -21.3329 0
-2.33193 -19.2985 0
-5.83133 -21.3329 0
-18.6603 -9.4641 0
-16.2141 -10.6471 0
-18.6603 -11.8301 0
-16.2141 -10.6471 0
-18.6603 -11.8301 0
-16.2141 -10.6471 0
-15.8669 -13.4101 0
-16.2141 -10.6471 0
-15.8669 -13.4101 0
-16.2141 -10.6471 0
-13.6479 -11.5402 0
-16.2141 -10.6471 0
-13.6479 -11.5402 0
-16.2141 -10.6471 0
-15.8241 -7.15071 0
-16.2141 -10.6471 0
-15.8241 -7.15071 0
-16.2141 -10.6471 0
-18.6603 -9.4641 0
-16.2141 -10.6471 0
2.33253 -19.6101 0
4.53084 -17.2724 0
6.9976 -19.3249 0
4.53084 -17.2724 0
-2.33193 -19.2985 0
-4.52717 -16.9614 0
-2.33253 -14.6237 0
-4.52717 -16.9614 0
-6.9976 -19.0055 0
-4.52717 -16.9614 0
-5.83133 -21.3329 0
-4.52717 -16.9614 0
-5.83133 -21.3329 0
-4.52717 -16.9614 0
-2.33193 -19.2985 0
-4.52717 -16.9614 0
-2.33193 -19.2985 0
0.146672 -17.2632 0
2.33253 -19.6101 0
0.146672 -17.2632 0
-2.33253 -14.6237 0
0.146672 -17.2632 0
-2.33193 -19.2985 0
0.146672 -17.2632 0
2.34235 -14.9255 0
0.146672 -17.2632 0
-2.33253 -14.6237 0
0.146672 -17.2632 0
2.33253 -19.6101 0
0.146672 -17.2632 0
4.53084 -17.2724 0
0.146672 -17.2632 0
4.53084 -17.2724 0
0.146672 -17.2632 0
2.34235 -14.9255 0
0.146672 -17.2632 0
4.53084 -17.2724 0
6.98224 -16.8634 0
6.9976 -19.3249 0
6.98224 -16.8634 0
6.9976 -19.3249 0
6.98224 -16.8634 0
9.4438 -16.8634 0
6.98224 -16.8634 0
9.4438 -16.8634 0
6.98224 -16.8634 0
6.9976 -14.4018 0
6.98224 -16.8634 0
9.27458 -9.95657 0
9.52293 -8.6984 0
10.805 -8.66713 0
9.52293 -8.6984 0
-1.41548 -5.96954 0
0.153004 -5.08201 0
1.33282 -6.44432 0
0.153004 -5.08201 0
1.33282 -6.44432 0
0.153004 -5.08201 0
2.11203 -5.09291 0
0.153004 -5.08201 0
0.256922 -3.28283 0
0.153004 -5.08201 0
-0.943712 -3.52083 0
0.153004 -5.08201 0
-0.943712 -3.52083 0
0.153004 -5.08201 0
-1.41548 -5.96954 0
0.153004 -5.08201 0
2.11203 -5.09291 0
0.153004 -5.08201 0
1.49531 -3.66005 0
0.153004 -5.08201 0
1.49531 -3.66005 0
0.153004 -5.08201 0
0.256922 -3.28283 0
0.153004 -5.08201 0
-8.99764 -7.33931 0
-11.4322 -9.31862 0
-12.2659 -6.29381 0
-11.4322 -9.31862 0
-13.6479 -11.5402 0
-11.4322 -9.31862 0
-9.91663 -12.9456 0
-11.4322 -9.31862 0
-12.2659 -6.29381 0
-11.4322 -9.31862 0
-15.8241 -7.15071 0
-11.4322 -9.31862 0
-15.8241 -7.15071 0
-11.4322 -9.31862 0
-13.6479 -11.5402 0
-11.4322 -9.31862 0
-9.91663 -12.9456 0
-11.4322 -9.31862 0
-7.05575 -10.1684 0
-11.4322 -9.31862 0
-7.05575 -10.1684 0
-11.4322 -9.31862 0
-8.99764 -7.33931 0
-11.4322 -9.31862 0
-6.05995 -5.08463 0
-6.42282 -7.65296 0
-8.99764 -7.33931 0
-6.42282 -7.65296 0
-8.99764 -7.33931 0
-6.42282 -7.65296 0
-7.05575 -10.1684 0
-6.42282 -7.65296 0
-4.52717 -16.9614 0
-4.87224 -12.5848 0
-2.33253 -14.6237 0
-4.87224 -12.5848 0
-7.05575 -10.1684 0
-4.87224 -12.5848 0
-9.91663 -12.9456 0
-4.87224 -12.5848 0
-2.33253 -14.6237 0
-4.87224 -12.5848 0
-2.6375 -10.2157 0
-4.87224 -12.5848 0
1.33282 -6.44432 0
-0.44568 -8.54757 0
-1.41548 -5.96954 0
-0.44568 -8.54757 0
-2.6375 -10.2157 0
0.168818 -12.2361 0
-2.33253 -14.6237 0
0.168818 -12.2361 0
-2.33253 -14.6237 0
0.168818 -12.2361 0
2.34235 -14.9255 0
0.168818 -12.2361 0
-6.9976 -19.0055 0
-8.29353 -15.8967 0
-4.52717 -16.9614 0
-8.29353 -15.8967 0
-4.52717 -16.9614 0
-8.29353 -15.8967 0
-4.87224 -12.5848 0
-8.29353 -15.8967 0
-4.87224 -12.5848 0
-8.29353 -15.8967 0
-9.91663 -12.9456 0
-8.29353 -15.8967 0
-9.91663 -12.9456 0
-8.29353 -15.8967 0
-11.5952 -16.5622 0
-8.29353 -15.8967 0
-11.5952 -16.5622 0
-8.29353 -15.8967 0
-6.9976 -19.0055 0
-8.29353 -15.8967 0
2.34235 -14.9255 0
4.699 -14.9218 0
4.53084 -17.2724 0
4.699 -14.9218 0
4.53084 -17.2724 0
4.699 -14.9218 0
6.98224 -16.8634 0
4.699 -14.9218 0
6.98224 -16.8634 0
4.699 -14.9218 0
6.9976 -14.4018 0
4.699 -14.9218 0
6.9976 -14.4018 0
4.699 -14.9218 0
4.40366 -12.2964 0
4.699 -14.9218 0
4.40366 -12.2964 0
4.699 -14.9218 0
2.34235 -14.9255 0
4.699 -14.9218 0
10.805 -8.66713 0
10.5491 -7.41832 0
12.3728 -7.48838 0
10.5491 -7.41832 0
9.27458 -7.44022 0
10.5491 -7.41832 0
9.52293 -8.6984 0
10.5491 -7.41832 0
9.52293 -8.6984 0
10.5491 -7.41832 0
10.805 -8.66713 0
10.5491 -7.41832 0
3.5743 -7.31012 0
4.75497 -6.22652 0
5.97672 -7.26358 0
4.75497 -6.22652 0
1.33282 -6.44432 0
3.01573 -6.08771 0
3.5743 -7.31012 0
3.01573 -6.08771 0
2.11203 -5.09291 0
3.01573 -6.08771 0
1.33282 -6.44432 0
3.01573 -6.08771 0
3.5743 -7.31012 0
3.01573 -6.08771 0
4.75497 -6.22652 0
3.01573 -6.08771 0
4.40366 -12.2964 0
5.98669 -11.323 0
6.9976 -14.4018 0
5.98669 -11.323 0
6.9976 -14.4018 0
5.98669 -11.323 0
7.7286 -11.9705 0
5.98669 -11.323 0
5.98669 -11.323 0
4.80841 -8.98495 0
6.78187 -9.64338 0
4.80841 -8.98495 0
5.97672 -7.26358 0
4.80841 -8.98495 0
3.5743 -7.31012 0
4.80841 -8.98495 0
9.27458 -9.95657 0
8.11932 -9.07494 0
9.52293 -8.6984 0
8.11932 -9.07494 0
-6.42282 -7.65296 0
-4.83803 -9.38907 0
-7.05575 -10.1684 0
-4.83803 -9.38907 0
-7.05575 -10.1684 0
-4.83803 -9.38907 0
-4.87224 -12.5848 0
-4.83803 -9.38907 0
-4.87224 -12.5848 0
-4.83803 -9.38907 0
-2.6375 -10.2157 0
-4.83803 -9.38907 0
-6.42282 -7.65296 0
-4.41331 -6.62708 0
-4.83803 -9.38907 0
-4.41331 -6.62708 0
-1.41548 -5.96954 0
-4.41331 -6.62708 0
-2.99544 -4.87202 0
-4.41331 -6.62708 0
-6.05995 -5.08463 0
-4.41331 -6.62708 0
-6.42282 -7.65296 0
-4.41331 -6.62708 0
-2.99544 -4.87202 0
-4.41331 -6.62708 0
-6.05995 -5.08463 0
-4.41331 -6.62708 0
1.33282 -6.44432 0
1.77853 -8.62479 0
-0.44568 -8.54757 0
1.77853 -8.62479 0
3.5743 -7.31012 0
1.77853 -8.62479 0
1.33282 -6.44432 0
1.77853 -8.62479 0
8.11932 -9.07494 0
8.15975 -7.87794 0
9.52293 -8.6984 0
8.15975 -7.87794 0
9.52293 -8.6984 0
8.15975 -7.87794 0
9.27458 -7.44022 0
8.15975 -7.87794 0
9.27458 -9.95657 0
7.93917 -10.5087 0
8.11932 -9.07494 0
7.93917 -10.5087 0
8.11932 -9.07494 0
7.93917 -10.5087 0
6.78187 -9.64338 0
7.93917 -10.5087 0
6.78187 -9.64338 0
7.93917 -10.5087 0
5.98669 -11.323 0
7.93917 -10.5087 0
5.98669 -11.323 0
7.93917 -10.5087 0
7.7286 -11.9705 0
7.93917 -10.5087 0
7.7286 -11.9705 0
7.93917 -10.5087 0
10.5251 -11.3411 0
7.93917 -10.5087 0
10.5251 -11.3411 0
7.93917 -10.5087 0
9.27458 -9.95657 0
7.93917 -10.5087 0
-2.6375 -10.2157 0
-2.6152 -7.97098 0
-0.44568 -8.54757 0
-2.6152 -7.97098 0
-1.41548 -5.96954 0
-2.6152 -7.97098 0
-4.41331 -6.62708 0
-2.6152 -7.97098 0
-0.44568 -8.54757 0
-2.6152 -7.97098 0
-1.41548 -5.96954 0
-2.6152 -7.97098 0
-4.41331 -6.62708 0
-2.6152 -7.97098 0
-4.83803 -9.38907 0
-2.6152 -7.97098 0
-4.83803 -9.38907 0
-2.6152 -7.97098 0
-2.6375 -10.2157 0
-2.6152 -7.97098 0
3.5743 -7.31012 0
3.29291 -8.80956 0
1.77853 -8.62479 0
3.29291 -8.80956 0
4.80841 -8.98495 0
3.29291 -8.80956 0
3.5743 -7.31012 0
3.29291 -8.80956 0
1.77853 -8.62479 0
0.608059 -10.2675 0
-0.44568 -8.54757 0
0.608059 -10.2675 0
-2.6375 -10.2157 0
0.608059 -10.2675 0
0.168818 -12.2361 0
0.608059 -10.2675 0
-0.44568 -8.54757 0
0.608059 -10.2675 0
-2.6375 -10.2157 0
0.608059 -10.2675 0
8.11932 -9.07494 0
7.01856 -7.74726 0
8.15975 -7.87794 0
7.01856 -7.74726 0
6.78187 -9.64338 0
7.01856 -7.74726 0
8.11932 -9.07494 0
7.01856 -7.74726 0
4.80841 -8.98495 0
3.85946 -10.5494 0
3.29291 -8.80956 0
3.85946 -10.5494 0
5.98669 -11.323 0
3.85946 -10.5494 0
4.80841 -8.98495 0
3.85946 -10.5494 0
4.40366 -12.2964 0
3.85946 -10.5494 0
5.98669 -11.323 0
3.85946 -10.5494 0
3.29291 -8.80956 0
3.85946 -10.5494 0
1.77853 -8.62479 0
3.85946 -10.5494 0
6.78187 -9.64338 0
6.0144 -8.54631 0
7.01856 -7.74726 0
6.0144 -8.54631 0
4.80841 -8.98495 0
6.0144 -8.54631 0
6.78187 -9.64338 0
6.0144 -8.54631 0
7.01856 -7.74726 0
6.0144 -8.54631 0
5.97672 -7.26358 0
6.0144 -8.54631 0
5.97672 -7.26358 0
6.0144 -8.54631 0
4.80841 -8.98495 0
6.0144 -8.54631 0
4.40366 -12.2964 0
2.12699 -11.6397 0
3.85946 -10.5494 0
2.12699 -11.6397 0
0.608059 -10.2675 0
2.12699 -11.6397 0
0.168818 -12.2361 0
2.12699 -11.6397 0
0.168818 -12.2361 0
2.12699 -11.6397 0
2.34235 -14.9255 0
2.12699 -11.6397 0
2.34235 -14.9255 0
2.12699 -11.6397 0
4.40366 -12.2964 0
2.12699 -11.6397 0
3.85946 -10.5494 0
2.12699 -11.6397 0
1.77853 -8.62479 0
2.12699 -11.6397 0
1.77853 -8.62479 0
2.12699 -11.6397 0
0.608059 -10.2675 0
2.12699 -11.6397 0
0 0 0
-0.314131 -0.542343 0
-0.628262 0 0
-0.314131 -0.542343 0
-0.628262 0 0
-0.942394 -0.542343 0
-1.25652 0 0
-0.942394 -0.542343 0
-0.314131 -0.542343 0
-0.628262 -1.08469 0
-0.942394 -0.542343 0
-0.628262 -1.08469 0
-0.942394 -0.542343 0
-0.628262 0 0
-0.314131 -0.542343 0
-0.628262 0 0
13.3262 -5 0
12.8495 -5.53078 0
12.3728 -5 0
12.8495 -5.53078 0
12.3728 -5 0
11.8962 -5.53078 0
11.4195 -5 0
11.8962 -5.53078 0
12.8495 -5.53078 0
12.3728 -6.06157 0
11.8962 -5.53078 0
12.3728 -6.06157 0
11.8962 -5.53078 0
12.3728 -5 0
12.8495 -5.53078 0
12.3728 -5 0
1.49531 -3.66005 0
0.876117 -3.47144 0
1.20455 -2.91366 0
0.876117 -3.47144 0
1.20455 -2.91366 0
0.585352 -2.72505 0
0.913783 -2.16728 0
0.585352 -2.72505 0
0.876117 -3.47144 0
0.256922 -3.28283 0
0.585352 -2.72505 0
0.256922 -3.28283 0
0.585352 -2.72505 0
1.20455 -2.91366 0
0.876117 -3.47144 0
1.20455 -2.91366 0
0.913783 -2.16728 0
1.53015 -2.35699 0
1.20455 -2.91366 0
1.53015 -2.35699 0
1.20455 -2.91366 0
1.82091 -3.10338 0
1.49531 -3.66005 0
1.82091 -3.10338 0
1.53015 -2.35699 0
2.14651 -2.54671 0
1.82091 -3.10338 0
2.14651 -2.54671 0
1.82091 -3.10338 0
1.20455 -2.91366 0
1.53015 -2.35699 0
1.20455 -2.91366 0
2.16506 -1.25 0
2.15579 -1.89835 0
1.53942 -1.70864 0
2.15579 -1.89835 0
1.53942 -1.70864 0
1.53015 -2.35699 0
0.913783 -2.16728 0
1.53015 -2.35699 0
2.15579 -1.89835 0
2.14651 -2.54671 0
1.53015 -2.35699 0
2.14651 -2.54671 0
1.53015 -2.35699 0
1.53942 -1.70864 0
2.15579 -1.89835 0
1.53942 -1.70864 0
3.2476 -1.875 0
2.69705 -2.21085 0
2.70633 -1.5625 0
2.69705 -2.21085 0
2.70633 -1.5625 0
2.15579 -1.89835 0
2.16506 -1.25 0
2.15579 -1.89835 0
2.69705 -2.21085 0
2.14651 -2.54671 0
2.15579 -1.89835 0
2.14651 -2.54671 0
2.15579 -1.89835 0
2.70633 -1.5625 0
2.69705 -2.21085 0
2.70633 -1.5625 0
0 0 0
0.113728 -0.428018 0
-0.314131 -0.542343 0
0.113728 -0.428018 0
-0.314131 -0.542343 0
-0.200404 -0.970361 0
-0.628262 -1.08469 0
-0.200404 -0.970361 0
0.113728 -0.428018 0
0.227455 -0.856036 0
-0.200404 -0.970361 0
0.227455 -0.856036 0
-0.200404 -0.970361 0
-0.314131 -0.542343 0
0.113728 -0.428018 0
-0.314131 -0.542343 0
1.08253 -0.625 0
0.654994 -0.740518 0
0.541266 -0.3125 0
0.654994 -0.740518 0
0.541266 -0.3125 0
0.113728 -0.428018 0
0 0 0
0.113728 -0.428018 0
0.654994 -0.740518 0
0.227455 -0.856036 0
0.113728 -0.428018 0
0.227455 -0.856036 0
0.113728 -0.428018 0
0.541266 -0.3125 0
0.654994 -0.740518 0
0.541266 -0.3125 0
9.88891 -5 0
9.58175 -5.57139 0
9.27458 -5 0
9.58175 -5.57139 0
9.27458 -5 0
8.96742 -5.57139 0
8.66025 -5 0
8.96742 -5.57139 0
9.58175 -5.57139 0
9.27458 -6.14278 0
8.96742 -5.57139 0
9.27458 -6.14278 0
8.96742 -5.57139 0
9.27458 -5 0
9.58175 -5.57139 0
9.27458 -5 0
2.14651 -2.54671 0
2.52148 -3.13959 0
1.82091 -3.10338 0
2.52148 -3.13959 0
1.82091 -3.10338 0
2.19588 -3.69626 0
1.49531 -3.66005 0
2.19588 -3.69626 0
2.52148 -3.13959 0
2.89645 -3.73247 0
2.19588 -3.69626 0
2.89645 -3.73247 0
2.19588 -3.69626 0
1.82091 -3.10338 0
2.52148 -3.13959 0
1.82091 -3.10338 0
1.6238 -0.9375 0
1.31098 -1.16682 0
1.35316 -0.78125 0
1.31098 -1.16682 0
1.35316 -0.78125 0
1.04034 -1.01057 0
1.08253 -0.625 0
1.04034 -1.01057 0
1.31098 -1.16682 0
0.998157 -1.39614 0
1.04034 -1.01057 0
0.998157 -1.39614 0
1.04034 -1.01057 0
1.35316 -0.78125 0
1.31098 -1.16682 0
1.35316 -0.78125 0
2.16506 -1.25 0
1.58161 -1.32307 0
1.89443 -1.09375 0
1.58161 -1.32307 0
1.89443 -1.09375 0
1.31098 -1.16682 0
1.6238 -0.9375 0
1.31098 -1.16682 0
1.58161 -1.32307 0
0.998157 -1.39614 0
1.31098 -1.16682 0
0.998157 -1.39614 0
1.31098 -1.16682 0
1.89443 -1.09375 0
1.58161 -1.32307 0
1.89443 -1.09375 0
0.913783 -2.16728 0
0.95597 -1.78171 0
1.53942 -1.70864 0
0.95597 -1.78171 0
1.53942 -1.70864 0
1.58161 -1.32307 0
2.16506 -1.25 0
1.58161 -1.32307 0
0.95597 -1.78171 0
0.998157 -1.39614 0
1.58161 -1.32307 0
0.998157 -1.39614 0
1.58161 -1.32307 0
1.53942 -1.70864 0
0.95597 -1.78171 0
1.53942 -1.70864 0
1.08253 -0.625 0
1.04034 -1.01057 0
0.654994 -0.740518 0
1.04034 -1.01057 0
0.654994 -0.740518 0
0.612806 -1.12609 0
0.227455 -0.856036 0
0.612806 -1.12609 0
1.04034 -1.01057 0
0.998157 -1.39614 0
0.612806 -1.12609 0
0.998157 -1.39614 0
0.612806 -1.12609 0
0.654994 -0.740518 0
1.04034 -1.01057 0
0.654994 -0.740518 0
12.3728 -7.48838 0
11.5135 -6.81815 0
12.3728 -6.77498 0
11.5135 -6.81815 0
12.3728 -6.77498 0
11.5135 -6.10474 0
12.3728 -6.06157 0
11.5135 -6.10474 0
11.5135 -6.81815 0
10.6542 -6.14791 0
11.5135 -6.10474 0
10.6542 -6.14791 0
11.5135 -6.10474 0
12.3728 -6.77498 0
11.5135 -6.81815 0
12.3728 -6.77498 0
12.3728 -6.06157 0
11.5135 -6.10474 0
11.8962 -5.53078 0
11.5135 -6.10474 0
11.8962 -5.53078 0
11.0368 -5.57396 0
11.4195 -5 0
11.0368 -5.57396 0
11.5135 -6.10474 0
10.6542 -6.14791 0
11.0368 -5.57396 0
10.6542 -6.14791 0
11.0368 -5.57396 0
11.8962 -5.53078 0
11.5135 -6.10474 0
11.8962 -5.53078 0
9.88891 -5 0
10.2716 -5.57396 0
9.58175 -5.57139 0
10.2716 -5.57396 0
9.58175 -5.57139 0
9.96439 -6.14534 0
9.27458 -6.14278 0
9.96439 -6.14534 0
10.2716 -5.57396 0
10.6542 -6.14791 0
9.96439 -6.14534 0
10.6542 -6.14791 0
9.96439 -6.14534 0
9.58175 -5.57139 0
10.2716 -5.57396 0
9.58175 -5.57139 0
11.4195 -5 0
11.0368 -5.57396 0
10.6542 -5 0
11.0368 -5.57396 0
10.6542 -5 0
10.2716 -5.57396 0
9.88891 -5 0
10.2716 -5.57396 0
11.0368 -5.57396 0
10.6542 -6.14791 0
10.2716 -5.57396 0
10.6542 -6.14791 0
10.2716 -5.57396 0
10.6542 -5 0
11.0368 -5.57396 0
10.6542 -5 0
3.66109 -4.90881 0
2.88656 -5.00086 0
3.27877 -4.32064 0
2.88656 -5.00086 0
3.27877 -4.32064 0
2.50424 -4.41269 0
2.89645 -3.73247 0
2.50424 -4.41269 0
2.88656 -5.00086 0
2.11203 -5.09291 0
2.50424 -4.41269 0
2.11203 -5.09291 0
2.50424 -4.41269 0
3.27877 -4.32064 0
2.88656 -5.00086 0
3.27877 -4.32064 0
2.89645 -3.73247 0
2.50424 -4.41269 0
2.19588 -3.69626 0
2.50424 -4.41269 0
2.19588 -3.69626 0
1.80367 -4.37648 0
1.49531 -3.66005 0
1.80367 -4.37648 0
2.50424 -4.41269 0
2.11203 -5.09291 0
1.80367 -4.37648 0
2.11203 -5.09291 0
1.80367 -4.37648 0
2.19588 -3.69626 0
2.50424 -4.41269 0
2.19588 -3.69626 0
7.57772 -4.375 0
7.02468 -4.70789 0
7.03646 -4.0625 0
7.02468 -4.70789 0
7.03646 -4.0625 0
6.48342 -4.39539 0
6.49519 -3.75 0
6.48342 -4.39539 0
7.02468 -4.70789 0
6.47165 -5.04078 0
6.48342 -4.39539 0
6.47165 -5.04078 0
6.48342 -4.39539 0
7.03646 -4.0625 0
7.02468 -4.70789 0
7.03646 -4.0625 0
3.66109 -4.90881 0
3.98383 -4.3498 0
4.44441 -4.80205 0
3.98383 -4.3498 0
4.44441 -4.80205 0
4.76716 -4.24303 0
5.22774 -4.69529 0
4.76716 -4.24303 0
3.98383 -4.3498 0
4.30658 -3.79078 0
4.76716 -4.24303 0
4.30658 -3.79078 0
4.76716 -4.24303 0
4.44441 -4.80205 0
3.98383 -4.3498 0
4.44441 -4.80205 0
5.41266 -3.125 0
4.85962 -3.45789 0
4.87139 -2.8125 0
4.85962 -3.45789 0
4.87139 -2.8125 0
4.31835 -3.14539 0
4.33013 -2.5 0
4.31835 -3.14539 0
4.85962 -3.45789 0
4.30658 -3.79078 0
4.31835 -3.14539 0
4.30658 -3.79078 0
4.31835 -3.14539 0
4.87139 -2.8125 0
4.85962 -3.45789 0
4.87139 -2.8125 0
2.89645 -3.73247 0
3.60152 -3.76162 0
3.27877 -4.32064 0
3.60152 -3.76162 0
3.27877 -4.32064 0
3.98383 -4.3498 0
3.66109 -4.90881 0
3.98383 -4.3498 0
3.60152 -3.76162 0
4.30658 -3.79078 0
3.98383 -4.3498 0
4.30658 -3.79078 0
3.98383 -4.3498 0
3.27877 -4.32064 0
3.60152 -3.76162 0
3.27877 -4.32064 0
2.14651 -2.54671 0
2.60176 -2.6738 0
2.52148 -3.13959 0
2.60176 -2.6738 0
2.52148 -3.13959 0
2.97673 -3.26668 0
2.89645 -3.73247 0
2.97673 -3.26668 0
2.60176 -2.6738 0
3.057 -2.80089 0
2.97673 -3.26668 0
3.057 -2.80089 0
2.97673 -3.26668 0
2.52148 -3.13959 0
2.60176 -2.6738 0
2.52148 -3.13959 0
3.2476 -1.875 0
3.1523 -2.33795 0
2.69705 -2.21085 0
3.1523 -2.33795 0
2.69705 -2.21085 0
2.60176 -2.6738 0
2.14651 -2.54671 0
2.60176 -2.6738 0
3.1523 -2.33795 0
3.057 -2.80089 0
2.60176 -2.6738 0
3.057 -2.80089 0
2.60176 -2.6738 0
2.69705 -2.21085 0
3.1523 -2.33795 0
2.69705 -2.21085 0
4.33013 -2.5 0
3.69356 -2.65045 0
3.78886 -2.1875 0
3.69356 -2.65045 0
3.78886 -2.1875 0
3.1523 -2.33795 0
3.2476 -1.875 0
3.1523 -2.33795 0
3.69356 -2.65045 0
3.057 -2.80089 0
3.1523 -2.33795 0
3.057 -2.80089 0
3.1523 -2.33795 0
3.78886 -2.1875 0
3.69356 -2.65045 0
3.78886 -2.1875 0
0.913783 -2.16728 0
0.562145 -1.93371 0
0.95597 -1.78171 0
0.562145 -1.93371 0
0.95597 -1.78171 0
0.604333 -1.54814 0
0.998157 -1.39614 0
0.604333 -1.54814 0
0.562145 -1.93371 0
0.210508 -1.70015 0
0.604333 -1.54814 0
0.210508 -1.70015 0
0.604333 -1.54814 0
0.95597 -1.78171 0
0.562145 -1.93371 0
0.95597 -1.78171 0
0.998157 -1.39614 0
0.604333 -1.54814 0
0.612806 -1.12609 0
0.604333 -1.54814 0
0.612806 -1.12609 0
0.218982 -1.27809 0
0.227455 -0.856036 0
0.218982 -1.27809 0
0.604333 -1.54814 0
0.210508 -1.70015 0
0.218982 -1.27809 0
0.210508 -1.70015 0
0.218982 -1.27809 0
0.612806 -1.12609 0
0.604333 -1.54814 0
0.612806 -1.12609 0
0.227455 -0.856036 0
0.218982 -1.27809 0
-0.200404 -0.970361 0
0.218982 -1.27809 0
-0.200404 -0.970361 0
-0.208877 -1.39242 0
-0.628262 -1.08469 0
-0.208877 -1.39242 0
0.218982 -1.27809 0
0.210508 -1.70015 0
-0.208877 -1.39242 0
0.210508 -1.70015 0
-0.208877 -1.39242 0
-0.200404 -0.970361 0
0.218982 -1.27809 0
-0.200404 -0.970361 0
-0.628262 -1.08469 0
-0.208877 -1.39242 0
-0.628262 -1.71143 0
-0.208877 -1.39242 0
-0.628262 -1.71143 0
-0.208877 -2.01916 0
-0.628262 -2.33818 0
-0.208877 -2.01916 0
-0.208877 -1.39242 0
0.210508 -1.70015 0
-0.208877 -2.01916 0
0.210508 -1.70015 0
-0.208877 -2.01916 0
-0.628262 -1.71143 0
-0.208877 -1.39242 0
-0.628262 -1.71143 0
-0.628262 -2.33818 0
-0.208877 -2.01916 0
-0.18567 -2.8105 0
-0.208877 -2.01916 0
-0.18567 -2.8105 0
0.233715 -2.49149 0
0.256922 -3.28283 0
0.233715 -2.49149 0
-0.208877 -2.01916 0
0.210508 -1.70015 0
0.233715 -2.49149 0
0.210508 -1.70015 0
0.233715 -2.49149 0
-0.18567 -2.8105 0
-0.208877 -2.01916 0
-0.18567 -2.8105 0
0.256922 -3.28283 0
0.233715 -2.49149 0
0.585352 -2.72505 0
0.233715 -2.49149 0
0.585352 -2.72505 0
0.562145 -1.93371 0
0.913783 -2.16728 0
0.562145 -1.93371 0
0.233715 -2.49149 0
0.210508 -1.70015 0
0.562145 -1.93371 0
0.210508 -1.70015 0
0.562145 -1.93371 0
0.585352 -2.72505 0
0.233715 -2.49149 0
0.585352 -2.72505 0
12.3728 -7.48838 0
11.461 -7.45335 0
11.5135 -6.81815 0
11.461 -7.45335 0
11.5135 -6.81815 0
10.6017 -6.78312 0
10.6542 -6.14791 0
10.6017 -6.78312 0
11.461 -7.45335 0
10.5491 -7.41832 0
10.6017 -6.78312 0
10.5491 -7.41832 0
10.6017 -6.78312 0
11.5135 -6.81815 0
11.461 -7.45335 0
11.5135 -6.81815 0
10.6542 -6.14791 0
10.6017 -6.78312 0
9.96439 -6.14534 0
10.6017 -6.78312 0
9.96439 -6.14534 0
9.91186 -6.78055 0
9.27458 -6.14278 0
9.91186 -6.78055 0
10.6017 -6.78312 0
10.5491 -7.41832 0
9.91186 -6.78055 0
10.5491 -7.41832 0
9.91186 -6.78055 0
9.96439 -6.14534 0
10.6017 -6.78312 0
9.96439 -6.14534 0
9.27458 -6.14278 0
9.91186 -6.78055 0
9.27458 -6.7915 0
9.91186 -6.78055 0
9.27458 -6.7915 0
9.91186 -7.42927 0
9.27458 -7.44022 0
9.91186 -7.42927 0
9.91186 -6.78055 0
10.5491 -7.41832 0
9.91186 -7.42927 0
10.5491 -7.41832 0
9.91186 -7.42927 0
9.27458 -6.7915 0
9.91186 -6.78055 0
9.27458 -6.7915 0
5.22774 -4.69529 0
4.99135 -5.4609 0
4.44441 -4.80205 0
4.99135 -5.4609 0
4.44441 -4.80205 0
4.20803 -5.56767 0
3.66109 -4.90881 0
4.20803 -5.56767 0
4.99135 -5.4609 0
4.75497 -6.22652 0
4.20803 -5.56767 0
4.75497 -6.22652 0
4.20803 -5.56767 0
4.44441 -4.80205 0
4.99135 -5.4609 0
4.44441 -4.80205 0
3.66109 -4.90881 0
3.33841 -5.49826 0
2.88656 -5.00086 0
3.33841 -5.49826 0
2.88656 -5.00086 0
2.56388 -5.59031 0
2.11203 -5.09291 0
2.56388 -5.59031 0
3.33841 -5.49826 0
3.01573 -6.08771 0
2.56388 -5.59031 0
3.01573 -6.08771 0
2.56388 -5.59031 0
2.88656 -5.00086 0
3.33841 -5.49826 0
2.88656 -5.00086 0
4.75497 -6.22652 0
3.88535 -6.15712 0
4.20803 -5.56767 0
3.88535 -6.15712 0
4.20803 -5.56767 0
3.33841 -5.49826 0
3.66109 -4.90881 0
3.33841 -5.49826 0
3.88535 -6.15712 0
3.01573 -6.08771 0
3.33841 -5.49826 0
3.01573 -6.08771 0
3.33841 -5.49826 0
4.20803 -5.56767 0
3.88535 -6.15712 0
4.20803 -5.56767 0
9.27458 -6.14278 0
8.7667 -6.04754 0
8.96742 -5.57139 0
8.7667 -6.04754 0
8.96742 -5.57139 0
8.45954 -5.47615 0
8.66025 -5 0
8.45954 -5.47615 0
8.7667 -6.04754 0
8.25883 -5.95231 0
8.45954 -5.47615 0
8.25883 -5.95231 0
8.45954 -5.47615 0
8.96742 -5.57139 0
8.7667 -6.04754 0
8.96742 -5.57139 0
7.65567 -6.7915 0
7.95725 -6.3719 0
8.46512 -7.11586 0
7.95725 -6.3719 0
8.46512 -7.11586 0
8.7667 -6.69626 0
9.27458 -7.44022 0
8.7667 -6.69626 0
7.95725 -6.3719 0
8.25883 -5.95231 0
8.7667 -6.69626 0
8.25883 -5.95231 0
8.7667 -6.69626 0
8.46512 -7.11586 0
7.95725 -6.3719 0
8.46512 -7.11586 0
9.27458 -7.44022 0
8.7667 -6.69626 0
9.27458 -6.7915 0
8.7667 -6.69626 0
9.27458 -6.7915 0
8.7667 -6.04754 0
9.27458 -6.14278 0
8.7667 -6.04754 0
8.7667 -6.69626 0
8.25883 -5.95231 0
8.7667 -6.04754 0
8.25883 -5.95231 0
8.7667 -6.04754 0
9.27458 -6.7915 0
8.7667 -6.69626 0
9.27458 -6.7915 0
5.41266 -3.125 0
5.36643 -3.51757 0
4.85962 -3.45789 0
5.36643 -3.51757 0
4.85962 -3.45789 0
4.81339 -3.85046 0
4.30658 -3.79078 0
4.81339 -3.85046 0
5.36643 -3.51757 0
5.3202 -3.91014 0
4.81339 -3.85046 0
5.3202 -3.91014 0
4.81339 -3.85046 0
4.85962 -3.45789 0
5.36643 -3.51757 0
4.85962 -3.45789 0
4.30658 -3.79078 0
4.81339 -3.85046 0
4.76716 -4.24303 0
4.81339 -3.85046 0
4.76716 -4.24303 0
5.27397 -4.30272 0
5.22774 -4.69529 0
5.27397 -4.30272 0
4.81339 -3.85046 0
5.3202 -3.91014 0
5.27397 -4.30272 0
5.3202 -3.91014 0
5.27397 -4.30272 0
4.76716 -4.24303 0
4.81339 -3.85046 0
4.76716 -4.24303 0
5.95392 -3.4375 0
5.63706 -3.67382 0
5.68329 -3.28125 0
5.63706 -3.67382 0
5.68329 -3.28125 0
5.36643 -3.51757 0
5.41266 -3.125 0
5.36643 -3.51757 0
5.63706 -3.67382 0
5.3202 -3.91014 0
5.36643 -3.51757 0
5.3202 -3.91014 0
5.36643 -3.51757 0
5.68329 -3.28125 0
5.63706 -3.67382 0
5.68329 -3.28125 0
4.33013 -2.5 0
4.06923 -2.81804 0
3.69356 -2.65045 0
4.06923 -2.81804 0
3.69356 -2.65045 0
3.43267 -2.96849 0
3.057 -2.80089 0
3.43267 -2.96849 0
4.06923 -2.81804 0
3.80834 -3.13609 0
3.43267 -2.96849 0
3.80834 -3.13609 0
3.43267 -2.96849 0
3.69356 -2.65045 0
4.06923 -2.81804 0
3.69356 -2.65045 0
4.30658 -3.79078 0
4.05746 -3.46343 0
4.31835 -3.14539 0
4.05746 -3.46343 0
4.31835 -3.14539 0
4.06923 -2.81804 0
4.33013 -2.5 0
4.06923 -2.81804 0
4.05746 -3.46343 0
3.80834 -3.13609 0
4.06923 -2.81804 0
3.80834 -3.13609 0
4.06923 -2.81804 0
4.31835 -3.14539 0
4.05746 -3.46343 0
4.31835 -3.14539 0
3.057 -2.80089 0
3.43267 -2.96849 0
2.97673 -3.26668 0
3.43267 -2.96849 0
2.97673 -3.26668 0
3.3524 -3.43428 0
2.89645 -3.73247 0
3.3524 -3.43428 0
3.43267 -2.96849 0
3.80834 -3.13609 0
3.3524 -3.43428 0
3.80834 -3.13609 0
3.3524 -3.43428 0
2.97673 -3.26668 0
3.43267 -2.96849 0
2.97673 -3.26668 0
2.89645 -3.73247 0
3.3524 -3.43428 0
3.60152 -3.76162 0
3.3524 -3.43428 0
3.60152 -3.76162 0
4.05746 -3.46343 0
4.30658 -3.79078 0
4.05746 -3.46343 0
3.3524 -3.43428 0
3.80834 -3.13609 0
4.05746 -3.46343 0
3.80834 -3.13609 0
4.05746 -3.46343 0
3.60152 -3.76162 0
3.3524 -3.43428 0
3.60152 -3.76162 0
6.59317 -6.23434 0
6.1117 -5.94625 0
6.53241 -5.63756 0
6.1117 -5.94625 0
6.53241 -5.63756 0
6.05094 -5.34947 0
6.47165 -5.04078 0
6.05094 -5.34947 0
6.1117 -5.94625 0
5.63024 -5.65816 0
6.05094 -5.34947 0
5.63024 -5.65816 0
6.05094 -5.34947 0
6.53241 -5.63756 0
6.1117 -5.94625 0
6.53241 -5.63756 0
5.97672 -7.26358 0
5.80348 -6.46087 0
6.28494 -6.74896 0
5.80348 -6.46087 0
6.28494 -6.74896 0
6.1117 -5.94625 0
6.59317 -6.23434 0
6.1117 -5.94625 0
5.80348 -6.46087 0
5.63024 -5.65816 0
6.1117 -5.94625 0
5.63024 -5.65816 0
6.1117 -5.94625 0
6.28494 -6.74896 0
5.80348 -6.46087 0
6.28494 -6.74896 0
4.75497 -6.22652 0
5.1926 -5.94234 0
5.36584 -6.74505 0
5.1926 -5.94234 0
5.36584 -6.74505 0
5.80348 -6.46087 0
5.97672 -7.26358 0
5.80348 -6.46087 0
5.1926 -5.94234 0
5.63024 -5.65816 0
5.80348 -6.46087 0
5.63024 -5.65816 0
5.80348 -6.46087 0
5.36584 -6.74505 0
5.1926 -5.94234 0
5.36584 -6.74505 0
5.22774 -4.69529 0
5.42899 -5.17673 0
4.99135 -5.4609 0
5.42899 -5.17673 0
4.99135 -5.4609 0
5.1926 -5.94234 0
4.75497 -6.22652 0
5.1926 -5.94234 0
5.42899 -5.17673 0
5.63024 -5.65816 0
5.1926 -5.94234 0
5.63024 -5.65816 0
5.1926 -5.94234 0
4.99135 -5.4609 0
5.42899 -5.17673 0
4.99135 -5.4609 0
9.27458 -7.44022 0
8.71717 -7.65908 0
8.46512 -7.11586 0
8.71717 -7.65908 0
8.46512 -7.11586 0
7.90771 -7.33472 0
7.65567 -6.7915 0
7.90771 -7.33472 0
8.71717 -7.65908 0
8.15975 -7.87794 0
7.90771 -7.33472 0
8.15975 -7.87794 0
7.90771 -7.33472 0
8.46512 -7.11586 0
8.71717 -7.65908 0
8.46512 -7.11586 0
8.25883 -5.95231 0
8.18891 -5.3199 0
8.45954 -5.47615 0
8.18891 -5.3199 0
8.45954 -5.47615 0
8.38962 -4.84375 0
8.66025 -5 0
8.38962 -4.84375 0
8.18891 -5.3199 0
8.11899 -4.6875 0
8.38962 -4.84375 0
8.11899 -4.6875 0
8.38962 -4.84375 0
8.45954 -5.47615 0
8.18891 -5.3199 0
8.45954 -5.47615 0
6.47165 -5.04078 0
6.90332 -5.29831 0
6.53241 -5.63756 0
6.90332 -5.29831 0
6.53241 -5.63756 0
6.96408 -5.89509 0
6.59317 -6.23434 0
6.96408 -5.89509 0
6.90332 -5.29831 0
7.33499 -5.55584 0
6.96408 -5.89509 0
7.33499 -5.55584 0
6.96408 -5.89509 0
6.53241 -5.63756 0
6.90332 -5.29831 0
6.53241 -5.63756 0
6.59317 -6.23434 0
6.96408 -5.89509 0
7.12442 -6.51292 0
6.96408 -5.89509 0
7.12442 -6.51292 0
7.49533 -6.17367 0
7.65567 -6.7915 0
7.49533 -6.17367 0
6.96408 -5.89509 0
7.33499 -5.55584 0
7.49533 -6.17367 0
7.33499 -5.55584 0
7.49533 -6.17367 0
7.12442 -6.51292 0
6.96408 -5.89509 0
7.12442 -6.51292 0
7.65567 -6.7915 0
7.49533 -6.17367 0
7.95725 -6.3719 0
7.49533 -6.17367 0
7.95725 -6.3719 0
7.79691 -5.75408 0
8.25883 -5.95231 0
7.79691 -5.75408 0
7.49533 -6.17367 0
7.33499 -5.55584 0
7.79691 -5.75408 0
7.33499 -5.55584 0
7.79691 -5.75408 0
7.95725 -6.3719 0
7.49533 -6.17367 0
7.95725 -6.3719 0
8.25883 -5.95231 0
7.79691 -5.75408 0
8.18891 -5.3199 0
7.79691 -5.75408 0
8.18891 -5.3199 0
7.72699 -5.12167 0
8.11899 -4.6875 0
7.72699 -5.12167 0
7.79691 -5.75408 0
7.33499 -5.55584 0
7.72699 -5.12167 0
7.33499 -5.55584 0
7.72699 -5.12167 0
8.18891 -5.3199 0
7.79691 -5.75408 0
8.18891 -5.3199 0
8.11899 -4.6875 0
7.72699 -5.12167 0
7.84836 -4.53125 0
7.72699 -5.12167 0
7.84836 -4.53125 0
7.45636 -4.96542 0
7.57772 -4.375 0
7.45636 -4.96542 0
7.72699 -5.12167 0
7.33499 -5.55584 0
7.45636 -4.96542 0
7.33499 -5.55584 0
7.45636 -4.96542 0
7.84836 -4.53125 0
7.72699 -5.12167 0
7.84836 -4.53125 0
7.57772 -4.375 0
7.45636 -4.96542 0
7.02468 -4.70789 0
7.45636 -4.96542 0
7.02468 -4.70789 0
6.90332 -5.29831 0
6.47165 -5.04078 0
6.90332 -5.29831 0
7.45636 -4.96542 0
7.33499 -5.55584 0
6.90332 -5.29831 0
7.33499 -5.55584 0
6.90332 -5.29831 0
7.02468 -4.70789 0
7.45636 -4.96542 0
7.02468 -4.70789 0
6.47165 -5.04078 0
6.22757 -4.71353 0
6.48342 -4.39539 0
6.22757 -4.71353 0
6.48342 -4.39539 0
6.23935 -4.06814 0
6.49519 -3.75 0
6.23935 -4.06814 0
6.22757 -4.71353 0
5.9835 -4.38627 0
6.23935 -4.06814 0
5.9835 -4.38627 0
6.23935 -4.06814 0
6.48342 -4.39539 0
6.22757 -4.71353 0
6.48342 -4.39539 0
5.95392 -3.4375 0
5.96871 -3.91189 0
5.63706 -3.67382 0
5.96871 -3.91189 0
5.63706 -3.67382 0
5.65185 -4.14821 0
5.3202 -3.91014 0
5.65185 -4.14821 0
5.96871 -3.91189 0
5.9835 -4.38627 0
5.65185 -4.14821 0
5.9835 -4.38627 0
5.65185 -4.14821 0
5.63706 -3.67382 0
5.96871 -3.91189 0
5.63706 -3.67382 0
6.49519 -3.75 0
6.23935 -4.06814 0
6.22456 -3.59375 0
6.23935 -4.06814 0
6.22456 -3.59375 0
5.96871 -3.91189 0
5.95392 -3.4375 0
5.96871 -3.91189 0
6.23935 -4.06814 0
5.9835 -4.38627 0
5.96871 -3.91189 0
5.9835 -4.38627 0
5.96871 -3.91189 0
6.22456 -3.59375 0
6.23935 -4.06814 0
6.22456 -3.59375 0
5.3202 -3.91014 0
5.65185 -4.14821 0
5.27397 -4.30272 0
5.65185 -4.14821 0
5.27397 -4.30272 0
5.60562 -4.54078 0
5.22774 -4.69529 0
5.60562 -4.54078 0
5.65185 -4.14821 0
5.9835 -4.38627 0
5.60562 -4.54078 0
5.9835 -4.38627 0
5.60562 -4.54078 0
5.27397 -4.30272 0
5.65185 -4.14821 0
5.27397 -4.30272 0
5.22774 -4.69529 0
5.60562 -4.54078 0
5.42899 -5.17673 0
5.60562 -4.54078 0
5.42899 -5.17673 0
5.80687 -5.02222 0
5.63024 -5.65816 0
5.80687 -5.02222 0
5.60562 -4.54078 0
5.9835 -4.38627 0
5.80687 -5.02222 0
5.9835 -4.38627 0
5.80687 -5.02222 0
5.42899 -5.17673 0
5.60562 -4.54078 0
5.42899 -5.17673 0
5.63024 -5.65816 0
5.80687 -5.02222 0
6.05094 -5.34947 0
5.80687 -5.02222 0
6.05094 -5.34947 0
6.22757 -4.71353 0
6.47165 -5.04078 0
6.22757 -4.71353 0
5.80687 -5.02222 0
5.9835 -4.38627 0
6.22757 -4.71353 0
5.9835 -4.38627 0
6.22757 -4.71353 0
6.05094 -5.34947 0
5.80687 -5.02222 0
6.05094 -5.34947 0
8.15975 -7.87794 0
7.58916 -7.8126 0
7.90771 -7.33472 0
7.58916 -7.8126 0
7.90771 -7.33472 0
7.33712 -7.26938 0
7.65567 -6.7915 0
7.33712 -7.26938 0
7.58916 -7.8126 0
7.01856 -7.74726 0
7.33712 -7.26938 0
7.01856 -7.74726 0
7.33712 -7.26938 0
7.90771 -7.33472 0
7.58916 -7.8126 0
7.90771 -7.33472 0
7.65567 -6.7915 0
7.33712 -7.26938 0
7.12442 -6.51292 0
7.33712 -7.26938 0
7.12442 -6.51292 0
6.80586 -6.9908 0
6.59317 -6.23434 0
6.80586 -6.9908 0
7.33712 -7.26938 0
7.01856 -7.74726 0
6.80586 -6.9908 0
7.01856 -7.74726 0
6.80586 -6.9908 0
7.12442 -6.51292 0
7.33712 -7.26938 0
7.12442 -6.51292 0
6.59317 -6.23434 0
6.80586 -6.9908 0
6.28494 -6.74896 0
6.80586 -6.9908 0
6.28494 -6.74896 0
6.49764 -7.50542 0
5.97672 -7.26358 0
6.49764 -7.50542 0
6.80586 -6.9908 0
7.01856 -7.74726 0
6.49764 -7.50542 0
7.01856 -7.74726 0
6.49764 -7.50542 0
6.28494 -6.74896 0
6.80586 -6.9908 0
6.28494 -6.74896 0

CELLS 495 2475
4 0 2 3 1
4 4 6 7 5
4 8 10 11 9
4 12 14 15 13
4 16 18 19 17
4 20 22 23 21
4 24 26 27 25
4 28 30 31 29
4 32 34 35 33
4 36 38 39 37
4 40 42 43 41
4 44 46 47 45
4 48 50 51 49
4 52 54 55 53
4 56 58 59 57
4 60 62 63 61
4 64 66 67 65
4 68 70 71 69
4 72 74 75 73
4 76 78 79 77
4 80 82 83 81
4 84 86 87 85
4 88 90 91 89
4 92 94 95 93
4 96 98 99 97
4 100 102 103 101
4 104 106 107 105
4 108 110 111 109
4 112 114 115 113
4 116 118 119 117
4 120 122 123 121
4 124 126 127 125
4 128 130 131 129
4 132 134 135 133
4 136 138 139 137
4 140 142 143 141
4 144 146 147 145
4 148 150 151 149
4 152 154 155 153
4 156 158 159 157
4 160 162 163 161
4 164 166 167 165
4 168 170 171 169
4 172 174 175 173
4 176 178 179 177
4 180 182 183 181
4 184 186 187 185
4 188 190 191 189
4 192 194 195 193
4 196 198 199 197
4 200 202 203 201
4 204 206 207 205
4 208 210 211 209
4 212 214 215 213
4 216 218 219 217
4 220 222 223 221
4 224 226 227 225
4 228 230 231 229
4 232 234 235 233
4 236 238 239 237
4 240 242 243 241
4 244 246 247 245
4 248 250 251 249
4 252 254 255 253
4 256 258 259 257
4 260 262 263 261
4 264 266 267 265
4 268 270 271 269
4 272 274 275 273
4 276 278 279 277
4 280 282 283 281
4 284 286 287 285
4 288 290 291 289
4 292 294 295 293
4 296 298 299 297
4 300 302 303 301
4 304 306 307 305
4 308 310 311 309
4 312 314 315 313
4 316 318 319 317
4 320 322 323 321
4 324 326 327 325
4 328 330 331 329
4 332 334 335 333
4 336 338 339 337
4 340 342 343 341
4 344 346 347 345
4 348 350 351 349
4 352 354 355 353
4 356 358 359 357
4 360 362 363 361
4 364 366 367 365
4 368 370 371 369
4 372 374 375 373
4 376 378 379 377
4 380 382 383 381
4 384 386 387 385
4 388 390 391 389
4 392 394 395 393
4 396 398 399 397
4 400 402 403 401
4 404 406 407 405
4 408 410 411 409
4 412 414 415 413
4 416 418 419 417
4 420 422 423 421
4 424 426 427 425
4 428 430 431 429
4 432 434 435 433
4 436 438 439 437
4 440 442 443 441
4 444 446 447 445
4 448 450 451 449
4 452 454 455 453
4 456 458 459 457
4 460 462 463 461
4 464 466 467 465
4 468 470 471 469
4 472 474 475 473
4 476 478 479 477
4 480 482 483 481
4 484 486 487 485
4 488 490 491 489
4 492 494 495 493
4 496 498 499 497
4 500 502 503 501
4 504 506 507 505
4 508 510 511 509
4 512 514 515 513
4 516 518 519 517
4 520 522 523 521
4 524 526 527 525
4 528 530 531 529
4 532 534 535 533
4 536 538 539 537
4 540 542 543 541
4 544 546 547 545
4 548 550 551 549
4 552 554 555 553
4 556 558 559 557
4 560 562 563 561
4 564 566 567 565
4 568 570 571 569
4 572 574 575 573
4 576 578 579 577
4 580 582 583 581
4 584 586 587 585
4 588 590 591 589
4 592 594 595 593
4 596 598 599 597
4 600 602 603 601
4 604 606 607 605
4 608 610 611 609
4 612 614 615 613
4 616 618 619 617
4 620 622 623 621
4 624 626 627 625
4 628 630 631 629
4 632 634 635 633
4 636 638 639 637
4 640 642 643 641
4 644 646 647 645
4 648 650 651 649
4 652 654 655 653
4 656 658 659 657
4 660 662 663 661
4 664 666 667 665
4 668 670 671 669
4 672 674 675 673
4 676 678 679 677
4 680 682 683 681
4 684 686 687 685
4 688 690 691 689
4 692 694 695 693
4 696 698 699 697
4 700 702 703 701
4 704 706 707 705
4 708 710 711 709
4 712 714 715 713
4 716 718 719 717
4 720 722 723 721
4 724 726 727 725
4 728 730 731 729
4 732 734 735 733
4 736 738 739 737
4 740 742 743 741
4 744 746 747 745
4 748 750 751 749
4 752 754 755 753
4 756 758 759 757
4 760 762 763 761
4 764 766 767 765
4 768 770 771 769
4 772 774 775 773
4 776 778 779 777
4 780 782 783 781
4 784 786 787 785
4 788 790 791 789
4 792 794 795 793
4 796 798 799 797
4 800 802 803 801
4 804 806 807 805
4 808 810 811 809
4 812 814 815 813
4 816 818 819 817
4 820 822 823 821
4 824 826 827 825
4 828 830 831 829
4 832 834 835 833
4 836 838 839 837
4 840 842 843 841
4 844 846 847 845
4 848 850 851 849
4 852 854 855 853
4 856 858 859 857
4 860 862 863 861
4 864 866 867 865
4 868 870 871 869
4 872 874 875 873
4 876 878 879 877
4 880 882 883 881
4 884 886 887 885
4 888 890 891 889
4 892 894 895 893
4 896 898 899 897
4 900 902 903 901
4 904 906 907 905
4 908 910 911 909
4 912 914 915 913
4 916 918 919 917
4 920 922 923 921
4 924 926 927 925
4 928 930 931 929
4 932 934 935 933
4 936 938 939 937
4 940 942 943 941
4 944 946 947 945
4 948 950 951 949
4 952 954 955 953
4 956 958 959 957
4 960 962 963 961
4 964 966 967 965
4 968 970 971 969
4 972 974 975 973
4 976 978 979 977
4 980 982 983 981
4 984 986 987 985
4 988 990 991 989
4 992 994 995 993
4 996 998 999 997
4 1000 1002 1003 1001
4 1004 1006 1007 1005
4 1008 1010 1011 1009
4 1012 1014 1015 1013
4 1016 1018 1019 1017
4 1020 1022 1023 1021
4 1024 1026 1027 1025
4 1028 1030 1031 1029
4 1032 1034 1035 1033
4 1036 1038 1039 1037
4 1040 1042 1043 1041
4 1044 1046 1047 1045
4 1048 1050 1051 1049
4 1052 1054 1055 1053
4 1056 1058 1059 1057
4 1060 1062 1063 1061
4 1064 1066 1067 1065
4 1068 1070 1071 1069
4 1072 1074 1075 1073
4 1076 1078 1079 1077
4 1080 1082 1083 1081
4 1084 1086 1087 1085
4 1088 1090 1091 1089
4 1092 1094 1095 1093
4 1096 1098 1099 1097
4 1100 1102 1103 1101
4 1104 1106 1107 1105
4 1108 1110 1111 1109
4 1112 1114 1115 1113
4 1116 1118 1119 1117
4 1120 1122 1123 1121
4 1124 1126 1127 1125
4 1128 1130 1131 1129
4 1132 1134 1135 1133
4 1136 1138 1139 1137
4 1140 1142 1143 1141
4 1144 1146 1147 1145
4 1148 1150 1151 1149
4 1152 1154 1155 1153
4 1156 1158 1159 1157
4 1160 1162 1163 1161
4 1164 1166 1167 1165
4 1168 1170 1171 1169
4 1172 1174 1175 1173
4 1176 1178 1179 1177
4 1180 1182 1183 1181
4 1184 1186 1187 1185
4 1188 1190 1191 1189
4 1192 1194 1195 1193
4 1196 1198 1199 1197
4 1200 1202 1203 1201
4 1204 1206 1207 1205
4 1208 1210 1211 1209
4 1212 1214 1215 1213
4 1216 1218 1219 1217
4 1220 1222 1223 1221
4 1224 1226 1227 1225
4 1228 1230 1231 1229
4 1232 1234 1235 1233
4 1236 1238 1239 1237
4 1240 1242 1243 1241
4 1244 1246 1247 1245
4 1248 1250 1251 1249
4 1252 1254 1255 1253
4 1256 1258 1259 1257
4 1260 1262 1263 1261
4 1264 1266 1267 1265
4 1268 1270 1271 1269
4 1272 1274 1275 1273
4 1276 1278 1279 1277
4 1280 1282 1283 1281
4 1284 1286 1287 1285
4 1288 1290 1291 1289
4 1292 1294 1295 1293
4 1296 1298 1299 1297
4 1300 1302 1303 1301
4 1304 1306 1307 1305
4 1308 1310 1311 1309
4 1312 1314 1315 1313
4 1316 1318 1319 1317
4 1320 1322 1323 1321
4 1324 1326 1327 1325
4 1328 1330 1331 1329
4 1332 1334 1335 1333
4 1336 1338 1339 1337
4 1340 1342 1343 1341
4 1344 1346 1347 1345
4 1348 1350 1351 1349
4 1352 1354 1355 1353
4 1356 1358 1359 1357
4 1360 1362 1363 1361
4 1364 1366 1367 1365
4 1368 1370 1371 1369
4 1372 1374 1375 1373
4 1376 1378 1379 1377
4 1380 1382 1383 1381
4 1384 1386 1387 1385
4 1388 1390 1391 1389
4 1392 1394 1395 1393
4 1396 1398 1399 1397
4 1400 1402 1403 1401
4 1404 1406 1407 1405
4 1408 1410 1411 1409
4 1412 1414 1415 1413
4 1416 1418 1419 1417
4 1420 1422 1423 1421
4 1424 1426 1427 1425
4 1428 1430 1431 1429
4 1432 1434 1435 1433
4 1436 1438 1439 1437
4 1440 1442 1443 1441
4 1444 1446 1447 1445
4 1448 1450 1451 1449
4 1452 1454 1455 1453
4 1456 1458 1459 1457
4 1460 1462 1463 1461
4 1464 1466 1467 1465
4 1468 1470 1471 1469
4 1472 1474 1475 1473
4 1476 1478 1479 1477
4 1480 1482 1483 1481
4 1484 1486 1487 1485
4 1488 1490 1491 1489
4 1492 1494 1495 1493
4 1496 1498 1499 1497
4 1500 1502 1503 1501
4 1504 1506 1507 1505
4 1508 1510 1511 1509
4 1512 1514 1515 1513
4 1516 1518 1519 1517
4 1520 1522 1523 1521
4 1524 1526 1527 1525
4 1528 1530 1531 1529
4 1532 1534 1535 1533
4 1536 1538 1539 1537
4 1540 1542 1543 1541
4 1544 1546 1547 1545
4 1548 1550 1551 1549
4 1552 1554 1555 1553
4 1556 1558 1559 1557
4 1560 1562 1563 1561
4 1564 1566 1567 1565
4 1568 1570 1571 1569
4 1572 1574 1575 1573
4 1576 1578 1579 1577
4 1580 1582 1583 1581
4 1584 1586 1587 1585
4 1588 1590 1591 1589
4 1592 1594 1595 1593
4 1596 1598 1599 1597
4 1600 1602 1603 1601
4 1604 1606 1607 1605
4 1608 1610 1611 1609
4 1612 1614 1615 1613
4 1616 1618 1619 1617
4 1620 1622 1623 1621
4 1624 1626 1627 1625
4 1628 1630 1631 1629
4 1632 1634 1635 1633
4 1636 1638 1639 1637
4 1640 1642 1643 1641
4 1644 1646 1647 1645
4 1648 1650 1651 1649
4 1652 1654 1655 1653
4 1656 1658 1659 1657
4 1660 1662 1663 1661
4 1664 1666 1667 1665
4 1668 1670 1671 1669
4 1672 1674 1675 1673
4 1676 1678 1679 1677
4 1680 1682 1683 1681
4 1684 1686 1687 1685
4 1688 1690 1691 1689
4 1692 1694 1695 1693
4 1696 1698 1699 1697
4 1700 1702 1703 1701
4 1704 1706 1707 1705
4 1708 1710 1711 1709
4 1712 1714 1715 1713
4 1716 1718 1719 1717
4 1720 1722 1723 1721
4 1724 1726 1727 1725
4 1728 1730 1731 1729
4 1732 1734 1735 1733
4 1736 1738 1739 1737
4 1740 1742 1743 1741
4 1744 1746 1747 1745
4 1748 1750 1751 1749
4 1752 1754 1755 1753
4 1756 1758 1759 1757
4 1760 1762 1763 1761
4 1764 1766 1767 1765
4 1768 1770 1771 1769
4 1772 1774 1775 1773
4 1776 1778 1779 1777
4 1780 1782 1783 1781
4 1784 1786 1787 1785
4 1788 1790 1791 1789
4 1792 1794 1795 1793
4 1796 1798 1799 1797
4 1800 1802 1803 1801
4 1804 1806 1807 1805
4 1808 1810 1811 1809
4 1812 1814 1815 1813
4 1816 1818 1819 1817
4 1820 1822 1823 1821
4 1824 1826 1827 1825
4 1828 1830 1831 1829
4 1832 1834 1835 1833
4 1836 1838 1839 1837
4 1840 1842 1843 1841
4 1844 1846 1847 1845
4 1848 1850 1851 1849
4 1852 1854 1855 1853
4 1856 1858 1859 1857
4 1860 1862 1863 1861
4 1864 1866 1867 1865
4 1868 1870 1871 1869
4 1872 1874 1875 1873
4 1876 1878 1879 1877
4 1880 1882 1883 1881
4 1884 1886 1887 1885
4 1888 1890 1891 1889
4 1892 1894 1895 1893
4 1896 1898 1899 1897
4 1900 1902 1903 1901
4 1904 1906 1907 1905
4 1908 1910 1911 1909
4 1912 1914 1915 1913
4 1916 1918 1919 1917
4 1920 1922 1923 1921
4 1924 1926 1927 1925
4 1928 1930 1931 1929
4 1932 1934 1935 1933
4 1936 1938 1939 1937
4 1940 1942 1943 1941
4 1944 1946 1947 1945
4 1948 1950 1951 1949
4 1952 1954 1955 1953
4 1956 1958 1959 1957
4 1960 1962 1963 1961
4 1964 1966 1967 1965
4 1968 1970 1971 1969
4 1972 1974 1975 1973
4 1976 1978 1979 1977

CELL_TYPES 495
9
9
9
9
9
9
9
9
9
9
9
9
9
9
9
9
9
9
9
9
9
9
9
9
9
9
9
9
9
9
9
9
9
9
9
9
9
9
9
9
9
9
9
9
9
9
9
9
9
9
9
9
9
9
9
9
9
9
9
9
9
9
9
9
9
9
9
9
9
9
9
9
9
9
9
9
9
9
9
9
9
9
9
9
9
9
9
9
9
9
9
9
9
9
9
9
9
9
9
9
9
9
9
9
9
9
9
9
9
9
9
9
9
9
9
9
9
9
9
9
9
9
9
9
9
9
9
9
9
9
9
9
9
9
9
9
9
9
9
9
9
9
9
9
9
9
9
9
9
9
9
9
9
9
9
9
9
9
9
9
9
9
9
9
9
9
9
9
9
9
9
9
9
9
9
9
9
9
9
9
9
9
9
9
9
9
9
9
9
9
9
9
9
9
9
9
9
9
9
9
9
9
9
9
9
9
9
9
9
9
9
9
9
9
9
9
9
9
9
9
9
9
9
9
9
9
9
9
9
9
9
9
9
9
9
9
9
9
9
9
9
9
9
9
9
9
9
9
9
9
9
9
9
9
9
9
9
9
9
9
9
9
9
9
9
9
9
9
9
9
9
9
9
9
9
9
9
9
9
9
9
9
9
9
9
9
9
9
9
9
9
9
9
9
9
9
9
9
9
9
9
9
9
9
9
9
9
9
9
9
9
9
9
9
9
9
9
9
9
9
9
9
9
9
9
9
9
9
9
9
9
9
9
9
9
9
9
9
9
9
9
9
9
9
9
9
9
9
9
9
9
9
9
9
9
9
9
9
9
9
9
9
9
9
9
9
9
9
9
9
9
9
9
9
9
9
9
9
9
9
9
9
9
9
9
9
9
9
9
9
9
9
9
9
9
9
9
9
9
9
9
9
9
9
9
9
9
9
9
9
9
9
9
9
9
9
9
9
9
9
9
9
9
9
9
9
9
9
9
9
9
9
9
9
9
9
9
9
9
9
9
9
9
9
9
9
9
9
9
9
9
9
9
9
9
9
9
9
9
9
9
9
9
9
9
9
9
9
9
9
9
9
9
9
9
9
9
9
9
9
9
9
9
9
9
9
9
9
9
9
9
9
9
9
9

POINT_DATA 1980
SCALARS POrder float
LOOKUP_TABLE default
2 
2 
2 
2 
2 
2 
2 
2 
2 
2 
2 
2 
2 
2 
2 
2 
2 
2 
2 
2 
2 
2 
2 
2 
2 
2 
2 
2 
2 
2 
2 
2 
2 
2 
2 
2 
2 
2 
2 
2 
2 
2 
2 
2 
2 
2 
2 
2 
2 
2 
2 
2 
2 
2 
2 
2 
2 
2 
2 
2 
2 
2 
2 
2 
2 
2 
2 
2 
2 
2 
2 
2 
2 
2 
2 
2 
2 
2 
2 
2 
2 
2 
2 
2 
2 
2 
2 
2 
2 
2 
2 
2 
2 
2 
2 
2 
2 
2 
2 
2 
2 
2 
2 
2 
2 
2 
2 
2 
2 
2 
2 
2 
2 
2 
2 
2 
2 
2 
2 
2 
2 
2 
2 
2 
2 
2 
2 
2 
2 
2 
2 
2 
2 
2 
2 
2 
2 
2 
2 
2 
2 
2 
2 
2 
2 
2 
2 
2 
2 
2 
2 
2 
2 
2 
2 
2 
2 
2 
2 
2 
2 
2 
2 
2 
2 
2 
2 
2 
2 
2 
2 
2 
2 
2 
2 
2 
2 
2 
2 
2 
2 
2 
2 
2 
2 
2 
2 
2 
2 
2 
2 
2 
2 
2 
2 
2 
2 
2 
2 
2 
2 
2 
2 
2 
2 
2 
2 
2 
2 
2 
2 
2 
2 
2 
2 
2 
2 
2 
2 
2 
2 
2 
2 
2 
2 
2 
2 
2 
2 
2 
2 
2 
2 
2 
2 
2 
2 
2 
2 
2 
2 
2 
2 
2 
2 
2 
2 
2 
2 
2 
2 
2 
2 
2 
2 
2 
2 
2 
2 
2 
2 
2 
2 
2 
2 
2 
2 
2 
2 
2 
2 
2 
2 
2 
2 
2 
2 
2 
2 
2 
2 
2 
2 
2 
2 
2 
2 
2 
2 
2 
2 
2 
2 
2 
2 
2 
2 
2 
2 
2 
2 
2 
2 
2 
2 
2 
2 
2 
2 
2 
2 
2 
2 
2 
2 
2 
2 
2 
2 
2 
2 
2 
2 
2 
2 
2 
2 
2 
2 
2 
2 
2 
2 
2 
2 
2 
2 
2 
2 
2 
2 
2 
2 
2 
2 
2 
2 
2 
2 
2 
2 
2 
2 
2 
2 
2 
2 
2 
2 
2 
2 
2 
2 
2 
2 
2 
2 
2 
2 
2 
2 
2 
2 
2 
2 
2 
2 
2 
2 
2 
2 
2 
2 
2 
2 
2 
2 
2 
2 
2 
2 
2 
2 
2 
2 
2 
2 
2 
2 
2 
2 
2 
2 
2 
2 
2 
2 
2 
2 
2 
2 
2 
2 
2 
2 
2 
2 
2 
2 
2 
2 
2 
2 
2 
2 
2 
2 
2 
2 
2 
2 
2 
2 
2 
2 
2 
2 
2 
2 
2 
2 
2 
2 
2 
2 
2 
2 
2 
2 
2 
2 
2 
2 
2 
2 
2 
2 
2 
2 
2 
2 
2 
2 
2 
2 
2 
2 
2 
2 
2 
2 
2 
2 
2 
2 
2 
2 
2 
2 
2 
2 
2 
2 
2 
2 
2 
2 
2 
2 
2 
2 
2 
2 
2 
2 
2 
2 
2 
2 
2 
2 
2 
2 
2 
2 
2 
2 
2 
2 
2 
2 
2 
2 
2 
2 
2 
2 
2 
2 
2 
2 
2 
2 
2 
2 
2 
2 
2 
2 
2 
2 
2 
2 
2 
2 
2 
2 
2 
2 
2 
2 
2 
2 
2 
2 
2 
2 
2 
2 
2 
2 
2 
2 
2 
2 
2 
2 
2 
2 
2 
2 
2 
2 
2 
2 
2 
2 
2 
2 
2 
2 
2 
2 
2 
2 
2 
2 
2 
2 
2 
2 
2 
2 
2 
2 
2 
2 
2 
2 
2 
2 
2 
2 
2 
2 
2 
2 
2 
2 
2 
2 
2 
2 
2 
2 
2 
2 
2 
2 
2 
2 
2 
2 
2 
2 
2 
2 
2 
2 
2 
2 
2 
2 
2 
2 
2 
2 
2 
2 
2 
2 
2 
2 
2 
2 
2 
2 
2 
2 
2 
2 
2 
2 
2 
2 
2 
2 
2 
2 
2 
2 
2 
2 
2 
2 
2 
2 
2 
2 
2 
2 
2 
2 
2 
2 
2 
2 
2 
2 
2 
2 
2 
2 
2 
2 
2 
2 
2 
2 
2 
2 
2 
2 
2 
2 
2 
2 
2 
2 
2 
2 
2 
2 
2 
2 
2 
2 
2 
2 
2 
2 
2 
2 
2 
2 
2 
2 
2 
2 
2 
2 
2 
2 
2 
2 
2 
2 
2 
2 
2 
2 
2 
2 
2 
2 
2 
2 
2 
2 
2 
2 
2 
2 
2 
2 
2 
2 
2 
2 
2 
2 
2 
2 
2 
2 
2 
2 
2 
2 
2 
2 
2 
2 
2 
2 
2 
2 
2 
2 
2 
2 
2 
2 
2 
2 
2 
2 
2 
2 
2 
2 
2 
2 
2 
2 
2 
2 
2 
2 
2 
2 
2 
2 
2 
2 
2 
2 
2 
2 
2 
2 
2 
2 
2 
2 
2 
2 
2 
2 
2 
2 
2 
2 
2 
2 
2 
2 
2 
2 
2 
2 
2 
2 
2 
2 
2 
2 
2 
2 
2 
2 
2 
2 
2 
2 
2 
2 
2 
2 
2 
2 
2 
2 
2 
2 
2 
2 
2 
2 
2 
2 
2 
2 
2 
2 
2 
2 
2 
2 
2 
2 
2 
2 
2 
2 
2 
2 
2 
2 
2 
2 
2 
2 
2 
2 
2 
2 
2 
2 
2 
2 
2 
2 
2 
2 
2 
2 
2 
2 
2 
2 
2 
2 
2 
2 
2 
2 
2 
2 
2 
2 
2 
2 
2 
2 
2 
2 
2 
2 
2 
2 
2 
2 
2 
2 
2 
2 
2 
2 
2 
2 
2 
2 
2 
2 
2 
2 
2 
2 
2 
2 
2 
2 
2 
2 
2 
2 
2 
2 
2 
2 
2 
2 
2 
2 
2 
2 
2 
2 
2 
2 
2 
2 
2 
2 
2 
2 
2 
2 
2 
2 
2 
2 
2 
2 
2 
2 
2 
2 
2 
2 
2 
2 
2 
2 
2 
2 
2 
2 
2 
2 
2 
2 
2 
2 
2 
2 
2 
2 
2 
2 
2 
2 
2 
2 
2 
2 
2 
2 
2 
2 
2 
2 
2 
2 
2 
2 
2 
2 
2 
2 
2 
2 
2 
2 
2 
2 
2 
2 
2 
2 
2 
2 
2 
2 
2 
2 
2 
2 
2 
2 
2 
2 
2 
2 
2 
2 
2 
2 
2 
2 
2 
2 
2 
2 
2 
2 
2 
2 
2 
2 
2 
2 
2 
2 
2 
2 
2 
2 
2 
2 
2 
2 
2 
2 
2 
2 
2 
2 
2 
2 
2 
2 
2 
2 
2 
2 
2 
2 
2 
2 
2 
2 
2 
2 
2 
2 
2 
2 
2 
2 
2 
2 
2 
2 
2 
2 
2 
2 
2 
2 
2 
2 
2 
2 
2 
2 
2 
2 
2 
2 
2 
2 
2 
2 
2 
2 
2 
2 
2 
2 
2 
2 
2 
2 
2 
2 
2 
2 
2 
2 
2 
2 
2 
2 
2 
2 
2 
2 
2 
2 
2 
2 
2 
2 
2 
2 
2 
2 
2 
2 
2 
2 
2 
2 
2 
2 
2 
2 
2 
2 
2 
2 
2 
2 
2 
2 
2 
2 
2 
2 
2 
2 
2 
2 
2 
2 
2 
2 
2 
2 
2 
2 
2 
2 
2 
2 
2 
2 
2 
2 
2 
2 
2 
2 
2 
2 
2 
2 
2 
2 
2 
2 
2 
2 
2 
2 
2 
2 
2 
2 
2 
2 
2 
2 
2 
2 
2 
2 
2 
2 
2 
2 
2 
2 
2 
2 
2 
2 
2 
2 
2 
2 
2 
2 
2 
2 
2 
2 
2 
2 
2 
2 
2 
2 
2 
2 
2 
2 
2 
2 
2 
2 
2 
2 
2 
2 
2 
2 
2 
2 
2 
2 
2 
2 
2 
2 
2 
2 
2 
2 
2 
2 
2 
2 
2 
2 
2 
2 
2 
2 
2 
2 
2 
2 
2 
2 
2 
2 
2 
2 
2 
2 
2 
2 
2 
2 
2 
2 
2 
2 
2 
2 
2 
2 
2 
2 
2 
2 
2 
2 
2 
2 
2 
2 
2 
2 
2 
2 
2 
2 
2 
2 
2 
2 
2 
2 
2 
2 
2 
2 
2 
2 
2 
2 
2 
2 
2 
2 
2 
2 
2 
2 
2 
2 
2 
2 
2 
2 
2 
2 
2 
2 
2 
2 
2 
2 
2 
2 
2 
2 
2 
2 
2 
2 
2 
2 
2 
2 
2 
2 
2 
2 
2 
2 
2 
2 
2 
2 
2 
2 
2 
2 
2 
2 
2 
2 
2 
2 
2 
2 
2 
2 
2 
2 
2 
2 
2 
2 
2 
2 
2 
2 
2 
2 
2 
2 
2 
2 
2 
2 
2 
2 
2 
2 
2 
2 
2 
2 
2 
2 
2 
2 
2 
2 
2 
2 
2 
2 
2 
2 
2 
2 
2 
2 
2 
2 
2 
2 
2 
2 
2 
2 
2 
2 
2 
2 
2 
2 
2 
2 
2 
2 
2 
2 
2 
2 
2 
2 
2 
2 
2 
2 
2 
2 
2 
2 
2 
2 
2 
2 
2 
2 
2 
2 
2 
2 
2 
2 
2 
2 
2 
2 
2 
2 
2 
2 
2 
2 
2 
2 
2 
2 
2 
2 
2 
2 
2 
2 
2 
2 
2 
2 
2 
2 
2 
2 
2 
2 
2 
2 
2 
2 
2 
2 
2 
2 
2 
2 
2 
2 
2 
2 
2 
2 
2 
2 
2 
2 
2 
2 
2 
2 
2 
2 
2 
2 
2 
2 
2 
2 
2 
2 
2 
2 
2 
2 
2 
2 
2 
2 
2 
2 
2 
2 
2 
2 
2 
2 
2 
2 
2 
2 
2 
2 
2 
2 
2 
2 
2 
2 
2 
2 
2 
2 
2 
2 
2 
2 
2 
2 
2 
2 
2 
2 
2 
2 
2 
2 
2 
2 
2 
2 
2 
2 
2 
2 
2 
2 
2 
2 
2 
2 
2 
2 
2 
2 
2 
2 
2 
2 
2 
2 
2 
2 
2 
2 
2 
2 
2 
2 
2 
2 
2 
2 
2 
2 
2 
2 
2 
2 
2 
2 
2 
2 
2 
2 
2 
2 
2 
2 
2 
2 
2 
2 
2 
2 
2 
2 
2 
2 
2 
2 
2 
2 
2 
2 
2 
2 
2 
2 
2 
2 
2 
2 
2 
2 
2 
2 
2 
2 
2 
2 
2 
2 
2 
2 
2 
2 
2 
2 
2 
2 
2 
2 
2 
2 
2 
2 
2 
2 
2 
2 
2 
2 
2 
2 
2 
2 
2 
2 
2 
2 
2 
2 
2 
2 
2 
2 
2 
2 
2 
2 
2 
2 
2 
2 
2 
2 
2 
2 
2 
2 
2 
2 
2 
2 
2 
2 
2 
2 
2 
2 
2 
2 
2 
2 
2 
2 
2 
2 
2 
2 
2 
2 
2 
2 
2 
2 
2 
2 
2 
2 
2 
2 
2 
2 
2 
2 
2 
2 
2 
2 
2 
2 
2 
2 
2 
2 
2 
2 
2 
2 
2 
2 
2 
2 
2 
2 
2 
2 
2 
2 
2 
2 
2 
2 
2 
2 
2 
2 
2 
2 
2 
2 
2 
2 
2 
2 
2 
2 
2 
2 
2 
2 
2 
2 
2 
2 
2 
2 
2 
2 
2 
2 
2 
2 
2 
2 
2 
2 
2 
2 
2 
2 
2 
2 
2 
2 
2 
2 
2 
2 
2 
2 
2 
2 
2 
2 
2 
2 
2 
2 
2 
2 
2 
2 
2 
2 
2 
2 
2 
2 
2 
2 
2 
2 
2 
2 
2 
2 
2 
2 
2 
2 
2 
2 
2 
2 
2 
2 
2 
2 
2 
2 
2 
2 
2 
2 
2 
2 
2 
2 
2 
2 
2 
2 
2 
2 
2 
2 
2 
2 
2 
2 
2 
2 
2 
2 
2 
2 
2 
2 
2 
2 
2 
2 
2 
2 
2 
2 
2 
2 
2 
2 
2 
2 
2 
2 
2 
2 
2 
2 
2 
2 
2 
2 
2 
2 
2 
2 
2 
2 
2 
2 
2 
2 
2 
2 
2 
2 
2 
2 
2 
2 
2 
2 
2 
2 
2 
2 
2 
2 
2 
2 
2 
2 
2 
2 
2 
2 
2 
2 
2 
2 
2 
2 
2 
2 
2 
2 
2 
2 
2 
2 
2 
2 
2 
2 
2 
2 
2 
2 
2 
2 
2 
2 
2 
2 
2 

SCALARS Atrito float
LOOKUP_TABLE default
0.523599 
0.523599 
0.523599 
0.523599 
0.523599 
0.523599 
0.523599 
0.523599 
0.523599 
0.523599 
0.523599 
0.523599 
0.523599 
0.523599 
0.523599 
0.523599 
0.523599 
0.523599 
0.523599 
0.523599 
0.523599 
0.523599 
0.523599 
0.523599 
0.523599 
0.523599 
0.523599 
0.523599 
0.523599 
0.523599 
0.523599 
0.523599 
0.523599 
0.523599 
0.523599 
0.523599 
0.523599 
0.523599 
0.523599 
0.523599 
0.523599 
0.523599 
0.523599 
0.523599 
0.523599 
0.523599 
0.523599 
0.523599 
0.523599 
0.523599 
0.523599 
0.523599 
0.523599 
0.523599 
0.523599 
0.523599 
0.523599 
0.523599 
0.523599 
0.523599 
0.523599 
0.523599 
0.523599 
0.523599 
0.523599 
0.523599 
0.523599 
0.523599 
0.523599 
0.523599 
0.523599 
0.523599 
0.523599 
0.523599 
0.523599 
0.523599 
0.523599 
0.523599 
0.523599 
0.523599 
0.523599 
0.523599 
0.523599 
0.523599 
0.523599 
0.523599 
0.523599 
0.523599 
0.523599 
0.523599 
0.523599 
0.523599 
0.523599 
0.523599 
0.523599 
0.523599 
0.523599 
0.523599 
0.523599 
0.523599 
0.523599 
0.523599 
0.523599 
0.523599 
0.523599 
0.523599 
0.523599 
0.523599 
0.523599 
0.523599 
0.523599 
0.523599 
0.523599 
0.523599 
0.523599 
0.523599 
0.523599 
0.523599 
0.523599 
0.523599 
0.523599 
0.523599 
0.523599 
0.523599 
0.523599 
0.523599 
0.523599 
0.523599 
0.523599 
0.523599 
0.523599 
0.523599 
0.523599 
0.523599 
0.523599 
0.523599 
0.523599 
0.523599 
0.523599 
0.523599 
0.523599 
0.523599 
0.523599 
0.523599 
0.523599 
0.523599 
0.523599 
0.523599 
0.523599 
0.523599 
0.523599 
0.523599 
0.523599 
0.523599 
0.523599 
0.523599 
0.523599 
0.523599 
0.523599 
0.523599 
0.523599 
0.523599 
0.523599 
0.523599 
0.523599 
0.523599 
0.523599 
0.523599 
0.523599 
0.523599 
0.523599 
0.523599 
0.523599 
0.523599 
0.523599 
0.523599 
0.523599 
0.523599 
0.523599 
0.523599 
0.523599 
0.523599 
0.523599 
0.523599 
0.523599 
0.523599 
0.523599 
0.523599 
0.523599 
0.523599 
0.523599 
0.523599 
0.523599 
0.523599 
0.523599 
0.523599 
0.523599 
0.523599 
0.523599 
0.523599 
0.523599 
0.523599 
0.523599 
0.523599 
0.523599 
0.523599 
0.523599 
0.523599 
0.523599 
0.523599 
0.523599 
0.523599 
0.523599 
0.523599 
0.523599 
0.523599 
0.523599 
0.523599 
0.523599 
0.523599 
0.523599 
0.523599 
0.523599 
0.523599 
0.523599 
0.523599 
0.523599 
0.523599 
0.523599 
0.523599 
0.523599 
0.523599 
0.523599 
0.523599 
0.523599 
0.523599 
0.523599 
0.523599 
0.523599 
0.523599 
0.523599 
0.523599 
0.523599 
0.523599 
0.523599 
0.523599 
0.523599 
0.523599 
0.523599 
0.523599 
0.523599 
0.523599 
0.523599 
0.523599 
0.523599 
0.523599 
0.523599 
0.523599 
0.523599 
0.523599 
0.523599 
0.523599 
0.523599 
0.523599 
0.523599 
0.523599 
0.523599 
0.523599 
0.523599 
0.523599 
0.523599 
0.523599 
0.523599 
0.523599 
0.523599 
0.523599 
0.523599 
0.523599 
0.523599 
0.523599 
0.523599 
0.523599 
0.523599 
0.523599 
0.523599 
0.523599 
0.523599 
0.523599 
0.523599 
0.523599 
0.523599 
0.523599 
0.523599 
0.523599 
0.523599 
0.523599 
0.523599 
0.523599 
0.523599 
0.523599 
0.523599 
0.523599 
0.523599 
0.523599 
0.523599 
0.523599 
0.523599 
0.523599 
0.523599 
0.523599 
0.523599 
0.523599 
0.523599 
0.523599 
0.523599 
0.523599 
0.523599 
0.523599 
0.523599 
0.523599 
0.523599 
0.523599 
0.523599 
0.523599 
0.523599 
0.523599 
0.523599 
0.523599 
0.523599 
0.523599 
0.523599 
0.523599 
0.523599 
0.523599 
0.523599 
0.523599 
0.523599 
0.523599 
0.523599 
0.523599 
0.523599 
0.523599 
0.523599 
0.523599 
0.523599 
0.523599 
0.523599 
0.523599 
0.523599 
0.523599 
0.523599 
0.523599 
0.523599 
0.523599 
0.523599 
0.523599 
0.523599 
0.523599 
0.523599 
0.523599 
0.523599 
0.523599 
0.523599 
0.523599 
0.523599 
0.523599 
0.523599 
0.523599 
0.523599 
0.523599 
0.523599 
0.523599 
0.523599 
0.523599 
0.523599 
0.523599 
0.523599 
0.523599 
0.523599 
0.523599 
0.523599 
0.523599 
0.523599 
0.523599 
0.523599 
0.523599 
0.523599 
0.523599 
0.523599 
0.523599 
0.523599 
0.523599 
0.523599 
0.523599 
0.523599 
0.523599 
0.523599 
0.523599 
0.523599 
0.523599 
0.523599 
0.523599 
0.523599 
0.523599 
0.523599 
0.523599 
0.523599 
0.523599 
0.523599 
0.523599 
0.523599 
0.523599 
0.523599 
0.523599 
0.523599 
0.523599 
0.523599 
0.523599 
0.523599 
0.523599 
0.523599 
0.523599 
0.523599 
0.523599 
0.523599 
0.523599 
0.523599 
0.523599 
0.523599 
0.523599 
0.523599 
0.523599 
0.523599 
0.523599 
0.523599 
0.523599 
0.523599 
0.523599 
0.523599 
0.523599 
0.523599 
0.523599 
0.523599 
0.523599 
0.523599 
0.523599 
0.523599 
0.523599 
0.523599 
0.523599 
0.523599 
0.523599 
0.523599 
0.523599 
0.523599 
0.523599 
0.523599 
0.523599 
0.523599 
0.523599 
0.523599 
0.523599 
0.523599 
0.523599 
0.523599 
0.523599 
0.523599 
0.523599 
0.523599 
0.523599 
0.523599 
0.523599 
0.523599 
0.523599 
0.523599 
0.523599 
0.523599 
0.523599 
0.523599 
0.523599 
0.523599 
0.523599 
0.523599 
0.523599 
0.523599 
0.523599 
0.523599 
0.523599 
0.523599 
0.523599 
0.523599 
0.523599 
0.523599 
0.523599 
0.523599 
0.523599 
0.523599 
0.523599 
0.523599 
0.523599 
0.523599 
0.523599 
0.523599 
0.523599 
0.523599 
0.523599 
0.523599 
0.523599 
0.523599 
0.523599 
0.523599 
0.523599 
0.523599 
0.523599 
0.523599 
0.523599 
0.523599 
0.523599 
0.523599 
0.523599 
0.523599 
0.523599 
0.523599 
0.523599 
0.523599 
0.523599 
0.523599 
0.523599 
0.523599 
0.523599 
0.523599 
0.523599 
0.523599 
0.523599 
0.523599 
0.523599 
0.523599 
0.523599 
0.523599 
0.523599 
0.523599 
0.523599 
0.523599 
0.523599 
0.523599 
0.523599 
0.523599 
0.523599 
0.523599 
0.523599 
0.523599 
0.523599 
0.523599 
0.523599 
0.523599 
0.523599 
0.523599 
0.523599 
0.523599 
0.523599 
0.523599 
0.523599 
0.523599 
0.523599 
0.523599 
0.523599 
0.523599 
0.523599 
0.523599 
0.523599 
0.523599 
0.523599 
0.523599 
0.523599 
0.523599 
0.523599 
0.523599 
0.523599 
0.523599 
0.523599 
0.523599 
0.523599 
0.523599 
0.523599 
0.523599 
0.523599 
0.523599 
0.523599 
0.523599 
0.523599 
0.523599 
0.523599 
0.523599 
0.523599 
0.523599 
0.523599 
0.523599 
0.523599 
0.523599 
0.523599 
0.523599 
0.523599 
0.523599 
0.523599 
0.523599 
0.523599 
0.523599 
0.523599 
0.523599 
0.523599 
0.523599 
0.523599 
0.523599 
0.523599 
0.523599 
0.523599 
0.523599 
0.523599 
0.523599 
0.523599 
0.523599 
0.523599 
0.523599 
0.523599 
0.523599 
0.523599 
0.523599 
0.523599 
0.523599 
0.523599 
0.523599 
0.523599 
0.523599 
0.523599 
0.523599 
0.523599 
0.523599 
0.523599 
0.523599 
0.523599 
0.523599 
0.523599 
0.523599 
0.523599 
0.523599 
0.523599 
0.523599 
0.523599 
0.523599 
0.523599 
0.523599 
0.523599 
0.523599 
0.523599 
0.523599 
0.523599 
0.523599 
0.523599 
0.523599 
0.523599 
0.523599 
0.523599 
0.523599 
0.523599 
0.523599 
0.523599 
0.523599 
0.523599 
0.523599 
0.523599 
0.523599 
0.523599 
0.523599 
0.523599 
0.523599 
0.523599 
0.523599 
0.523599 
0.523599 
0.523599 
0.523599 
0.523599 
0.523599 
0.523599 
0.523599 
0.523599 
0.523599 
0.523599 
0.523599 
0.523599 
0.523599 
0.523599 
0.523599 
0.523599 
0.523599 
0.523599 
0.523599 
0.523599 
0.523599 
0.523599 
0.523599 
0.523599 
0.523599 
0.523599 
0.523599 
0.523599 
0.523599 
0.523599 
0.523599 
0.523599 
0.523599 
0.523599 
0.523599 
0.523599 
0.523599 
0.523599 
0.523599 
0.523599 
0.523599 
0.523599 
0.523599 
0.523599 
0.523599 
0.523599 
0.523599 
0.523599 
0.523599 
0.523599 
0.523599 
0.523599 
0.523599 
0.523599 
0.523599 
0.523599 
0.523599 
0.523599 
0.523599 
0.523599 
0.523599 
0.523599 
0.523599 
0.523599 
0.523599 
0.523599 
0.523599 
0.523599 
0.523599 
0.523599 
0.523599 
0.523599 
0.523599 
0.523599 
0.523599 
0.523599 
0.523599 
0.523599 
0.523599 
0.523599 
0.523599 
0.523599 
0.523599 
0.523599 
0.523599 
0.523599 
0.523599 
0.523599 
0.523599 
0.523599 
0.523599 
0.523599 
0.523599 
0.523599 
0.523599 
0.523599 
0.523599 
0.523599 
0.523599 
0.523599 
0.523599 
0.523599 
0.523599 
0.523599 
0.523599 
0.523599 
0.523599 
0.523599 
0.523599 
0.523599 
0.523599 
0.523599 
0.523599 
0.523599 
0.523599 
0.523599 
0.523599 
0.523599 
0.523599 
0.523599 
0.523599 
0.523599 
0.523599 
0.523599 
0.523599 
0.523599 
0.523599 
0.523599 
0.523599 
0.523599 
0.523599 
0.523599 
0.523599 
0.523599 
0.523599 
0.523599 
0.523599 
0.523599 
0.523599 
0.523599 
0.523599 
0.523599 
0.523599 
0.523599 
0.523599 
0.523599 
0.523599 
0.523599 
0.523599 
0.523599 
0.523599 
0.523599 
0.523599 
0.523599 
0.523599 
0.523599 
0.523599 
0.523599 
0.523599 
0.523599 
0.523599 
0.523599 
0.523599 
0.523599 
0.523599 
0.523599 
0.523599 
0.523599 
0.523599 
0.523599 
0.523599 
0.523599 
0.523599 
0.523599 
0.523599 
0.523599 
0.523599 
0.523599 
0.523599 
0.523599 
0.523599 
0.523599 
0.523599 
0.523599 
0.523599 
0.523599 
0.523599 
0.523599 
0.523599 
0.523599 
0.523599 
0.523599 
0.523599 
0.523599 
0.523599 
0.523599 
0.523599 
0.523599 
0.523599 
0.523599 
0.523599 
0.523599 
0.523599 
0.523599 
0.523599 
0.523599 
0.523599 
0.523599 
0.523599 
0.523599 
0.523599 
0.523599 
0.523599 
0.523599 
0.523599 
0.523599 
0.523599 
0.523599 
0.523599 
0.523599 
0.523599 
0.523599 
0.523599 
0.523599 
0.523599 
0.523599 
0.523599 
0.523599 
0.523599 
0.523599 
0.523599 
0.523599 
0.523599 
0.523599 
0.523599 
0.523599 
0.523599 
0.523599 
0.523599 
0.523599 
0.523599 
0.523599 
0.523599 
0.523599 
0.523599 
0.523599 
0.523599 
0.523599 
0.523599 
0.523599 
0.523599 
0.523599 
0.523599 
0.523599 
0.523599 
0.523599 
0.523599 
0.523599 
0.523599 
0.523599 
0.523599 
0.523599 
0.523599 
0.523599 
0.523599 
0.523599 
0.523599 
0.523599 
0.523599 
0.523599 
0.523599 
0.523599 
0.523599 
0.523599 
0.523599 
0.523599 
0.523599 
0.523599 
0.523599 
0.523599 
0.523599 
0.523599 
0.523599 
0.523599 
0.523599 
0.523599 
0.523599 
0.523599 
0.523599 
0.523599 
0.523599 
0.523599 
0.523599 
0.523599 
0.523599 
0.523599 
0.523599 
0.523599 
0.523599 
0.523599 
0.523599 
0.523599 
0.523599 
0.523599 
0.523599 
0.523599 
0.523599 
0.523599 
0.523599 
0.523599 
0.523599 
0.523599 
0.523599 
0.523599 
0.523599 
0.523599 
0.523599 
0.523599 
0.523599 
0.523599 
0.523599 
0.523599 
0.523599 
0.523599 
0.523599 
0.523599 
0.523599 
0.523599 
0.523599 
0.523599 
0.523599 
0.523599 
0.523599 
0.523599 
0.523599 
0.523599 
0.523599 
0.523599 
0.523599 
0.523599 
0.523599 
0.523599 
0.523599 
0.523599 
0.523599 
0.523599 
0.523599 
0.523599 
0.523599 
0.523599 
0.523599 
0.523599 
0.523599 
0.523599 
0.523599 
0.523599 
0.523599 
0.523599 
0.523599 
0.523599 
0.523599 
0.523599 
0.523599 
0.523599 
0.523599 
0.523599 
0.523599 
0.523599 
0.523599 
0.523599 
0.523599 
0.523599 
0.523599 
0.523599 
0.523599 
0.523599 
0.523599 
0.523599 
0.523599 
0.523599 
0.523599 
0.523599 
0.523599 
0.523599 
0.523599 
0.523599 
0.523599 
0.523599 
0.523599 
0.523599 
0.523599 
0.523599 
0.523599 
0.523599 
0.523599 
0.523599 
0.523599 
0.523599 
0.523599 
0.523599 
0.523599 
0.523599 
0.523599 
0.523599 
0.523599 
0.523599 
0.523599 
0.523599 
0.523599 
0.523599 
0.523599 
0.523599 
0.523599 
0.523599 
0.523599 
0.523599 
0.523599 
0.523599 
0.523599 
0.523599 
0.523599 
0.523599 
0.523599 
0.523599 
0.523599 
0.523599 
0.523599 
0.523599 
0.523599 
0.523599 
0.523599 
0.523599 
0.523599 
0.523599 
0.523599 
0.523599 
0.523599 
0.523599 
0.523599 
0.523599 
0.523599 
0.523599 
0.523599 
0.523599 
0.523599 
0.523599 
0.523599 
0.523599 
0.523599 
0.523599 
0.523599 
0.523599 
0.523599 
0.523599 
0.523599 
0.523599 
0.523599 
0.523599 
0.523599 
0.523599 
0.523599 
0.523599 
0.523599 
0.523599 
0.523599 
0.523599 
0.523599 
0.523599 
0.523599 
0.523599 
0.523599 
0.523599 
0.523599 
0.523599 
0.523599 
0.523599 
0.523599 
0.523599 
0.523599 
0.523599 
0.523599 
0.523599 
0.523599 
0.523599 
0.523599 
0.523599 
0.523599 
0.523599 
0.523599 
0.523599 
0.523599 
0.523599 
0.523599 
0.523599 
0.523599 
0.523599 
0.523599 
0.523599 
0.523599 
0.523599 
0.523599 
0.523599 
0.523599 
0.523599 
0.523599 
0.523599 
0.523599 
0.523599 
0.523599 
0.523599 
0.523599 
0.523599 
0.523599 
0.523599 
0.523599 
0.523599 
0.523599 
0.523599 
0.523599 
0.523599 
0.523599 
0.523599 
0.523599 
0.523599 
0.523599 
0.523599 
0.523599 
0.523599 
0.523599 
0.523599 
0.523599 
0.523599 
0.523599 
0.523599 
0.523599 
0.523599 
0.523599 
0.523599 
0.523599 
0.523599 
0.523599 
0.523599 
0.523599 
0.523599 
0.523599 
0.523599 
0.523599 
0.523599 
0.523599 
0.523599 
0.523599 
0.523599 
0.523599 
0.523599 
0.523599 
0.523599 
0.523599 
0.523599 
0.523599 
0.523599 
0.523599 
0.523599 
0.523599 
0.523599 
0.523599 
0.523599 
0.523599 
0.523599 
0.523599 
0.523599 
0.523599 
0.523599 
0.523599 
0.523599 
0.523599 
0.523599 
0.523599 
0.523599 
0.523599 
0.523599 
0.523599 
0.523599 
0.523599 
0.523599 
0.523599 
0.523599 
0.523599 
0.523599 
0.523599 
0.523599 
0.523599 
0.523599 
0.523599 
0.523599 
0.523599 
0.523599 
0.523599 
0.523599 
0.523599 
0.523599 
0.523599 
0.523599 
0.523599 
0.523599 
0.523599 
0.523599 
0.523599 
0.523599 
0.523599 
0.523599 
0.523599 
0.523599 
0.523599 
0.523599 
0.523599 
0.523599 
0.523599 
0.523599 
0.523599 
0.523599 
0.523599 
0.523599 
0.523599 
0.523599 
0.523599 
0.523599 
0.523599 
0.523599 
0.523599 
0.523599 
0.523599 
0.523599 
0.523599 
0.523599 
0.523599 
0.523599 
0.523599 
0.523599 
0.523599 
0.523599 
0.523599 
0.523599 
0.523599 
0.523599 
0.523599 
0.523599 
0.523599 
0.523599 
0.523599 
0.523599 
0.523599 
0.523599 
0.523599 
0.523599 
0.523599 
0.523599 
0.523599 
0.523599 
0.523599 
0.523599 
0.523599 
0.523599 
0.523599 
0.523599 
0.523599 
0.523599 
0.523599 
0.523599 
0.523599 
0.523599 
0.523599 
0.523599 
0.523599 
0.523599 
0.523599 
0.523599 
0.523599 
0.523599 
0.523599 
0.523599 
0.523599 
0.523599 
0.523599 
0.523599 
0.523599 
0.523599 
0.523599 
0.523599 
0.523599 
0.523599 
0.523599 
0.523599 
0.523599 
0.523599 
0.523599 
0.523599 
0.523599 
0.523599 
0.523599 
0.523599 
0.523599 
0.523599 
0.523599 
0.523599 
0.523599 
0.523599 
0.523599 
0.523599 
0.523599 
0.523599 
0.523599 
0.523599 
0.523599 
0.523599 
0.523599 
0.523599 
0.523599 
0.523599 
0.523599 
0.523599 
0.523599 
0.523599 
0.523599 
0.523599 
0.523599 
0.523599 
0.523599 
0.523599 
0.523599 
0.523599 
0.523599 
0.523599 
0.523599 
0.523599 
0.523599 
0.523599 
0.523599 
0.523599 
0.523599 
0.523599 
0.523599 
0.523599 
0.523599 
0.523599 
0.523599 
0.523599 
0.523599 
0.523599 
0.523599 
0.523599 
0.523599 
0.523599 
0.523599 
0.523599 
0.523599 
0.523599 
0.523599 
0.523599 
0.523599 
0.523599 
0.523599 
0.523599 
0.523599 
0.523599 
0.523599 
0.523599 
0.523599 
0.523599 
0.523599 
0.523599 
0.523599 
0.523599 
0.523599 
0.523599 
0.523599 
0.523599 
0.523599 
0.523599 
0.523599 
0.523599 
0.523599 
0.523599 
0.523599 
0.523599 
0.523599 
0.523599 
0.523599 
0.523599 
0.523599 
0.523599 
0.523599 
0.523599 
0.523599 
0.523599 
0.523599 
0.523599 
0.523599 
0.523599 
0.523599 
0.523599 
0.523599 
0.523599 
0.523599 
0.523599 
0.523599 
0.523599 
0.523599 
0.523599 
0.523599 
0.523599 
0.523599 
0.523599 
0.523599 
0.523599 
0.523599 
0.523599 
0.523599 
0.523599 
0.523599 
0.523599 
0.523599 
0.523599 
0.523599 
0.523599 
0.523599 
0.523599 
0.523599 
0.523599 
0.523599 
0.523599 
0.523599 
0.523599 
0.523599 
0.523599 
0.523599 
0.523599 
0.523599 
0.523599 
0.523599 
0.523599 
0.523599 
0.523599 
0.523599 
0.523599 
0.523599 
0.523599 
0.523599 
0.523599 
0.523599 
0.523599 
0.523599 
0.523599 
0.523599 
0.523599 
0.523599 
0.523599 
0.523599 
0.523599 
0.523599 
0.523599 
0.523599 
0.523599 
0.523599 
0.523599 
0.523599 
0.523599 
0.523599 
0.523599 
0.523599 
0.523599 
0.523599 
0.523599 
0.523599 
0.523599 
0.523599 
0.523599 
0.523599 
0.523599 
0.523599 
0.523599 
0.523599 
0.523599 
0.523599 
0.523599 
0.523599 
0.523599 
0.523599 
0.523599 
0.523599 
0.523599 
0.523599 
0.523599 
0.523599 
0.523599 
0.523599 
0.523599 
0.523599 
0.523599 
0.523599 
0.523599 
0.523599 
0.523599 
0.523599 
0.523599 
0.523599 
0.523599 
0.523599 
0.523599 
0.523599 
0.523599 
0.523599 
0.523599 
0.523599 
0.523599 
0.523599 
0.523599 
0.523599 
0.523599 
0.523599 
0.523599 
0.523599 
0.523599 
0.523599 
0.523599 
0.523599 
0.523599 
0.523599 
0.523599 
0.523599 
0.523599 
0.523599 
0.523599 
0.523599 
0.523599 
0.523599 
0.523599 
0.523599 
0.523599 
0.523599 
0.523599 
0.523599 
0.523599 
0.523599 
0.523599 
0.523599 
0.523599 
0.523599 
0.523599 
0.523599 
0.523599 
0.523599 
0.523599 
0.523599 
0.523599 
0.523599 
0.523599 
0.523599 
0.523599 
0.523599 
0.523599 
0.523599 
0.523599 
0.523599 
0.523599 
0.523599 
0.523599 
0.523599 
0.523599 
0.523599 
0.523599 
0.523599 
0.523599 
0.523599 
0.523599 
0.523599 
0.523599 
0.523599 
0.523599 
0.523599 
0.523599 
0.523599 
0.523599 
0.523599 
0.523599 
0.523599 
0.523599 
0.523599 
0.523599 
0.523599 
0.523599 
0.523599 
0.523599 
0.523599 
0.523599 
0.523599 
0.523599 
0.523599 
0.523599 
0.523599 
0.523599 
0.523599 
0.523599 
0.523599 
0.523599 
0.523599 
0.523599 
0.523599 
0.523599 
0.523599 
0.523599 
0.523599 
0.523599 
0.523599 
0.523599 
0.523599 
0.523599 
0.523599 
0.523599 
0.523599 
0.523599 
0.523599 
0.523599 
0.523599 
0.523599 
0.523599 
0.523599 
0.523599 
0.523599 
0.523599 
0.523599 
0.523599 
0.523599 
0.523599 
0.523599 
0.523599 
0.523599 
0.523599 
0.523599 
0.523599 
0.523599 
0.523599 
0.523599 
0.523599 
0.523599 
0.523599 
0.523599 
0.523599 
0.523599 
0.523599 
0.523599 
0.523599 
0.523599 
0.523599 
0.523599 
0.523599 
0.523599 
0.523599 
0.523599 
0.523599 
0.523599 
0.523599 
0.523599 
0.523599 
0.523599 
0.523599 
0.523599 
0.523599 
0.523599 
0.523599 
0.523599 
0.523599 
0.523599 
0.523599 
0.523599 
0.523599 
0.523599 
0.523599 
0.523599 
0.523599 
0.523599 
0.523599 
0.523599 
0.523599 
0.523599 
0.523599 
0.523599 
0.523599 
0.523599 
0.523599 
0.523599 
0.523599 
0.523599 
0.523599 
0.523599 
0.523599 
0.523599 
0.523599 
0.523599 
0.523599 
0.523599 
0.523599 
0.523599 
0.523599 
0.523599 
0.523599 
0.523599 
0.523599 
0.523599 
0.523599 
0.523599 
0.523599 
0.523599 
0.523599 
0.523599 
0.523599 
0.523599 
0.523599 
0.523599 
0.523599 
0.523599 
0.523599 
0.523599 
0.523599 
0.523599 
0.523599 
0.523599 
0.523599 
0.523599 
0.523599 
0.523599 
0.523599 
0.523599 
0.523599 
0.523599 
0.523599 
0.523599 
0.523599 
0.523599 
0.523599 
0.523599 
0.523599 
0.523599 
0.523599 
0.523599 
0.523599 
0.523599 
0.523599 
0.523599 
0.523599 
0.523599 
0.523599 
0.523599 
0.523599 
0.523599 
0.523599 
0.523599 
0.523599 
0.523599 
0.523599 
0.523599 
0.523599 
0.523599 
0.523599 
0.523599 
0.523599 
0.523599 
0.523599 
0.523599 
0.523599 
0.523599 
0.523599 
0.523599 
0.523599 
0.523599 
0.523599 
0.523599 
0.523599 
0.523599 
0.523599 
0.523599 
0.523599 
0.523599 
0.523599 
0.523599 
0.523599 
0.523599 
0.523599 
0.523599 
0.523599 
0.523599 
0.523599 
0.523599 
0.523599 
0.523599 
0.523599 
0.523599 
0.523599 
0.523599 
0.523599 
0.523599 
0.523599 
0.523599 
0.523599 
0.523599 
0.523599 
0.523599 
0.523599 
0.523599 
0.523599 
0.523599 
0.523599 
0.523599 
0.523599 
0.523599 
0.523599 
0.523599 
0.523599 
0.523599 
0.523599 
0.523599 
0.523599 
0.523599 
0.523599 
0.523599 
0.523599 
0.523599 
0.523599 
0.523599 
0.523599 
0.523599 
0.523599 
0.523599 
0.523599 
0.523599 
0.523599 
0.523599 
0.523599 
0.523599 
0.523599 
0.523599 
0.523599 
0.523599 
0.523599 
0.523599 
0.523599 
0.523599 
0.523599 
0.523599 
0.523599 
0.523599 
0.523599 
0.523599 
0.523599 
0.523599 
0.523599 
0.523599 
0.523599 
0.523599 
0.523599 
0.523599 
0.523599 
0.523599 
0.523599 
0.523599 
0.523599 
0.523599 
0.523599 
0.523599 
0.523599 
0.523599 
0.523599 
0.523599 
0.523599 
0.523599 
0.523599 
0.523599 
0.523599 
0.523599 
0.523599 
0.523599 
0.523599 
0.523599 
0.523599 
0.523599 
0.523599 
0.523599 
0.523599 
0.523599 
0.523599 
0.523599 
0.523599 
0.523599 
0.523599 
0.523599 
0.523599 
0.523599 
0.523599 
0.523599 
0.523599 
0.523599 
0.523599 
0.523599 

SCALARS Coesion float
LOOKUP_TABLE default
10 
10 
10 
10 
10 
10 
10 
10 
10 
10 
10 
10 
10 
10 
10 
10 
10 
10 
10 
10 
10 
10 
10 
10 
10 
10 
10 
10 
10 
10 
10 
10 
10 
10 
10 
10 
10 
10 
10 
10 
10 
10 
10 
10 
10 
10 
10 
10 
10 
10 
10 
10 
10 
10 
10 
10 
10 
10 
10 
10 
10 
10 
10 
10 
10 
10 
10 
10 
10 
10 
10 
10 
10 
10 
10 
10 
10 
10 
10 
10 
10 
10 
10 
10 
10 
10 
10 
10 
10 
10 
10 
10 
10 
10 
10 
10 
10 
10 
10 
10 
10 
10 
10 
10 
10 
10 
10 
10 
10 
10 
10 
10 
10 
10 
10 
10 
10 
10 
10 
10 
10 
10 
10 
10 
10 
10 
10 
10 
10 
10 
10 
10 
10 
10 
10 
10 
10 
10 
10 
10 
10 
10 
10 
10 
10 
10 
10 
10 
10 
10 
10 
10 
10 
10 
10 
10 
10 
10 
10 
10 
10 
10 
10 
10 
10 
10 
10 
10 
10 
10 
10 
10 
10 
10 
10 
10 
10 
10 
10 
10 
10 
10 
10 
10 
10 
10 
10 
10 
10 
10 
10 
10 
10 
10 
10 
10 
10 
10 
10 
10 
10 
10 
10 
10 
10 
10 
10 
10 
10 
10 
10 
10 
10 
10 
10 
10 
10 
10 
10 
10 
10 
10 
10 
10 
10 
10 
10 
10 
10 
10 
10 
10 
10 
10 
10 
10 
10 
10 
10 
10 
10 
10 
10 
10 
10 
10 
10 
10 
10 
10 
10 
10 
10 
10 
10 
10 
10 
10 
10 
10 
10 
10 
10 
10 
10 
10 
10 
10 
10 
10 
10 
10 
10 
10 
10 
10 
10 
10 
10 
10 
10 
10 
10 
10 
10 
10 
10 
10 
10 
10 
10 
10 
10 
10 
10 
10 
10 
10 
10 
10 
10 
10 
10 
10 
10 
10 
10 
10 
10 
10 
10 
10 
10 
10 
10 
10 
10 
10 
10 
10 
10 
10 
10 
10 
10 
10 
10 
10 
10 
10 
10 
10 
10 
10 
10 
10 
10 
10 
10 
10 
10 
10 
10 
10 
10 
10 
10 
10 
10 
10 
10 
10 
10 
10 
10 
10 
10 
10 
10 
10 
10 
10 
10 
10 
10 
10 
10 
10 
10 
10 
10 
10 
10 
10 
10 
10 
10 
10 
10 
10 
10 
10 
10 
10 
10 
10 
10 
10 
10 
10 
10 
10 
10 
10 
10 
10 
10 
10 
10 
10 
10 
10 
10 
10 
10 
10 
10 
10 
10 
10 
10 
10 
10 
10 
10 
10 
10 
10 
10 
10 
10 
10 
10 
10 
10 
10 
10 
10 
10 
10 
10 
10 
10 
10 
10 
10 
10 
10 
10 
10 
10 
10 
10 
10 
10 
10 
10 
10 
10 
10 
10 
10 
10 
10 
10 
10 
10 
10 
10 
10 
10 
10 
10 
10 
10 
10 
10 
10 
10 
10 
10 
10 
10 
10 
10 
10 
10 
10 
10 
10 
10 
10 
10 
10 
10 
10 
10 
10 
10 
10 
10 
10 
10 
10 
10 
10 
10 
10 
10 
10 
10 
10 
10 
10 
10 
10 
10 
10 
10 
10 
10 
10 
10 
10 
10 
10 
10 
10 
10 
10 
10 
10 
10 
10 
10 
10 
10 
10 
10 
10 
10 
10 
10 
10 
10 
10 
10 
10 
10 
10 
10 
10 
10 
10 
10 
10 
10 
10 
10 
10 
10 
10 
10 
10 
10 
10 
10 
10 
10 
10 
10 
10 
10 
10 
10 
10 
10 
10 
10 
10 
10 
10 
10 
10 
10 
10 
10 
10 
10 
10 
10 
10 
10 
10 
10 
10 
10 
10 
10 
10 
10 
10 
10 
10 
10 
10 
10 
10 
10 
10 
10 
10 
10 
10 
10 
10 
10 
10 
10 
10 
10 
10 
10 
10 
10 
10 
10 
10 
10 
10 
10 
10 
10 
10 
10 
10 
10 
10 
10 
10 
10 
10 
10 
10 
10 
10 
10 
10 
10 
10 
10 
10 
10 
10 
10 
10 
10 
10 
10 
10 
10 
10 
10 
10 
10 
10 
10 
10 
10 
10 
10 
10 
10 
10 
10 
10 
10 
10 
10 
10 
10 
10 
10 
10 
10 
10 
10 
10 
10 
10 
10 
10 
10 
10 
10 
10 
10 
10 
10 
10 
10 
10 
10 
10 
10 
10 
10 
10 
10 
10 
10 
10 
10 
10 
10 
10 
10 
10 
10 
10 
10 
10 
10 
10 
10 
10 
10 
10 
10 
10 
10 
10 
10 
10 
10 
10 
10 
10 
10 
10 
10 
10 
10 
10 
10 
10 
10 
10 
10 
10 
10 
10 
10 
10 
10 
10 
10 
10 
10 
10 
10 
10 
10 
10 
10 
10 
10 
10 
10 
10 
10 
10 
10 
10 
10 
10 
10 
10 
10 
10 
10 
10 
10 
10 
10 
10 
10 
10 
10 
10 
10 
10 
10 
10 
10 
10 
10 
10 
10 
10 
10 
10 
10 
10 
10 
10 
10 
10 
10 
10 
10 
10 
10 
10 
10 
10 
10 
10 
10 
10 
10 
10 
10 
10 
10 
10 
10 
10 
10 
10 
10 
10 
10 
10 
10 
10 
10 
10 
10 
10 
10 
10 
10 
10 
10 
10 
10 
10 
10 
10 
10 
10 
10 
10 
10 
10 
10 
10 
10 
10 
10 
10 
10 
10 
10 
10 
10 
10 
10 
10 
10 
10 
10 
10 
10 
10 
10 
10 
10 
10 
10 
10 
10 
10 
10 
10 
10 
10 
10 
10 
10 
10 
10 
10 
10 
10 
10 
10 
10 
10 
10 
10 
10 
10 
10 
10 
10 
10 
10 
10 
10 
10 
10 
10 
10 
10 
10 
10 
10 
10 
10 
10 
10 
10 
10 
10 
10 
10 
10 
10 
10 
10 
10 
10 
10 
10 
10 
10 
10 
10 
10 
10 
10 
10 
10 
10 
10 
10 
10 
10 
10 
10 
10 
10 
10 
10 
10 
10 
10 
10 
10 
10 
10 
10 
10 
10 
10 
10 
10 
10 
10 
10 
10 
10 
10 
10 
10 
10 
10 
10 
10 
10 
10 
10 
10 
10 
10 
10 
10 
10 
10 
10 
10 
10 
10 
10 
10 
10 
10 
10 
10 
10 
10 
10 
10 
10 
10 
10 
10 
10 
10 
10 
10 
10 
10 
10 
10 
10 
10 
10 
10 
10 
10 
10 
10 
10 
10 
10 
10 
10 
10 
10 
10 
10 
10 
10 
10 
10 
10 
10 
10 
10 
10 
10 
10 
10 
10 
10 
10 
10 
10 
10 
10 
10 
10 
10 
10 
10 
10 
10 
10 
10 
10 
10 
10 
10 
10 
10 
10 
10 
10 
10 
10 
10 
10 
10 
10 
10 
10 
10 
10 
10 
10 
10 
10 
10 
10 
10 
10 
10 
10 
10 
10 
10 
10 
10 
10 
10 
10 
10 
10 
10 
10 
10 
10 
10 
10 
10 
10 
10 
10 
10 
10 
10 
10 
10 
10 
10 
10 
10 
10 
10 
10 
10 
10 
10 
10 
10 
10 
10 
10 
10 
10 
10 
10 
10 
10 
10 
10 
10 
10 
10 
10 
10 
10 
10 
10 
10 
10 
10 
10 
10 
10 
10 
10 
10 
10 
10 
10 
10 
10 
10 
10 
10 
10 
10 
10 
10 
10 
10 
10 
10 
10 
10 
10 
10 
10 
10 
10 
10 
10 
10 
10 
10 
10 
10 
10 
10 
10 
10 
10 
10 
10 
10 
10 
10 
10 
10 
10 
10 
10 
10 
10 
10 
10 
10 
10 
10 
10 
10 
10 
10 
10 
10 
10 
10 
10 
10 
10 
10 
10 
10 
10 
10 
10 
10 
10 
10 
10 
10 
10 
10 
10 
10 
10 
10 
10 
10 
10 
10 
10 
10 
10 
10 
10 
10 
10 
10 
10 
10 
10 
10 
10 
10 
10 
10 
10 
10 
10 
10 
10 
10 
10 
10 
10 
10 
10 
10 
10 
10 
10 
10 
10 
10 
10 
10 
10 
10 
10 
10 
10 
10 
10 
10 
10 
10 
10 
10 
10 
10 
10 
10 
10 
10 
10 
10 
10 
10 
10 
10 
10 
10 
10 
10 
10 
10 
10 
10 
10 
10 
10 
10 
10 
10 
10 
10 
10 
10 
10 
10 
10 
10 
10 
10 
10 
10 
10 
10 
10 
10 
10 
10 
10 
10 
10 
10 
10 
10 
10 
10 
10 
10 
10 
10 
10 
10 
10 
10 
10 
10 
10 
10 
10 
10 
10 
10 
10 
10 
10 
10 
10 
10 
10 
10 
10 
10 
10 
10 
10 
10 
10 
10 
10 
10 
10 
10 
10 
10 
10 
10 
10 
10 
10 
10 
10 
10 
10 
10 
10 
10 
10 
10 
10 
10 
10 
10 
10 
10 
10 
10 
10 
10 
10 
10 
10 
10 
10 
10 
10 
10 
10 
10 
10 
10 
10 
10 
10 
10 
10 
10 
10 
10 
10 
10 
10 
10 
10 
10 
10 
10 
10 
10 
10 
10 
10 
10 
10 
10 
10 
10 
10 
10 
10 
10 
10 
10 
10 
10 
10 
10 
10 
10 
10 
10 
10 
10 
10 
10 
10 
10 
10 
10 
10 
10 
10 
10 
10 
10 
10 
10 
10 
10 
10 
10 
10 
10 
10 
10 
10 
10 
10 
10 
10 
10 
10 
10 
10 
10 
10 
10 
10 
10 
10 
10 
10 
10 
10 
10 
10 
10 
10 
10 
10 
10 
10 
10 
10 
10 
10 
10 
10 
10 
10 
10 
10 
10 
10 
10 
10 
10 
10 
10 
10 
10 
10 
10 
10 
10 
10 
10 
10 
10 
10 
10 
10 
10 
10 
10 
10 
10 
10 
10 
10 
10 
10 
10 
10 
10 
10 
10 
10 
10 
10 
10 
10 
10 
10 
10 
10 
10 
10 
10 
10 
10 
10 
10 
10 
10 
10 
10 
10 
10 
10 
10 
10 
10 
10 
10 
10 
10 
10 
10 
10 
10 
10 
10 
10 
10 
10 
10 
10 
10 
10 
10 
10 
10 
10 
10 
10 
10 
10 
10 
10 
10 
10 
10 
10 
10 
10 
10 
10 
10 
10 
10 
10 
10 
10 
10 
10 
10 
10 
10 
10 
10 
10 
10 
10 
10 
10 
10 
10 
10 
10 
10 
10 
10 
10 
10 
10 
10 
10 
10 
10 
10 
10 
10 
10 
10 
10 
10 
10 
10 
10 
10 
10 
10 
10 
10 
10 
10 
10 
10 
10 
10 
10 
10 
10 
10 
10 
10 
10 
10 
10 
10 
10 
10 
10 
10 
10 
10 
10 
10 
10 
10 
10 
10 
10 
10 
10 
10 
10 
10 
10 
10 
10 
10 
10 
10 
10 
10 
10 
10 
10 
10 
10 
10 
10 
10 
10 
10 
10 
10 
10 
10 
10 
10 
10 
10 
10 
10 
10 
10 
10 
10 
10 
10 
10 
10 
10 
10 
10 
10 
10 
10 
10 
10 
10 
10 
10 
10 
10 
10 
10 
10 
10 
10 
10 
10 
10 
10 
10 
10 
10 
10 
10 
10 
10 
10 
10 
10 
10 
10 
10 
10 
10 
10 
10 
10 
10 
10 
10 
10 
10 
10 
10 
10 
10 
10 
10 
10 
10 
10 
10 
10 
10 
10 
10 
10 
10 
10 
10 
10 
10 
10 
10 
10 
10 
10 
10 
10 
10 
10 
10 
10 
10 
10 
10 
10 
10 
10 
10 
10 
10 
10 
10 
10 
10 
10 
10 
10 
10 
10 
10 
10 
10 
10 
10 
10 
10 
10 
10 
10 
10 
10 
10 
10 
10 
10 
10 
10 
10 
10 
10 
10 
10 
10 
10 
10 
10 
10 
10 
10 
10 
10 
10 
10 
10 
10 
10 
10 
10 
10 
10 
10 
10 
10 
10 
10 
10 
10 
10 
10 
10 
10 
10 
10 
10 
10 
10 
10 
10 
10 
10 
10 
10 
10 
10 
10 
10 
10 
10 
10 
10 
10 
10 
10 
10 
10 
10 
10 
10 
10 
10 
10 
10 
10 
10 
10 
10 
10 
10 
10 
10 
10 
10 
10 
10 
10 
10 
10 
10 
10 
10 
10 
10 
10 
10 
10 
10 
10 
10 
10 
10 
10 
10 
10 
10 
10 
10 
10 
10 
10 
10 
10 
10 
10 
10 
10 
10 
10 
10 
10 
10 
10 
10 
10 
10 
10 
10 
10 
10 
10 
10 
10 
10 
10 
10 
10 
10 
10 
10 
10 
10 
10 
10 
10 
10 
10 
10 
10 
10 
10 
10 
10 
10 
10 
10 
10 
10 
10 

SCALARS StrainPlasticJ2 float
LOOKUP_TABLE default
0 
0 
0 
0 
3.77044e-06 
1.98251e-06 
2.03432e-05 
1.98251e-06 
0 
0 
0 
0 
0 
0 
0 
0 
0 
0 
0 
0 
0 
0 
0 
0 
1.29602e-06 
9.566e-07 
2.5486e-05 
9.566e-07 
0 
0 
0 
0 
0 
0 
0 
0 
0 
0 
0 
0 
0.00133081 
1.90993e-05 
1.38674e-05 
1.90993e-05 
0.0010869 
0.00205093 
5.99003e-05 
0.00205093 
3.87912e-05 
0.00173562 
8.8782e-05 
0.00173562 
9.44422e-06 
1.83559e-07 
1.00729e-05 
1.83559e-07 
1.07561e-06 
2.14304e-06 
7.05059e-06 
2.14304e-06 
8.79008e-06 
4.97909e-07 
1.92139e-07 
4.97909e-07 
5.5417e-08 
1.969e-06 
4.20152e-09 
1.969e-06 
0 
0 
0 
0 
0 
0 
0 
0 
0 
0 
0 
0 
0 
0 
0 
0 
0 
0 
0 
0 
0 
0 
0 
0 
0 
0 
0 
0 
0 
0 
0 
0 
0 
0 
0 
0 
0 
0 
0 
0 
0 
0 
0 
0 
0 
0 
0 
0 
2.31827e-06 
1.81671e-06 
7.11971e-05 
1.81671e-06 
0.0432288 
0.00335431 
0.447196 
0.00335431 
0.00158926 
0.22349 
0.00270808 
0.22349 
0.00740149 
0.262095 
0.391992 
0.262095 
0 
0 
0 
0 
0 
0 
0 
0 
0 
0 
0 
0 
0 
0 
0 
0 
0 
0 
0 
0 
0 
0 
0 
0 
0 
0 
0 
0 
0 
0 
0 
0 
0 
0 
0 
0 
4.62731e-05 
2.21293e-06 
3.23634e-07 
2.21293e-06 
0 
0 
0 
0 
8.81705e-10 
1.19228e-08 
8.81705e-10 
1.19228e-08 
1.89721e-07 
2.67675e-07 
9.59632e-06 
2.67675e-07 
8.40501e-06 
8.57946e-07 
2.87149e-06 
8.57946e-07 
0 
0 
0 
0 
0 
0 
0 
0 
0 
0 
0 
0 
0 
0 
0 
0 
0 
0 
0 
0 
0 
0 
0 
0 
0 
0 
0 
0 
0 
0 
0 
0 
0 
0 
0 
0 
0 
0 
0 
0 
0 
0 
0 
0 
0 
0 
0 
0 
0 
0 
0 
0 
0 
0 
0 
0 
0 
0 
0 
0 
0 
0 
0 
0 
0 
0 
0 
0 
0 
0 
0 
0 
0 
0 
0 
0 
0 
0 
0 
0 
0 
0 
0 
0 
0 
0 
0 
0 
0 
0 
0 
0 
0 
0 
0 
0 
0 
0 
0 
0 
0 
0 
0 
0 
0 
0 
0 
0 
0 
0 
0 
0 
0 
0 
0 
0 
0 
0 
0 
0 
0 
0 
0 
0 
3.79439e-11 
3.79439e-11 
5.13092e-10 
3.79439e-11 
0 
0 
0 
0 
0 
0 
0 
0 
0 
0 
0 
0 
0 
0 
0 
0 
0 
0 
0 
0 
0 
0 
0 
0 
0 
0 
0 
0 
0 
0 
0 
0 
0 
0 
0 
0 
0 
0 
0 
0 
0 
0 
0 
0 
0 
0 
0 
0 
0 
0 
0 
0 
0 
0 
0 
0 
0 
0 
0 
0 
0 
0 
0 
0 
0 
0 
0 
0 
0 
0 
0 
0 
0.000733457 
8.88726e-06 
5.66291e-05 
8.88726e-06 
2.17003e-05 
1.48564e-07 
7.83335e-07 
1.48564e-07 
0 
0 
0 
0 
0 
0 
0 
0 
0 
0 
0 
0 
0 
0 
0 
0 
0 
0 
0 
0 
7.89374e-11 
1.06742e-09 
7.89374e-11 
1.06742e-09 
0 
0 
0 
0 
6.55392e-09 
6.07913e-10 
6.4707e-08 
6.07913e-10 
6.13371e-07 
2.88151e-09 
2.44527e-09 
2.88151e-09 
0 
0 
0 
0 
0 
0 
0 
0 
0 
0 
0 
0 
0 
0 
0 
0 
2.50307e-06 
2.97016e-07 
8.44465e-07 
2.97016e-07 
7.38746e-07 
3.48082e-07 
7.718e-10 
3.48082e-07 
1.48758e-09 
2.61452e-07 
5.09153e-08 
2.61452e-07 
4.18906e-08 
2.78421e-07 
9.91835e-07 
2.78421e-07 
1.10451e-06 
2.60808e-07 
2.6497e-06 
2.60808e-07 
0 
0 
0 
0 
0 
0 
0 
0 
0 
0 
0 
0 
0 
0 
0 
0 
0 
0 
0 
0 
0 
0 
0 
0 
0 
0 
0 
0 
0 
0 
0 
0 
0 
0 
0 
0 
0 
0 
0 
0 
0 
0 
0 
0 
0 
0 
0 
0 
0 
0 
0 
0 
0 
0 
0 
0 
9.37371e-06 
5.15256e-06 
0.000318406 
5.15256e-06 
0.000716915 
2.3182e-05 
5.17415e-06 
2.3182e-05 
0 
0 
0 
0 
0.000755045 
7.55893e-05 
0.00545505 
7.55893e-05 
0.0129864 
0.00029792 
0.000113195 
0.00029792 
0 
0 
0 
0 
2.27565e-09 
3.40733e-10 
2.53424e-10 
3.40733e-10 
1.47437e-09 
1.19117e-09 
1.98808e-08 
1.19117e-09 
9.20563e-09 
7.72546e-10 
7.98006e-10 
7.72546e-10 
0 
0 
0 
0 
3.14679e-12 
4.25522e-11 
3.14679e-12 
4.25522e-11 
0 
0 
0 
0 
1.16701e-10 
1.15161e-10 
1.57336e-09 
1.15161e-10 
0 
0 
0 
0 
1.4253e-09 
1.05403e-10 
1.05403e-10 
1.05403e-10 
5.21885e-11 
5.21885e-11 
7.05714e-10 
5.21885e-11 
4.16569e-09 
6.41639e-08 
4.51515e-09 
6.41639e-08 
5.91663e-09 
4.37543e-10 
4.37543e-10 
4.37543e-10 
0 
0 
0 
0 
0 
0 
0 
0 
0 
0 
0 
0 
0 
0 
0 
0 
0 
0 
0 
0 
0 
0 
0 
0 
0 
0 
0 
0 
0 
0 
0 
0 
0 
0 
0 
0 
0 
0 
0 
0 
0 
0 
0 
0 
0 
0 
0 
0 
9.63259e-07 
8.14418e-07 
1.952e-07 
8.14418e-07 
1.50478e-07 
2.03483e-06 
1.50478e-07 
2.03483e-06 
0.000136948 
0.00544232 
0.000419851 
0.00544232 
4.27116e-06 
0.000115022 
3.3263e-06 
0.000115022 
0.00011309 
6.69582e-05 
5.26082e-06 
6.69582e-05 
0.000173276 
5.18964e-05 
0.00666106 
5.18964e-05 
0 
0 
0 
0 
0 
0 
0 
0 
0 
0 
0 
0 
1.0511e-05 
1.00969e-06 
9.4688e-07 
1.00969e-06 
0 
0 
0 
0 
1.54976e-10 
1.35159e-09 
9.28303e-10 
1.35159e-09 
9.70977e-10 
5.31521e-10 
1.77952e-10 
5.31521e-10 
1.41436e-10 
1.20754e-09 
4.92903e-10 
1.20754e-09 
1.51883e-10 
1.99642e-10 
2.5531e-09 
1.99642e-10 
0 
0 
0 
0 
0 
0 
0 
0 
0 
0 
0 
0 
1.12276e-09 
8.63365e-10 
1.19221e-08 
8.63365e-10 
2.73261e-10 
2.31168e-09 
2.13603e-10 
2.31168e-09 
7.90412e-08 
1.31281e-06 
1.02379e-07 
1.31281e-06 
5.43625e-07 
1.96921e-06 
4.76697e-05 
1.96921e-06 
0 
0 
0 
0 
0 
0 
0 
0 
0 
0 
0 
0 
0 
0 
0 
0 
0 
0 
0 
0 
0 
0 
0 
0 
5.80402e-09 
1.72663e-09 
1.34965e-08 
1.72663e-09 
0 
0 
0 
0 
1.31535e-08 
9.42914e-10 
9.81469e-10 
9.42914e-10 
1.34312e-10 
8.04636e-11 
1.28235e-09 
8.04636e-11 
1.03685e-09 
9.56605e-11 
3.88514e-10 
9.56605e-11 
2.83246e-11 
2.83246e-11 
3.83017e-10 
2.83246e-11 
2.42319e-09 
1.62462e-09 
3.03171e-08 
1.62462e-09 
1.54962e-09 
9.08478e-10 
1.9045e-08 
9.08478e-10 
9.52749e-09 
7.0457e-10 
7.0457e-10 
7.0457e-10 
1.11572e-08 
2.5866e-09 
1.41024e-08 
2.5866e-09 
2.57562e-06 
8.13221e-06 
8.96108e-05 
8.13221e-06 
0 
0 
0 
0 
2.27728e-12 
2.27728e-12 
3.07942e-11 
2.27728e-12 
0 
0 
0 
0 
0 
0 
0 
0 
0 
0 
0 
0 
3.15804e-08 
3.15804e-08 
4.27043e-07 
3.15804e-08 
0 
0 
0 
0 
3.04011e-07 
2.2482e-08 
2.2482e-08 
2.2482e-08 
1.65724e-06 
1.20813e-07 
1.22917e-07 
1.20813e-07 
0 
0 
0 
0 
0 
0 
0 
0 
0 
0 
0 
0 
0 
0 
0 
0 
0 
0 
0 
0 
0 
0 
0 
0 
80.2828 
667.925 
585.193 
667.925 
620.614 
45.6345 
48.1629 
45.6345 
592.486 
47.6189 
45.6372 
47.6189 
45.6363 
623.271 
592.629 
623.271 
30.4824 
4.17298 
59.7487 
4.17298 
235.108 
51.3121 
759.899 
51.3121 
4.32625 
0.494321 
18.1742 
0.494321 
18.8186 
35.4907 
4.04623 
35.4907 
31.5182 
-0.0758632 
129.436 
-0.0758632 
268.226 
28.6505 
615.822 
28.6505 
0.023264 
0.00642694 
0.542502 
0.00642694 
22.4553 
134.105 
-0.0962509 
134.105 
682.157 
685.621 
308.113 
685.621 
227.33 
332.039 
11.88 
332.039 
803.901 
540.441 
458.749 
540.441 
462.041 
331.652 
809.688 
331.652 
0.728477 
21.7964 
195.969 
21.7964 
204.253 
655.773 
954.505 
655.773 
34.4973 
272.729 
762.121 
272.729 
718.263 
248.107 
37.1338 
248.107 
0.200811 
14.3034 
0.175438 
14.3034 
7.3942 
28.6267 
0.609282 
28.6267 
31.8175 
389.935 
68.7115 
389.935 
26.8271 
0.066689 
14.9157 
0.066689 
86.5558 
398.019 
763.832 
398.019 
728.147 
515.786 
13.3895 
515.786 
440.576 
517.132 
1038.24 
517.132 
777.686 
792.149 
317.703 
792.149 
16.0019 
84.6079 
73.8466 
84.6079 
107.638 
241.178 
7.22401 
241.178 
110.732 
482.903 
387.234 
482.903 
245.973 
30.5151 
57.9726 
30.5151 
4600.84 
6133.78 
6211.62 
6133.78 
7895.99 
9153.91 
17099.6 
9153.91 
6636.97 
2424.51 
13295.7 
2424.51 
11259.5 
7632.49 
6957.87 
7632.49 
723.474 
746.977 
551.963 
746.977 
374.669 
278.566 
26.7448 
278.566 
628.987 
567.07 
327.909 
567.07 
428.553 
509.973 
725.639 
509.973 
34.5193 
54.9969 
13.0585 
54.9969 
19.9241 
58.8608 
23.0783 
58.8608 
90.7314 
252.984 
70.7655 
252.984 
49.7414 
10.1134 
56.9424 
10.1134 
28.9174 
29.5001 
19.8693 
29.5001 
2.18974 
61.3044 
30.4931 
61.3044 
35.1924 
305.482 
88.9736 
305.482 
58.167 
1.22452 
19.8017 
1.22452 
909.985 
740.86 
146.593 
740.86 
175.8 
27.6338 
50.7039 
27.6338 
618.993 
310.837 
35.6809 
310.837 
23.8667 
125.031 
741.362 
125.031 
14.6283 
63.8513 
71.0493 
63.8513 
112.055 
316.249 
462.643 
316.249 
81.4388 
241.04 
313.616 
241.04 
311.824 
95.3326 
85.9023 
95.3326 
0.00180276 
0.00413506 
0.0729339 
0.00413506 
0.225818 
3.2411 
0.271187 
3.2411 
-0.00256772 
38.0167 
9.57201 
38.0167 
7.07733 
0.0236093 
0.00810334 
0.0236093 
0.28004 
3.50772 
14.1159 
3.50772 
39.3761 
175.164 
730.056 
175.164 
8.59004 
48.1066 
123.853 
48.1066 
115.514 
44.7763 
9.06761 
44.7763 
4835.53 
2227.29 
5089.39 
2227.29 
5733.82 
540.727 
2481.44 
540.727 
1491.62 
84.4002 
434.337 
84.4002 
599.308 
5034.35 
2628.49 
5034.35 
1521.88 
366.985 
3204.49 
366.985 
3843.3 
2187.34 
5189.64 
2187.34 
427.693 
101.736 
1276.98 
101.736 
1284.23 
3029.09 
314.834 
3029.09 
141.289 
8.28175 
317.594 
8.28175 
392.752 
54.2956 
589.938 
54.2956 
2.13095 
0.0140775 
6.28961 
0.0140775 
51.8702 
344.838 
4.89216 
344.838 
525.056 
31.4595 
237.784 
31.4595 
204.456 
-0.143037 
24.3083 
-0.143037 
8.96321 
0.0641583 
0.00796611 
0.0641583 
-0.0587326 
167.362 
44.7297 
167.362 
79.7627 
9.92307 
36.9344 
9.92307 
3.29569 
6.55972 
9.64322 
6.55972 
169.723 
787.09 
67.8798 
787.09 
4.75681 
4.74396 
2.90022 
4.74396 
193.159 
805.494 
616.313 
805.494 
760.98 
976.964 
1008.35 
976.964 
823.695 
714.645 
788.585 
714.645 
875.324 
780.365 
851.997 
780.365 
0.0408066 
1.51964 
0.0142646 
1.51964 
0.00296612 
0.266438 
0.00288392 
0.266438 
3.00847 
92.0681 
1.60788 
92.0681 
0.264352 
0.00524664 
1.21256 
0.00524664 
687.533 
857.469 
487.359 
857.469 
415.373 
786.403 
168.335 
786.403 
812.835 
586.766 
785.103 
586.766 
765.012 
471.453 
891.345 
471.453 
627.915 
277.73 
899.017 
277.73 
785.269 
892.236 
669.399 
892.236 
197.779 
154.613 
507.862 
154.613 
579.643 
774.414 
223.098 
774.414 
0.100325 
5.27954 
12.7415 
5.27954 
27.6917 
181.852 
405.625 
181.852 
4.90854 
140.331 
160.264 
140.331 
182.113 
24.9596 
3.97957 
24.9596 
0.00528643 
0.439816 
0.0129033 
0.439816 
0.0319512 
1.93887 
2.51142 
1.93887 
0.642637 
122.894 
2.51818 
122.894 
2.25671 
0.0385498 
0.476926 
0.0385498 
904.551 
723.526 
617.593 
723.526 
517.574 
735.861 
280.675 
735.861 
874.317 
439.885 
700.58 
439.885 
734.501 
565.432 
728.44 
565.432 
273.417 
705.579 
354.866 
705.579 
356.492 
901.752 
502.266 
901.752 
671.638 
507.437 
786.009 
507.437 
916.287 
359.953 
675.552 
359.953 
487.089 
895.603 
930.181 
895.603 
540.735 
238.252 
23.4232 
238.252 
783.26 
618.689 
156.024 
618.689 
177.152 
507.417 
774.676 
507.417 
14.4546 
85.193 
-0.0269582 
85.193 
-0.000234025 
0.106761 
0.000836686 
0.106761 
36.3076 
306.694 
1.36988 
306.694 
2.01347 
0.00344732 
44.7317 
0.00344732 
0.000163892 
0.0564414 
1.11608e-05 
0.0564414 
0.000222719 
0.231619 
0.00300017 
0.231619 
1.64937 
199.774 
3.42281 
199.774 
0.364417 
0.000767997 
0.0717089 
0.000767997 
0.0128206 
0.142126 
1.28067 
0.142126 
7.67561 
414.006 
478.541 
414.006 
3.64302 
156.483 
518.722 
156.483 
448.697 
37.6309 
1.79423 
37.6309 
0.00142914 
0.000731913 
0.105346 
0.000731913 
0.233059 
0.140961 
62.1129 
0.140961 
0.0119916 
1.93399e-05 
1.04006 
1.93399e-05 
0.880951 
0.127417 
0.00123309 
0.127417 
90.0683 
-0.0579262 
348.489 
-0.0579262 
550.395 
1.67758 
1603.15 
1.67758 
1.07781 
0.0502567 
3.95235 
0.0502567 
0.362737 
437.649 
0.950295 
437.649 
851.428 
3.02114 
37.6326 
3.02114 
11.1671 
0.0600416 
0.0140519 
0.0600416 
5.72518 
0.0603066 
0.0275444 
0.0603066 
0.0320868 
16.5083 
5.50757 
16.5083 
1014.14 
431.635 
710.89 
431.635 
595.389 
57.3639 
190.172 
57.3639 
275.751 
2.05317 
37.5047 
2.05317 
52.4973 
608.109 
363.96 
608.109 
116.406 
0.330224 
8.56835 
0.330224 
0.942303 
0.00892491 
0.00896108 
0.00892491 
0.221538 
0.0034466 
-0.000807254 
0.0034466 
0.00812571 
0.779515 
0.284831 
0.779515 
3.12635 
-0.0133336 
12.3939 
-0.0133336 
44.6224 
0.203226 
112.801 
0.203226 
0.00733348 
0.00206616 
0.157468 
0.00206616 
0.212525 
12.8089 
0.0177504 
12.8089 
875.66 
4063.46 
12335.5 
4063.46 
9687.95 
7362.93 
24506.4 
7362.93 
4102.27 
4294.08 
6350.02 
4294.08 
9139.45 
10811.8 
4042.19 
10811.8 
41.3099 
235.769 
1.89903 
235.769 
0.76743 
42.1393 
0.15163 
42.1393 
1156.88 
1832.06 
67.0071 
1832.06 
118.442 
0.985119 
633.878 
0.985119 
0.0222718 
25.9326 
9.24161 
25.9326 
43.4081 
2108.05 
749.545 
2108.05 
78.2973 
1599.16 
1929.67 
1599.16 
1754.16 
15.0769 
166.941 
15.0769 
0.404758 
0.0237054 
1.12381 
0.0237054 
1.524 
15.663 
107.44 
15.663 
0.161632 
11.2965 
22.9349 
11.2965 
24.6207 
2.32809 
0.284509 
2.32809 
287.258 
29.1259 
570.914 
29.1259 
728.976 
553.994 
957.636 
553.994 
32.3203 
7.19954 
128.634 
7.19954 
255.057 
645.015 
36.9333 
645.015 
4.02553 
0.830315 
1.31201 
0.830315 
0.102466 
4.50796 
1.15021 
4.50796 
3.50385 
37.2577 
3.75196 
37.2577 
5.46871 
1.04528 
3.01167 
1.04528 
0.00891095 
0.0634891 
0.76642 
0.0634891 
0.0263408 
76.9837 
122.966 
76.9837 
0.62164 
42.4717 
71.0257 
42.4717 
62.2849 
1.15097 
1.3527 
1.15097 
97.2246 
44.2594 
0.384337 
44.2594 
0.186219 
0.321737 
0.00147393 
0.321737 
27.7894 
25.2013 
1.24925 
25.2013 
0.335337 
1.33139 
56.6535 
1.33139 
137.548 
104.763 
519.48 
104.763 
1020.22 
723.57 
814.727 
723.57 
98.2915 
104.542 
426.469 
104.542 
244.032 
538.689 
84.9685 
538.689 
791.61 
792.127 
898.055 
792.127 
796.366 
166.194 
347.719 
166.194 
432.495 
92.1652 
120.735 
92.1652 
150.265 
780.202 
538.811 
780.202 
212.356 
513.474 
973.519 
513.474 
1642.72 
2336.38 
700.693 
2336.38 
500.457 
589.74 
1686.12 
589.74 
1894.51 
1011.81 
509.181 
1011.81 
0.00474639 
6.72486 
1.7448 
6.72486 
10.5765 
348.086 
138.583 
348.086 
31.4086 
344.22 
335.326 
344.22 
323.896 
5.62261 
47.3877 
5.62261 
0.865677 
58.9159 
0.271581 
58.9159 
0.0706161 
7.19929 
0.0616158 
7.19929 
209.551 
300.239 
18.374 
300.239 
19.286 
0.0668136 
124.573 
0.0668136 
1298.98 
1988.61 
159.415 
1988.61 
235.928 
62.757 
1.60661 
62.757 
1423.52 
351.016 
225.905 
351.016 
36.843 
165.852 
1993.4 
165.852 
0.216646 
-0.00155611 
1.58304 
-0.00155611 
2.18238 
0.876072 
45.6655 
0.876072 
0.000983573 
0.00419076 
0.26746 
0.00419076 
0.255046 
1.06732 
0.0007497 
1.06732 
4980.43 
6795.33 
6754.03 
6795.33 
7469.44 
19292.8 
23962.3 
19292.8 
9567.31 
21862.4 
7063.87 
21862.4 
6195.56 
6995.45 
6176.82 
6995.45 
1228.59 
1674.16 
2885.13 
1674.16 
1932.05 
993.08 
348.752 
993.08 
1860.86 
2525.18 
2331.46 
2525.18 
1606.08 
2907.56 
1705.67 
2907.56 
348.351 
920.157 
105.798 
920.157 
121.524 
659.695 
48.7467 
659.695 
2335.26 
2746.34 
1266.98 
2746.34 
758.878 
128.042 
1252.39 
128.042 
40.257 
592.562 
247.239 
592.562 
1178.46 
4344.73 
1939.56 
4344.73 
1342.3 
2744.04 
2833.87 
2744.04 
2939.78 
425.968 
1392.78 
425.968 
3015.15 
5872.04 
2335.22 
5872.04 
802.691 
771.637 
18.5226 
771.637 
4139.33 
3028.02 
1113.45 
3028.02 
2104.01 
1716.06 
5735.79 
1716.06 
17.459 
828.326 
74.2829 
828.326 
68.6975 
240.353 
190.585 
240.353 
1210.6 
3051.56 
878.35 
3051.56 
161.458 
70.1619 
282.073 
70.1619 
72.8905 
32.9024 
8.98893 
32.9024 
169.526 
1347.11 
863.625 
1347.11 
606.421 
2794.17 
1669.14 
2794.17 
1361.75 
221.222 
568.114 
221.222 
653.918 
424.842 
11.4116 
424.842 
7.09974 
0.279027 
12.1627 
0.279027 
78.0694 
178.137 
6.62031 
178.137 
2.79262 
64.1317 
533.343 
64.1317 
7.06739 
0.446549 
0.0564527 
0.446549 
3.19915 
2.5285 
43.5616 
2.5285 
23.4695 
118.05 
24.7714 
118.05 
23.5555 
0.102562 
0.723735 
0.102562 
13.099 
0.552317 
4.71625 
0.552317 
6.46265 
24.8867 
31.1159 
24.8867 
3.33498 
184.918 
28.9758 
184.918 
44.6734 
5.3651 
0.771316 
5.3651 
39.1294 
1.37608 
207.9 
1.37608 
780.133 
625.017 
1418.36 
625.017 
29.1545 
100.938 
295.865 
100.938 
147.873 
220.076 
1.40608 
220.076 
1421.98 
629.171 
1570.96 
629.171 
943.631 
1218.14 
181.441 
1218.14 
387.91 
104.772 
1659.75 
104.772 
1005.35 
959.883 
629.097 
959.883 
608.824 
2681.02 
1681.97 
2681.02 
2336.97 
448.087 
692.185 
448.087 
2508.75 
183.139 
116.564 
183.139 
119.166 
1903.59 
2487.69 
1903.59 
0.0062876 
-0.00038885 
0.462781 
-0.00038885 
0.564259 
0.532305 
54.2004 
0.532305 
0.000177799 
0.0022438 
0.142894 
0.0022438 
0.0891873 
0.446181 
0.00138153 
0.446181 
55.9484 
0.962436 
89.1503 
0.962436 
84.8837 
0.678319 
212.969 
0.678319 
0.139857 
0.00114856 
0.312023 
0.00114856 
0.928535 
88.3829 
0.255013 
88.3829 
153.795 
1.23843 
10.4157 
1.23843 
1.9425 
0.019451 
0.0151883 
0.019451 
0.712977 
0.00866524 
0.00411118 
0.00866524 
0.00297799 
2.32091 
0.739469 
2.32091 

SCALARS FailureType float
LOOKUP_TABLE default
0 
0 
0 
0 
0.86144 
-0.873659 
0.86144 
-0.873659 
0 
0 
0 
0 
0 
0 
0 
0 
0 
0 
0 
0 
0 
0 
0 
0 
-0.373659 
-0.373659 
0.59654 
-0.373659 
0 
0 
0 
0 
0 
0 
0 
0 
0 
0 
0 
0 
0.722881 
-1.01222 
-1.01222 
-1.01222 
1 
1 
1 
1 
1 
1 
1 
1 
0 
0 
0 
0 
0 
0 
0 
0 
0 
0 
0 
0 
0 
0 
0 
0 
0 
0 
0 
0 
0 
0 
0 
0 
0 
0 
0 
0 
0 
0 
0 
0 
0 
0 
0 
0 
0 
0 
0 
0 
0 
0 
0 
0 
0 
0 
0 
0 
0 
0 
0 
0 
0 
0 
0 
0 
0 
0 
0 
0 
0 
0 
0 
0 
-0.373659 
-0.373659 
0.59654 
-0.373659 
1 
1 
1 
1 
0.86144 
0.86144 
-0.873659 
0.86144 
1 
1 
1 
1 
0 
0 
0 
0 
0 
0 
0 
0 
0 
0 
0 
0 
0 
0 
0 
0 
0 
0 
0 
0 
0 
0 
0 
0 
0 
0 
0 
0 
0 
0 
0 
0 
0 
0 
0 
0 
0.59654 
-0.373659 
-0.373659 
-0.373659 
0 
0 
0 
0 
0 
0 
0 
0 
0 
0 
0 
0 
0 
0 
0 
0 
0 
0 
0 
0 
0 
0 
0 
0 
0 
0 
0 
0 
0 
0 
0 
0 
0 
0 
0 
0 
0 
0 
0 
0 
0 
0 
0 
0 
0 
0 
0 
0 
0 
0 
0 
0 
0 
0 
0 
0 
0 
0 
0 
0 
0 
0 
0 
0 
0 
0 
0 
0 
0 
0 
0 
0 
0 
0 
0 
0 
0 
0 
0 
0 
0 
0 
0 
0 
0 
0 
0 
0 
0 
0 
0 
0 
0 
0 
0 
0 
0 
0 
0 
0 
0 
0 
0 
0 
0 
0 
0 
0 
0 
0 
0 
0 
0 
0 
0 
0 
0 
0 
0 
0 
0 
0 
0 
0 
0 
0 
0 
0 
0 
0 
0 
0 
0 
0 
0 
0 
0 
0 
0 
0 
0.13856 
0.13856 
1.87366 
0.13856 
0 
0 
0 
0 
0 
0 
0 
0 
0 
0 
0 
0 
0 
0 
0 
0 
0 
0 
0 
0 
0 
0 
0 
0 
0 
0 
0 
0 
0 
0 
0 
0 
0 
0 
0 
0 
0 
0 
0 
0 
0 
0 
0 
0 
0 
0 
0 
0 
0 
0 
0 
0 
0 
0 
0 
0 
0 
0 
0 
0 
0 
0 
0 
0 
0 
0 
0 
0 
0 
0 
0 
0 
1 
1 
1 
1 
0.59654 
-0.373659 
-0.373659 
-0.373659 
0 
0 
0 
0 
0 
0 
0 
0 
0 
0 
0 
0 
0 
0 
0 
0 
0 
0 
0 
0 
0 
0 
0 
0 
0 
0 
0 
0 
0 
0 
0 
0 
0 
0 
0 
0 
0 
0 
0 
0 
0 
0 
0 
0 
0 
0 
0 
0 
0 
0 
0 
0 
0 
0 
0 
0 
0 
0 
0 
0 
0 
0 
0 
0 
0 
0 
0 
0 
0 
0 
0 
0 
0 
0 
0 
0 
0 
0 
0 
0 
0 
0 
0 
0 
0 
0 
0 
0 
0 
0 
0 
0 
0 
0 
0 
0 
0 
0 
0 
0 
0 
0 
0 
0 
0 
0 
0 
0 
0 
0 
0 
0 
0 
0 
0 
0 
0 
0 
0 
0 
0 
0 
0 
0 
0 
0 
0 
0 
-0.373659 
-0.373659 
0.59654 
-0.373659 
0.59654 
-0.373659 
-0.373659 
-0.373659 
0 
0 
0 
0 
1 
1 
1 
1 
0.86144 
-0.873659 
0.86144 
-0.873659 
0 
0 
0 
0 
0 
0 
0 
0 
0 
0 
0 
0 
0 
0 
0 
0 
0 
0 
0 
0 
0 
0 
0 
0 
0 
0 
0 
0 
0 
0 
0 
0 
0 
0 
0 
0 
0 
0 
0 
0 
0.13856 
0.13856 
1.87366 
0.13856 
0.13856 
1.87366 
0.13856 
1.87366 
1.87366 
0.13856 
0.13856 
0.13856 
0 
0 
0 
0 
0 
0 
0 
0 
0 
0 
0 
0 
0 
0 
0 
0 
0 
0 
0 
0 
0 
0 
0 
0 
0 
0 
0 
0 
0 
0 
0 
0 
0 
0 
0 
0 
0 
0 
0 
0 
0 
0 
0 
0 
0 
0 
0 
0 
1.5 
0.7351 
-0.2351 
0.7351 
0.13856 
1.87366 
0.13856 
1.87366 
1 
1 
1 
1 
-0.373659 
0.59654 
-0.373659 
0.59654 
1 
1 
1 
1 
-0.873659 
0.86144 
0.86144 
0.86144 
0 
0 
0 
0 
0 
0 
0 
0 
0 
0 
0 
0 
0.86144 
-0.873659 
0.86144 
-0.873659 
0 
0 
0 
0 
0 
0 
0 
0 
0 
0 
0 
0 
0.13856 
0.13856 
1.87366 
0.13856 
0 
0 
0 
0 
0 
0 
0 
0 
0 
0 
0 
0 
0 
0 
0 
0 
0 
0 
0 
0 
0 
0 
0 
0 
-0.5 
1.2351 
0.2649 
1.2351 
-0.373659 
-0.373659 
0.59654 
-0.373659 
0 
0 
0 
0 
0 
0 
0 
0 
0 
0 
0 
0 
0 
0 
0 
0 
0 
0 
0 
0 
0 
0 
0 
0 
1.2351 
0.2649 
-0.5 
0.2649 
0 
0 
0 
0 
0 
0 
0 
0 
0 
0 
0 
0 
0 
0 
0 
0 
0 
0 
0 
0 
0.2649 
-0.5 
1.2351 
-0.5 
0.2649 
-0.5 
1.2351 
-0.5 
1.87366 
0.13856 
0.13856 
0.13856 
0.86144 
-0.873659 
0.86144 
-0.873659 
1.5 
-0.2351 
0.7351 
-0.2351 
0 
0 
0 
0 
0.13856 
0.13856 
1.87366 
0.13856 
0 
0 
0 
0 
0 
0 
0 
0 
0 
0 
0 
0 
0.13856 
0.13856 
1.87366 
0.13856 
0 
0 
0 
0 
1.87366 
0.13856 
0.13856 
0.13856 
0.59654 
-0.373659 
-0.373659 
-0.373659 
0 
0 
0 
0 
0 
0 
0 
0 
0 
0 
0 
0 
0 
0 
0 
0 
0 
0 
0 
0 
0 
0 
0 
0 
3.68058 
1.38588 
1.38588 
1.38588 
1 
1 
1 
1 
1 
1 
1 
1 
1 
1 
1 
1 
3.30156 
3.30156 
3.30156 
3.30156 
3.30156 
3.30156 
3.30156 
3.30156 
3.30156 
3.30156 
3.30156 
3.30156 
2.02444 
2.02444 
3.55424 
2.02444 
3.30156 
3.30156 
3.30156 
3.30156 
3.30156 
3.30156 
3.30156 
3.30156 
1 
1 
1 
1 
3.55424 
2.02444 
2.02444 
2.02444 
2.02444 
3.55424 
2.02444 
3.55424 
3.30156 
3.30156 
3.30156 
3.30156 
3.55424 
2.02444 
2.02444 
2.02444 
3.30156 
3.30156 
3.30156 
3.30156 
3.30156 
3.30156 
3.30156 
3.30156 
3.55424 
2.02444 
2.02444 
2.02444 
1 
1 
1 
1 
3.55424 
2.02444 
2.02444 
2.02444 
0.150778 
1.88588 
3.41568 
1.88588 
3.163 
3.163 
1.4279 
3.163 
3.55424 
2.02444 
2.02444 
2.02444 
2.02444 
2.02444 
3.55424 
2.02444 
3.30156 
3.30156 
3.30156 
3.30156 
2.02444 
3.55424 
2.02444 
3.55424 
1 
1 
1 
1 
0.747319 
2.27712 
2.27712 
2.27712 
3.30156 
3.30156 
3.30156 
3.30156 
3.30156 
3.30156 
3.30156 
3.30156 
2.27712 
2.27712 
0.747319 
2.27712 
1.38588 
3.68058 
1.38588 
3.68058 
2.02444 
2.02444 
3.55424 
2.02444 
3.30156 
3.30156 
3.30156 
3.30156 
3.30156 
3.30156 
3.30156 
3.30156 
3.30156 
3.30156 
3.30156 
3.30156 
1 
1 
1 
1 
3.30156 
3.30156 
3.30156 
3.30156 
0.747319 
2.27712 
2.27712 
2.27712 
0.747319 
2.27712 
2.27712 
2.27712 
3.30156 
3.30156 
3.30156 
3.30156 
3.30156 
3.30156 
3.30156 
3.30156 
2.02444 
3.55424 
2.02444 
3.55424 
2.02444 
3.55424 
2.02444 
3.55424 
3.30156 
3.30156 
3.30156 
3.30156 
3.30156 
3.30156 
3.30156 
3.30156 
0.747319 
2.27712 
2.27712 
2.27712 
2.02444 
3.55424 
2.02444 
3.55424 
2.02444 
3.55424 
2.02444 
3.55424 
3.30156 
3.30156 
3.30156 
3.30156 
3.30156 
3.30156 
3.30156 
3.30156 
0.747319 
2.27712 
2.27712 
2.27712 
3.68058 
1.38588 
1.38588 
1.38588 
2.02444 
3.55424 
2.02444 
3.55424 
2.02444 
3.55424 
2.02444 
3.55424 
3.55424 
2.02444 
2.02444 
2.02444 
1 
1 
1 
1 
-0.19308 
1.74732 
1.74732 
1.74732 
2.02444 
2.02444 
3.55424 
2.02444 
-0.19308 
1.74732 
1.74732 
1.74732 
1.74732 
1.74732 
-0.19308 
1.74732 
3.30156 
3.30156 
3.30156 
3.30156 
3.30156 
3.30156 
3.30156 
3.30156 
3.55424 
2.02444 
2.02444 
2.02444 
3.30156 
3.30156 
3.30156 
3.30156 
3.30156 
3.30156 
3.30156 
3.30156 
3.30156 
3.30156 
3.30156 
3.30156 
3.30156 
3.30156 
3.30156 
3.30156 
3.30156 
3.30156 
3.30156 
3.30156 
2.02444 
2.02444 
3.55424 
2.02444 
3.30156 
3.30156 
3.30156 
3.30156 
3.30156 
3.30156 
3.30156 
3.30156 
2.02444 
3.55424 
2.02444 
3.55424 
3.30156 
3.30156 
3.30156 
3.30156 
2 
-1.4702 
0.470199 
-1.4702 
3.30156 
3.30156 
3.30156 
3.30156 
3.30156 
3.30156 
3.30156 
3.30156 
3.30156 
3.30156 
3.30156 
3.30156 
-0.19308 
1.74732 
1.74732 
1.74732 
2.02444 
2.02444 
3.55424 
2.02444 
3.30156 
3.30156 
3.30156 
3.30156 
3.30156 
3.30156 
3.30156 
3.30156 
3.30156 
3.30156 
3.30156 
3.30156 
3.30156 
3.30156 
3.30156 
3.30156 
2.27712 
0.747319 
2.27712 
0.747319 
2.02444 
2.02444 
3.55424 
2.02444 
0.747319 
2.27712 
2.27712 
2.27712 
1 
1 
1 
1 
3.41568 
1.88588 
0.150778 
1.88588 
-1.01222 
0.722881 
-1.01222 
0.722881 
3.55424 
2.02444 
2.02444 
2.02444 
3.55424 
2.02444 
2.02444 
2.02444 
2.27712 
2.27712 
0.747319 
2.27712 
2.27712 
2.27712 
0.747319 
2.27712 
1 
1 
1 
1 
3.55424 
2.02444 
2.02444 
2.02444 
0.36144 
1.12634 
0.36144 
1.12634 
1.63856 
2.40346 
0.108759 
2.40346 
1 
1 
1 
1 
1 
1 
1 
1 
2.02444 
3.55424 
2.02444 
3.55424 
1 
1 
1 
1 
3.55424 
2.02444 
2.02444 
2.02444 
0.747319 
2.27712 
2.27712 
2.27712 
0.150778 
1.88588 
3.41568 
1.88588 
3.44012 
3.44012 
5.17522 
3.44012 
3.30156 
3.30156 
3.30156 
3.30156 
2.163 
2.163 
5.4279 
2.163 
3.30156 
3.30156 
3.30156 
3.30156 
3.55424 
2.02444 
2.02444 
2.02444 
2.02444 
2.02444 
3.55424 
2.02444 
2.02444 
3.55424 
2.02444 
3.55424 
2.02444 
2.02444 
3.55424 
2.02444 
2.02444 
2.02444 
3.55424 
2.02444 
3.55424 
2.02444 
2.02444 
2.02444 
2.02444 
2.02444 
3.55424 
2.02444 
2.02444 
3.55424 
2.02444 
3.55424 
3.30156 
3.30156 
3.30156 
3.30156 
2.27712 
2.27712 
0.747319 
2.27712 
2.02444 
2.02444 
3.55424 
2.02444 
3.30156 
3.30156 
3.30156 
3.30156 
1.74732 
-0.19308 
1.74732 
-0.19308 
3.55424 
2.02444 
2.02444 
2.02444 
0.0843212 
-3.38588 
0.849222 
-3.38588 
-2.74732 
0.722881 
0.722881 
0.722881 
2.7351 
1 
-0.7351 
1 
1 
1 
1 
1 
1 
1 
1 
1 
0.885878 
2.41568 
4.15078 
2.41568 
2.02444 
2.02444 
3.55424 
2.02444 
0.747319 
2.27712 
2.27712 
2.27712 
2.02444 
3.55424 
2.02444 
3.55424 
1.60876 
-0.126341 
-0.33164 
-0.126341 
3.02444 
3.02444 
-0.445762 
3.02444 
-0.126341 
1.60876 
-0.33164 
1.60876 
1.74732 
1.74732 
-0.19308 
1.74732 
3.30156 
3.30156 
3.30156 
3.30156 
3.30156 
3.30156 
3.30156 
3.30156 
1.74732 
-0.19308 
1.74732 
-0.19308 
3.02444 
-0.445762 
3.02444 
-0.445762 
3.30156 
3.30156 
3.30156 
3.30156 
-0.19308 
1.74732 
1.74732 
1.74732 
-0.33164 
-0.126341 
1.60876 
-0.126341 
-0.19308 
1.74732 
1.74732 
1.74732 
2.02444 
2.02444 
3.55424 
2.02444 
2.02444 
2.02444 
3.55424 
2.02444 
2.02444 
2.02444 
3.55424 
2.02444 
2.02444 
2.02444 
3.55424 
2.02444 
-1.4702 
0.470199 
2 
0.470199 
-0.470199 
-0.2649 
-0.2649 
-0.2649 
-1.60876 
-1.40346 
1.86144 
-1.40346 
-0.19308 
1.74732 
1.74732 
1.74732 
1.74732 
-0.19308 
1.74732 
-0.19308 
2 
-3 
2 
-3 
2 
-1.4702 
0.470199 
-1.4702 
1.74732 
-0.19308 
1.74732 
-0.19308 
3.30156 
3.30156 
3.30156 
3.30156 
3.30156 
3.30156 
3.30156 
3.30156 
3.30156 
3.30156 
3.30156 
3.30156 
3.30156 
3.30156 
3.30156 
3.30156 
2.02444 
3.55424 
2.02444 
3.55424 
3.02444 
-0.445762 
3.02444 
-0.445762 
3.30156 
3.30156 
3.30156 
3.30156 
3.30156 
3.30156 
3.30156 
3.30156 
2.27712 
2.27712 
0.747319 
2.27712 
3.30156 
3.30156 
3.30156 
3.30156 
2.02444 
3.55424 
2.02444 
3.55424 
3.30156 
3.30156 
3.30156 
3.30156 
3.30156 
3.30156 
3.30156 
3.30156 
1 
1 
1 
1 
3.55424 
2.02444 
2.02444 
2.02444 
2.02444 
2.02444 
3.55424 
2.02444 
1 
1 
1 
1 
2.27712 
0.747319 
2.27712 
0.747319 
2.02444 
3.55424 
2.02444 
3.55424 
3.55424 
2.02444 
2.02444 
2.02444 
3.02444 
-0.445762 
3.02444 
-0.445762 
0.150778 
3.41568 
1.88588 
3.41568 
3.02444 
3.02444 
-0.445762 
3.02444 
3.30156 
3.30156 
3.30156 
3.30156 
0.108759 
1.63856 
2.40346 
1.63856 
2.02444 
3.55424 
2.02444 
3.55424 
3.02444 
-0.445762 
3.02444 
-0.445762 
3.30156 
3.30156 
3.30156 
3.30156 
0.747319 
2.27712 
2.27712 
2.27712 
0.19308 
-1.74732 
-1.74732 
-1.74732 
2.27712 
0.747319 
2.27712 
0.747319 
1.38588 
3.68058 
1.38588 
3.68058 
2.40346 
1.63856 
0.108759 
1.63856 
2.02444 
3.55424 
2.02444 
3.55424 
3.30156 
3.30156 
3.30156 
3.30156 
-0.445762 
3.02444 
3.02444 
3.02444 
0.747319 
2.27712 
2.27712 
2.27712 
3.30156 
3.30156 
3.30156 
3.30156 
3.55424 
2.02444 
2.02444 
2.02444 
3.55424 
2.02444 
2.02444 
2.02444 
1 
1 
1 
1 
2.02444 
3.55424 
2.02444 
3.55424 
2.27712 
2.27712 
0.747319 
2.27712 
2.02444 
3.55424 
2.02444 
3.55424 
-1.4702 
0.470199 
2 
0.470199 
2.27712 
0.747319 
2.27712 
0.747319 
0.747319 
2.27712 
2.27712 
2.27712 
2.27712 
0.747319 
2.27712 
0.747319 
2 
-1.4702 
0.470199 
-1.4702 
1.74732 
-0.19308 
1.74732 
-0.19308 
3.55424 
2.02444 
2.02444 
2.02444 
3.02444 
-0.445762 
3.02444 
-0.445762 
3.30156 
3.30156 
3.30156 
3.30156 
3.55424 
2.02444 
2.02444 
2.02444 
3.30156 
3.30156 
3.30156 
3.30156 
2.02444 
3.55424 
2.02444 
3.55424 
0.722881 
-2.74732 
0.722881 
-2.74732 
1.74732 
-0.19308 
1.74732 
-0.19308 
2.163 
5.4279 
2.163 
5.4279 
0.0843212 
-3.38588 
0.849222 
-3.38588 
3.30156 
3.30156 
3.30156 
3.30156 
3.30156 
3.30156 
3.30156 
3.30156 
3.30156 
3.30156 
3.30156 
3.30156 
3.30156 
3.30156 
3.30156 
3.30156 
1 
1 
1 
1 
3.30156 
3.30156 
3.30156 
3.30156 
1.63856 
0.108759 
2.40346 
0.108759 
3.30156 
3.30156 
3.30156 
3.30156 
3.55424 
2.02444 
2.02444 
2.02444 
3.30156 
3.30156 
3.30156 
3.30156 
3.30156 
3.30156 
3.30156 
3.30156 
3.30156 
3.30156 
3.30156 
3.30156 
2.02444 
3.55424 
2.02444 
3.55424 
3.30156 
3.30156 
3.30156 
3.30156 
3.30156 
3.30156 
3.30156 
3.30156 
3.30156 
3.30156 
3.30156 
3.30156 
3.30156 
3.30156 
3.30156 
3.30156 
3.30156 
3.30156 
3.30156 
3.30156 
2.02444 
2.02444 
3.55424 
2.02444 
3.55424 
2.02444 
2.02444 
2.02444 
-1.12634 
2.13856 
2.13856 
2.13856 
3.30156 
3.30156 
3.30156 
3.30156 
3.30156 
3.30156 
3.30156 
3.30156 
2.02444 
3.55424 
2.02444 
3.55424 
3.30156 
3.30156 
3.30156 
3.30156 
3.30156 
3.30156 
3.30156 
3.30156 
3.30156 
3.30156 
3.30156 
3.30156 
3.30156 
3.30156 
3.30156 
3.30156 
2.02444 
2.02444 
3.55424 
2.02444 
3.163 
1.4279 
3.163 
1.4279 
3.30156 
3.30156 
3.30156 
3.30156 
3.30156 
3.30156 
3.30156 
3.30156 
3.163 
3.163 
1.4279 
3.163 
-0.445762 
3.02444 
3.02444 
3.02444 
3.30156 
3.30156 
3.30156 
3.30156 
3.30156 
3.30156 
3.30156 
3.30156 
3.02444 
-0.445762 
3.02444 
-0.445762 
3.30156 
3.30156 
3.30156 
3.30156 
3.30156 
3.30156 
3.30156 
3.30156 
3.163 
3.163 
1.4279 
3.163 
-0.445762 
3.02444 
3.02444 
3.02444 
-0.445762 
3.02444 
3.02444 
3.02444 
3.30156 
3.30156 
3.30156 
3.30156 
2.27712 
2.27712 
0.747319 
2.27712 
2 
0.470199 
-1.4702 
0.470199 
3.02444 
3.02444 
-0.445762 
3.02444 
3.30156 
3.30156 
3.30156 
3.30156 
3.02444 
3.02444 
-0.445762 
3.02444 
3.30156 
3.30156 
3.30156 
3.30156 
3.55424 
2.02444 
2.02444 
2.02444 
3.30156 
3.30156 
3.30156 
3.30156 
3.02444 
-0.445762 
3.02444 
-0.445762 
2 
0.470199 
-1.4702 
0.470199 
-0.2649 
-0.2649 
-0.470199 
-0.2649 
0.584321 
-1.15078 
-2.88588 
-1.15078 
0.722881 
0.722881 
-2.74732 
0.722881 
2.02444 
3.55424 
2.02444 
3.55424 
3.55424 
2.02444 
2.02444 
2.02444 
2 
-1.4702 
0.470199 
-1.4702 
1.74732 
-0.19308 
1.74732 
-0.19308 
-1.4702 
0.470199 
2 
0.470199 
-0.470199 
-0.2649 
-0.2649 
-0.2649 
-0.33164 
-0.126341 
1.60876 
-0.126341 
-0.19308 
1.74732 
1.74732 
1.74732 

VECTORS Displacement float
1.86273e-10 -6.89051e-10 0 
5.16197e-11 -6.95639e-10 0 
2.64282e-10 -0.0884544 0 
5.16197e-11 -6.95639e-10 0 
7.07173e-11 -0.179167 0 
8.00296e-11 -0.180241 0 
0.0116162 -0.1739 0 
8.00296e-11 -0.180241 0 
6.8439e-11 -8.08528e-10 0 
0.0310087 -0.109232 0 
5.60782e-11 -7.481e-10 0 
0.0310087 -0.109232 0 
3.38946e-11 -7.05229e-10 0 
0.00956986 -0.075719 0 
5.16197e-11 -6.95639e-10 0 
0.00956986 -0.075719 0 
5.16197e-11 -6.95639e-10 0 
0.00956986 -0.075719 0 
2.64282e-10 -0.0884544 0 
0.00956986 -0.075719 0 
1.05042e-10 -0.179484 0 
0.00690025 -0.182094 0 
8.00296e-11 -0.180241 0 
0.00690025 -0.182094 0 
8.00296e-11 -0.180241 0 
0.00690025 -0.182094 0 
0.0116162 -0.1739 0 
0.00690025 -0.182094 0 
1.77104e-10 -0.170697 0 
0.00749316 -0.1777 0 
1.05042e-10 -0.179484 0 
0.00749316 -0.1777 0 
1.05042e-10 -0.179484 0 
0.00749316 -0.1777 0 
0.00690025 -0.182094 0 
0.00749316 -0.1777 0 
0.00690025 -0.182094 0 
0.00749316 -0.1777 0 
0.0161403 -0.184717 0 
0.00749316 -0.1777 0 
0.0451114 -0.456932 0 
0.0139486 -0.437516 0 
0.00716396 -0.444406 0 
0.0139486 -0.437516 0 
0.0451114 -0.456932 0 
0.0560494 -0.448198 0 
0.0139486 -0.437516 0 
0.0560494 -0.448198 0 
0.0139486 -0.437516 0 
0.0560494 -0.448198 0 
0.0241557 -0.426396 0 
0.0560494 -0.448198 0 
-2.85271e-11 -0.471266 0 
0.0111689 -0.461081 0 
-6.27454e-11 -0.451914 0 
0.0111689 -0.461081 0 
1.05087e-11 -0.479086 0 
0.00516219 -0.476373 0 
-2.85271e-11 -0.471266 0 
0.00516219 -0.476373 0 
-2.85271e-11 -0.471266 0 
0.00516219 -0.476373 0 
0.0111689 -0.461081 0 
0.00516219 -0.476373 0 
0.0111689 -0.461081 0 
0.00516219 -0.476373 0 
0.00842971 -0.473633 0 
0.00516219 -0.476373 0 
-2.91485e-10 -0.157241 0 
0.00569487 -0.120228 0 
-3.17753e-10 -0.081908 0 
0.00569487 -0.120228 0 
-3.17753e-10 -0.081908 0 
-2.63899e-11 -9.65528e-10 0 
-2.09292e-10 -9.66676e-10 0 
-2.63899e-11 -9.65528e-10 0 
1.49721e-11 -9.62536e-10 0 
-2.63899e-11 -9.65528e-10 0 
0.00569487 -0.120228 0 
-2.63899e-11 -9.65528e-10 0 
0.00569487 -0.120228 0 
-2.63899e-11 -9.65528e-10 0 
-3.17753e-10 -0.081908 0 
-2.63899e-11 -9.65528e-10 0 
6.8439e-11 -8.08528e-10 0 
0.0316959 -0.11504 0 
0.0310087 -0.109232 0 
0.0316959 -0.11504 0 
6.71574e-11 -8.69291e-10 0 
0.0316959 -0.11504 0 
6.84389e-11 -8.08528e-10 0 
0.0316959 -0.11504 0 
0.00956986 -0.075719 0 
0.00960934 -0.121287 0 
2.64282e-10 -0.0884544 0 
0.00960934 -0.121287 0 
2.64282e-10 -0.0884544 0 
0.00960934 -0.121287 0 
2.38309e-10 -0.144192 0 
0.00960934 -0.121287 0 
0.0310087 -0.109232 0 
0.0208139 -0.0873293 0 
5.60782e-11 -7.481e-10 0 
0.0208139 -0.0873293 0 
3.38946e-11 -7.05229e-10 0 
0.0208139 -0.0873293 0 
0.00956986 -0.075719 0 
0.0208139 -0.0873293 0 
5.60782e-11 -7.481e-10 0 
0.0208139 -0.0873293 0 
3.38946e-11 -7.05229e-10 0 
0.0208139 -0.0873293 0 
0.0161403 -0.184717 0 
0.0107412 -0.185659 0 
0.00690025 -0.182094 0 
0.0107412 -0.185659 0 
0.00690025 -0.182094 0 
0.0107412 -0.185659 0 
0.0116162 -0.1739 0 
0.0107412 -0.185659 0 
0.0116162 -0.1739 0 
0.0107412 -0.185659 0 
0.483257 0.730429 0 
0.0107412 -0.185659 0 
0.0190403 -0.19575 0 
0.333653 0.24378 0 
0.0107412 -0.185659 0 
0.333653 0.24378 0 
0.0107412 -0.185659 0 
0.333653 0.24378 0 
0.483257 0.730429 0 
0.333653 0.24378 0 
2.38309e-10 -0.144192 0 
0.0134466 -0.162581 0 
1.77104e-10 -0.170697 0 
0.0134466 -0.162581 0 
0.02756 -0.160774 0 
0.0134466 -0.162581 0 
0.00960934 -0.121287 0 
0.0134466 -0.162581 0 
0.00960934 -0.121287 0 
0.0134466 -0.162581 0 
2.38309e-10 -0.144192 0 
0.0134466 -0.162581 0 
0.00727297 -0.453538 0 
0.0151115 -0.453627 0 
0.00839091 -0.462356 0 
0.0151115 -0.453627 0 
0.00716396 -0.444406 0 
0.0129493 -0.446766 0 
0.00727297 -0.453538 0 
0.0129493 -0.446766 0 
0.00727297 -0.453538 0 
0.0129493 -0.446766 0 
0.0151115 -0.453627 0 
0.0129493 -0.446766 0 
0.0151115 -0.453627 0 
0.0129493 -0.446766 0 
0.0194744 -0.438101 0 
0.0129493 -0.446766 0 
0.0194744 -0.438101 0 
0.0129493 -0.446766 0 
0.0139486 -0.437516 0 
0.0129493 -0.446766 0 
0.0139486 -0.437516 0 
0.0129493 -0.446766 0 
0.00716396 -0.444406 0 
0.0129493 -0.446766 0 
0.0241557 -0.426396 0 
0.0200451 -0.428031 0 
0.0139486 -0.437516 0 
0.0200451 -0.428031 0 
0.0139486 -0.437516 0 
0.0200451 -0.428031 0 
0.0194744 -0.438101 0 
0.0200451 -0.428031 0 
0.0184032 -0.431778 0 
0.012119 -0.423193 0 
0.0111689 -0.461081 0 
0.012119 -0.423193 0 
0.0111689 -0.461081 0 
0.012119 -0.423193 0 
-6.27454e-11 -0.451914 0 
0.012119 -0.423193 0 
-6.27454e-11 -0.451914 0 
0.012119 -0.423193 0 
-1.3049e-10 -0.385872 0 
0.012119 -0.423193 0 
0.0184032 -0.431778 0 
0.012685 -0.46545 0 
0.0186924 -0.450304 0 
0.012685 -0.46545 0 
0.0111689 -0.461081 0 
0.012685 -0.46545 0 
0.0184032 -0.431778 0 
0.012685 -0.46545 0 
0.00842971 -0.473633 0 
0.012685 -0.46545 0 
0.0111689 -0.461081 0 
0.012685 -0.46545 0 
0.00935742 -0.469193 0 
0.012685 -0.46545 0 
0.00842971 -0.473633 0 
0.012685 -0.46545 0 
0.00839091 -0.462356 0 
0.0129876 -0.463446 0 
0.00935742 -0.469193 0 
0.0129876 -0.463446 0 
0.00935742 -0.469193 0 
0.0129876 -0.463446 0 
0.012685 -0.46545 0 
0.0129876 -0.463446 0 
0.012685 -0.46545 0 
0.0129876 -0.463446 0 
0.0186924 -0.450304 0 
0.0129876 -0.463446 0 
0.0186924 -0.450304 0 
0.0129876 -0.463446 0 
0.0151115 -0.453627 0 
0.0129876 -0.463446 0 
0.0151115 -0.453627 0 
0.0129876 -0.463446 0 
0.00839091 -0.462356 0 
0.0129876 -0.463446 0 
0.0186217 -0.22404 0 
0.0111802 -0.110706 0 
0.00569487 -0.120228 0 
0.0111802 -0.110706 0 
0.00569487 -0.120228 0 
0.0111802 -0.110706 0 
1.49721e-11 -9.62536e-10 0 
0.0111802 -0.110706 0 
1.49721e-11 -9.62536e-10 0 
0.0111802 -0.110706 0 
3.65056e-11 -9.47007e-10 0 
0.0111802 -0.110706 0 
3.65056e-11 -9.47007e-10 0 
0.0111802 -0.110706 0 
0.0231557 -0.149773 0 
0.0111802 -0.110706 0 
0.0231557 -0.149773 0 
0.0111802 -0.110706 0 
0.0186217 -0.22404 0 
0.0111802 -0.110706 0 
0.00569487 -0.120228 0 
0.00868563 -0.233294 0 
0.0186217 -0.22404 0 
0.00868563 -0.233294 0 
-2.91485e-10 -0.157241 0 
0.00868563 -0.233294 0 
0.00569487 -0.120228 0 
0.00868563 -0.233294 0 
-1.92785e-10 -0.286677 0 
0.00868563 -0.233294 0 
-2.91485e-10 -0.157241 0 
0.00868563 -0.233294 0 
6.71573e-11 -8.69292e-10 0 
0.0295044 -0.133943 0 
0.0316959 -0.11504 0 
0.0295044 -0.133943 0 
5.39968e-11 -9.1759e-10 0 
0.0295044 -0.133943 0 
6.71573e-11 -8.69292e-10 0 
0.0295044 -0.133943 0 
0.00960934 -0.121287 0 
0.0209227 -0.120194 0 
0.02756 -0.160774 0 
0.0209227 -0.120194 0 
0.0208139 -0.0873293 0 
0.0209227 -0.120194 0 
0.00956986 -0.075719 0 
0.0209227 -0.120194 0 
0.00956986 -0.075719 0 
0.0209227 -0.120194 0 
0.00960934 -0.121287 0 
0.0209227 -0.120194 0 
0.0406227 -0.19063 0 
0.0359783 -0.146888 0 
0.0480989 -0.197259 0 
0.0359783 -0.146888 0 
0.02756 -0.160774 0 
0.0359783 -0.146888 0 
0.0406227 -0.19063 0 
0.0359783 -0.146888 0 
0.0310087 -0.109232 0 
0.0359783 -0.146888 0 
0.0208139 -0.0873293 0 
0.0359783 -0.146888 0 
0.0208139 -0.0873293 0 
0.0359783 -0.146888 0 
0.0209227 -0.120194 0 
0.0359783 -0.146888 0 
0.0209227 -0.120194 0 
0.0359783 -0.146888 0 
0.02756 -0.160774 0 
0.0359783 -0.146888 0 
0.0297025 -0.19472 0 
0.0224151 -0.191974 0 
0.0161403 -0.184717 0 
0.0224151 -0.191974 0 
0.0161403 -0.184717 0 
0.0224151 -0.191974 0 
0.0107412 -0.185659 0 
0.0224151 -0.191974 0 
0.0107412 -0.185659 0 
0.0224151 -0.191974 0 
0.0190403 -0.19575 0 
0.0224151 -0.191974 0 
0.0297025 -0.19472 0 
0.0306939 -0.208427 0 
0.0224151 -0.191974 0 
0.0306939 -0.208427 0 
0.0224151 -0.191974 0 
0.0306939 -0.208427 0 
0.0190403 -0.19575 0 
0.0306939 -0.208427 0 
0.0161403 -0.184717 0 
0.0167533 -0.17658 0 
0.0297025 -0.19472 0 
0.0167533 -0.17658 0 
0.00749316 -0.1777 0 
0.0167533 -0.17658 0 
0.0161403 -0.184717 0 
0.0167533 -0.17658 0 
0.0134466 -0.162581 0 
0.0167533 -0.17658 0 
1.77104e-10 -0.170697 0 
0.0167533 -0.17658 0 
1.77104e-10 -0.170697 0 
0.0167533 -0.17658 0 
0.00749316 -0.1777 0 
0.0167533 -0.17658 0 
0.0480989 -0.197259 0 
0.0484962 -0.22024 0 
0.0406227 -0.19063 0 
0.0484962 -0.22024 0 
0.0406227 -0.19063 0 
0.0312914 -0.182126 0 
0.02756 -0.160774 0 
0.0312914 -0.182126 0 
0.0167533 -0.17658 0 
0.0312914 -0.182126 0 
0.0297025 -0.19472 0 
0.0312914 -0.182126 0 
0.0134466 -0.162581 0 
0.0312914 -0.182126 0 
0.0167533 -0.17658 0 
0.0312914 -0.182126 0 
0.02756 -0.160774 0 
0.0312914 -0.182126 0 
0.0134466 -0.162581 0 
0.0312914 -0.182126 0 
0.0484962 -0.22024 0 
0.0379809 -0.200274 0 
0.0406227 -0.19063 0 
0.0379809 -0.200274 0 
0.0406227 -0.19063 0 
0.0379809 -0.200274 0 
0.0312914 -0.182126 0 
0.0379809 -0.200274 0 
0.0312914 -0.182126 0 
0.0379809 -0.200274 0 
0.0297025 -0.19472 0 
0.0379809 -0.200274 0 
0.0297025 -0.19472 0 
0.0379809 -0.200274 0 
0.0306939 -0.208427 0 
0.0379809 -0.200274 0 
0.0306939 -0.208427 0 
0.0379809 -0.200274 0 
0.0408271 -0.219024 0 
0.0379809 -0.200274 0 
0.0194744 -0.438101 0 
0.0247959 -0.431415 0 
0.0151115 -0.453627 0 
0.0247959 -0.431415 0 
0.0151115 -0.453627 0 
0.0247959 -0.431415 0 
0.0186924 -0.450304 0 
0.0247959 -0.431415 0 
0.0194744 -0.438101 0 
0.0268037 -0.418766 0 
0.0247959 -0.431415 0 
0.0268037 -0.418766 0 
0.0200451 -0.428031 0 
0.0268037 -0.418766 0 
0.0194744 -0.438101 0 
0.0268037 -0.418766 0 
0.0437189 -0.409706 0 
0.0214632 -0.416363 0 
0.0241557 -0.426396 0 
0.0214632 -0.416363 0 
0.0241557 -0.426396 0 
0.0214632 -0.416363 0 
0.0200451 -0.428031 0 
0.0214632 -0.416363 0 
0.0200451 -0.428031 0 
0.0214632 -0.416363 0 
0.0268037 -0.418766 0 
0.0214632 -0.416363 0 
0.0268037 -0.418766 0 
0.0214632 -0.416363 0 
0.0333312 -0.395239 0 
0.0214632 -0.416363 0 
0.0186924 -0.450304 0 
0.0257347 -0.412671 0 
0.0184032 -0.431778 0 
0.0257347 -0.412671 0 
0.0247959 -0.431415 0 
0.0257347 -0.412671 0 
0.0186924 -0.450304 0 
0.0257347 -0.412671 0 
0.0172136 -0.346348 0 
0.0269926 -0.312088 0 
0.0186217 -0.22404 0 
0.0269926 -0.312088 0 
-1.92785e-10 -0.286677 0 
0.00917138 -0.305594 0 
0.00868563 -0.233294 0 
0.00917138 -0.305594 0 
0.00868563 -0.233294 0 
0.00917138 -0.305594 0 
0.0186217 -0.22404 0 
0.00917138 -0.305594 0 
0.0186217 -0.22404 0 
0.00917138 -0.305594 0 
0.0172136 -0.346348 0 
0.00917138 -0.305594 0 
-1.62451e-10 -0.340165 0 
0.00917138 -0.305594 0 
-1.92785e-10 -0.286677 0 
0.00917138 -0.305594 0 
4.82918e-11 -9.35011e-10 0 
0.0144742 -0.0772328 0 
5.39968e-11 -9.1759e-10 0 
0.0144742 -0.0772328 0 
3.65056e-11 -9.47007e-10 0 
0.0144742 -0.0772328 0 
4.82918e-11 -9.35011e-10 0 
0.0144742 -0.0772328 0 
0.0231557 -0.149773 0 
0.0144742 -0.0772328 0 
3.65056e-11 -9.47006e-10 0 
0.0144742 -0.0772328 0 
5.39968e-11 -9.1759e-10 0 
0.0144742 -0.0772328 0 
0.0295044 -0.133943 0 
0.0144742 -0.0772328 0 
-1.3049e-10 -0.385872 0 
0.00946522 -0.364458 0 
-1.62451e-10 -0.340165 0 
0.00946522 -0.364458 0 
-1.62451e-10 -0.340165 0 
0.00946522 -0.364458 0 
0.00917138 -0.305594 0 
0.00946522 -0.364458 0 
0.00917138 -0.305594 0 
0.00946522 -0.364458 0 
0.0172136 -0.346348 0 
0.00946522 -0.364458 0 
0.0172136 -0.346348 0 
0.00946522 -0.364458 0 
0.012119 -0.423193 0 
0.00946522 -0.364458 0 
0.012119 -0.423193 0 
0.00946522 -0.364458 0 
-1.3049e-10 -0.385872 0 
0.00946522 -0.364458 0 
0.0316959 -0.11504 0 
0.042896 -0.161539 0 
0.0310087 -0.109232 0 
0.042896 -0.161539 0 
0.0295044 -0.133943 0 
0.0347895 -0.202306 0 
0.0447345 -0.251883 0 
0.0347895 -0.202306 0 
0.0231557 -0.149773 0 
0.0347895 -0.202306 0 
0.0144742 -0.0772328 0 
0.0347895 -0.202306 0 
0.0144742 -0.0772328 0 
0.0347895 -0.202306 0 
0.0295044 -0.133943 0 
0.0347895 -0.202306 0 
0.0295044 -0.133943 0 
0.0415514 -0.180194 0 
0.0316959 -0.11504 0 
0.0415514 -0.180194 0 
0.0447345 -0.251883 0 
0.0415514 -0.180194 0 
0.0295044 -0.133943 0 
0.0415514 -0.180194 0 
0.0505039 -0.220408 0 
0.0415514 -0.180194 0 
0.0447345 -0.251883 0 
0.0415514 -0.180194 0 
0.0316959 -0.11504 0 
0.0415514 -0.180194 0 
0.042896 -0.161539 0 
0.0415514 -0.180194 0 
0.042896 -0.161539 0 
0.0415514 -0.180194 0 
0.0505039 -0.220408 0 
0.0415514 -0.180194 0 
0.042896 -0.161539 0 
0.0416057 -0.157969 0 
0.0310087 -0.109232 0 
0.0416057 -0.157969 0 
0.0310087 -0.109232 0 
0.0416057 -0.157969 0 
0.0359783 -0.146888 0 
0.0416057 -0.157969 0 
0.0359783 -0.146888 0 
0.0416057 -0.157969 0 
0.0480989 -0.197259 0 
0.0416057 -0.157969 0 
0.0408271 -0.219024 0 
0.0360593 -0.220986 0 
0.0306939 -0.208427 0 
0.0360593 -0.220986 0 
0.0333312 -0.395239 0 
0.0301178 -0.389368 0 
0.038213 -0.358425 0 
0.0301178 -0.389368 0 
0.038213 -0.358425 0 
0.0301178 -0.389368 0 
0.0492517 -0.363788 0 
0.0301178 -0.389368 0 
0.0437189 -0.409706 0 
0.0301178 -0.389368 0 
0.0214632 -0.416363 0 
0.0301178 -0.389368 0 
0.0214632 -0.416363 0 
0.0301178 -0.389368 0 
0.0333312 -0.395239 0 
0.0301178 -0.389368 0 
0.0492517 -0.363788 0 
0.0301178 -0.389368 0 
0.138634 -0.389308 0 
0.0301178 -0.389368 0 
0.138634 -0.389308 0 
0.0301178 -0.389368 0 
0.0437189 -0.409706 0 
0.0301178 -0.389368 0 
0.0257347 -0.412671 0 
0.0228112 -0.386202 0 
0.0184032 -0.431778 0 
0.0228112 -0.386202 0 
0.0172136 -0.346348 0 
0.0228112 -0.386202 0 
0.0269926 -0.312088 0 
0.0228112 -0.386202 0 
0.0184032 -0.431778 0 
0.0228112 -0.386202 0 
0.012119 -0.423193 0 
0.0228112 -0.386202 0 
0.012119 -0.423193 0 
0.0228112 -0.386202 0 
0.0172136 -0.346348 0 
0.0228112 -0.386202 0 
0.0269926 -0.312088 0 
0.0228112 -0.386202 0 
0.0338666 -0.361795 0 
0.0228112 -0.386202 0 
0.0338666 -0.361795 0 
0.0228112 -0.386202 0 
0.0257347 -0.412671 0 
0.0228112 -0.386202 0 
0.0247959 -0.431415 0 
0.0312011 -0.400825 0 
0.0257347 -0.412671 0 
0.0312011 -0.400825 0 
0.0257347 -0.412671 0 
0.0312011 -0.400825 0 
0.0338666 -0.361795 0 
0.0312011 -0.400825 0 
0.0347895 -0.202306 0 
0.0405738 -0.306792 0 
0.0447345 -0.251883 0 
0.0405738 -0.306792 0 
0.0338666 -0.361795 0 
0.0405738 -0.306792 0 
0.0269926 -0.312088 0 
0.0405738 -0.306792 0 
0.0447345 -0.251883 0 
0.0405738 -0.306792 0 
0.0443765 -0.341429 0 
0.0405738 -0.306792 0 
0.038213 -0.358425 0 
0.0450979 -0.351733 0 
0.0333312 -0.395239 0 
0.0450979 -0.351733 0 
0.0443765 -0.341429 0 
0.0515156 -0.286043 0 
0.0447345 -0.251883 0 
0.0515156 -0.286043 0 
0.0447345 -0.251883 0 
0.0515156 -0.286043 0 
0.0505039 -0.220408 0 
0.0515156 -0.286043 0 
0.0231557 -0.149773 0 
0.0283022 -0.237924 0 
0.0347895 -0.202306 0 
0.0283022 -0.237924 0 
0.0347895 -0.202306 0 
0.0283022 -0.237924 0 
0.0405738 -0.306792 0 
0.0283022 -0.237924 0 
0.0405738 -0.306792 0 
0.0283022 -0.237924 0 
0.0269926 -0.312088 0 
0.0283022 -0.237924 0 
0.0269926 -0.312088 0 
0.0283022 -0.237924 0 
0.0186217 -0.22404 0 
0.0283022 -0.237924 0 
0.0186217 -0.22404 0 
0.0283022 -0.237924 0 
0.0231557 -0.149773 0 
0.0283022 -0.237924 0 
0.0505039 -0.220408 0 
0.050225 -0.205144 0 
0.042896 -0.161539 0 
0.050225 -0.205144 0 
0.042896 -0.161539 0 
0.050225 -0.205144 0 
0.0416057 -0.157969 0 
0.050225 -0.205144 0 
0.0416057 -0.157969 0 
0.050225 -0.205144 0 
0.0480989 -0.197259 0 
0.050225 -0.205144 0 
0.0480989 -0.197259 0 
0.050225 -0.205144 0 
0.0539683 -0.248771 0 
0.050225 -0.205144 0 
0.0539683 -0.248771 0 
0.050225 -0.205144 0 
0.0505039 -0.220408 0 
0.050225 -0.205144 0 
0.0306939 -0.208427 0 
0.0268515 -0.21097 0 
0.0190403 -0.19575 0 
0.0268515 -0.21097 0 
0.0348826 -0.223799 0 
0.0268515 -0.21097 0 
0.0360593 -0.220986 0 
0.0268515 -0.21097 0 
0.0360593 -0.220986 0 
0.0268515 -0.21097 0 
0.0306939 -0.208427 0 
0.0268515 -0.21097 0 
0.0425806 -0.318349 0 
0.116826 -0.289271 0 
0.0448681 -0.279978 0 
0.116826 -0.289271 0 
0.038213 -0.358425 0 
0.0442973 -0.337237 0 
0.0425806 -0.318349 0 
0.0442973 -0.337237 0 
0.0492517 -0.363788 0 
0.0442973 -0.337237 0 
0.038213 -0.358425 0 
0.0442973 -0.337237 0 
0.0425806 -0.318349 0 
0.0442973 -0.337237 0 
0.116826 -0.289271 0 
0.0442973 -0.337237 0 
0.0539683 -0.248771 0 
0.0520994 -0.244937 0 
0.0480989 -0.197259 0 
0.0520994 -0.244937 0 
0.0480989 -0.197259 0 
0.0520994 -0.244937 0 
0.0484962 -0.22024 0 
0.0520994 -0.244937 0 
0.0520994 -0.244937 0 
0.0492668 -0.283417 0 
0.047791 -0.251616 0 
0.0492668 -0.283417 0 
0.0448681 -0.279978 0 
0.0492668 -0.283417 0 
0.0425806 -0.318349 0 
0.0492668 -0.283417 0 
0.0408271 -0.219024 0 
0.0426249 -0.236638 0 
0.0360593 -0.220986 0 
0.0426249 -0.236638 0 
0.0312011 -0.400825 0 
0.0380452 -0.367183 0 
0.0338666 -0.361795 0 
0.0380452 -0.367183 0 
0.0338666 -0.361795 0 
0.0380452 -0.367183 0 
0.0405738 -0.306792 0 
0.0380452 -0.367183 0 
0.0405738 -0.306792 0 
0.0380452 -0.367183 0 
0.0443765 -0.341429 0 
0.0380452 -0.367183 0 
0.0312011 -0.400825 0 
0.0318374 -0.406387 0 
0.0380452 -0.367183 0 
0.0318374 -0.406387 0 
0.0333312 -0.395239 0 
0.0318374 -0.406387 0 
0.0268037 -0.418766 0 
0.0318374 -0.406387 0 
0.0247959 -0.431415 0 
0.0318374 -0.406387 0 
0.0312011 -0.400825 0 
0.0318374 -0.406387 0 
0.0268037 -0.418766 0 
0.0318374 -0.406387 0 
0.0247959 -0.431415 0 
0.0318374 -0.406387 0 
0.038213 -0.358425 0 
0.0481665 -0.327279 0 
0.0450979 -0.351733 0 
0.0481665 -0.327279 0 
0.0425806 -0.318349 0 
0.0481665 -0.327279 0 
0.038213 -0.358425 0 
0.0481665 -0.327279 0 
0.0426249 -0.236638 0 
0.0389419 -0.238059 0 
0.0360593 -0.220986 0 
0.0389419 -0.238059 0 
0.0360593 -0.220986 0 
0.0389419 -0.238059 0 
0.0348826 -0.223799 0 
0.0389419 -0.238059 0 
0.0408271 -0.219024 0 
0.0467264 -0.230472 0 
0.0426249 -0.236638 0 
0.0467264 -0.230472 0 
0.0426249 -0.236638 0 
0.0467264 -0.230472 0 
0.047791 -0.251616 0 
0.0467264 -0.230472 0 
0.047791 -0.251616 0 
0.0467264 -0.230472 0 
0.0520994 -0.244937 0 
0.0467264 -0.230472 0 
0.0520994 -0.244937 0 
0.0467264 -0.230472 0 
0.0484962 -0.22024 0 
0.0467264 -0.230472 0 
0.0484962 -0.22024 0 
0.0467264 -0.230472 0 
0.0379809 -0.200274 0 
0.0467264 -0.230472 0 
0.0379809 -0.200274 0 
0.0467264 -0.230472 0 
0.0408271 -0.219024 0 
0.0467264 -0.230472 0 
0.0443765 -0.341429 0 
0.0392982 -0.377401 0 
0.0450979 -0.351733 0 
0.0392982 -0.377401 0 
0.0333312 -0.395239 0 
0.0392982 -0.377401 0 
0.0318374 -0.406387 0 
0.0392982 -0.377401 0 
0.0450979 -0.351733 0 
0.0392982 -0.377401 0 
0.0333312 -0.395239 0 
0.0392982 -0.377401 0 
0.0318374 -0.406387 0 
0.0392982 -0.377401 0 
0.0380452 -0.367183 0 
0.0392982 -0.377401 0 
0.0380452 -0.367183 0 
0.0392982 -0.377401 0 
0.0443765 -0.341429 0 
0.0392982 -0.377401 0 
0.0425806 -0.318349 0 
0.0494534 -0.306058 0 
0.0481665 -0.327279 0 
0.0494534 -0.306058 0 
0.0492668 -0.283417 0 
0.0494534 -0.306058 0 
0.0425806 -0.318349 0 
0.0494534 -0.306058 0 
0.0481665 -0.327279 0 
0.0507624 -0.315878 0 
0.0450979 -0.351733 0 
0.0507624 -0.315878 0 
0.0443765 -0.341429 0 
0.0507624 -0.315878 0 
0.0515156 -0.286043 0 
0.0507624 -0.315878 0 
0.0450979 -0.351733 0 
0.0507624 -0.315878 0 
0.0443765 -0.341429 0 
0.0507624 -0.315878 0 
0.0426249 -0.236638 0 
0.0395331 -0.25968 0 
0.0389419 -0.238059 0 
0.0395331 -0.25968 0 
0.047791 -0.251616 0 
0.0395331 -0.25968 0 
0.0426249 -0.236638 0 
0.0395331 -0.25968 0 
0.0492668 -0.283417 0 
0.0533618 -0.27792 0 
0.0494534 -0.306058 0 
0.0533618 -0.27792 0 
0.0520994 -0.244937 0 
0.0533618 -0.27792 0 
0.0492668 -0.283417 0 
0.0533618 -0.27792 0 
0.0539683 -0.248771 0 
0.0533618 -0.27792 0 
0.0520994 -0.244937 0 
0.0533618 -0.27792 0 
0.0494534 -0.306058 0 
0.0533618 -0.27792 0 
0.0481665 -0.327279 0 
0.0533618 -0.27792 0 
0.047791 -0.251616 0 
0.0456278 -0.270641 0 
0.0395331 -0.25968 0 
0.0456278 -0.270641 0 
0.0492668 -0.283417 0 
0.0456278 -0.270641 0 
0.047791 -0.251616 0 
0.0456278 -0.270641 0 
0.0395331 -0.25968 0 
0.0456278 -0.270641 0 
0.0448681 -0.279978 0 
0.0456278 -0.270641 0 
0.0448681 -0.279978 0 
0.0456278 -0.270641 0 
0.0492668 -0.283417 0 
0.0456278 -0.270641 0 
0.0539683 -0.248771 0 
0.0537363 -0.280141 0 
0.0533618 -0.27792 0 
0.0537363 -0.280141 0 
0.0507624 -0.315878 0 
0.0537363 -0.280141 0 
0.0515156 -0.286043 0 
0.0537363 -0.280141 0 
0.0515156 -0.286043 0 
0.0537363 -0.280141 0 
0.0505039 -0.220408 0 
0.0537363 -0.280141 0 
0.0505039 -0.220408 0 
0.0537363 -0.280141 0 
0.0539683 -0.248771 0 
0.0537363 -0.280141 0 
0.0533618 -0.27792 0 
0.0537363 -0.280141 0 
0.0481665 -0.327279 0 
0.0537363 -0.280141 0 
0.0481665 -0.327279 0 
0.0537363 -0.280141 0 
0.0507624 -0.315878 0 
0.0537363 -0.280141 0 
29.2903 -18.089 0 
14.126 -8.61917 0 
14.4643 -8.65081 0 
14.126 -8.61917 0 
14.4643 -8.65081 0 
0.0479592 -0.454543 0 
0.0451114 -0.456932 0 
0.0479592 -0.454543 0 
14.126 -8.61917 0 
0.0560494 -0.448198 0 
0.0479592 -0.454543 0 
0.0560494 -0.448198 0 
0.0479592 -0.454543 0 
14.4643 -8.65081 0 
14.126 -8.61917 0 
14.4643 -8.65081 0 
0.483257 0.730429 0 
0.409332 0.495637 0 
3.14645 5.14216 0 
0.409332 0.495637 0 
3.14645 5.14216 0 
1.8014 2.82733 0 
12.6378 21.215 0 
1.8014 2.82733 0 
0.409332 0.495637 0 
0.333653 0.24378 0 
1.8014 2.82733 0 
0.333653 0.24378 0 
1.8014 2.82733 0 
3.14645 5.14216 0 
0.409332 0.495637 0 
3.14645 5.14216 0 
0.138634 -0.389308 0 
0.0700618 -0.412334 0 
5.67113 -1.30152 0 
0.0700618 -0.412334 0 
5.67113 -1.30152 0 
0.446621 -0.463462 0 
16.1634 -5.42075 0 
0.446621 -0.463462 0 
0.0700618 -0.412334 0 
0.0437189 -0.409706 0 
0.446621 -0.463462 0 
0.0437189 -0.409706 0 
0.446621 -0.463462 0 
5.67113 -1.30152 0 
0.0700618 -0.412334 0 
5.67113 -1.30152 0 
16.1634 -5.42075 0 
31.341 -7.38039 0 
5.67113 -1.30152 0 
31.341 -7.38039 0 
5.67113 -1.30152 0 
14.9143 -3.5862 0 
0.138634 -0.389308 0 
14.9143 -3.5862 0 
31.341 -7.38039 0 
43.9753 -8.735 0 
14.9143 -3.5862 0 
43.9753 -8.735 0 
14.9143 -3.5862 0 
5.67113 -1.30152 0 
31.341 -7.38039 0 
5.67113 -1.30152 0 
53.5545 -12.1489 0 
53.8084 -11.5229 0 
46.6542 -11.7842 0 
53.8084 -11.5229 0 
46.6542 -11.7842 0 
31.341 -7.38039 0 
16.1634 -5.42075 0 
31.341 -7.38039 0 
53.8084 -11.5229 0 
43.9753 -8.735 0 
31.341 -7.38039 0 
43.9753 -8.735 0 
31.341 -7.38039 0 
46.6542 -11.7842 0 
53.8084 -11.5229 0 
46.6542 -11.7842 0 
57.1186 -7.90114 0 
57.1164 -9.79306 0 
55.6292 -10.4008 0 
57.1164 -9.79306 0 
55.6292 -10.4008 0 
53.8084 -11.5229 0 
53.5545 -12.1489 0 
53.8084 -11.5229 0 
57.1164 -9.79306 0 
43.9753 -8.735 0 
53.8084 -11.5229 0 
43.9753 -8.735 0 
53.8084 -11.5229 0 
55.6292 -10.4008 0 
57.1164 -9.79306 0 
55.6292 -10.4008 0 
29.2903 -18.089 0 
30.089 -16.3923 0 
14.126 -8.61917 0 
30.089 -16.3923 0 
14.126 -8.61917 0 
9.75668 -5.28306 0 
0.0560494 -0.448198 0 
9.75668 -5.28306 0 
30.089 -16.3923 0 
28.5768 -12.9099 0 
9.75668 -5.28306 0 
28.5768 -12.9099 0 
9.75668 -5.28306 0 
14.126 -8.61917 0 
30.089 -16.3923 0 
14.126 -8.61917 0 
42.7573 -15.5405 0 
39.4995 -15.5064 0 
35.872 -16.9427 0 
39.4995 -15.5064 0 
35.872 -16.9427 0 
30.089 -16.3923 0 
29.2903 -18.089 0 
30.089 -16.3923 0 
39.4995 -15.5064 0 
28.5768 -12.9099 0 
30.089 -16.3923 0 
28.5768 -12.9099 0 
30.089 -16.3923 0 
35.872 -16.9427 0 
39.4995 -15.5064 0 
35.872 -16.9427 0 
54.346 102.216 0 
34.3478 61.0567 0 
75.8129 145.207 0 
34.3478 61.0567 0 
75.8129 145.207 0 
61.5736 73.6714 0 
104.755 147.529 0 
61.5736 73.6714 0 
34.3478 61.0567 0 
15.8248 15.6085 0 
61.5736 73.6714 0 
15.8248 15.6085 0 
61.5736 73.6714 0 
75.8129 145.207 0 
34.3478 61.0567 0 
75.8129 145.207 0 
43.9753 -8.735 0 
35.1146 -5.30146 0 
14.9143 -3.5862 0 
35.1146 -5.30146 0 
14.9143 -3.5862 0 
8.38868 -1.33659 0 
0.138634 -0.389308 0 
8.38868 -1.33659 0 
35.1146 -5.30146 0 
23.755 -3.50288 0 
8.38868 -1.33659 0 
23.755 -3.50288 0 
8.38868 -1.33659 0 
14.9143 -3.5862 0 
35.1146 -5.30146 0 
14.9143 -3.5862 0 
48.3787 -13.8671 0 
47.1476 -13.9689 0 
45.5093 -14.7674 0 
47.1476 -13.9689 0 
45.5093 -14.7674 0 
44.0413 -14.6315 0 
42.7573 -15.5405 0 
44.0413 -14.6315 0 
47.1476 -13.9689 0 
39.7633 -12.5814 0 
44.0413 -14.6315 0 
39.7633 -12.5814 0 
44.0413 -14.6315 0 
45.5093 -14.7674 0 
47.1476 -13.9689 0 
45.5093 -14.7674 0 
53.5545 -12.1489 0 
49.8308 -13.2003 0 
50.5676 -13.0879 0 
49.8308 -13.2003 0 
50.5676 -13.0879 0 
47.1476 -13.9689 0 
48.3787 -13.8671 0 
47.1476 -13.9689 0 
49.8308 -13.2003 0 
39.7633 -12.5814 0 
47.1476 -13.9689 0 
39.7633 -12.5814 0 
47.1476 -13.9689 0 
50.5676 -13.0879 0 
49.8308 -13.2003 0 
50.5676 -13.0879 0 
16.1634 -5.42075 0 
30.0582 -9.49699 0 
46.6542 -11.7842 0 
30.0582 -9.49699 0 
46.6542 -11.7842 0 
49.8308 -13.2003 0 
53.5545 -12.1489 0 
49.8308 -13.2003 0 
30.0582 -9.49699 0 
39.7633 -12.5814 0 
49.8308 -13.2003 0 
39.7633 -12.5814 0 
49.8308 -13.2003 0 
46.6542 -11.7842 0 
30.0582 -9.49699 0 
46.6542 -11.7842 0 
42.7573 -15.5405 0 
44.0413 -14.6315 0 
39.4995 -15.5064 0 
44.0413 -14.6315 0 
39.4995 -15.5064 0 
34.9677 -12.9807 0 
28.5768 -12.9099 0 
34.9677 -12.9807 0 
44.0413 -14.6315 0 
39.7633 -12.5814 0 
34.9677 -12.9807 0 
39.7633 -12.5814 0 
34.9677 -12.9807 0 
39.4995 -15.5064 0 
44.0413 -14.6315 0 
39.4995 -15.5064 0 
0.0190403 -0.19575 0 
0.112789 -0.0704013 0 
0.0817856 -0.10565 0 
0.112789 -0.0704013 0 
0.0817856 -0.10565 0 
0.803157 1.35794 0 
0.333653 0.24378 0 
0.803157 1.35794 0 
0.112789 -0.0704013 0 
2.52688 4.15694 0 
0.803157 1.35794 0 
2.52688 4.15694 0 
0.803157 1.35794 0 
0.0817856 -0.10565 0 
0.112789 -0.0704013 0 
0.0817856 -0.10565 0 
0.333653 0.24378 0 
0.803157 1.35794 0 
1.8014 2.82733 0 
0.803157 1.35794 0 
1.8014 2.82733 0 
5.01633 9.51115 0 
12.6378 21.215 0 
5.01633 9.51115 0 
0.803157 1.35794 0 
2.52688 4.15694 0 
5.01633 9.51115 0 
2.52688 4.15694 0 
5.01633 9.51115 0 
1.8014 2.82733 0 
0.803157 1.35794 0 
1.8014 2.82733 0 
54.346 102.216 0 
14.7069 30.4403 0 
34.3478 61.0567 0 
14.7069 30.4403 0 
34.3478 61.0567 0 
7.08455 10.961 0 
15.8248 15.6085 0 
7.08455 10.961 0 
14.7069 30.4403 0 
2.52688 4.15694 0 
7.08455 10.961 0 
2.52688 4.15694 0 
7.08455 10.961 0 
34.3478 61.0567 0 
14.7069 30.4403 0 
34.3478 61.0567 0 
12.6378 21.215 0 
5.01633 9.51115 0 
29.9406 53.4202 0 
5.01633 9.51115 0 
29.9406 53.4202 0 
14.7069 30.4403 0 
54.346 102.216 0 
14.7069 30.4403 0 
5.01633 9.51115 0 
2.52688 4.15694 0 
14.7069 30.4403 0 
2.52688 4.15694 0 
14.7069 30.4403 0 
29.9406 53.4202 0 
5.01633 9.51115 0 
29.9406 53.4202 0 
7.09336 -0.21043 0 
0.551483 -0.35854 0 
14.758 -1.09021 0 
0.551483 -0.35854 0 
14.758 -1.09021 0 
1.63289 -0.446718 0 
23.755 -3.50288 0 
1.63289 -0.446718 0 
0.551483 -0.35854 0 
0.0492517 -0.363788 0 
1.63289 -0.446718 0 
0.0492517 -0.363788 0 
1.63289 -0.446718 0 
14.758 -1.09021 0 
0.551483 -0.35854 0 
14.758 -1.09021 0 
23.755 -3.50288 0 
1.63289 -0.446718 0 
8.38868 -1.33659 0 
1.63289 -0.446718 0 
8.38868 -1.33659 0 
0.0870683 -0.375603 0 
0.138634 -0.389308 0 
0.0870683 -0.375603 0 
1.63289 -0.446718 0 
0.0492517 -0.363788 0 
0.0870683 -0.375603 0 
0.0492517 -0.363788 0 
0.0870683 -0.375603 0 
8.38868 -1.33659 0 
1.63289 -0.446718 0 
8.38868 -1.33659 0 
82.3946 43.2658 0 
86.2079 27.8515 0 
76.0927 28.5927 0 
86.2079 27.8515 0 
76.0927 28.5927 0 
80.4477 18.507 0 
71.5513 19.122 0 
80.4477 18.507 0 
86.2079 27.8515 0 
71.2926 16.1696 0 
80.4477 18.507 0 
71.2926 16.1696 0 
80.4477 18.507 0 
76.0927 28.5927 0 
86.2079 27.8515 0 
76.0927 28.5927 0 
7.09336 -0.21043 0 
32.1286 -1.12305 0 
25.4249 0.338042 0 
32.1286 -1.12305 0 
25.4249 0.338042 0 
59.7236 0.912975 0 
51.5812 3.03779 0 
59.7236 0.912975 0 
32.1286 -1.12305 0 
63.4249 -2.01691 0 
59.7236 0.912975 0 
63.4249 -2.01691 0 
59.7236 0.912975 0 
25.4249 0.338042 0 
32.1286 -1.12305 0 
25.4249 0.338042 0 
65.0844 5.19369 0 
67.3495 1.08682 0 
62.8189 1.03368 0 
67.3495 1.08682 0 
62.8189 1.03368 0 
64.6999 -2.43664 0 
60.8479 -2.42762 0 
64.6999 -2.43664 0 
67.3495 1.08682 0 
63.4249 -2.01691 0 
64.6999 -2.43664 0 
63.4249 -2.01691 0 
64.6999 -2.43664 0 
62.8189 1.03368 0 
67.3495 1.08682 0 
62.8189 1.03368 0 
23.755 -3.50288 0 
45.128 -3.56259 0 
14.758 -1.09021 0 
45.128 -3.56259 0 
14.758 -1.09021 0 
32.1286 -1.12305 0 
7.09336 -0.21043 0 
32.1286 -1.12305 0 
45.128 -3.56259 0 
63.4249 -2.01691 0 
32.1286 -1.12305 0 
63.4249 -2.01691 0 
32.1286 -1.12305 0 
14.758 -1.09021 0 
45.128 -3.56259 0 
14.758 -1.09021 0 
43.9753 -8.735 0 
51.7701 -8.31874 0 
35.1146 -5.30146 0 
51.7701 -8.31874 0 
35.1146 -5.30146 0 
45.3414 -6.07398 0 
23.755 -3.50288 0 
45.3414 -6.07398 0 
51.7701 -8.31874 0 
56.5205 -7.74137 0 
45.3414 -6.07398 0 
56.5205 -7.74137 0 
45.3414 -6.07398 0 
35.1146 -5.30146 0 
51.7701 -8.31874 0 
35.1146 -5.30146 0 
57.1186 -7.90114 0 
59.197 -8.27395 0 
57.1164 -9.79306 0 
59.197 -8.27395 0 
57.1164 -9.79306 0 
51.7701 -8.31874 0 
43.9753 -8.735 0 
51.7701 -8.31874 0 
59.197 -8.27395 0 
56.5205 -7.74137 0 
51.7701 -8.31874 0 
56.5205 -7.74137 0 
51.7701 -8.31874 0 
57.1164 -9.79306 0 
59.197 -8.27395 0 
57.1164 -9.79306 0 
60.8479 -2.42762 0 
61.4451 -5.95355 0 
59.1209 -5.52962 0 
61.4451 -5.95355 0 
59.1209 -5.52962 0 
59.197 -8.27395 0 
57.1186 -7.90114 0 
59.197 -8.27395 0 
61.4451 -5.95355 0 
56.5205 -7.74137 0 
59.197 -8.27395 0 
56.5205 -7.74137 0 
59.197 -8.27395 0 
59.1209 -5.52962 0 
61.4451 -5.95355 0 
59.1209 -5.52962 0 
16.1634 -5.42075 0 
11.9239 -4.37417 0 
30.0582 -9.49699 0 
11.9239 -4.37417 0 
30.0582 -9.49699 0 
24.7305 -9.05194 0 
39.7633 -12.5814 0 
24.7305 -9.05194 0 
11.9239 -4.37417 0 
7.51799 -2.94581 0 
24.7305 -9.05194 0 
7.51799 -2.94581 0 
24.7305 -9.05194 0 
30.0582 -9.49699 0 
11.9239 -4.37417 0 
30.0582 -9.49699 0 
39.7633 -12.5814 0 
24.7305 -9.05194 0 
34.9677 -12.9807 0 
24.7305 -9.05194 0 
34.9677 -12.9807 0 
17.9242 -7.92055 0 
28.5768 -12.9099 0 
17.9242 -7.92055 0 
24.7305 -9.05194 0 
7.51799 -2.94581 0 
17.9242 -7.92055 0 
7.51799 -2.94581 0 
17.9242 -7.92055 0 
34.9677 -12.9807 0 
24.7305 -9.05194 0 
34.9677 -12.9807 0 
28.5768 -12.9099 0 
17.9242 -7.92055 0 
9.75668 -5.28306 0 
17.9242 -7.92055 0 
9.75668 -5.28306 0 
3.13692 -1.5063 0 
0.0560494 -0.448198 0 
3.13692 -1.5063 0 
17.9242 -7.92055 0 
7.51799 -2.94581 0 
3.13692 -1.5063 0 
7.51799 -2.94581 0 
3.13692 -1.5063 0 
9.75668 -5.28306 0 
17.9242 -7.92055 0 
9.75668 -5.28306 0 
0.0560494 -0.448198 0 
3.13692 -1.5063 0 
0.0333368 -0.435652 0 
3.13692 -1.5063 0 
0.0333368 -0.435652 0 
0.130398 -0.470491 0 
0.0241557 -0.426396 0 
0.130398 -0.470491 0 
3.13692 -1.5063 0 
7.51799 -2.94581 0 
0.130398 -0.470491 0 
7.51799 -2.94581 0 
0.130398 -0.470491 0 
0.0333368 -0.435652 0 
3.13692 -1.5063 0 
0.0333368 -0.435652 0 
0.0241557 -0.426396 0 
0.130398 -0.470491 0 
0.0309804 -0.419714 0 
0.130398 -0.470491 0 
0.0309804 -0.419714 0 
0.255628 -0.475143 0 
0.0437189 -0.409706 0 
0.255628 -0.475143 0 
0.130398 -0.470491 0 
7.51799 -2.94581 0 
0.255628 -0.475143 0 
7.51799 -2.94581 0 
0.255628 -0.475143 0 
0.0309804 -0.419714 0 
0.130398 -0.470491 0 
0.0309804 -0.419714 0 
0.0437189 -0.409706 0 
0.255628 -0.475143 0 
0.446621 -0.463462 0 
0.255628 -0.475143 0 
0.446621 -0.463462 0 
11.9239 -4.37417 0 
16.1634 -5.42075 0 
11.9239 -4.37417 0 
0.255628 -0.475143 0 
7.51799 -2.94581 0 
11.9239 -4.37417 0 
7.51799 -2.94581 0 
11.9239 -4.37417 0 
0.446621 -0.463462 0 
0.255628 -0.475143 0 
0.446621 -0.463462 0 
0.0190403 -0.19575 0 
0.0217794 -0.203828 0 
0.112789 -0.0704013 0 
0.0217794 -0.203828 0 
0.112789 -0.0704013 0 
0.410497 0.216698 0 
2.52688 4.15694 0 
0.410497 0.216698 0 
0.0217794 -0.203828 0 
0.0268515 -0.21097 0 
0.410497 0.216698 0 
0.0268515 -0.21097 0 
0.410497 0.216698 0 
0.112789 -0.0704013 0 
0.0217794 -0.203828 0 
0.112789 -0.0704013 0 
2.52688 4.15694 0 
0.410497 0.216698 0 
7.08455 10.961 0 
0.410497 0.216698 0 
7.08455 10.961 0 
0.892493 0.774953 0 
15.8248 15.6085 0 
0.892493 0.774953 0 
0.410497 0.216698 0 
0.0268515 -0.21097 0 
0.892493 0.774953 0 
0.0268515 -0.21097 0 
0.892493 0.774953 0 
7.08455 10.961 0 
0.410497 0.216698 0 
7.08455 10.961 0 
15.8248 15.6085 0 
0.892493 0.774953 0 
1.61945 1.14927 0 
0.892493 0.774953 0 
1.61945 1.14927 0 
0.0301582 -0.218728 0 
0.0348826 -0.223799 0 
0.0301582 -0.218728 0 
0.892493 0.774953 0 
0.0268515 -0.21097 0 
0.0301582 -0.218728 0 
0.0268515 -0.21097 0 
0.0301582 -0.218728 0 
1.61945 1.14927 0 
0.892493 0.774953 0 
1.61945 1.14927 0 
51.5812 3.03779 0 
12.6599 0.771517 0 
25.4249 0.338042 0 
12.6599 0.771517 0 
25.4249 0.338042 0 
2.04026 -0.0779711 0 
7.09336 -0.21043 0 
2.04026 -0.0779711 0 
12.6599 0.771517 0 
0.116826 -0.289271 0 
2.04026 -0.0779711 0 
0.116826 -0.289271 0 
2.04026 -0.0779711 0 
25.4249 0.338042 0 
12.6599 0.771517 0 
25.4249 0.338042 0 
7.09336 -0.21043 0 
0.27549 -0.317972 0 
0.551483 -0.35854 0 
0.27549 -0.317972 0 
0.551483 -0.35854 0 
0.0436769 -0.351192 0 
0.0492517 -0.363788 0 
0.0436769 -0.351192 0 
0.27549 -0.317972 0 
0.0442973 -0.337237 0 
0.0436769 -0.351192 0 
0.0442973 -0.337237 0 
0.0436769 -0.351192 0 
0.551483 -0.35854 0 
0.27549 -0.317972 0 
0.551483 -0.35854 0 
0.116826 -0.289271 0 
0.0658254 -0.323602 0 
2.04026 -0.0779711 0 
0.0658254 -0.323602 0 
2.04026 -0.0779711 0 
0.27549 -0.317972 0 
7.09336 -0.21043 0 
0.27549 -0.317972 0 
0.0658254 -0.323602 0 
0.0442973 -0.337237 0 
0.27549 -0.317972 0 
0.0442973 -0.337237 0 
0.27549 -0.317972 0 
2.04026 -0.0779711 0 
0.0658254 -0.323602 0 
2.04026 -0.0779711 0 
15.8248 15.6085 0 
25.7466 22.053 0 
61.5736 73.6714 0 
25.7466 22.053 0 
61.5736 73.6714 0 
80.8743 60.9876 0 
104.755 147.529 0 
80.8743 60.9876 0 
25.7466 22.053 0 
34.1735 23.1914 0 
80.8743 60.9876 0 
34.1735 23.1914 0 
80.8743 60.9876 0 
61.5736 73.6714 0 
25.7466 22.053 0 
61.5736 73.6714 0 
2.8335 1.38326 0 
11.1626 5.2983 0 
0.51417 0.0233121 0 
11.1626 5.2983 0 
0.51417 0.0233121 0 
2.74819 2.07227 0 
0.0348826 -0.223799 0 
2.74819 2.07227 0 
11.1626 5.2983 0 
34.1735 23.1914 0 
2.74819 2.07227 0 
34.1735 23.1914 0 
2.74819 2.07227 0 
0.51417 0.0233121 0 
11.1626 5.2983 0 
0.51417 0.0233121 0 
0.0348826 -0.223799 0 
2.74819 2.07227 0 
1.61945 1.14927 0 
2.74819 2.07227 0 
1.61945 1.14927 0 
25.7466 22.053 0 
15.8248 15.6085 0 
25.7466 22.053 0 
2.74819 2.07227 0 
34.1735 23.1914 0 
25.7466 22.053 0 
34.1735 23.1914 0 
25.7466 22.053 0 
1.61945 1.14927 0 
2.74819 2.07227 0 
1.61945 1.14927 0 
65.0844 5.19369 0 
68.1791 4.68286 0 
67.3495 1.08682 0 
68.1791 4.68286 0 
67.3495 1.08682 0 
67.9644 1.12428 0 
63.4249 -2.01691 0 
67.9644 1.12428 0 
68.1791 4.68286 0 
70.3307 4.46633 0 
67.9644 1.12428 0 
70.3307 4.46633 0 
67.9644 1.12428 0 
67.3495 1.08682 0 
68.1791 4.68286 0 
67.3495 1.08682 0 
63.4249 -2.01691 0 
67.9644 1.12428 0 
59.7236 0.912975 0 
67.9644 1.12428 0 
59.7236 0.912975 0 
69.119 4.56548 0 
51.5812 3.03779 0 
69.119 4.56548 0 
67.9644 1.12428 0 
70.3307 4.46633 0 
69.119 4.56548 0 
70.3307 4.46633 0 
69.119 4.56548 0 
59.7236 0.912975 0 
67.9644 1.12428 0 
59.7236 0.912975 0 
67.9231 10.7854 0 
70.1663 7.17225 0 
66.4688 7.74489 0 
70.1663 7.17225 0 
66.4688 7.74489 0 
68.1791 4.68286 0 
65.0844 5.19369 0 
68.1791 4.68286 0 
70.1663 7.17225 0 
70.3307 4.46633 0 
68.1791 4.68286 0 
70.3307 4.46633 0 
68.1791 4.68286 0 
66.4688 7.74489 0 
70.1663 7.17225 0 
66.4688 7.74489 0 
60.8479 -2.42762 0 
62.6472 -3.95869 0 
61.4451 -5.95355 0 
62.6472 -3.95869 0 
61.4451 -5.95355 0 
59.793 -6.31513 0 
56.5205 -7.74137 0 
59.793 -6.31513 0 
62.6472 -3.95869 0 
62.8896 -5.07981 0 
59.793 -6.31513 0 
62.8896 -5.07981 0 
59.793 -6.31513 0 
61.4451 -5.95355 0 
62.6472 -3.95869 0 
61.4451 -5.95355 0 
63.4249 -2.01691 0 
63.5399 -3.72952 0 
64.6999 -2.43664 0 
63.5399 -3.72952 0 
64.6999 -2.43664 0 
62.6472 -3.95869 0 
60.8479 -2.42762 0 
62.6472 -3.95869 0 
63.5399 -3.72952 0 
62.8896 -5.07981 0 
62.6472 -3.95869 0 
62.8896 -5.07981 0 
62.6472 -3.95869 0 
64.6999 -2.43664 0 
63.5399 -3.72952 0 
64.6999 -2.43664 0 
56.5205 -7.74137 0 
59.793 -6.31513 0 
45.3414 -6.07398 0 
59.793 -6.31513 0 
45.3414 -6.07398 0 
50.1048 -5.3367 0 
23.755 -3.50288 0 
50.1048 -5.3367 0 
59.793 -6.31513 0 
62.8896 -5.07981 0 
50.1048 -5.3367 0 
62.8896 -5.07981 0 
50.1048 -5.3367 0 
45.3414 -6.07398 0 
59.793 -6.31513 0 
45.3414 -6.07398 0 
23.755 -3.50288 0 
50.1048 -5.3367 0 
45.128 -3.56259 0 
50.1048 -5.3367 0 
45.128 -3.56259 0 
63.5399 -3.72952 0 
63.4249 -2.01691 0 
63.5399 -3.72952 0 
50.1048 -5.3367 0 
62.8896 -5.07981 0 
63.5399 -3.72952 0 
62.8896 -5.07981 0 
63.5399 -3.72952 0 
45.128 -3.56259 0 
50.1048 -5.3367 0 
45.128 -3.56259 0 
8.7607 2.3091 0 
13.5223 3.44648 0 
34.3628 8.60068 0 
13.5223 3.44648 0 
34.3628 8.60068 0 
42.1308 8.66591 0 
71.2926 16.1696 0 
42.1308 8.66591 0 
13.5223 3.44648 0 
16.4081 2.27933 0 
42.1308 8.66591 0 
16.4081 2.27933 0 
42.1308 8.66591 0 
34.3628 8.60068 0 
13.5223 3.44648 0 
34.3628 8.60068 0 
0.0448681 -0.279978 0 
1.16604 -0.123144 0 
0.71648 -0.0838391 0 
1.16604 -0.123144 0 
0.71648 -0.0838391 0 
13.5223 3.44648 0 
8.7607 2.3091 0 
13.5223 3.44648 0 
1.16604 -0.123144 0 
16.4081 2.27933 0 
13.5223 3.44648 0 
16.4081 2.27933 0 
13.5223 3.44648 0 
0.71648 -0.0838391 0 
1.16604 -0.123144 0 
0.71648 -0.0838391 0 
0.116826 -0.289271 0 
4.01639 -0.445613 0 
0.0740495 -0.285329 0 
4.01639 -0.445613 0 
0.0740495 -0.285329 0 
1.16604 -0.123144 0 
0.0448681 -0.279978 0 
1.16604 -0.123144 0 
4.01639 -0.445613 0 
16.4081 2.27933 0 
1.16604 -0.123144 0 
16.4081 2.27933 0 
1.16604 -0.123144 0 
0.0740495 -0.285329 0 
4.01639 -0.445613 0 
0.0740495 -0.285329 0 
51.5812 3.03779 0 
34.8676 5.58695 0 
12.6599 0.771517 0 
34.8676 5.58695 0 
12.6599 0.771517 0 
4.01639 -0.445613 0 
0.116826 -0.289271 0 
4.01639 -0.445613 0 
34.8676 5.58695 0 
16.4081 2.27933 0 
4.01639 -0.445613 0 
16.4081 2.27933 0 
4.01639 -0.445613 0 
12.6599 0.771517 0 
34.8676 5.58695 0 
12.6599 0.771517 0 
0.0348826 -0.223799 0 
0.036423 -0.232675 0 
0.51417 0.0233121 0 
0.036423 -0.232675 0 
0.51417 0.0233121 0 
0.238705 -0.0544592 0 
2.8335 1.38326 0 
0.238705 -0.0544592 0 
0.036423 -0.232675 0 
0.0389419 -0.238059 0 
0.238705 -0.0544592 0 
0.0389419 -0.238059 0 
0.238705 -0.0544592 0 
0.51417 0.0233121 0 
0.036423 -0.232675 0 
0.51417 0.0233121 0 
34.1735 23.1914 0 
91.0753 54.4827 0 
80.8743 60.9876 0 
91.0753 54.4827 0 
80.8743 60.9876 0 
107.883 110.245 0 
104.755 147.529 0 
107.883 110.245 0 
91.0753 54.4827 0 
90.8558 60.4851 0 
107.883 110.245 0 
90.8558 60.4851 0 
107.883 110.245 0 
80.8743 60.9876 0 
91.0753 54.4827 0 
80.8743 60.9876 0 
71.2926 16.1696 0 
68.6178 21.7799 0 
34.3628 8.60068 0 
68.6178 21.7799 0 
34.3628 8.60068 0 
26.3103 9.1328 0 
8.7607 2.3091 0 
26.3103 9.1328 0 
68.6178 21.7799 0 
60.0129 25.0511 0 
26.3103 9.1328 0 
60.0129 25.0511 0 
26.3103 9.1328 0 
34.3628 8.60068 0 
68.6178 21.7799 0 
34.3628 8.60068 0 
8.7607 2.3091 0 
26.3103 9.1328 0 
5.31467 1.65008 0 
26.3103 9.1328 0 
5.31467 1.65008 0 
16.8815 8.13606 0 
2.8335 1.38326 0 
16.8815 8.13606 0 
26.3103 9.1328 0 
60.0129 25.0511 0 
16.8815 8.13606 0 
60.0129 25.0511 0 
16.8815 8.13606 0 
5.31467 1.65008 0 
26.3103 9.1328 0 
5.31467 1.65008 0 
2.8335 1.38326 0 
16.8815 8.13606 0 
11.1626 5.2983 0 
16.8815 8.13606 0 
11.1626 5.2983 0 
49.1073 25.8921 0 
34.1735 23.1914 0 
49.1073 25.8921 0 
16.8815 8.13606 0 
60.0129 25.0511 0 
49.1073 25.8921 0 
60.0129 25.0511 0 
49.1073 25.8921 0 
11.1626 5.2983 0 
16.8815 8.13606 0 
11.1626 5.2983 0 
34.1735 23.1914 0 
49.1073 25.8921 0 
91.0753 54.4827 0 
49.1073 25.8921 0 
91.0753 54.4827 0 
93.45 44.8716 0 
90.8558 60.4851 0 
93.45 44.8716 0 
49.1073 25.8921 0 
60.0129 25.0511 0 
93.45 44.8716 0 
60.0129 25.0511 0 
93.45 44.8716 0 
91.0753 54.4827 0 
49.1073 25.8921 0 
91.0753 54.4827 0 
90.8558 60.4851 0 
93.45 44.8716 0 
86.9737 53.3324 0 
93.45 44.8716 0 
86.9737 53.3324 0 
91.404 37.4735 0 
82.3946 43.2658 0 
91.404 37.4735 0 
93.45 44.8716 0 
60.0129 25.0511 0 
91.404 37.4735 0 
60.0129 25.0511 0 
91.404 37.4735 0 
86.9737 53.3324 0 
93.45 44.8716 0 
86.9737 53.3324 0 
82.3946 43.2658 0 
91.404 37.4735 0 
86.2079 27.8515 0 
91.404 37.4735 0 
86.2079 27.8515 0 
68.6178 21.7799 0 
71.2926 16.1696 0 
68.6178 21.7799 0 
91.404 37.4735 0 
60.0129 25.0511 0 
68.6178 21.7799 0 
60.0129 25.0511 0 
68.6178 21.7799 0 
86.2079 27.8515 0 
91.404 37.4735 0 
86.2079 27.8515 0 
71.2926 16.1696 0 
75.7574 13.8913 0 
80.4477 18.507 0 
75.7574 13.8913 0 
80.4477 18.507 0 
75.5656 14.7904 0 
71.5513 19.122 0 
75.5656 14.7904 0 
75.7574 13.8913 0 
75.7849 11.4213 0 
75.5656 14.7904 0 
75.7849 11.4213 0 
75.5656 14.7904 0 
80.4477 18.507 0 
75.7574 13.8913 0 
80.4477 18.507 0 
67.9231 10.7854 0 
72.5311 10.2062 0 
70.1663 7.17225 0 
72.5311 10.2062 0 
70.1663 7.17225 0 
72.8653 7.41825 0 
70.3307 4.46633 0 
72.8653 7.41825 0 
72.5311 10.2062 0 
75.7849 11.4213 0 
72.8653 7.41825 0 
75.7849 11.4213 0 
72.8653 7.41825 0 
70.1663 7.17225 0 
72.5311 10.2062 0 
70.1663 7.17225 0 
71.5513 19.122 0 
75.5656 14.7904 0 
69.6397 14.9385 0 
75.5656 14.7904 0 
69.6397 14.9385 0 
72.5311 10.2062 0 
67.9231 10.7854 0 
72.5311 10.2062 0 
75.5656 14.7904 0 
75.7849 11.4213 0 
72.5311 10.2062 0 
75.7849 11.4213 0 
72.5311 10.2062 0 
69.6397 14.9385 0 
75.5656 14.7904 0 
69.6397 14.9385 0 
70.3307 4.46633 0 
72.8653 7.41825 0 
69.119 4.56548 0 
72.8653 7.41825 0 
69.119 4.56548 0 
69.2116 6.84112 0 
51.5812 3.03779 0 
69.2116 6.84112 0 
72.8653 7.41825 0 
75.7849 11.4213 0 
69.2116 6.84112 0 
75.7849 11.4213 0 
69.2116 6.84112 0 
69.119 4.56548 0 
72.8653 7.41825 0 
69.119 4.56548 0 
51.5812 3.03779 0 
69.2116 6.84112 0 
34.8676 5.58695 0 
69.2116 6.84112 0 
34.8676 5.58695 0 
53.5712 6.0123 0 
16.4081 2.27933 0 
53.5712 6.0123 0 
69.2116 6.84112 0 
75.7849 11.4213 0 
53.5712 6.0123 0 
75.7849 11.4213 0 
53.5712 6.0123 0 
34.8676 5.58695 0 
69.2116 6.84112 0 
34.8676 5.58695 0 
16.4081 2.27933 0 
53.5712 6.0123 0 
42.1308 8.66591 0 
53.5712 6.0123 0 
42.1308 8.66591 0 
75.7574 13.8913 0 
71.2926 16.1696 0 
75.7574 13.8913 0 
53.5712 6.0123 0 
75.7849 11.4213 0 
75.7574 13.8913 0 
75.7849 11.4213 0 
75.7574 13.8913 0 
42.1308 8.66591 0 
53.5712 6.0123 0 
42.1308 8.66591 0 
0.0389419 -0.238059 0 
0.0377796 -0.251299 0 
0.238705 -0.0544592 0 
0.0377796 -0.251299 0 
0.238705 -0.0544592 0 
0.199774 -0.207328 0 
2.8335 1.38326 0 
0.199774 -0.207328 0 
0.0377796 -0.251299 0 
0.0395331 -0.25968 0 
0.199774 -0.207328 0 
0.0395331 -0.25968 0 
0.199774 -0.207328 0 
0.238705 -0.0544592 0 
0.0377796 -0.251299 0 
0.238705 -0.0544592 0 
2.8335 1.38326 0 
0.199774 -0.207328 0 
5.31467 1.65008 0 
0.199774 -0.207328 0 
5.31467 1.65008 0 
0.411215 -0.100121 0 
8.7607 2.3091 0 
0.411215 -0.100121 0 
0.199774 -0.207328 0 
0.0395331 -0.25968 0 
0.411215 -0.100121 0 
0.0395331 -0.25968 0 
0.411215 -0.100121 0 
5.31467 1.65008 0 
0.199774 -0.207328 0 
5.31467 1.65008 0 
8.7607 2.3091 0 
0.411215 -0.100121 0 
0.71648 -0.0838391 0 
0.411215 -0.100121 0 
0.71648 -0.0838391 0 
0.0406687 -0.271007 0 
0.0448681 -0.279978 0 
0.0406687 -0.271007 0 
0.411215 -0.100121 0 
0.0395331 -0.25968 0 
0.0406687 -0.271007 0 
0.0395331 -0.25968 0 
0.0406687 -0.271007 0 
0.71648 -0.0838391 0 
0.411215 -0.100121 0 
0.71648 -0.0838391 0 

