# vtk DataFile Version 3.0
Arquivo gerado por PZ
ASCII

DATASET UNSTRUCTURED_GRID
POINTS 4356 float
18.6603 -23.6603 0
16.3277 -23.6603 0
18.6603 -19.4817 0
16.3277 -23.6603 0
18.6603 -5 0
18.6603 -6.58405 0
15.7014 -5 0
18.6603 -6.58405 0
4.66506 -23.6603 0
6.9976 -19.3249 0
9.33013 -23.6603 0
6.9976 -19.3249 0
13.9952 -23.6603 0
15.1615 -20.2689 0
16.3277 -23.6603 0
15.1615 -20.2689 0
16.3277 -23.6603 0
15.1615 -20.2689 0
18.6603 -19.4817 0
15.1615 -20.2689 0
18.6603 -8.1681 0
16.3328 -7.37607 0
18.6603 -6.58405 0
16.3328 -7.37607 0
18.6603 -6.58405 0
16.3328 -7.37607 0
15.7014 -5 0
16.3328 -7.37607 0
18.6603 -11.5401 0
16.8566 -9.85408 0
18.6603 -8.1681 0
16.8566 -9.85408 0
18.6603 -8.1681 0
16.8566 -9.85408 0
16.3328 -7.37607 0
16.8566 -9.85408 0
16.3328 -7.37607 0
16.8566 -9.85408 0
14.5138 -9.07496 0
16.8566 -9.85408 0
-1.25652 0 0
-2.04267 -1.46473 0
-2.82882 0 0
-2.04267 -1.46473 0
-18.6603 -2.36603 0
-15.1735 -3.54904 0
-18.6603 -4.73205 0
-15.1735 -3.54904 0
-18.6603 0 0
-16.4267 0 0
-18.6603 -2.36603 0
-16.4267 0 0
-18.6603 -2.36603 0
-16.4267 0 0
-15.1735 -3.54904 0
-16.4267 0 0
-15.1735 -3.54904 0
-16.4267 0 0
-14.1932 0 0
-16.4267 0 0
-18.6603 -18.9282 0
-15.1277 -20.1112 0
-18.6603 -21.2942 0
-15.1277 -20.1112 0
-18.6603 -21.2942 0
-16.3277 -23.6603 0
-18.6603 -23.6603 0
-16.3277 -23.6603 0
-13.9952 -23.6603 0
-16.3277 -23.6603 0
-15.1277 -20.1112 0
-16.3277 -23.6603 0
-15.1277 -20.1112 0
-16.3277 -23.6603 0
-18.6603 -21.2942 0
-16.3277 -23.6603 0
4.66506 -23.6603 0
2.33253 -19.6101 0
6.9976 -19.3249 0
2.33253 -19.6101 0
7.31859e-13 -23.6603 0
2.33253 -19.6101 0
4.66506 -23.6603 0
2.33253 -19.6101 0
15.1615 -20.2689 0
16.3538 -17.3994 0
18.6603 -19.4817 0
16.3538 -17.3994 0
18.6603 -19.4817 0
16.3538 -17.3994 0
18.6603 -15.3171 0
16.3538 -17.3994 0
6.9976 -19.3249 0
11.0639 -19.9323 0
9.33013 -23.6603 0
11.0639 -19.9323 0
13.9952 -23.6603 0
11.0639 -19.9323 0
15.1615 -20.2689 0
11.0639 -19.9323 0
9.33013 -23.6603 0
11.0639 -19.9323 0
13.9952 -23.6603 0
11.0639 -19.9323 0
14.5138 -9.07496 0
14.5138 -6.58752 0
16.3328 -7.37607 0
14.5138 -6.58752 0
16.3328 -7.37607 0
14.5138 -6.58752 0
15.7014 -5 0
14.5138 -6.58752 0
15.7014 -5 0
14.5138 -6.58752 0
13.3262 -5 0
14.5138 -6.58752 0
12.3728 -7.48838 0
12.3728 -6.06157 0
14.5138 -6.58752 0
12.3728 -6.06157 0
14.5138 -6.58752 0
12.3728 -6.06157 0
13.3262 -5 0
12.3728 -6.06157 0
18.6603 -15.3171 0
15.9227 -13.4286 0
18.6603 -11.5401 0
15.9227 -13.4286 0
12.8428 -14.6832 0
15.9227 -13.4286 0
16.3538 -17.3994 0
15.9227 -13.4286 0
16.3538 -17.3994 0
15.9227 -13.4286 0
18.6603 -15.3171 0
15.9227 -13.4286 0
-4.79624 0 0
-6.02715 -2.10658 0
-7.25807 0 0
-6.02715 -2.10658 0
-2.82882 0 0
-3.81253 -1.41064 0
-4.79624 0 0
-3.81253 -1.41064 0
-4.79624 0 0
-3.81253 -1.41064 0
-6.02715 -2.10658 0
-3.81253 -1.41064 0
-6.02715 -2.10658 0
-3.81253 -1.41064 0
-3.81253 -3.13041 0
-3.81253 -1.41064 0
-3.81253 -3.13041 0
-3.81253 -1.41064 0
-2.04267 -1.46473 0
-3.81253 -1.41064 0
-2.04267 -1.46473 0
-3.81253 -1.41064 0
-2.82882 0 0
-3.81253 -1.41064 0
-0.628262 -2.33818 0
-2.11396 -3.1621 0
-2.04267 -1.46473 0
-2.11396 -3.1621 0
-2.04267 -1.46473 0
-2.11396 -3.1621 0
-3.81253 -3.13041 0
-2.11396 -3.1621 0
-12.2659 -6.29381 0
-15.8241 -7.15071 0
-15.1735 -3.54904 0
-15.8241 -7.15071 0
-15.1735 -3.54904 0
-15.8241 -7.15071 0
-18.6603 -4.73205 0
-15.8241 -7.15071 0
-18.6603 -4.73205 0
-15.8241 -7.15071 0
-18.6603 -9.4641 0
-15.8241 -7.15071 0
-12.2659 -6.29381 0
-12.2659 -2.44227 0
-8.79833 -3.91367 0
-12.2659 -2.44227 0
-15.1735 -3.54904 0
-12.2659 -2.44227 0
-12.2659 -6.29381 0
-12.2659 -2.44227 0
-14.1932 0 0
-12.2659 -2.44227 0
-15.1735 -3.54904 0
-12.2659 -2.44227 0
-10.3386 0 0
-12.2659 -2.44227 0
-14.1932 0 0
-12.2659 -2.44227 0
-7.25807 0 0
-8.79833 -1.65375 0
-10.3386 0 0
-8.79833 -1.65375 0
-10.3386 0 0
-8.79833 -1.65375 0
-12.2659 -2.44227 0
-8.79833 -1.65375 0
-12.2659 -2.44227 0
-8.79833 -1.65375 0
-8.79833 -3.91367 0
-8.79833 -1.65375 0
-8.79833 -3.91367 0
-8.79833 -1.65375 0
-6.02715 -2.10658 0
-8.79833 -1.65375 0
-6.02715 -2.10658 0
-8.79833 -1.65375 0
-7.25807 0 0
-8.79833 -1.65375 0
-11.5952 -16.5622 0
-11.3077 -20.3809 0
-15.1277 -20.1112 0
-11.3077 -20.3809 0
-15.1277 -20.1112 0
-11.3077 -20.3809 0
-13.9952 -23.6603 0
-11.3077 -20.3809 0
-13.9952 -23.6603 0
-11.3077 -20.3809 0
-9.33013 -23.6603 0
-11.3077 -20.3809 0
-9.33013 -23.6603 0
-11.3077 -20.3809 0
-6.9976 -19.0055 0
-11.3077 -20.3809 0
-6.9976 -19.0055 0
-11.3077 -20.3809 0
-11.5952 -16.5622 0
-11.3077 -20.3809 0
-15.1277 -20.1112 0
-15.429 -16.2788 0
-11.5952 -16.5622 0
-15.429 -16.2788 0
-18.6603 -18.9282 0
-15.429 -16.2788 0
-15.1277 -20.1112 0
-15.429 -16.2788 0
-18.6603 -14.1962 0
-15.429 -16.2788 0
-18.6603 -18.9282 0
-15.429 -16.2788 0
7.31859e-13 -23.6603 0
-2.33193 -19.2985 0
2.33253 -19.6101 0
-2.33193 -19.2985 0
-4.66506 -23.6603 0
-2.33193 -19.2985 0
7.31859e-13 -23.6603 0
-2.33193 -19.2985 0
16.3538 -17.3994 0
13.3006 -17.8132 0
12.8428 -14.6832 0
13.3006 -17.8132 0
11.0639 -19.9323 0
13.3006 -17.8132 0
15.1615 -20.2689 0
13.3006 -17.8132 0
15.1615 -20.2689 0
13.3006 -17.8132 0
16.3538 -17.3994 0
13.3006 -17.8132 0
9.98828 -13.1279 0
9.4438 -16.8634 0
6.9976 -14.4018 0
9.4438 -16.8634 0
12.8428 -14.6832 0
9.4438 -16.8634 0
9.98828 -13.1279 0
9.4438 -16.8634 0
6.9976 -19.3249 0
9.4438 -16.8634 0
11.0639 -19.9323 0
9.4438 -16.8634 0
11.0639 -19.9323 0
9.4438 -16.8634 0
13.3006 -17.8132 0
9.4438 -16.8634 0
13.3006 -17.8132 0
9.4438 -16.8634 0
12.8428 -14.6832 0
9.4438 -16.8634 0
12.0116 -10.2136 0
12.9472 -8.95107 0
14.5138 -9.07496 0
12.9472 -8.95107 0
14.5138 -9.07496 0
12.9472 -8.95107 0
14.5138 -6.58752 0
12.9472 -8.95107 0
14.5138 -6.58752 0
12.9472 -8.95107 0
12.3728 -7.48838 0
12.9472 -8.95107 0
12.0116 -10.2136 0
10.805 -8.66713 0
12.9472 -8.95107 0
10.805 -8.66713 0
12.9472 -8.95107 0
10.805 -8.66713 0
12.3728 -7.48838 0
10.805 -8.66713 0
14.5138 -9.07496 0
15.0754 -11.298 0
12.0116 -10.2136 0
15.0754 -11.298 0
16.8566 -9.85408 0
15.0754 -11.298 0
14.5138 -9.07496 0
15.0754 -11.298 0
15.9227 -13.4286 0
15.0754 -11.298 0
18.6603 -11.5401 0
15.0754 -11.298 0
18.6603 -11.5401 0
15.0754 -11.298 0
16.8566 -9.85408 0
15.0754 -11.298 0
6.9976 -14.4018 0
7.7286 -11.9705 0
9.98828 -13.1279 0
7.7286 -11.9705 0
9.98828 -13.1279 0
12.1849 -12.4935 0
12.8428 -14.6832 0
12.1849 -12.4935 0
15.0754 -11.298 0
12.1849 -12.4935 0
12.0116 -10.2136 0
12.1849 -12.4935 0
15.9227 -13.4286 0
12.1849 -12.4935 0
15.0754 -11.298 0
12.1849 -12.4935 0
12.8428 -14.6832 0
12.1849 -12.4935 0
15.9227 -13.4286 0
12.1849 -12.4935 0
7.7286 -11.9705 0
10.5251 -11.3411 0
9.98828 -13.1279 0
10.5251 -11.3411 0
9.98828 -13.1279 0
10.5251 -11.3411 0
12.1849 -12.4935 0
10.5251 -11.3411 0
12.1849 -12.4935 0
10.5251 -11.3411 0
12.0116 -10.2136 0
10.5251 -11.3411 0
12.0116 -10.2136 0
10.5251 -11.3411 0
10.805 -8.66713 0
10.5251 -11.3411 0
10.805 -8.66713 0
10.5251 -11.3411 0
9.27458 -9.95657 0
10.5251 -11.3411 0
-3.81253 -3.13041 0
-6.05995 -5.08463 0
-6.02715 -2.10658 0
-6.05995 -5.08463 0
-6.02715 -2.10658 0
-6.05995 -5.08463 0
-8.79833 -3.91367 0
-6.05995 -5.08463 0
-3.81253 -3.13041 0
-2.99544 -4.87202 0
-6.05995 -5.08463 0
-2.99544 -4.87202 0
-2.11396 -3.1621 0
-2.99544 -4.87202 0
-3.81253 -3.13041 0
-2.99544 -4.87202 0
0.256922 -3.28283 0
-0.943712 -3.52083 0
-0.628262 -2.33818 0
-0.943712 -3.52083 0
-0.628262 -2.33818 0
-0.943712 -3.52083 0
-2.11396 -3.1621 0
-0.943712 -3.52083 0
-2.11396 -3.1621 0
-0.943712 -3.52083 0
-2.99544 -4.87202 0
-0.943712 -3.52083 0
-2.99544 -4.87202 0
-0.943712 -3.52083 0
-1.41548 -5.96954 0
-0.943712 -3.52083 0
-8.79833 -3.91367 0
-8.99764 -7.33931 0
-12.2659 -6.29381 0
-8.99764 -7.33931 0
-6.05995 -5.08463 0
-8.99764 -7.33931 0
-8.79833 -3.91367 0
-8.99764 -7.33931 0
-13.6479 -11.5402 0
-9.91663 -12.9456 0
-11.5952 -16.5622 0
-9.91663 -12.9456 0
-18.6603 -14.1962 0
-15.8669 -13.4101 0
-15.429 -16.2788 0
-15.8669 -13.4101 0
-15.429 -16.2788 0
-15.8669 -13.4101 0
-11.5952 -16.5622 0
-15.8669 -13.4101 0
-11.5952 -16.5622 0
-15.8669 -13.4101 0
-13.6479 -11.5402 0
-15.8669 -13.4101 0
-18.6603 -11.8301 0
-15.8669 -13.4101 0
-18.6603 -14.1962 0
-15.8669 -13.4101 0
-6.9976 -23.6603 0
-5.83133 -21.3329 0
-4.66506 -23.6603 0
-5.83133 -21.3329 0
-9.33013 -23.6603 0
-5.83133 -21.3329 0
-6.9976 -23.6603 0
-5.83133 -21.3329 0
-6.9976 -19.0055 0
-5.83133 -21.3329 0
-9.33013 -23.6603 0
-5.83133 -21.3329 0
-4.66506 -23.6603 0
-5.83133 -21.3329 0
-2.33193 -19.2985 0
-5.83133 -21.3329 0
-18.6603 -9.4641 0
-16.2141 -10.6471 0
-18.6603 -11.8301 0
-16.2141 -10.6471 0
-18.6603 -11.8301 0
-16.2141 -10.6471 0
-15.8669 -13.4101 0
-16.2141 -10.6471 0
-15.8669 -13.4101 0
-16.2141 -10.6471 0
-13.6479 -11.5402 0
-16.2141 -10.6471 0
-13.6479 -11.5402 0
-16.2141 -10.6471 0
-15.8241 -7.15071 0
-16.2141 -10.6471 0
-15.8241 -7.15071 0
-16.2141 -10.6471 0
-18.6603 -9.4641 0
-16.2141 -10.6471 0
2.33253 -19.6101 0
4.53084 -17.2724 0
6.9976 -19.3249 0
4.53084 -17.2724 0
-2.33193 -19.2985 0
-4.52717 -16.9614 0
-2.33253 -14.6237 0
-4.52717 -16.9614 0
-6.9976 -19.0055 0
-4.52717 -16.9614 0
-5.83133 -21.3329 0
-4.52717 -16.9614 0
-5.83133 -21.3329 0
-4.52717 -16.9614 0
-2.33193 -19.2985 0
-4.52717 -16.9614 0
-2.33193 -19.2985 0
0.146672 -17.2632 0
2.33253 -19.6101 0
0.146672 -17.2632 0
-2.33253 -14.6237 0
0.146672 -17.2632 0
-2.33193 -19.2985 0
0.146672 -17.2632 0
2.34235 -14.9255 0
0.146672 -17.2632 0
-2.33253 -14.6237 0
0.146672 -17.2632 0
2.33253 -19.6101 0
0.146672 -17.2632 0
4.53084 -17.2724 0
0.146672 -17.2632 0
4.53084 -17.2724 0
0.146672 -17.2632 0
2.34235 -14.9255 0
0.146672 -17.2632 0
4.53084 -17.2724 0
6.98224 -16.8634 0
6.9976 -19.3249 0
6.98224 -16.8634 0
6.9976 -19.3249 0
6.98224 -16.8634 0
9.4438 -16.8634 0
6.98224 -16.8634 0
9.4438 -16.8634 0
6.98224 -16.8634 0
6.9976 -14.4018 0
6.98224 -16.8634 0
9.27458 -9.95657 0
9.52293 -8.6984 0
10.805 -8.66713 0
9.52293 -8.6984 0
-1.41548 -5.96954 0
0.153004 -5.08201 0
1.33282 -6.44432 0
0.153004 -5.08201 0
1.33282 -6.44432 0
0.153004 -5.08201 0
2.11203 -5.09291 0
0.153004 -5.08201 0
0.256922 -3.28283 0
0.153004 -5.08201 0
-0.943712 -3.52083 0
0.153004 -5.08201 0
-0.943712 -3.52083 0
0.153004 -5.08201 0
-1.41548 -5.96954 0
0.153004 -5.08201 0
-8.99764 -7.33931 0
-11.4322 -9.31862 0
-12.2659 -6.29381 0
-11.4322 -9.31862 0
-13.6479 -11.5402 0
-11.4322 -9.31862 0
-9.91663 -12.9456 0
-11.4322 -9.31862 0
-12.2659 -6.29381 0
-11.4322 -9.31862 0
-15.8241 -7.15071 0
-11.4322 -9.31862 0
-15.8241 -7.15071 0
-11.4322 -9.31862 0
-13.6479 -11.5402 0
-11.4322 -9.31862 0
-9.91663 -12.9456 0
-11.4322 -9.31862 0
-7.05575 -10.1684 0
-11.4322 -9.31862 0
-7.05575 -10.1684 0
-11.4322 -9.31862 0
-8.99764 -7.33931 0
-11.4322 -9.31862 0
-6.05995 -5.08463 0
-6.42282 -7.65296 0
-8.99764 -7.33931 0
-6.42282 -7.65296 0
-8.99764 -7.33931 0
-6.42282 -7.65296 0
-7.05575 -10.1684 0
-6.42282 -7.65296 0
-4.52717 -16.9614 0
-4.87224 -12.5848 0
-2.33253 -14.6237 0
-4.87224 -12.5848 0
-7.05575 -10.1684 0
-4.87224 -12.5848 0
-9.91663 -12.9456 0
-4.87224 -12.5848 0
-2.33253 -14.6237 0
-4.87224 -12.5848 0
-2.6375 -10.2157 0
-4.87224 -12.5848 0
1.33282 -6.44432 0
-0.44568 -8.54757 0
-1.41548 -5.96954 0
-0.44568 -8.54757 0
-2.6375 -10.2157 0
0.168818 -12.2361 0
-2.33253 -14.6237 0
0.168818 -12.2361 0
-2.33253 -14.6237 0
0.168818 -12.2361 0
2.34235 -14.9255 0
0.168818 -12.2361 0
-6.9976 -19.0055 0
-8.29353 -15.8967 0
-4.52717 -16.9614 0
-8.29353 -15.8967 0
-4.52717 -16.9614 0
-8.29353 -15.8967 0
-4.87224 -12.5848 0
-8.29353 -15.8967 0
-4.87224 -12.5848 0
-8.29353 -15.8967 0
-9.91663 -12.9456 0
-8.29353 -15.8967 0
-9.91663 -12.9456 0
-8.29353 -15.8967 0
-11.5952 -16.5622 0
-8.29353 -15.8967 0
-11.5952 -16.5622 0
-8.29353 -15.8967 0
-6.9976 -19.0055 0
-8.29353 -15.8967 0
2.34235 -14.9255 0
4.699 -14.9218 0
4.53084 -17.2724 0
4.699 -14.9218 0
4.53084 -17.2724 0
4.699 -14.9218 0
6.98224 -16.8634 0
4.699 -14.9218 0
6.98224 -16.8634 0
4.699 -14.9218 0
6.9976 -14.4018 0
4.699 -14.9218 0
6.9976 -14.4018 0
4.699 -14.9218 0
4.40366 -12.2964 0
4.699 -14.9218 0
4.40366 -12.2964 0
4.699 -14.9218 0
2.34235 -14.9255 0
4.699 -14.9218 0
10.805 -8.66713 0
10.5491 -7.41832 0
12.3728 -7.48838 0
10.5491 -7.41832 0
9.27458 -7.44022 0
10.5491 -7.41832 0
9.52293 -8.6984 0
10.5491 -7.41832 0
9.52293 -8.6984 0
10.5491 -7.41832 0
10.805 -8.66713 0
10.5491 -7.41832 0
3.5743 -7.31012 0
4.75497 -6.22652 0
5.97672 -7.26358 0
4.75497 -6.22652 0
1.33282 -6.44432 0
3.01573 -6.08771 0
3.5743 -7.31012 0
3.01573 -6.08771 0
2.11203 -5.09291 0
3.01573 -6.08771 0
1.33282 -6.44432 0
3.01573 -6.08771 0
3.5743 -7.31012 0
3.01573 -6.08771 0
4.75497 -6.22652 0
3.01573 -6.08771 0
4.40366 -12.2964 0
5.98669 -11.323 0
6.9976 -14.4018 0
5.98669 -11.323 0
6.9976 -14.4018 0
5.98669 -11.323 0
7.7286 -11.9705 0
5.98669 -11.323 0
5.98669 -11.323 0
4.80841 -8.98495 0
6.78187 -9.64338 0
4.80841 -8.98495 0
5.97672 -7.26358 0
4.80841 -8.98495 0
3.5743 -7.31012 0
4.80841 -8.98495 0
9.27458 -9.95657 0
8.11932 -9.07494 0
9.52293 -8.6984 0
8.11932 -9.07494 0
-6.42282 -7.65296 0
-4.83803 -9.38907 0
-7.05575 -10.1684 0
-4.83803 -9.38907 0
-7.05575 -10.1684 0
-4.83803 -9.38907 0
-4.87224 -12.5848 0
-4.83803 -9.38907 0
-4.87224 -12.5848 0
-4.83803 -9.38907 0
-2.6375 -10.2157 0
-4.83803 -9.38907 0
-6.42282 -7.65296 0
-4.41331 -6.62708 0
-4.83803 -9.38907 0
-4.41331 -6.62708 0
-1.41548 -5.96954 0
-4.41331 -6.62708 0
-2.99544 -4.87202 0
-4.41331 -6.62708 0
-6.05995 -5.08463 0
-4.41331 -6.62708 0
-6.42282 -7.65296 0
-4.41331 -6.62708 0
-2.99544 -4.87202 0
-4.41331 -6.62708 0
-6.05995 -5.08463 0
-4.41331 -6.62708 0
1.33282 -6.44432 0
1.77853 -8.62479 0
-0.44568 -8.54757 0
1.77853 -8.62479 0
3.5743 -7.31012 0
1.77853 -8.62479 0
1.33282 -6.44432 0
1.77853 -8.62479 0
8.11932 -9.07494 0
8.15975 -7.87794 0
9.52293 -8.6984 0
8.15975 -7.87794 0
9.52293 -8.6984 0
8.15975 -7.87794 0
9.27458 -7.44022 0
8.15975 -7.87794 0
9.27458 -9.95657 0
7.93917 -10.5087 0
8.11932 -9.07494 0
7.93917 -10.5087 0
8.11932 -9.07494 0
7.93917 -10.5087 0
6.78187 -9.64338 0
7.93917 -10.5087 0
6.78187 -9.64338 0
7.93917 -10.5087 0
5.98669 -11.323 0
7.93917 -10.5087 0
5.98669 -11.323 0
7.93917 -10.5087 0
7.7286 -11.9705 0
7.93917 -10.5087 0
7.7286 -11.9705 0
7.93917 -10.5087 0
10.5251 -11.3411 0
7.93917 -10.5087 0
10.5251 -11.3411 0
7.93917 -10.5087 0
9.27458 -9.95657 0
7.93917 -10.5087 0
-2.6375 -10.2157 0
-2.6152 -7.97098 0
-0.44568 -8.54757 0
-2.6152 -7.97098 0
-1.41548 -5.96954 0
-2.6152 -7.97098 0
-4.41331 -6.62708 0
-2.6152 -7.97098 0
-0.44568 -8.54757 0
-2.6152 -7.97098 0
-1.41548 -5.96954 0
-2.6152 -7.97098 0
-4.41331 -6.62708 0
-2.6152 -7.97098 0
-4.83803 -9.38907 0
-2.6152 -7.97098 0
-4.83803 -9.38907 0
-2.6152 -7.97098 0
-2.6375 -10.2157 0
-2.6152 -7.97098 0
3.5743 -7.31012 0
3.29291 -8.80956 0
1.77853 -8.62479 0
3.29291 -8.80956 0
4.80841 -8.98495 0
3.29291 -8.80956 0
3.5743 -7.31012 0
3.29291 -8.80956 0
1.77853 -8.62479 0
0.608059 -10.2675 0
-0.44568 -8.54757 0
0.608059 -10.2675 0
-2.6375 -10.2157 0
0.608059 -10.2675 0
0.168818 -12.2361 0
0.608059 -10.2675 0
-0.44568 -8.54757 0
0.608059 -10.2675 0
-2.6375 -10.2157 0
0.608059 -10.2675 0
8.11932 -9.07494 0
7.01856 -7.74726 0
8.15975 -7.87794 0
7.01856 -7.74726 0
6.78187 -9.64338 0
7.01856 -7.74726 0
8.11932 -9.07494 0
7.01856 -7.74726 0
4.80841 -8.98495 0
3.85946 -10.5494 0
3.29291 -8.80956 0
3.85946 -10.5494 0
5.98669 -11.323 0
3.85946 -10.5494 0
4.80841 -8.98495 0
3.85946 -10.5494 0
4.40366 -12.2964 0
3.85946 -10.5494 0
5.98669 -11.323 0
3.85946 -10.5494 0
3.29291 -8.80956 0
3.85946 -10.5494 0
1.77853 -8.62479 0
3.85946 -10.5494 0
6.78187 -9.64338 0
6.0144 -8.54631 0
7.01856 -7.74726 0
6.0144 -8.54631 0
4.80841 -8.98495 0
6.0144 -8.54631 0
6.78187 -9.64338 0
6.0144 -8.54631 0
7.01856 -7.74726 0
6.0144 -8.54631 0
5.97672 -7.26358 0
6.0144 -8.54631 0
5.97672 -7.26358 0
6.0144 -8.54631 0
4.80841 -8.98495 0
6.0144 -8.54631 0
4.40366 -12.2964 0
2.12699 -11.6397 0
3.85946 -10.5494 0
2.12699 -11.6397 0
0.608059 -10.2675 0
2.12699 -11.6397 0
0.168818 -12.2361 0
2.12699 -11.6397 0
0.168818 -12.2361 0
2.12699 -11.6397 0
2.34235 -14.9255 0
2.12699 -11.6397 0
2.34235 -14.9255 0
2.12699 -11.6397 0
4.40366 -12.2964 0
2.12699 -11.6397 0
3.85946 -10.5494 0
2.12699 -11.6397 0
1.77853 -8.62479 0
2.12699 -11.6397 0
1.77853 -8.62479 0
2.12699 -11.6397 0
0.608059 -10.2675 0
2.12699 -11.6397 0
13.3262 -5 0
12.8495 -5.53078 0
12.3728 -5 0
12.8495 -5.53078 0
12.8495 -5.53078 0
12.3728 -6.06157 0
11.8962 -5.53078 0
12.3728 -6.06157 0
11.8962 -5.53078 0
12.3728 -5 0
12.8495 -5.53078 0
12.3728 -5 0
0.876117 -3.47144 0
0.256922 -3.28283 0
0.585352 -2.72505 0
0.256922 -3.28283 0
3.2476 -1.875 0
2.69705 -2.21085 0
2.70633 -1.5625 0
2.69705 -2.21085 0
2.70633 -1.5625 0
2.15579 -1.89835 0
2.16506 -1.25 0
2.15579 -1.89835 0
2.15579 -1.89835 0
2.70633 -1.5625 0
2.69705 -2.21085 0
2.70633 -1.5625 0
1.6238 -0.9375 0
1.31098 -1.16682 0
1.35316 -0.78125 0
1.31098 -1.16682 0
1.35316 -0.78125 0
1.04034 -1.01057 0
1.08253 -0.625 0
1.04034 -1.01057 0
1.04034 -1.01057 0
1.35316 -0.78125 0
1.31098 -1.16682 0
1.35316 -0.78125 0
2.16506 -1.25 0
1.58161 -1.32307 0
1.89443 -1.09375 0
1.58161 -1.32307 0
1.89443 -1.09375 0
1.31098 -1.16682 0
1.6238 -0.9375 0
1.31098 -1.16682 0
1.31098 -1.16682 0
1.89443 -1.09375 0
1.58161 -1.32307 0
1.89443 -1.09375 0
12.3728 -7.48838 0
11.5135 -6.81815 0
12.3728 -6.77498 0
11.5135 -6.81815 0
12.3728 -6.77498 0
11.5135 -6.10474 0
12.3728 -6.06157 0
11.5135 -6.10474 0
11.5135 -6.81815 0
10.6542 -6.14791 0
11.5135 -6.10474 0
10.6542 -6.14791 0
11.5135 -6.10474 0
12.3728 -6.77498 0
11.5135 -6.81815 0
12.3728 -6.77498 0
12.3728 -6.06157 0
11.5135 -6.10474 0
11.8962 -5.53078 0
11.5135 -6.10474 0
2.88656 -5.00086 0
2.11203 -5.09291 0
2.50424 -4.41269 0
2.11203 -5.09291 0
2.50424 -4.41269 0
2.11203 -5.09291 0
1.80367 -4.37648 0
2.11203 -5.09291 0
7.03646 -4.0625 0
6.48342 -4.39539 0
6.49519 -3.75 0
6.48342 -4.39539 0
6.48342 -4.39539 0
7.03646 -4.0625 0
7.02468 -4.70789 0
7.03646 -4.0625 0
5.41266 -3.125 0
4.85962 -3.45789 0
4.87139 -2.8125 0
4.85962 -3.45789 0
4.87139 -2.8125 0
4.31835 -3.14539 0
4.33013 -2.5 0
4.31835 -3.14539 0
4.31835 -3.14539 0
4.87139 -2.8125 0
4.85962 -3.45789 0
4.87139 -2.8125 0
3.2476 -1.875 0
3.1523 -2.33795 0
2.69705 -2.21085 0
3.1523 -2.33795 0
4.33013 -2.5 0
3.69356 -2.65045 0
3.78886 -2.1875 0
3.69356 -2.65045 0
3.78886 -2.1875 0
3.1523 -2.33795 0
3.2476 -1.875 0
3.1523 -2.33795 0
3.1523 -2.33795 0
3.78886 -2.1875 0
3.69356 -2.65045 0
3.78886 -2.1875 0
-0.628262 -1.71143 0
-0.208877 -2.01916 0
-0.628262 -2.33818 0
-0.208877 -2.01916 0
-0.208877 -2.01916 0
-0.628262 -1.71143 0
-0.208877 -1.39242 0
-0.628262 -1.71143 0
-0.628262 -2.33818 0
-0.208877 -2.01916 0
-0.18567 -2.8105 0
-0.208877 -2.01916 0
-0.18567 -2.8105 0
0.233715 -2.49149 0
0.256922 -3.28283 0
0.233715 -2.49149 0
0.233715 -2.49149 0
-0.18567 -2.8105 0
-0.208877 -2.01916 0
-0.18567 -2.8105 0
0.256922 -3.28283 0
0.233715 -2.49149 0
0.585352 -2.72505 0
0.233715 -2.49149 0
12.3728 -7.48838 0
11.461 -7.45335 0
11.5135 -6.81815 0
11.461 -7.45335 0
11.5135 -6.81815 0
10.6017 -6.78312 0
10.6542 -6.14791 0
10.6017 -6.78312 0
11.461 -7.45335 0
10.5491 -7.41832 0
10.6017 -6.78312 0
10.5491 -7.41832 0
10.6017 -6.78312 0
11.5135 -6.81815 0
11.461 -7.45335 0
11.5135 -6.81815 0
10.6017 -6.78312 0
10.5491 -7.41832 0
9.91186 -6.78055 0
10.5491 -7.41832 0
9.27458 -6.7915 0
9.91186 -7.42927 0
9.27458 -7.44022 0
9.91186 -7.42927 0
9.91186 -6.78055 0
10.5491 -7.41832 0
9.91186 -7.42927 0
10.5491 -7.41832 0
9.91186 -7.42927 0
9.27458 -6.7915 0
9.91186 -6.78055 0
9.27458 -6.7915 0
2.88656 -5.00086 0
2.56388 -5.59031 0
2.11203 -5.09291 0
2.56388 -5.59031 0
3.33841 -5.49826 0
3.01573 -6.08771 0
2.56388 -5.59031 0
3.01573 -6.08771 0
2.56388 -5.59031 0
2.88656 -5.00086 0
3.33841 -5.49826 0
2.88656 -5.00086 0
4.75497 -6.22652 0
3.88535 -6.15712 0
4.20803 -5.56767 0
3.88535 -6.15712 0
3.88535 -6.15712 0
3.01573 -6.08771 0
3.33841 -5.49826 0
3.01573 -6.08771 0
3.33841 -5.49826 0
4.20803 -5.56767 0
3.88535 -6.15712 0
4.20803 -5.56767 0
8.46512 -7.11586 0
8.7667 -6.69626 0
9.27458 -7.44022 0
8.7667 -6.69626 0
9.27458 -7.44022 0
8.7667 -6.69626 0
9.27458 -6.7915 0
8.7667 -6.69626 0
5.41266 -3.125 0
5.36643 -3.51757 0
4.85962 -3.45789 0
5.36643 -3.51757 0
5.36643 -3.51757 0
5.3202 -3.91014 0
4.81339 -3.85046 0
5.3202 -3.91014 0
4.81339 -3.85046 0
4.85962 -3.45789 0
5.36643 -3.51757 0
4.85962 -3.45789 0
5.95392 -3.4375 0
5.63706 -3.67382 0
5.68329 -3.28125 0
5.63706 -3.67382 0
5.68329 -3.28125 0
5.36643 -3.51757 0
5.41266 -3.125 0
5.36643 -3.51757 0
5.63706 -3.67382 0
5.3202 -3.91014 0
5.36643 -3.51757 0
5.3202 -3.91014 0
5.36643 -3.51757 0
5.68329 -3.28125 0
5.63706 -3.67382 0
5.68329 -3.28125 0
4.33013 -2.5 0
4.06923 -2.81804 0
3.69356 -2.65045 0
4.06923 -2.81804 0
4.06923 -2.81804 0
3.80834 -3.13609 0
3.43267 -2.96849 0
3.80834 -3.13609 0
3.43267 -2.96849 0
3.69356 -2.65045 0
4.06923 -2.81804 0
3.69356 -2.65045 0
4.31835 -3.14539 0
4.06923 -2.81804 0
4.33013 -2.5 0
4.06923 -2.81804 0
4.05746 -3.46343 0
3.80834 -3.13609 0
4.06923 -2.81804 0
3.80834 -3.13609 0
4.06923 -2.81804 0
4.31835 -3.14539 0
4.05746 -3.46343 0
4.31835 -3.14539 0
5.97672 -7.26358 0
5.80348 -6.46087 0
6.28494 -6.74896 0
5.80348 -6.46087 0
4.75497 -6.22652 0
5.1926 -5.94234 0
5.36584 -6.74505 0
5.1926 -5.94234 0
5.36584 -6.74505 0
5.80348 -6.46087 0
5.97672 -7.26358 0
5.80348 -6.46087 0
9.27458 -7.44022 0
8.71717 -7.65908 0
8.46512 -7.11586 0
8.71717 -7.65908 0
8.46512 -7.11586 0
7.90771 -7.33472 0
7.65567 -6.7915 0
7.90771 -7.33472 0
8.71717 -7.65908 0
8.15975 -7.87794 0
7.90771 -7.33472 0
8.15975 -7.87794 0
7.90771 -7.33472 0
8.46512 -7.11586 0
8.71717 -7.65908 0
8.46512 -7.11586 0
6.48342 -4.39539 0
6.23935 -4.06814 0
6.49519 -3.75 0
6.23935 -4.06814 0
5.95392 -3.4375 0
5.96871 -3.91189 0
5.63706 -3.67382 0
5.96871 -3.91189 0
5.63706 -3.67382 0
5.65185 -4.14821 0
5.3202 -3.91014 0
5.65185 -4.14821 0
5.65185 -4.14821 0
5.63706 -3.67382 0
5.96871 -3.91189 0
5.63706 -3.67382 0
6.49519 -3.75 0
6.23935 -4.06814 0
6.22456 -3.59375 0
6.23935 -4.06814 0
6.22456 -3.59375 0
5.96871 -3.91189 0
5.95392 -3.4375 0
5.96871 -3.91189 0
5.96871 -3.91189 0
6.22456 -3.59375 0
6.23935 -4.06814 0
6.22456 -3.59375 0
8.15975 -7.87794 0
7.58916 -7.8126 0
7.90771 -7.33472 0
7.58916 -7.8126 0
7.90771 -7.33472 0
7.33712 -7.26938 0
7.65567 -6.7915 0
7.33712 -7.26938 0
7.58916 -7.8126 0
7.01856 -7.74726 0
7.33712 -7.26938 0
7.01856 -7.74726 0
7.33712 -7.26938 0
7.90771 -7.33472 0
7.58916 -7.8126 0
7.90771 -7.33472 0
7.33712 -7.26938 0
7.01856 -7.74726 0
6.80586 -6.9908 0
7.01856 -7.74726 0
6.28494 -6.74896 0
6.49764 -7.50542 0
5.97672 -7.26358 0
6.49764 -7.50542 0
6.80586 -6.9908 0
7.01856 -7.74726 0
6.49764 -7.50542 0
7.01856 -7.74726 0
6.49764 -7.50542 0
6.28494 -6.74896 0
6.80586 -6.9908 0
6.28494 -6.74896 0
0 0 0
-0.157066 -0.271171 0
-0.314131 0 0
-0.157066 -0.271171 0
-0.314131 0 0
-0.471197 -0.271171 0
-0.628262 0 0
-0.471197 -0.271171 0
-0.157066 -0.271171 0
-0.314131 -0.542343 0
-0.471197 -0.271171 0
-0.314131 -0.542343 0
-0.471197 -0.271171 0
-0.314131 0 0
-0.157066 -0.271171 0
-0.314131 0 0
-0.628262 0 0
-0.785328 -0.271171 0
-0.942394 0 0
-0.785328 -0.271171 0
-0.942394 0 0
-1.09946 -0.271171 0
-1.25652 0 0
-1.09946 -0.271171 0
-0.785328 -0.271171 0
-0.942394 -0.542343 0
-1.09946 -0.271171 0
-0.942394 -0.542343 0
-1.09946 -0.271171 0
-0.942394 0 0
-0.785328 -0.271171 0
-0.942394 0 0
-0.314131 -0.542343 0
-0.471197 -0.813514 0
-0.628262 -0.542343 0
-0.471197 -0.813514 0
-0.628262 -0.542343 0
-0.785328 -0.813514 0
-0.942394 -0.542343 0
-0.785328 -0.813514 0
-0.471197 -0.813514 0
-0.628262 -1.08469 0
-0.785328 -0.813514 0
-0.628262 -1.08469 0
-0.785328 -0.813514 0
-0.628262 -0.542343 0
-0.471197 -0.813514 0
-0.628262 -0.542343 0
-0.942394 -0.542343 0
-0.785328 -0.271171 0
-0.628262 -0.542343 0
-0.785328 -0.271171 0
-0.628262 -0.542343 0
-0.471197 -0.271171 0
-0.314131 -0.542343 0
-0.471197 -0.271171 0
-0.785328 -0.271171 0
-0.628262 0 0
-0.471197 -0.271171 0
-0.628262 0 0
-0.471197 -0.271171 0
-0.628262 -0.542343 0
-0.785328 -0.271171 0
-0.628262 -0.542343 0
12.3728 -5 0
12.1345 -5.26539 0
11.8962 -5 0
12.1345 -5.26539 0
11.8962 -5 0
11.6578 -5.26539 0
11.4195 -5 0
11.6578 -5.26539 0
12.1345 -5.26539 0
11.8962 -5.53078 0
11.6578 -5.26539 0
11.8962 -5.53078 0
11.6578 -5.26539 0
11.8962 -5 0
12.1345 -5.26539 0
11.8962 -5 0
1.49531 -3.66005 0
1.18571 -3.56574 0
1.34993 -3.28685 0
1.18571 -3.56574 0
1.34993 -3.28685 0
1.04033 -3.19255 0
1.20455 -2.91366 0
1.04033 -3.19255 0
1.18571 -3.56574 0
0.876117 -3.47144 0
1.04033 -3.19255 0
0.876117 -3.47144 0
1.04033 -3.19255 0
1.34993 -3.28685 0
1.18571 -3.56574 0
1.34993 -3.28685 0
1.20455 -2.91366 0
0.89495 -2.81936 0
1.05916 -2.54047 0
0.89495 -2.81936 0
1.05916 -2.54047 0
0.749568 -2.44617 0
0.913783 -2.16728 0
0.749568 -2.44617 0
0.89495 -2.81936 0
0.585352 -2.72505 0
0.749568 -2.44617 0
0.585352 -2.72505 0
0.749568 -2.44617 0
1.05916 -2.54047 0
0.89495 -2.81936 0
1.05916 -2.54047 0
0.585352 -2.72505 0
0.89495 -2.81936 0
0.730735 -3.09824 0
0.89495 -2.81936 0
0.730735 -3.09824 0
1.04033 -3.19255 0
0.876117 -3.47144 0
1.04033 -3.19255 0
0.89495 -2.81936 0
1.20455 -2.91366 0
1.04033 -3.19255 0
1.20455 -2.91366 0
1.04033 -3.19255 0
0.730735 -3.09824 0
0.89495 -2.81936 0
0.730735 -3.09824 0
0.913783 -2.16728 0
1.22196 -2.26214 0
1.05916 -2.54047 0
1.22196 -2.26214 0
1.05916 -2.54047 0
1.36735 -2.63533 0
1.20455 -2.91366 0
1.36735 -2.63533 0
1.22196 -2.26214 0
1.53015 -2.35699 0
1.36735 -2.63533 0
1.53015 -2.35699 0
1.36735 -2.63533 0
1.05916 -2.54047 0
1.22196 -2.26214 0
1.05916 -2.54047 0
1.20455 -2.91366 0
1.51273 -3.00852 0
1.34993 -3.28685 0
1.51273 -3.00852 0
1.34993 -3.28685 0
1.65811 -3.38171 0
1.49531 -3.66005 0
1.65811 -3.38171 0
1.51273 -3.00852 0
1.82091 -3.10338 0
1.65811 -3.38171 0
1.82091 -3.10338 0
1.65811 -3.38171 0
1.34993 -3.28685 0
1.51273 -3.00852 0
1.34993 -3.28685 0
1.53015 -2.35699 0
1.83833 -2.45185 0
1.67553 -2.73019 0
1.83833 -2.45185 0
1.67553 -2.73019 0
1.98371 -2.82504 0
1.82091 -3.10338 0
1.98371 -2.82504 0
1.83833 -2.45185 0
2.14651 -2.54671 0
1.98371 -2.82504 0
2.14651 -2.54671 0
1.98371 -2.82504 0
1.67553 -2.73019 0
1.83833 -2.45185 0
1.67553 -2.73019 0
1.82091 -3.10338 0
1.51273 -3.00852 0
1.67553 -2.73019 0
1.51273 -3.00852 0
1.67553 -2.73019 0
1.36735 -2.63533 0
1.53015 -2.35699 0
1.36735 -2.63533 0
1.51273 -3.00852 0
1.20455 -2.91366 0
1.36735 -2.63533 0
1.20455 -2.91366 0
1.36735 -2.63533 0
1.67553 -2.73019 0
1.51273 -3.00852 0
1.67553 -2.73019 0
2.16506 -1.25 0
2.16043 -1.57418 0
1.85224 -1.47932 0
2.16043 -1.57418 0
1.85224 -1.47932 0
1.8476 -1.8035 0
1.53942 -1.70864 0
1.8476 -1.8035 0
2.16043 -1.57418 0
2.15579 -1.89835 0
1.8476 -1.8035 0
2.15579 -1.89835 0
1.8476 -1.8035 0
1.85224 -1.47932 0
2.16043 -1.57418 0
1.85224 -1.47932 0
1.53942 -1.70864 0
1.53478 -2.03282 0
1.2266 -1.93796 0
1.53478 -2.03282 0
1.2266 -1.93796 0
1.22196 -2.26214 0
0.913783 -2.16728 0
1.22196 -2.26214 0
1.53478 -2.03282 0
1.53015 -2.35699 0
1.22196 -2.26214 0
1.53015 -2.35699 0
1.22196 -2.26214 0
1.2266 -1.93796 0
1.53478 -2.03282 0
1.2266 -1.93796 0
2.15579 -1.89835 0
2.15115 -2.22253 0
1.84297 -2.12767 0
2.15115 -2.22253 0
1.84297 -2.12767 0
1.83833 -2.45185 0
1.53015 -2.35699 0
1.83833 -2.45185 0
2.15115 -2.22253 0
2.14651 -2.54671 0
1.83833 -2.45185 0
2.14651 -2.54671 0
1.83833 -2.45185 0
1.84297 -2.12767 0
2.15115 -2.22253 0
1.84297 -2.12767 0
1.53015 -2.35699 0
1.53478 -2.03282 0
1.84297 -2.12767 0
1.53478 -2.03282 0
1.84297 -2.12767 0
1.8476 -1.8035 0
2.15579 -1.89835 0
1.8476 -1.8035 0
1.53478 -2.03282 0
1.53942 -1.70864 0
1.8476 -1.8035 0
1.53942 -1.70864 0
1.8476 -1.8035 0
1.84297 -2.12767 0
1.53478 -2.03282 0
1.84297 -2.12767 0
2.69705 -2.21085 0
2.42178 -2.37878 0
2.42642 -2.0546 0
2.42178 -2.37878 0
2.42642 -2.0546 0
2.15115 -2.22253 0
2.15579 -1.89835 0
2.15115 -2.22253 0
2.42178 -2.37878 0
2.14651 -2.54671 0
2.15115 -2.22253 0
2.14651 -2.54671 0
2.15115 -2.22253 0
2.42642 -2.0546 0
2.42178 -2.37878 0
2.42642 -2.0546 0
0 0 0
0.0568638 -0.214009 0
-0.157066 -0.271171 0
0.0568638 -0.214009 0
-0.157066 -0.271171 0
-0.100202 -0.48518 0
-0.314131 -0.542343 0
-0.100202 -0.48518 0
0.0568638 -0.214009 0
0.113728 -0.428018 0
-0.100202 -0.48518 0
0.113728 -0.428018 0
-0.100202 -0.48518 0
-0.157066 -0.271171 0
0.0568638 -0.214009 0
-0.157066 -0.271171 0
-0.314131 -0.542343 0
-0.257267 -0.756352 0
-0.471197 -0.813514 0
-0.257267 -0.756352 0
-0.471197 -0.813514 0
-0.414333 -1.02752 0
-0.628262 -1.08469 0
-0.414333 -1.02752 0
-0.257267 -0.756352 0
-0.200404 -0.970361 0
-0.414333 -1.02752 0
-0.200404 -0.970361 0
-0.414333 -1.02752 0
-0.471197 -0.813514 0
-0.257267 -0.756352 0
-0.471197 -0.813514 0
0.113728 -0.428018 0
0.170591 -0.642027 0
-0.043338 -0.699189 0
0.170591 -0.642027 0
-0.043338 -0.699189 0
0.0135258 -0.913198 0
-0.200404 -0.970361 0
0.0135258 -0.913198 0
0.170591 -0.642027 0
0.227455 -0.856036 0
0.0135258 -0.913198 0
0.227455 -0.856036 0
0.0135258 -0.913198 0
-0.043338 -0.699189 0
0.170591 -0.642027 0
-0.043338 -0.699189 0
-0.200404 -0.970361 0
-0.257267 -0.756352 0
-0.043338 -0.699189 0
-0.257267 -0.756352 0
-0.043338 -0.699189 0
-0.100202 -0.48518 0
0.113728 -0.428018 0
-0.100202 -0.48518 0
-0.257267 -0.756352 0
-0.314131 -0.542343 0
-0.100202 -0.48518 0
-0.314131 -0.542343 0
-0.100202 -0.48518 0
-0.043338 -0.699189 0
-0.257267 -0.756352 0
-0.043338 -0.699189 0
1.08253 -0.625 0
0.868763 -0.682759 0
0.811899 -0.46875 0
0.868763 -0.682759 0
0.811899 -0.46875 0
0.59813 -0.526509 0
0.541266 -0.3125 0
0.59813 -0.526509 0
0.868763 -0.682759 0
0.654994 -0.740518 0
0.59813 -0.526509 0
0.654994 -0.740518 0
0.59813 -0.526509 0
0.811899 -0.46875 0
0.868763 -0.682759 0
0.811899 -0.46875 0
0.541266 -0.3125 0
0.327497 -0.370259 0
0.270633 -0.15625 0
0.327497 -0.370259 0
0.270633 -0.15625 0
0.0568638 -0.214009 0
0 0 0
0.0568638 -0.214009 0
0.327497 -0.370259 0
0.113728 -0.428018 0
0.0568638 -0.214009 0
0.113728 -0.428018 0
0.0568638 -0.214009 0
0.270633 -0.15625 0
0.327497 -0.370259 0
0.270633 -0.15625 0
0.654994 -0.740518 0
0.441224 -0.798277 0
0.384361 -0.584268 0
0.441224 -0.798277 0
0.384361 -0.584268 0
0.170591 -0.642027 0
0.113728 -0.428018 0
0.170591 -0.642027 0
0.441224 -0.798277 0
0.227455 -0.856036 0
0.170591 -0.642027 0
0.227455 -0.856036 0
0.170591 -0.642027 0
0.384361 -0.584268 0
0.441224 -0.798277 0
0.384361 -0.584268 0
0.113728 -0.428018 0
0.327497 -0.370259 0
0.384361 -0.584268 0
0.327497 -0.370259 0
0.384361 -0.584268 0
0.59813 -0.526509 0
0.654994 -0.740518 0
0.59813 -0.526509 0
0.327497 -0.370259 0
0.541266 -0.3125 0
0.59813 -0.526509 0
0.541266 -0.3125 0
0.59813 -0.526509 0
0.384361 -0.584268 0
0.327497 -0.370259 0
0.384361 -0.584268 0
9.88891 -5 0
9.73533 -5.28569 0
9.58175 -5 0
9.73533 -5.28569 0
9.58175 -5 0
9.42816 -5.28569 0
9.27458 -5 0
9.42816 -5.28569 0
9.73533 -5.28569 0
9.58175 -5.57139 0
9.42816 -5.28569 0
9.58175 -5.57139 0
9.42816 -5.28569 0
9.58175 -5 0
9.73533 -5.28569 0
9.58175 -5 0
9.27458 -5 0
9.121 -5.28569 0
8.96742 -5 0
9.121 -5.28569 0
8.96742 -5 0
8.81384 -5.28569 0
8.66025 -5 0
8.81384 -5.28569 0
9.121 -5.28569 0
8.96742 -5.57139 0
8.81384 -5.28569 0
8.96742 -5.57139 0
8.81384 -5.28569 0
8.96742 -5 0
9.121 -5.28569 0
8.96742 -5 0
9.58175 -5.57139 0
9.42816 -5.85708 0
9.27458 -5.57139 0
9.42816 -5.85708 0
9.27458 -5.57139 0
9.121 -5.85708 0
8.96742 -5.57139 0
9.121 -5.85708 0
9.42816 -5.85708 0
9.27458 -6.14278 0
9.121 -5.85708 0
9.27458 -6.14278 0
9.121 -5.85708 0
9.27458 -5.57139 0
9.42816 -5.85708 0
9.27458 -5.57139 0
8.96742 -5.57139 0
9.121 -5.28569 0
9.27458 -5.57139 0
9.121 -5.28569 0
9.27458 -5.57139 0
9.42816 -5.28569 0
9.58175 -5.57139 0
9.42816 -5.28569 0
9.121 -5.28569 0
9.27458 -5 0
9.42816 -5.28569 0
9.27458 -5 0
9.42816 -5.28569 0
9.27458 -5.57139 0
9.121 -5.28569 0
9.27458 -5.57139 0
2.14651 -2.54671 0
2.334 -2.84315 0
1.98371 -2.82504 0
2.334 -2.84315 0
1.98371 -2.82504 0
2.1712 -3.12148 0
1.82091 -3.10338 0
2.1712 -3.12148 0
2.334 -2.84315 0
2.52148 -3.13959 0
2.1712 -3.12148 0
2.52148 -3.13959 0
2.1712 -3.12148 0
1.98371 -2.82504 0
2.334 -2.84315 0
1.98371 -2.82504 0
1.82091 -3.10338 0
2.0084 -3.39982 0
1.65811 -3.38171 0
2.0084 -3.39982 0
1.65811 -3.38171 0
1.8456 -3.67815 0
1.49531 -3.66005 0
1.8456 -3.67815 0
2.0084 -3.39982 0
2.19588 -3.69626 0
1.8456 -3.67815 0
2.19588 -3.69626 0
1.8456 -3.67815 0
1.65811 -3.38171 0
2.0084 -3.39982 0
1.65811 -3.38171 0
2.52148 -3.13959 0
2.70897 -3.43603 0
2.35868 -3.41792 0
2.70897 -3.43603 0
2.35868 -3.41792 0
2.54617 -3.71436 0
2.19588 -3.69626 0
2.54617 -3.71436 0
2.70897 -3.43603 0
2.89645 -3.73247 0
2.54617 -3.71436 0
2.89645 -3.73247 0
2.54617 -3.71436 0
2.35868 -3.41792 0
2.70897 -3.43603 0
2.35868 -3.41792 0
2.19588 -3.69626 0
2.0084 -3.39982 0
2.35868 -3.41792 0
2.0084 -3.39982 0
2.35868 -3.41792 0
2.1712 -3.12148 0
2.52148 -3.13959 0
2.1712 -3.12148 0
2.0084 -3.39982 0
1.82091 -3.10338 0
2.1712 -3.12148 0
1.82091 -3.10338 0
2.1712 -3.12148 0
2.35868 -3.41792 0
2.0084 -3.39982 0
2.35868 -3.41792 0
1.31098 -1.16682 0
1.15457 -1.28148 0
1.17566 -1.0887 0
1.15457 -1.28148 0
1.17566 -1.0887 0
1.01925 -1.20336 0
1.04034 -1.01057 0
1.01925 -1.20336 0
1.15457 -1.28148 0
0.998157 -1.39614 0
1.01925 -1.20336 0
0.998157 -1.39614 0
1.01925 -1.20336 0
1.17566 -1.0887 0
1.15457 -1.28148 0
1.17566 -1.0887 0
1.58161 -1.32307 0
1.28988 -1.35961 0
1.44629 -1.24495 0
1.28988 -1.35961 0
1.44629 -1.24495 0
1.15457 -1.28148 0
1.31098 -1.16682 0
1.15457 -1.28148 0
1.28988 -1.35961 0
0.998157 -1.39614 0
1.15457 -1.28148 0
0.998157 -1.39614 0
1.15457 -1.28148 0
1.44629 -1.24495 0
1.28988 -1.35961 0
1.44629 -1.24495 0
0.913783 -2.16728 0
0.934876 -1.9745 0
1.2266 -1.93796 0
0.934876 -1.9745 0
1.2266 -1.93796 0
1.2477 -1.74518 0
1.53942 -1.70864 0
1.2477 -1.74518 0
0.934876 -1.9745 0
0.95597 -1.78171 0
1.2477 -1.74518 0
0.95597 -1.78171 0
1.2477 -1.74518 0
1.2266 -1.93796 0
0.934876 -1.9745 0
1.2266 -1.93796 0
1.53942 -1.70864 0
1.56052 -1.51586 0
1.85224 -1.47932 0
1.56052 -1.51586 0
1.85224 -1.47932 0
1.87334 -1.28654 0
2.16506 -1.25 0
1.87334 -1.28654 0
1.56052 -1.51586 0
1.58161 -1.32307 0
1.87334 -1.28654 0
1.58161 -1.32307 0
1.87334 -1.28654 0
1.85224 -1.47932 0
1.56052 -1.51586 0
1.85224 -1.47932 0
0.95597 -1.78171 0
0.977064 -1.58893 0
1.26879 -1.55239 0
0.977064 -1.58893 0
1.26879 -1.55239 0
1.28988 -1.35961 0
1.58161 -1.32307 0
1.28988 -1.35961 0
0.977064 -1.58893 0
0.998157 -1.39614 0
1.28988 -1.35961 0
0.998157 -1.39614 0
1.28988 -1.35961 0
1.26879 -1.55239 0
0.977064 -1.58893 0
1.26879 -1.55239 0
1.58161 -1.32307 0
1.56052 -1.51586 0
1.26879 -1.55239 0
1.56052 -1.51586 0
1.26879 -1.55239 0
1.2477 -1.74518 0
0.95597 -1.78171 0
1.2477 -1.74518 0
1.56052 -1.51586 0
1.53942 -1.70864 0
1.2477 -1.74518 0
1.53942 -1.70864 0
1.2477 -1.74518 0
1.26879 -1.55239 0
1.56052 -1.51586 0
1.26879 -1.55239 0
1.08253 -0.625 0
1.06144 -0.817785 0
0.868763 -0.682759 0
1.06144 -0.817785 0
0.868763 -0.682759 0
0.847669 -0.875544 0
0.654994 -0.740518 0
0.847669 -0.875544 0
1.06144 -0.817785 0
1.04034 -1.01057 0
0.847669 -0.875544 0
1.04034 -1.01057 0
0.847669 -0.875544 0
0.868763 -0.682759 0
1.06144 -0.817785 0
0.868763 -0.682759 0
0.654994 -0.740518 0
0.6339 -0.933303 0
0.441224 -0.798277 0
0.6339 -0.933303 0
0.441224 -0.798277 0
0.420131 -0.991062 0
0.227455 -0.856036 0
0.420131 -0.991062 0
0.6339 -0.933303 0
0.612806 -1.12609 0
0.420131 -0.991062 0
0.612806 -1.12609 0
0.420131 -0.991062 0
0.441224 -0.798277 0
0.6339 -0.933303 0
0.441224 -0.798277 0
1.04034 -1.01057 0
1.01925 -1.20336 0
0.826575 -1.06833 0
1.01925 -1.20336 0
0.826575 -1.06833 0
0.805482 -1.26111 0
0.612806 -1.12609 0
0.805482 -1.26111 0
1.01925 -1.20336 0
0.998157 -1.39614 0
0.805482 -1.26111 0
0.998157 -1.39614 0
0.805482 -1.26111 0
0.826575 -1.06833 0
1.01925 -1.20336 0
0.826575 -1.06833 0
0.612806 -1.12609 0
0.6339 -0.933303 0
0.826575 -1.06833 0
0.6339 -0.933303 0
0.826575 -1.06833 0
0.847669 -0.875544 0
1.04034 -1.01057 0
0.847669 -0.875544 0
0.6339 -0.933303 0
0.654994 -0.740518 0
0.847669 -0.875544 0
0.654994 -0.740518 0
0.847669 -0.875544 0
0.826575 -1.06833 0
0.6339 -0.933303 0
0.826575 -1.06833 0
11.8962 -5.53078 0
11.4665 -5.55237 0
11.6578 -5.26539 0
11.4665 -5.55237 0
11.6578 -5.26539 0
11.2282 -5.28698 0
11.4195 -5 0
11.2282 -5.28698 0
11.4665 -5.55237 0
11.0368 -5.57396 0
11.2282 -5.28698 0
11.0368 -5.57396 0
11.2282 -5.28698 0
11.6578 -5.26539 0
11.4665 -5.55237 0
11.6578 -5.26539 0
11.5135 -6.10474 0
11.0839 -6.12633 0
11.2752 -5.83935 0
11.0839 -6.12633 0
11.2752 -5.83935 0
10.8455 -5.86093 0
11.0368 -5.57396 0
10.8455 -5.86093 0
11.0839 -6.12633 0
10.6542 -6.14791 0
10.8455 -5.86093 0
10.6542 -6.14791 0
10.8455 -5.86093 0
11.2752 -5.83935 0
11.0839 -6.12633 0
11.2752 -5.83935 0
11.0368 -5.57396 0
11.4665 -5.55237 0
11.2752 -5.83935 0
11.4665 -5.55237 0
11.2752 -5.83935 0
11.7048 -5.81776 0
11.5135 -6.10474 0
11.7048 -5.81776 0
11.4665 -5.55237 0
11.8962 -5.53078 0
11.7048 -5.81776 0
11.8962 -5.53078 0
11.7048 -5.81776 0
11.2752 -5.83935 0
11.4665 -5.55237 0
11.2752 -5.83935 0
9.88891 -5 0
10.0802 -5.28698 0
9.73533 -5.28569 0
10.0802 -5.28698 0
9.73533 -5.28569 0
9.92665 -5.57267 0
9.58175 -5.57139 0
9.92665 -5.57267 0
10.0802 -5.28698 0
10.2716 -5.57396 0
9.92665 -5.57267 0
10.2716 -5.57396 0
9.92665 -5.57267 0
9.73533 -5.28569 0
10.0802 -5.28698 0
9.73533 -5.28569 0
9.58175 -5.57139 0
9.77307 -5.85837 0
9.42816 -5.85708 0
9.77307 -5.85837 0
9.42816 -5.85708 0
9.61949 -6.14406 0
9.27458 -6.14278 0
9.61949 -6.14406 0
9.77307 -5.85837 0
9.96439 -6.14534 0
9.61949 -6.14406 0
9.96439 -6.14534 0
9.61949 -6.14406 0
9.42816 -5.85708 0
9.77307 -5.85837 0
9.42816 -5.85708 0
10.2716 -5.57396 0
10.4629 -5.86093 0
10.118 -5.85965 0
10.4629 -5.86093 0
10.118 -5.85965 0
10.3093 -6.14663 0
9.96439 -6.14534 0
10.3093 -6.14663 0
10.4629 -5.86093 0
10.6542 -6.14791 0
10.3093 -6.14663 0
10.6542 -6.14791 0
10.3093 -6.14663 0
10.118 -5.85965 0
10.4629 -5.86093 0
10.118 -5.85965 0
9.96439 -6.14534 0
9.77307 -5.85837 0
10.118 -5.85965 0
9.77307 -5.85837 0
10.118 -5.85965 0
9.92665 -5.57267 0
10.2716 -5.57396 0
9.92665 -5.57267 0
9.77307 -5.85837 0
9.58175 -5.57139 0
9.92665 -5.57267 0
9.58175 -5.57139 0
9.92665 -5.57267 0
10.118 -5.85965 0
9.77307 -5.85837 0
10.118 -5.85965 0
11.4195 -5 0
11.2282 -5.28698 0
11.0368 -5 0
11.2282 -5.28698 0
11.0368 -5 0
10.8455 -5.28698 0
10.6542 -5 0
10.8455 -5.28698 0
11.2282 -5.28698 0
11.0368 -5.57396 0
10.8455 -5.28698 0
11.0368 -5.57396 0
10.8455 -5.28698 0
11.0368 -5 0
11.2282 -5.28698 0
11.0368 -5 0
10.6542 -5 0
10.4629 -5.28698 0
10.2716 -5 0
10.4629 -5.28698 0
10.2716 -5 0
10.0802 -5.28698 0
9.88891 -5 0
10.0802 -5.28698 0
10.4629 -5.28698 0
10.2716 -5.57396 0
10.0802 -5.28698 0
10.2716 -5.57396 0
10.0802 -5.28698 0
10.2716 -5 0
10.4629 -5.28698 0
10.2716 -5 0
11.0368 -5.57396 0
10.8455 -5.86093 0
10.6542 -5.57396 0
10.8455 -5.86093 0
10.6542 -5.57396 0
10.4629 -5.86093 0
10.2716 -5.57396 0
10.4629 -5.86093 0
10.8455 -5.86093 0
10.6542 -6.14791 0
10.4629 -5.86093 0
10.6542 -6.14791 0
10.4629 -5.86093 0
10.6542 -5.57396 0
10.8455 -5.86093 0
10.6542 -5.57396 0
10.2716 -5.57396 0
10.4629 -5.28698 0
10.6542 -5.57396 0
10.4629 -5.28698 0
10.6542 -5.57396 0
10.8455 -5.28698 0
11.0368 -5.57396 0
10.8455 -5.28698 0
10.4629 -5.28698 0
10.6542 -5 0
10.8455 -5.28698 0
10.6542 -5 0
10.8455 -5.28698 0
10.6542 -5.57396 0
10.4629 -5.28698 0
10.6542 -5.57396 0
3.66109 -4.90881 0
3.27382 -4.95484 0
3.46993 -4.61473 0
3.27382 -4.95484 0
3.46993 -4.61473 0
3.08266 -4.66075 0
3.27877 -4.32064 0
3.08266 -4.66075 0
3.27382 -4.95484 0
2.88656 -5.00086 0
3.08266 -4.66075 0
2.88656 -5.00086 0
3.08266 -4.66075 0
3.46993 -4.61473 0
3.27382 -4.95484 0
3.46993 -4.61473 0
3.27877 -4.32064 0
2.89151 -4.36667 0
3.08761 -4.02656 0
2.89151 -4.36667 0
3.08761 -4.02656 0
2.70035 -4.07258 0
2.89645 -3.73247 0
2.70035 -4.07258 0
2.89151 -4.36667 0
2.50424 -4.41269 0
2.70035 -4.07258 0
2.50424 -4.41269 0
2.70035 -4.07258 0
3.08761 -4.02656 0
2.89151 -4.36667 0
3.08761 -4.02656 0
2.50424 -4.41269 0
2.89151 -4.36667 0
2.6954 -4.70678 0
2.89151 -4.36667 0
2.6954 -4.70678 0
3.08266 -4.66075 0
2.88656 -5.00086 0
3.08266 -4.66075 0
2.89151 -4.36667 0
3.27877 -4.32064 0
3.08266 -4.66075 0
3.27877 -4.32064 0
3.08266 -4.66075 0
2.6954 -4.70678 0
2.89151 -4.36667 0
2.6954 -4.70678 0
2.89645 -3.73247 0
2.70035 -4.07258 0
2.54617 -3.71436 0
2.70035 -4.07258 0
2.54617 -3.71436 0
2.35006 -4.05447 0
2.19588 -3.69626 0
2.35006 -4.05447 0
2.70035 -4.07258 0
2.50424 -4.41269 0
2.35006 -4.05447 0
2.50424 -4.41269 0
2.35006 -4.05447 0
2.54617 -3.71436 0
2.70035 -4.07258 0
2.54617 -3.71436 0
2.19588 -3.69626 0
1.99978 -4.03637 0
1.8456 -3.67815 0
1.99978 -4.03637 0
1.8456 -3.67815 0
1.64949 -4.01826 0
1.49531 -3.66005 0
1.64949 -4.01826 0
1.99978 -4.03637 0
1.80367 -4.37648 0
1.64949 -4.01826 0
1.80367 -4.37648 0
1.64949 -4.01826 0
1.8456 -3.67815 0
1.99978 -4.03637 0
1.8456 -3.67815 0
1.80367 -4.37648 0
1.99978 -4.03637 0
2.15396 -4.39459 0
1.99978 -4.03637 0
2.15396 -4.39459 0
2.35006 -4.05447 0
2.50424 -4.41269 0
2.35006 -4.05447 0
1.99978 -4.03637 0
2.19588 -3.69626 0
2.35006 -4.05447 0
2.19588 -3.69626 0
2.35006 -4.05447 0
2.15396 -4.39459 0
1.99978 -4.03637 0
2.15396 -4.39459 0
7.57772 -4.375 0
7.3012 -4.54144 0
7.30709 -4.21875 0
7.3012 -4.54144 0
7.30709 -4.21875 0
7.03057 -4.38519 0
7.03646 -4.0625 0
7.03057 -4.38519 0
7.3012 -4.54144 0
7.02468 -4.70789 0
7.03057 -4.38519 0
7.02468 -4.70789 0
7.03057 -4.38519 0
7.30709 -4.21875 0
7.3012 -4.54144 0
7.30709 -4.21875 0
7.02468 -4.70789 0
6.74817 -4.87433 0
6.75405 -4.55164 0
6.74817 -4.87433 0
6.75405 -4.55164 0
6.47753 -4.71808 0
6.48342 -4.39539 0
6.47753 -4.71808 0
6.74817 -4.87433 0
6.47165 -5.04078 0
6.47753 -4.71808 0
6.47165 -5.04078 0
6.47753 -4.71808 0
6.75405 -4.55164 0
6.74817 -4.87433 0
6.75405 -4.55164 0
3.66109 -4.90881 0
3.82246 -4.62931 0
4.05275 -4.85543 0
3.82246 -4.62931 0
4.05275 -4.85543 0
4.21412 -4.57592 0
4.44441 -4.80205 0
4.21412 -4.57592 0
3.82246 -4.62931 0
3.98383 -4.3498 0
4.21412 -4.57592 0
3.98383 -4.3498 0
4.21412 -4.57592 0
4.05275 -4.85543 0
3.82246 -4.62931 0
4.05275 -4.85543 0
4.44441 -4.80205 0
4.60579 -4.52254 0
4.83608 -4.74867 0
4.60579 -4.52254 0
4.83608 -4.74867 0
4.99745 -4.46916 0
5.22774 -4.69529 0
4.99745 -4.46916 0
4.60579 -4.52254 0
4.76716 -4.24303 0
4.99745 -4.46916 0
4.76716 -4.24303 0
4.99745 -4.46916 0
4.83608 -4.74867 0
4.60579 -4.52254 0
4.83608 -4.74867 0
3.98383 -4.3498 0
4.14521 -4.07029 0
4.3755 -4.29642 0
4.14521 -4.07029 0
4.3755 -4.29642 0
4.53687 -4.01691 0
4.76716 -4.24303 0
4.53687 -4.01691 0
4.14521 -4.07029 0
4.30658 -3.79078 0
4.53687 -4.01691 0
4.30658 -3.79078 0
4.53687 -4.01691 0
4.3755 -4.29642 0
4.14521 -4.07029 0
4.3755 -4.29642 0
4.76716 -4.24303 0
4.60579 -4.52254 0
4.3755 -4.29642 0
4.60579 -4.52254 0
4.3755 -4.29642 0
4.21412 -4.57592 0
3.98383 -4.3498 0
4.21412 -4.57592 0
4.60579 -4.52254 0
4.44441 -4.80205 0
4.21412 -4.57592 0
4.44441 -4.80205 0
4.21412 -4.57592 0
4.3755 -4.29642 0
4.60579 -4.52254 0
4.3755 -4.29642 0
4.85962 -3.45789 0
4.5831 -3.62433 0
4.58899 -3.30164 0
4.5831 -3.62433 0
4.58899 -3.30164 0
4.31247 -3.46808 0
4.31835 -3.14539 0
4.31247 -3.46808 0
4.5831 -3.62433 0
4.30658 -3.79078 0
4.31247 -3.46808 0
4.30658 -3.79078 0
4.31247 -3.46808 0
4.58899 -3.30164 0
4.5831 -3.62433 0
4.58899 -3.30164 0
2.89645 -3.73247 0
3.24899 -3.74705 0
3.08761 -4.02656 0
3.24899 -3.74705 0
3.08761 -4.02656 0
3.44014 -4.04113 0
3.27877 -4.32064 0
3.44014 -4.04113 0
3.24899 -3.74705 0
3.60152 -3.76162 0
3.44014 -4.04113 0
3.60152 -3.76162 0
3.44014 -4.04113 0
3.08761 -4.02656 0
3.24899 -3.74705 0
3.08761 -4.02656 0
3.27877 -4.32064 0
3.6313 -4.33522 0
3.46993 -4.61473 0
3.6313 -4.33522 0
3.46993 -4.61473 0
3.82246 -4.62931 0
3.66109 -4.90881 0
3.82246 -4.62931 0
3.6313 -4.33522 0
3.98383 -4.3498 0
3.82246 -4.62931 0
3.98383 -4.3498 0
3.82246 -4.62931 0
3.46993 -4.61473 0
3.6313 -4.33522 0
3.46993 -4.61473 0
3.60152 -3.76162 0
3.95405 -3.7762 0
3.79268 -4.05571 0
3.95405 -3.7762 0
3.79268 -4.05571 0
4.14521 -4.07029 0
3.98383 -4.3498 0
4.14521 -4.07029 0
3.95405 -3.7762 0
4.30658 -3.79078 0
4.14521 -4.07029 0
4.30658 -3.79078 0
4.14521 -4.07029 0
3.79268 -4.05571 0
3.95405 -3.7762 0
3.79268 -4.05571 0
3.98383 -4.3498 0
3.6313 -4.33522 0
3.79268 -4.05571 0
3.6313 -4.33522 0
3.79268 -4.05571 0
3.44014 -4.04113 0
3.60152 -3.76162 0
3.44014 -4.04113 0
3.6313 -4.33522 0
3.27877 -4.32064 0
3.44014 -4.04113 0
3.27877 -4.32064 0
3.44014 -4.04113 0
3.79268 -4.05571 0
3.6313 -4.33522 0
3.79268 -4.05571 0
2.14651 -2.54671 0
2.37413 -2.61025 0
2.334 -2.84315 0
2.37413 -2.61025 0
2.334 -2.84315 0
2.56162 -2.90669 0
2.52148 -3.13959 0
2.56162 -2.90669 0
2.37413 -2.61025 0
2.60176 -2.6738 0
2.56162 -2.90669 0
2.60176 -2.6738 0
2.56162 -2.90669 0
2.334 -2.84315 0
2.37413 -2.61025 0
2.334 -2.84315 0
2.52148 -3.13959 0
2.74911 -3.20314 0
2.70897 -3.43603 0
2.74911 -3.20314 0
2.70897 -3.43603 0
2.93659 -3.49958 0
2.89645 -3.73247 0
2.93659 -3.49958 0
2.74911 -3.20314 0
2.97673 -3.26668 0
2.93659 -3.49958 0
2.97673 -3.26668 0
2.93659 -3.49958 0
2.70897 -3.43603 0
2.74911 -3.20314 0
2.70897 -3.43603 0
2.60176 -2.6738 0
2.82938 -2.73735 0
2.78924 -2.97024 0
2.82938 -2.73735 0
2.78924 -2.97024 0
3.01687 -3.03379 0
2.97673 -3.26668 0
3.01687 -3.03379 0
2.82938 -2.73735 0
3.057 -2.80089 0
3.01687 -3.03379 0
3.057 -2.80089 0
3.01687 -3.03379 0
2.78924 -2.97024 0
2.82938 -2.73735 0
2.78924 -2.97024 0
2.97673 -3.26668 0
2.74911 -3.20314 0
2.78924 -2.97024 0
2.74911 -3.20314 0
2.78924 -2.97024 0
2.56162 -2.90669 0
2.60176 -2.6738 0
2.56162 -2.90669 0
2.74911 -3.20314 0
2.52148 -3.13959 0
2.56162 -2.90669 0
2.52148 -3.13959 0
2.56162 -2.90669 0
2.78924 -2.97024 0
2.74911 -3.20314 0
2.78924 -2.97024 0
2.69705 -2.21085 0
2.6494 -2.44233 0
2.42178 -2.37878 0
2.6494 -2.44233 0
2.42178 -2.37878 0
2.37413 -2.61025 0
2.14651 -2.54671 0
2.37413 -2.61025 0
2.6494 -2.44233 0
2.60176 -2.6738 0
2.37413 -2.61025 0
2.60176 -2.6738 0
2.37413 -2.61025 0
2.42178 -2.37878 0
2.6494 -2.44233 0
2.42178 -2.37878 0
3.1523 -2.33795 0
3.10465 -2.56942 0
2.87703 -2.50587 0
3.10465 -2.56942 0
2.87703 -2.50587 0
2.82938 -2.73735 0
2.60176 -2.6738 0
2.82938 -2.73735 0
3.10465 -2.56942 0
3.057 -2.80089 0
2.82938 -2.73735 0
3.057 -2.80089 0
2.82938 -2.73735 0
2.87703 -2.50587 0
3.10465 -2.56942 0
2.87703 -2.50587 0
2.60176 -2.6738 0
2.6494 -2.44233 0
2.87703 -2.50587 0
2.6494 -2.44233 0
2.87703 -2.50587 0
2.92468 -2.2744 0
3.1523 -2.33795 0
2.92468 -2.2744 0
2.6494 -2.44233 0
2.69705 -2.21085 0
2.92468 -2.2744 0
2.69705 -2.21085 0
2.92468 -2.2744 0
2.87703 -2.50587 0
2.6494 -2.44233 0
2.87703 -2.50587 0
3.69356 -2.65045 0
3.37528 -2.72567 0
3.42293 -2.4942 0
3.37528 -2.72567 0
3.42293 -2.4942 0
3.10465 -2.56942 0
3.1523 -2.33795 0
3.10465 -2.56942 0
3.37528 -2.72567 0
3.057 -2.80089 0
3.10465 -2.56942 0
3.057 -2.80089 0
3.10465 -2.56942 0
3.42293 -2.4942 0
3.37528 -2.72567 0
3.42293 -2.4942 0
0.913783 -2.16728 0
0.737964 -2.0505 0
0.934876 -1.9745 0
0.737964 -2.0505 0
0.934876 -1.9745 0
0.759058 -1.85771 0
0.95597 -1.78171 0
0.759058 -1.85771 0
0.737964 -2.0505 0
0.562145 -1.93371 0
0.759058 -1.85771 0
0.562145 -1.93371 0
0.759058 -1.85771 0
0.934876 -1.9745 0
0.737964 -2.0505 0
0.934876 -1.9745 0
0.95597 -1.78171 0
0.780151 -1.66493 0
0.977064 -1.58893 0
0.780151 -1.66493 0
0.977064 -1.58893 0
0.801245 -1.47214 0
0.998157 -1.39614 0
0.801245 -1.47214 0
0.780151 -1.66493 0
0.604333 -1.54814 0
0.801245 -1.47214 0
0.604333 -1.54814 0
0.801245 -1.47214 0
0.977064 -1.58893 0
0.780151 -1.66493 0
0.977064 -1.58893 0
0.562145 -1.93371 0
0.386327 -1.81693 0
0.583239 -1.74093 0
0.386327 -1.81693 0
0.583239 -1.74093 0
0.407421 -1.62415 0
0.604333 -1.54814 0
0.407421 -1.62415 0
0.386327 -1.81693 0
0.210508 -1.70015 0
0.407421 -1.62415 0
0.210508 -1.70015 0
0.407421 -1.62415 0
0.583239 -1.74093 0
0.386327 -1.81693 0
0.583239 -1.74093 0
0.604333 -1.54814 0
0.780151 -1.66493 0
0.583239 -1.74093 0
0.780151 -1.66493 0
0.583239 -1.74093 0
0.759058 -1.85771 0
0.562145 -1.93371 0
0.759058 -1.85771 0
0.780151 -1.66493 0
0.95597 -1.78171 0
0.759058 -1.85771 0
0.95597 -1.78171 0
0.759058 -1.85771 0
0.583239 -1.74093 0
0.780151 -1.66493 0
0.583239 -1.74093 0
0.998157 -1.39614 0
0.801245 -1.47214 0
0.805482 -1.26111 0
0.801245 -1.47214 0
0.805482 -1.26111 0
0.608569 -1.33712 0
0.612806 -1.12609 0
0.608569 -1.33712 0
0.801245 -1.47214 0
0.604333 -1.54814 0
0.608569 -1.33712 0
0.604333 -1.54814 0
0.608569 -1.33712 0
0.805482 -1.26111 0
0.801245 -1.47214 0
0.805482 -1.26111 0
0.612806 -1.12609 0
0.415894 -1.20209 0
0.420131 -0.991062 0
0.415894 -1.20209 0
0.420131 -0.991062 0
0.223219 -1.06706 0
0.227455 -0.856036 0
0.223219 -1.06706 0
0.415894 -1.20209 0
0.218982 -1.27809 0
0.223219 -1.06706 0
0.218982 -1.27809 0
0.223219 -1.06706 0
0.420131 -0.991062 0
0.415894 -1.20209 0
0.420131 -0.991062 0
0.604333 -1.54814 0
0.407421 -1.62415 0
0.411657 -1.41312 0
0.407421 -1.62415 0
0.411657 -1.41312 0
0.214745 -1.48912 0
0.218982 -1.27809 0
0.214745 -1.48912 0
0.407421 -1.62415 0
0.210508 -1.70015 0
0.214745 -1.48912 0
0.210508 -1.70015 0
0.214745 -1.48912 0
0.411657 -1.41312 0
0.407421 -1.62415 0
0.411657 -1.41312 0
0.218982 -1.27809 0
0.415894 -1.20209 0
0.411657 -1.41312 0
0.415894 -1.20209 0
0.411657 -1.41312 0
0.608569 -1.33712 0
0.604333 -1.54814 0
0.608569 -1.33712 0
0.415894 -1.20209 0
0.612806 -1.12609 0
0.608569 -1.33712 0
0.612806 -1.12609 0
0.608569 -1.33712 0
0.411657 -1.41312 0
0.415894 -1.20209 0
0.411657 -1.41312 0
0.227455 -0.856036 0
0.223219 -1.06706 0
0.0135258 -0.913198 0
0.223219 -1.06706 0
0.0135258 -0.913198 0
0.0092891 -1.12423 0
-0.200404 -0.970361 0
0.0092891 -1.12423 0
0.223219 -1.06706 0
0.218982 -1.27809 0
0.0092891 -1.12423 0
0.218982 -1.27809 0
0.0092891 -1.12423 0
0.0135258 -0.913198 0
0.223219 -1.06706 0
0.0135258 -0.913198 0
-0.200404 -0.970361 0
-0.20464 -1.18139 0
-0.414333 -1.02752 0
-0.20464 -1.18139 0
-0.414333 -1.02752 0
-0.41857 -1.23855 0
-0.628262 -1.08469 0
-0.41857 -1.23855 0
-0.20464 -1.18139 0
-0.208877 -1.39242 0
-0.41857 -1.23855 0
-0.208877 -1.39242 0
-0.41857 -1.23855 0
-0.414333 -1.02752 0
-0.20464 -1.18139 0
-0.414333 -1.02752 0
0.218982 -1.27809 0
0.214745 -1.48912 0
0.00505236 -1.33525 0
0.214745 -1.48912 0
0.00505236 -1.33525 0
0.000815613 -1.54628 0
-0.208877 -1.39242 0
0.000815613 -1.54628 0
0.214745 -1.48912 0
0.210508 -1.70015 0
0.000815613 -1.54628 0
0.210508 -1.70015 0
0.000815613 -1.54628 0
0.00505236 -1.33525 0
0.214745 -1.48912 0
0.00505236 -1.33525 0
-0.208877 -1.39242 0
-0.20464 -1.18139 0
0.00505236 -1.33525 0
-0.20464 -1.18139 0
0.00505236 -1.33525 0
0.0092891 -1.12423 0
0.218982 -1.27809 0
0.0092891 -1.12423 0
-0.20464 -1.18139 0
-0.200404 -0.970361 0
0.0092891 -1.12423 0
-0.200404 -0.970361 0
0.0092891 -1.12423 0
0.00505236 -1.33525 0
-0.20464 -1.18139 0
0.00505236 -1.33525 0
-0.628262 -1.08469 0
-0.41857 -1.23855 0
-0.628262 -1.39806 0
-0.41857 -1.23855 0
-0.628262 -1.39806 0
-0.41857 -1.55192 0
-0.628262 -1.71143 0
-0.41857 -1.55192 0
-0.41857 -1.23855 0
-0.208877 -1.39242 0
-0.41857 -1.55192 0
-0.208877 -1.39242 0
-0.41857 -1.55192 0
-0.628262 -1.39806 0
-0.41857 -1.23855 0
-0.628262 -1.39806 0
-0.208877 -1.39242 0
0.000815613 -1.54628 0
-0.208877 -1.70579 0
0.000815613 -1.54628 0
-0.208877 -1.70579 0
0.000815613 -1.85966 0
-0.208877 -2.01916 0
0.000815613 -1.85966 0
0.000815613 -1.54628 0
0.210508 -1.70015 0
0.000815613 -1.85966 0
0.210508 -1.70015 0
0.000815613 -1.85966 0
-0.208877 -1.70579 0
0.000815613 -1.54628 0
-0.208877 -1.70579 0
-0.208877 -2.01916 0
0.000815613 -1.85966 0
0.0124191 -2.25533 0
0.000815613 -1.85966 0
0.0124191 -2.25533 0
0.222112 -2.09582 0
0.233715 -2.49149 0
0.222112 -2.09582 0
0.000815613 -1.85966 0
0.210508 -1.70015 0
0.222112 -2.09582 0
0.210508 -1.70015 0
0.222112 -2.09582 0
0.0124191 -2.25533 0
0.000815613 -1.85966 0
0.0124191 -2.25533 0
0.585352 -2.72505 0
0.573749 -2.32938 0
0.749568 -2.44617 0
0.573749 -2.32938 0
0.749568 -2.44617 0
0.737964 -2.0505 0
0.913783 -2.16728 0
0.737964 -2.0505 0
0.573749 -2.32938 0
0.562145 -1.93371 0
0.737964 -2.0505 0
0.562145 -1.93371 0
0.737964 -2.0505 0
0.749568 -2.44617 0
0.573749 -2.32938 0
0.749568 -2.44617 0
0.233715 -2.49149 0
0.222112 -2.09582 0
0.39793 -2.2126 0
0.222112 -2.09582 0
0.39793 -2.2126 0
0.386327 -1.81693 0
0.562145 -1.93371 0
0.386327 -1.81693 0
0.222112 -2.09582 0
0.210508 -1.70015 0
0.386327 -1.81693 0
0.210508 -1.70015 0
0.386327 -1.81693 0
0.39793 -2.2126 0
0.222112 -2.09582 0
0.39793 -2.2126 0
0.562145 -1.93371 0
0.573749 -2.32938 0
0.39793 -2.2126 0
0.573749 -2.32938 0
0.39793 -2.2126 0
0.409534 -2.60827 0
0.233715 -2.49149 0
0.409534 -2.60827 0
0.573749 -2.32938 0
0.585352 -2.72505 0
0.409534 -2.60827 0
0.585352 -2.72505 0
0.409534 -2.60827 0
0.39793 -2.2126 0
0.573749 -2.32938 0
0.39793 -2.2126 0
10.6542 -6.14791 0
10.6279 -6.46551 0
10.3093 -6.14663 0
10.6279 -6.46551 0
10.3093 -6.14663 0
10.283 -6.46423 0
9.96439 -6.14534 0
10.283 -6.46423 0
10.6279 -6.46551 0
10.6017 -6.78312 0
10.283 -6.46423 0
10.6017 -6.78312 0
10.283 -6.46423 0
10.3093 -6.14663 0
10.6279 -6.46551 0
10.3093 -6.14663 0
9.96439 -6.14534 0
9.93812 -6.46295 0
9.61949 -6.14406 0
9.93812 -6.46295 0
9.61949 -6.14406 0
9.59322 -6.46166 0
9.27458 -6.14278 0
9.59322 -6.46166 0
9.93812 -6.46295 0
9.91186 -6.78055 0
9.59322 -6.46166 0
9.91186 -6.78055 0
9.59322 -6.46166 0
9.61949 -6.14406 0
9.93812 -6.46295 0
9.61949 -6.14406 0
9.91186 -6.78055 0
9.93812 -6.46295 0
10.2568 -6.78183 0
9.93812 -6.46295 0
10.2568 -6.78183 0
10.283 -6.46423 0
10.6017 -6.78312 0
10.283 -6.46423 0
9.93812 -6.46295 0
9.96439 -6.14534 0
10.283 -6.46423 0
9.96439 -6.14534 0
10.283 -6.46423 0
10.2568 -6.78183 0
9.93812 -6.46295 0
10.2568 -6.78183 0
9.27458 -6.14278 0
9.59322 -6.46166 0
9.27458 -6.46714 0
9.59322 -6.46166 0
9.27458 -6.46714 0
9.59322 -6.78602 0
9.27458 -6.7915 0
9.59322 -6.78602 0
9.59322 -6.46166 0
9.91186 -6.78055 0
9.59322 -6.78602 0
9.91186 -6.78055 0
9.59322 -6.78602 0
9.27458 -6.46714 0
9.59322 -6.46166 0
9.27458 -6.46714 0
5.22774 -4.69529 0
5.10955 -5.0781 0
4.83608 -4.74867 0
5.10955 -5.0781 0
4.83608 -4.74867 0
4.71788 -5.13148 0
4.44441 -4.80205 0
4.71788 -5.13148 0
5.10955 -5.0781 0
4.99135 -5.4609 0
4.71788 -5.13148 0
4.99135 -5.4609 0
4.71788 -5.13148 0
4.83608 -4.74867 0
5.10955 -5.0781 0
4.83608 -4.74867 0
4.44441 -4.80205 0
4.32622 -5.18486 0
4.05275 -4.85543 0
4.32622 -5.18486 0
4.05275 -4.85543 0
3.93456 -5.23824 0
3.66109 -4.90881 0
3.93456 -5.23824 0
4.32622 -5.18486 0
4.20803 -5.56767 0
3.93456 -5.23824 0
4.20803 -5.56767 0
3.93456 -5.23824 0
4.05275 -4.85543 0
4.32622 -5.18486 0
4.05275 -4.85543 0
4.99135 -5.4609 0
4.87316 -5.84371 0
4.59969 -5.51428 0
4.87316 -5.84371 0
4.59969 -5.51428 0
4.4815 -5.89709 0
4.20803 -5.56767 0
4.4815 -5.89709 0
4.87316 -5.84371 0
4.75497 -6.22652 0
4.4815 -5.89709 0
4.75497 -6.22652 0
4.4815 -5.89709 0
4.59969 -5.51428 0
4.87316 -5.84371 0
4.59969 -5.51428 0
4.20803 -5.56767 0
4.32622 -5.18486 0
4.59969 -5.51428 0
4.32622 -5.18486 0
4.59969 -5.51428 0
4.71788 -5.13148 0
4.99135 -5.4609 0
4.71788 -5.13148 0
4.32622 -5.18486 0
4.44441 -4.80205 0
4.71788 -5.13148 0
4.44441 -4.80205 0
4.71788 -5.13148 0
4.59969 -5.51428 0
4.32622 -5.18486 0
4.59969 -5.51428 0
3.66109 -4.90881 0
3.49975 -5.20354 0
3.27382 -4.95484 0
3.49975 -5.20354 0
3.27382 -4.95484 0
3.11248 -5.24956 0
2.88656 -5.00086 0
3.11248 -5.24956 0
3.49975 -5.20354 0
3.33841 -5.49826 0
3.11248 -5.24956 0
3.33841 -5.49826 0
3.11248 -5.24956 0
3.27382 -4.95484 0
3.49975 -5.20354 0
3.27382 -4.95484 0
4.20803 -5.56767 0
3.77322 -5.53296 0
3.93456 -5.23824 0
3.77322 -5.53296 0
3.93456 -5.23824 0
3.49975 -5.20354 0
3.66109 -4.90881 0
3.49975 -5.20354 0
3.77322 -5.53296 0
3.33841 -5.49826 0
3.49975 -5.20354 0
3.33841 -5.49826 0
3.49975 -5.20354 0
3.93456 -5.23824 0
3.77322 -5.53296 0
3.93456 -5.23824 0
9.27458 -6.14278 0
9.02064 -6.09516 0
9.121 -5.85708 0
9.02064 -6.09516 0
9.121 -5.85708 0
8.86706 -5.80947 0
8.96742 -5.57139 0
8.86706 -5.80947 0
9.02064 -6.09516 0
8.7667 -6.04754 0
8.86706 -5.80947 0
8.7667 -6.04754 0
8.86706 -5.80947 0
9.121 -5.85708 0
9.02064 -6.09516 0
9.121 -5.85708 0
8.96742 -5.57139 0
8.71348 -5.52377 0
8.81384 -5.28569 0
8.71348 -5.52377 0
8.81384 -5.28569 0
8.5599 -5.23808 0
8.66025 -5 0
8.5599 -5.23808 0
8.71348 -5.52377 0
8.45954 -5.47615 0
8.5599 -5.23808 0
8.45954 -5.47615 0
8.5599 -5.23808 0
8.81384 -5.28569 0
8.71348 -5.52377 0
8.81384 -5.28569 0
8.7667 -6.04754 0
8.51277 -5.99993 0
8.61312 -5.76185 0
8.51277 -5.99993 0
8.61312 -5.76185 0
8.35918 -5.71423 0
8.45954 -5.47615 0
8.35918 -5.71423 0
8.51277 -5.99993 0
8.25883 -5.95231 0
8.35918 -5.71423 0
8.25883 -5.95231 0
8.35918 -5.71423 0
8.61312 -5.76185 0
8.51277 -5.99993 0
8.61312 -5.76185 0
8.45954 -5.47615 0
8.71348 -5.52377 0
8.61312 -5.76185 0
8.71348 -5.52377 0
8.61312 -5.76185 0
8.86706 -5.80947 0
8.7667 -6.04754 0
8.86706 -5.80947 0
8.71348 -5.52377 0
8.96742 -5.57139 0
8.86706 -5.80947 0
8.96742 -5.57139 0
8.86706 -5.80947 0
8.61312 -5.76185 0
8.71348 -5.52377 0
8.61312 -5.76185 0
7.65567 -6.7915 0
7.80646 -6.5817 0
8.0604 -6.95368 0
7.80646 -6.5817 0
8.0604 -6.95368 0
8.21119 -6.74388 0
8.46512 -7.11586 0
8.21119 -6.74388 0
7.80646 -6.5817 0
7.95725 -6.3719 0
8.21119 -6.74388 0
7.95725 -6.3719 0
8.21119 -6.74388 0
8.0604 -6.95368 0
7.80646 -6.5817 0
8.0604 -6.95368 0
7.95725 -6.3719 0
8.10804 -6.16211 0
8.36198 -6.53408 0
8.10804 -6.16211 0
8.36198 -6.53408 0
8.51277 -6.32429 0
8.7667 -6.69626 0
8.51277 -6.32429 0
8.10804 -6.16211 0
8.25883 -5.95231 0
8.51277 -6.32429 0
8.25883 -5.95231 0
8.51277 -6.32429 0
8.36198 -6.53408 0
8.10804 -6.16211 0
8.36198 -6.53408 0
8.7667 -6.69626 0
8.61591 -6.90606 0
8.36198 -6.53408 0
8.61591 -6.90606 0
8.36198 -6.53408 0
8.21119 -6.74388 0
7.95725 -6.3719 0
8.21119 -6.74388 0
8.61591 -6.90606 0
8.46512 -7.11586 0
8.21119 -6.74388 0
8.46512 -7.11586 0
8.21119 -6.74388 0
8.36198 -6.53408 0
8.61591 -6.90606 0
8.36198 -6.53408 0
9.27458 -6.7915 0
9.02064 -6.41952 0
9.27458 -6.46714 0
9.02064 -6.41952 0
9.27458 -6.46714 0
9.02064 -6.09516 0
9.27458 -6.14278 0
9.02064 -6.09516 0
9.02064 -6.41952 0
8.7667 -6.04754 0
9.02064 -6.09516 0
8.7667 -6.04754 0
9.02064 -6.09516 0
9.27458 -6.46714 0
9.02064 -6.41952 0
9.27458 -6.46714 0
8.7667 -6.69626 0
8.51277 -6.32429 0
8.7667 -6.3719 0
8.51277 -6.32429 0
8.7667 -6.3719 0
8.51277 -5.99993 0
8.7667 -6.04754 0
8.51277 -5.99993 0
8.51277 -6.32429 0
8.25883 -5.95231 0
8.51277 -5.99993 0
8.25883 -5.95231 0
8.51277 -5.99993 0
8.7667 -6.3719 0
8.51277 -6.32429 0
8.7667 -6.3719 0
8.7667 -6.04754 0
9.02064 -6.41952 0
8.7667 -6.3719 0
9.02064 -6.41952 0
8.7667 -6.3719 0
9.02064 -6.74388 0
8.7667 -6.69626 0
9.02064 -6.74388 0
9.02064 -6.41952 0
9.27458 -6.7915 0
9.02064 -6.74388 0
9.27458 -6.7915 0
9.02064 -6.74388 0
8.7667 -6.3719 0
9.02064 -6.41952 0
8.7667 -6.3719 0
4.85962 -3.45789 0
4.83651 -3.65418 0
4.5831 -3.62433 0
4.83651 -3.65418 0
4.5831 -3.62433 0
4.55999 -3.82062 0
4.30658 -3.79078 0
4.55999 -3.82062 0
4.83651 -3.65418 0
4.81339 -3.85046 0
4.55999 -3.82062 0
4.81339 -3.85046 0
4.55999 -3.82062 0
4.5831 -3.62433 0
4.83651 -3.65418 0
4.5831 -3.62433 0
4.30658 -3.79078 0
4.55999 -3.82062 0
4.53687 -4.01691 0
4.55999 -3.82062 0
4.53687 -4.01691 0
4.79028 -4.04675 0
4.76716 -4.24303 0
4.79028 -4.04675 0
4.55999 -3.82062 0
4.81339 -3.85046 0
4.79028 -4.04675 0
4.81339 -3.85046 0
4.79028 -4.04675 0
4.53687 -4.01691 0
4.55999 -3.82062 0
4.53687 -4.01691 0
4.76716 -4.24303 0
5.02057 -4.27288 0
4.99745 -4.46916 0
5.02057 -4.27288 0
4.99745 -4.46916 0
5.25086 -4.499 0
5.22774 -4.69529 0
5.25086 -4.499 0
5.02057 -4.27288 0
5.27397 -4.30272 0
5.25086 -4.499 0
5.27397 -4.30272 0
5.25086 -4.499 0
4.99745 -4.46916 0
5.02057 -4.27288 0
4.99745 -4.46916 0
4.81339 -3.85046 0
5.0668 -3.8803 0
5.04368 -4.07659 0
5.0668 -3.8803 0
5.04368 -4.07659 0
5.29708 -4.10643 0
5.27397 -4.30272 0
5.29708 -4.10643 0
5.0668 -3.8803 0
5.3202 -3.91014 0
5.29708 -4.10643 0
5.3202 -3.91014 0
5.29708 -4.10643 0
5.04368 -4.07659 0
5.0668 -3.8803 0
5.04368 -4.07659 0
5.27397 -4.30272 0
5.02057 -4.27288 0
5.04368 -4.07659 0
5.02057 -4.27288 0
5.04368 -4.07659 0
4.79028 -4.04675 0
4.81339 -3.85046 0
4.79028 -4.04675 0
5.02057 -4.27288 0
4.76716 -4.24303 0
4.79028 -4.04675 0
4.76716 -4.24303 0
4.79028 -4.04675 0
5.04368 -4.07659 0
5.02057 -4.27288 0
5.04368 -4.07659 0
3.69356 -2.65045 0
3.56312 -2.80947 0
3.37528 -2.72567 0
3.56312 -2.80947 0
3.37528 -2.72567 0
3.24484 -2.88469 0
3.057 -2.80089 0
3.24484 -2.88469 0
3.56312 -2.80947 0
3.43267 -2.96849 0
3.24484 -2.88469 0
3.43267 -2.96849 0
3.24484 -2.88469 0
3.37528 -2.72567 0
3.56312 -2.80947 0
3.37528 -2.72567 0
4.30658 -3.79078 0
4.18202 -3.62711 0
4.31247 -3.46808 0
4.18202 -3.62711 0
4.31247 -3.46808 0
4.18791 -3.30441 0
4.31835 -3.14539 0
4.18791 -3.30441 0
4.18202 -3.62711 0
4.05746 -3.46343 0
4.18791 -3.30441 0
4.05746 -3.46343 0
4.18791 -3.30441 0
4.31247 -3.46808 0
4.18202 -3.62711 0
4.31247 -3.46808 0
3.057 -2.80089 0
3.24484 -2.88469 0
3.01687 -3.03379 0
3.24484 -2.88469 0
3.01687 -3.03379 0
3.2047 -3.11759 0
2.97673 -3.26668 0
3.2047 -3.11759 0
3.24484 -2.88469 0
3.43267 -2.96849 0
3.2047 -3.11759 0
3.43267 -2.96849 0
3.2047 -3.11759 0
3.01687 -3.03379 0
3.24484 -2.88469 0
3.01687 -3.03379 0
2.97673 -3.26668 0
3.16456 -3.35048 0
2.93659 -3.49958 0
3.16456 -3.35048 0
2.93659 -3.49958 0
3.12443 -3.58337 0
2.89645 -3.73247 0
3.12443 -3.58337 0
3.16456 -3.35048 0
3.3524 -3.43428 0
3.12443 -3.58337 0
3.3524 -3.43428 0
3.12443 -3.58337 0
2.93659 -3.49958 0
3.16456 -3.35048 0
2.93659 -3.49958 0
3.43267 -2.96849 0
3.62051 -3.05229 0
3.39254 -3.20138 0
3.62051 -3.05229 0
3.39254 -3.20138 0
3.58037 -3.28518 0
3.3524 -3.43428 0
3.58037 -3.28518 0
3.62051 -3.05229 0
3.80834 -3.13609 0
3.58037 -3.28518 0
3.80834 -3.13609 0
3.58037 -3.28518 0
3.39254 -3.20138 0
3.62051 -3.05229 0
3.39254 -3.20138 0
3.3524 -3.43428 0
3.16456 -3.35048 0
3.39254 -3.20138 0
3.16456 -3.35048 0
3.39254 -3.20138 0
3.2047 -3.11759 0
3.43267 -2.96849 0
3.2047 -3.11759 0
3.16456 -3.35048 0
2.97673 -3.26668 0
3.2047 -3.11759 0
2.97673 -3.26668 0
3.2047 -3.11759 0
3.39254 -3.20138 0
3.16456 -3.35048 0
3.39254 -3.20138 0
2.89645 -3.73247 0
3.12443 -3.58337 0
3.24899 -3.74705 0
3.12443 -3.58337 0
3.24899 -3.74705 0
3.47696 -3.59795 0
3.60152 -3.76162 0
3.47696 -3.59795 0
3.12443 -3.58337 0
3.3524 -3.43428 0
3.47696 -3.59795 0
3.3524 -3.43428 0
3.47696 -3.59795 0
3.24899 -3.74705 0
3.12443 -3.58337 0
3.24899 -3.74705 0
3.60152 -3.76162 0
3.82949 -3.61253 0
3.95405 -3.7762 0
3.82949 -3.61253 0
3.95405 -3.7762 0
4.18202 -3.62711 0
4.30658 -3.79078 0
4.18202 -3.62711 0
3.82949 -3.61253 0
4.05746 -3.46343 0
4.18202 -3.62711 0
4.05746 -3.46343 0
4.18202 -3.62711 0
3.95405 -3.7762 0
3.82949 -3.61253 0
3.95405 -3.7762 0
3.3524 -3.43428 0
3.58037 -3.28518 0
3.70493 -3.44886 0
3.58037 -3.28518 0
3.70493 -3.44886 0
3.9329 -3.29976 0
4.05746 -3.46343 0
3.9329 -3.29976 0
3.58037 -3.28518 0
3.80834 -3.13609 0
3.9329 -3.29976 0
3.80834 -3.13609 0
3.9329 -3.29976 0
3.70493 -3.44886 0
3.58037 -3.28518 0
3.70493 -3.44886 0
4.05746 -3.46343 0
3.82949 -3.61253 0
3.70493 -3.44886 0
3.82949 -3.61253 0
3.70493 -3.44886 0
3.47696 -3.59795 0
3.3524 -3.43428 0
3.47696 -3.59795 0
3.82949 -3.61253 0
3.60152 -3.76162 0
3.47696 -3.59795 0
3.60152 -3.76162 0
3.47696 -3.59795 0
3.70493 -3.44886 0
3.82949 -3.61253 0
3.70493 -3.44886 0
6.59317 -6.23434 0
6.35243 -6.09029 0
6.56279 -5.93595 0
6.35243 -6.09029 0
6.56279 -5.93595 0
6.32205 -5.7919 0
6.53241 -5.63756 0
6.32205 -5.7919 0
6.35243 -6.09029 0
6.1117 -5.94625 0
6.32205 -5.7919 0
6.1117 -5.94625 0
6.32205 -5.7919 0
6.56279 -5.93595 0
6.35243 -6.09029 0
6.56279 -5.93595 0
6.53241 -5.63756 0
6.29167 -5.49351 0
6.50203 -5.33917 0
6.29167 -5.49351 0
6.50203 -5.33917 0
6.26129 -5.19513 0
6.47165 -5.04078 0
6.26129 -5.19513 0
6.29167 -5.49351 0
6.05094 -5.34947 0
6.26129 -5.19513 0
6.05094 -5.34947 0
6.26129 -5.19513 0
6.50203 -5.33917 0
6.29167 -5.49351 0
6.50203 -5.33917 0
6.1117 -5.94625 0
5.87097 -5.80221 0
6.08132 -5.64786 0
5.87097 -5.80221 0
6.08132 -5.64786 0
5.84059 -5.50382 0
6.05094 -5.34947 0
5.84059 -5.50382 0
5.87097 -5.80221 0
5.63024 -5.65816 0
5.84059 -5.50382 0
5.63024 -5.65816 0
5.84059 -5.50382 0
6.08132 -5.64786 0
5.87097 -5.80221 0
6.08132 -5.64786 0
6.05094 -5.34947 0
6.29167 -5.49351 0
6.08132 -5.64786 0
6.29167 -5.49351 0
6.08132 -5.64786 0
6.32205 -5.7919 0
6.1117 -5.94625 0
6.32205 -5.7919 0
6.29167 -5.49351 0
6.53241 -5.63756 0
6.32205 -5.7919 0
6.53241 -5.63756 0
6.32205 -5.7919 0
6.08132 -5.64786 0
6.29167 -5.49351 0
6.08132 -5.64786 0
6.28494 -6.74896 0
6.19832 -6.3476 0
6.43905 -6.49165 0
6.19832 -6.3476 0
6.43905 -6.49165 0
6.35243 -6.09029 0
6.59317 -6.23434 0
6.35243 -6.09029 0
6.19832 -6.3476 0
6.1117 -5.94625 0
6.35243 -6.09029 0
6.1117 -5.94625 0
6.35243 -6.09029 0
6.43905 -6.49165 0
6.19832 -6.3476 0
6.43905 -6.49165 0
5.80348 -6.46087 0
5.71686 -6.05952 0
5.95759 -6.20356 0
5.71686 -6.05952 0
5.95759 -6.20356 0
5.87097 -5.80221 0
6.1117 -5.94625 0
5.87097 -5.80221 0
5.71686 -6.05952 0
5.63024 -5.65816 0
5.87097 -5.80221 0
5.63024 -5.65816 0
5.87097 -5.80221 0
5.95759 -6.20356 0
5.71686 -6.05952 0
5.95759 -6.20356 0
6.1117 -5.94625 0
6.19832 -6.3476 0
5.95759 -6.20356 0
6.19832 -6.3476 0
5.95759 -6.20356 0
6.04421 -6.60491 0
5.80348 -6.46087 0
6.04421 -6.60491 0
6.19832 -6.3476 0
6.28494 -6.74896 0
6.04421 -6.60491 0
6.28494 -6.74896 0
6.04421 -6.60491 0
5.95759 -6.20356 0
6.19832 -6.3476 0
5.95759 -6.20356 0
5.1926 -5.94234 0
5.41142 -5.80025 0
5.49804 -6.2016 0
5.41142 -5.80025 0
5.49804 -6.2016 0
5.71686 -6.05952 0
5.80348 -6.46087 0
5.71686 -6.05952 0
5.41142 -5.80025 0
5.63024 -5.65816 0
5.71686 -6.05952 0
5.63024 -5.65816 0
5.71686 -6.05952 0
5.49804 -6.2016 0
5.41142 -5.80025 0
5.49804 -6.2016 0
5.80348 -6.46087 0
5.58466 -6.60296 0
5.49804 -6.2016 0
5.58466 -6.60296 0
5.49804 -6.2016 0
5.27922 -6.34369 0
5.1926 -5.94234 0
5.27922 -6.34369 0
5.58466 -6.60296 0
5.36584 -6.74505 0
5.27922 -6.34369 0
5.36584 -6.74505 0
5.27922 -6.34369 0
5.49804 -6.2016 0
5.58466 -6.60296 0
5.49804 -6.2016 0
5.22774 -4.69529 0
5.32836 -4.93601 0
5.10955 -5.0781 0
5.32836 -4.93601 0
5.10955 -5.0781 0
5.21017 -5.31881 0
4.99135 -5.4609 0
5.21017 -5.31881 0
5.32836 -4.93601 0
5.42899 -5.17673 0
5.21017 -5.31881 0
5.42899 -5.17673 0
5.21017 -5.31881 0
5.10955 -5.0781 0
5.32836 -4.93601 0
5.10955 -5.0781 0
4.99135 -5.4609 0
5.09198 -5.70162 0
4.87316 -5.84371 0
5.09198 -5.70162 0
4.87316 -5.84371 0
4.97378 -6.08443 0
4.75497 -6.22652 0
4.97378 -6.08443 0
5.09198 -5.70162 0
5.1926 -5.94234 0
4.97378 -6.08443 0
5.1926 -5.94234 0
4.97378 -6.08443 0
4.87316 -5.84371 0
5.09198 -5.70162 0
4.87316 -5.84371 0
5.42899 -5.17673 0
5.52961 -5.41744 0
5.3108 -5.55953 0
5.52961 -5.41744 0
5.3108 -5.55953 0
5.41142 -5.80025 0
5.1926 -5.94234 0
5.41142 -5.80025 0
5.52961 -5.41744 0
5.63024 -5.65816 0
5.41142 -5.80025 0
5.63024 -5.65816 0
5.41142 -5.80025 0
5.3108 -5.55953 0
5.52961 -5.41744 0
5.3108 -5.55953 0
5.1926 -5.94234 0
5.09198 -5.70162 0
5.3108 -5.55953 0
5.09198 -5.70162 0
5.3108 -5.55953 0
5.21017 -5.31881 0
5.42899 -5.17673 0
5.21017 -5.31881 0
5.09198 -5.70162 0
4.99135 -5.4609 0
5.21017 -5.31881 0
4.99135 -5.4609 0
5.21017 -5.31881 0
5.3108 -5.55953 0
5.09198 -5.70162 0
5.3108 -5.55953 0
8.25883 -5.95231 0
8.22387 -5.63611 0
8.35918 -5.71423 0
8.22387 -5.63611 0
8.35918 -5.71423 0
8.32422 -5.39803 0
8.45954 -5.47615 0
8.32422 -5.39803 0
8.22387 -5.63611 0
8.18891 -5.3199 0
8.32422 -5.39803 0
8.18891 -5.3199 0
8.32422 -5.39803 0
8.35918 -5.71423 0
8.22387 -5.63611 0
8.35918 -5.71423 0
8.45954 -5.47615 0
8.42458 -5.15995 0
8.5599 -5.23808 0
8.42458 -5.15995 0
8.5599 -5.23808 0
8.52494 -4.92188 0
8.66025 -5 0
8.52494 -4.92188 0
8.42458 -5.15995 0
8.38962 -4.84375 0
8.52494 -4.92188 0
8.38962 -4.84375 0
8.52494 -4.92188 0
8.5599 -5.23808 0
8.42458 -5.15995 0
8.5599 -5.23808 0
8.18891 -5.3199 0
8.15395 -5.0037 0
8.28926 -5.08183 0
8.15395 -5.0037 0
8.28926 -5.08183 0
8.2543 -4.76563 0
8.38962 -4.84375 0
8.2543 -4.76563 0
8.15395 -5.0037 0
8.11899 -4.6875 0
8.2543 -4.76563 0
8.11899 -4.6875 0
8.2543 -4.76563 0
8.28926 -5.08183 0
8.15395 -5.0037 0
8.28926 -5.08183 0
8.38962 -4.84375 0
8.42458 -5.15995 0
8.28926 -5.08183 0
8.42458 -5.15995 0
8.28926 -5.08183 0
8.32422 -5.39803 0
8.18891 -5.3199 0
8.32422 -5.39803 0
8.42458 -5.15995 0
8.45954 -5.47615 0
8.32422 -5.39803 0
8.45954 -5.47615 0
8.32422 -5.39803 0
8.28926 -5.08183 0
8.42458 -5.15995 0
8.28926 -5.08183 0
6.47165 -5.04078 0
6.68748 -5.16955 0
6.50203 -5.33917 0
6.68748 -5.16955 0
6.50203 -5.33917 0
6.71786 -5.46793 0
6.53241 -5.63756 0
6.71786 -5.46793 0
6.68748 -5.16955 0
6.90332 -5.29831 0
6.71786 -5.46793 0
6.90332 -5.29831 0
6.71786 -5.46793 0
6.50203 -5.33917 0
6.68748 -5.16955 0
6.50203 -5.33917 0
6.53241 -5.63756 0
6.74824 -5.76632 0
6.56279 -5.93595 0
6.74824 -5.76632 0
6.56279 -5.93595 0
6.77862 -6.06471 0
6.59317 -6.23434 0
6.77862 -6.06471 0
6.74824 -5.76632 0
6.96408 -5.89509 0
6.77862 -6.06471 0
6.96408 -5.89509 0
6.77862 -6.06471 0
6.56279 -5.93595 0
6.74824 -5.76632 0
6.56279 -5.93595 0
6.90332 -5.29831 0
7.11916 -5.42708 0
6.9337 -5.5967 0
7.11916 -5.42708 0
6.9337 -5.5967 0
7.14953 -5.72547 0
6.96408 -5.89509 0
7.14953 -5.72547 0
7.11916 -5.42708 0
7.33499 -5.55584 0
7.14953 -5.72547 0
7.33499 -5.55584 0
7.14953 -5.72547 0
6.9337 -5.5967 0
7.11916 -5.42708 0
6.9337 -5.5967 0
6.96408 -5.89509 0
6.74824 -5.76632 0
6.9337 -5.5967 0
6.74824 -5.76632 0
6.9337 -5.5967 0
6.71786 -5.46793 0
6.90332 -5.29831 0
6.71786 -5.46793 0
6.74824 -5.76632 0
6.53241 -5.63756 0
6.71786 -5.46793 0
6.53241 -5.63756 0
6.71786 -5.46793 0
6.9337 -5.5967 0
6.74824 -5.76632 0
6.9337 -5.5967 0
6.59317 -6.23434 0
6.77862 -6.06471 0
6.85879 -6.37363 0
6.77862 -6.06471 0
6.85879 -6.37363 0
7.04425 -6.204 0
7.12442 -6.51292 0
7.04425 -6.204 0
6.77862 -6.06471 0
6.96408 -5.89509 0
7.04425 -6.204 0
6.96408 -5.89509 0
7.04425 -6.204 0
6.85879 -6.37363 0
6.77862 -6.06471 0
6.85879 -6.37363 0
7.12442 -6.51292 0
7.30987 -6.34329 0
7.39004 -6.65221 0
7.30987 -6.34329 0
7.39004 -6.65221 0
7.5755 -6.48258 0
7.65567 -6.7915 0
7.5755 -6.48258 0
7.30987 -6.34329 0
7.49533 -6.17367 0
7.5755 -6.48258 0
7.49533 -6.17367 0
7.5755 -6.48258 0
7.39004 -6.65221 0
7.30987 -6.34329 0
7.39004 -6.65221 0
6.96408 -5.89509 0
7.14953 -5.72547 0
7.2297 -6.03438 0
7.14953 -5.72547 0
7.2297 -6.03438 0
7.41516 -5.86476 0
7.49533 -6.17367 0
7.41516 -5.86476 0
7.14953 -5.72547 0
7.33499 -5.55584 0
7.41516 -5.86476 0
7.33499 -5.55584 0
7.41516 -5.86476 0
7.2297 -6.03438 0
7.14953 -5.72547 0
7.2297 -6.03438 0
7.49533 -6.17367 0
7.30987 -6.34329 0
7.2297 -6.03438 0
7.30987 -6.34329 0
7.2297 -6.03438 0
7.04425 -6.204 0
6.96408 -5.89509 0
7.04425 -6.204 0
7.30987 -6.34329 0
7.12442 -6.51292 0
7.04425 -6.204 0
7.12442 -6.51292 0
7.04425 -6.204 0
7.2297 -6.03438 0
7.30987 -6.34329 0
7.2297 -6.03438 0
7.65567 -6.7915 0
7.5755 -6.48258 0
7.80646 -6.5817 0
7.5755 -6.48258 0
7.80646 -6.5817 0
7.72629 -6.27279 0
7.95725 -6.3719 0
7.72629 -6.27279 0
7.5755 -6.48258 0
7.49533 -6.17367 0
7.72629 -6.27279 0
7.49533 -6.17367 0
7.72629 -6.27279 0
7.80646 -6.5817 0
7.5755 -6.48258 0
7.80646 -6.5817 0
7.95725 -6.3719 0
7.87708 -6.06299 0
8.10804 -6.16211 0
7.87708 -6.06299 0
8.10804 -6.16211 0
8.02787 -5.85319 0
8.25883 -5.95231 0
8.02787 -5.85319 0
7.87708 -6.06299 0
7.79691 -5.75408 0
8.02787 -5.85319 0
7.79691 -5.75408 0
8.02787 -5.85319 0
8.10804 -6.16211 0
7.87708 -6.06299 0
8.10804 -6.16211 0
7.49533 -6.17367 0
7.41516 -5.86476 0
7.64612 -5.96387 0
7.41516 -5.86476 0
7.64612 -5.96387 0
7.56595 -5.65496 0
7.79691 -5.75408 0
7.56595 -5.65496 0
7.41516 -5.86476 0
7.33499 -5.55584 0
7.56595 -5.65496 0
7.33499 -5.55584 0
7.56595 -5.65496 0
7.64612 -5.96387 0
7.41516 -5.86476 0
7.64612 -5.96387 0
7.79691 -5.75408 0
7.87708 -6.06299 0
7.64612 -5.96387 0
7.87708 -6.06299 0
7.64612 -5.96387 0
7.72629 -6.27279 0
7.49533 -6.17367 0
7.72629 -6.27279 0
7.87708 -6.06299 0
7.95725 -6.3719 0
7.72629 -6.27279 0
7.95725 -6.3719 0
7.72629 -6.27279 0
7.64612 -5.96387 0
7.87708 -6.06299 0
7.64612 -5.96387 0
8.25883 -5.95231 0
8.02787 -5.85319 0
8.22387 -5.63611 0
8.02787 -5.85319 0
8.22387 -5.63611 0
7.99291 -5.53699 0
8.18891 -5.3199 0
7.99291 -5.53699 0
8.02787 -5.85319 0
7.79691 -5.75408 0
7.99291 -5.53699 0
7.79691 -5.75408 0
7.99291 -5.53699 0
8.22387 -5.63611 0
8.02787 -5.85319 0
8.22387 -5.63611 0
8.18891 -5.3199 0
7.95795 -5.22079 0
8.15395 -5.0037 0
7.95795 -5.22079 0
8.15395 -5.0037 0
7.92299 -4.90459 0
8.11899 -4.6875 0
7.92299 -4.90459 0
7.95795 -5.22079 0
7.72699 -5.12167 0
7.92299 -4.90459 0
7.72699 -5.12167 0
7.92299 -4.90459 0
8.15395 -5.0037 0
7.95795 -5.22079 0
8.15395 -5.0037 0
7.79691 -5.75408 0
7.56595 -5.65496 0
7.76195 -5.43787 0
7.56595 -5.65496 0
7.76195 -5.43787 0
7.53099 -5.33876 0
7.72699 -5.12167 0
7.53099 -5.33876 0
7.56595 -5.65496 0
7.33499 -5.55584 0
7.53099 -5.33876 0
7.33499 -5.55584 0
7.53099 -5.33876 0
7.76195 -5.43787 0
7.56595 -5.65496 0
7.76195 -5.43787 0
7.72699 -5.12167 0
7.95795 -5.22079 0
7.76195 -5.43787 0
7.95795 -5.22079 0
7.76195 -5.43787 0
7.99291 -5.53699 0
7.79691 -5.75408 0
7.99291 -5.53699 0
7.95795 -5.22079 0
8.18891 -5.3199 0
7.99291 -5.53699 0
8.18891 -5.3199 0
7.99291 -5.53699 0
7.76195 -5.43787 0
7.95795 -5.22079 0
7.76195 -5.43787 0
8.11899 -4.6875 0
7.92299 -4.90459 0
7.98367 -4.60938 0
7.92299 -4.90459 0
7.98367 -4.60938 0
7.78767 -4.82646 0
7.84836 -4.53125 0
7.78767 -4.82646 0
7.92299 -4.90459 0
7.72699 -5.12167 0
7.78767 -4.82646 0
7.72699 -5.12167 0
7.78767 -4.82646 0
7.98367 -4.60938 0
7.92299 -4.90459 0
7.98367 -4.60938 0
7.84836 -4.53125 0
7.65236 -4.74834 0
7.71304 -4.45313 0
7.65236 -4.74834 0
7.71304 -4.45313 0
7.51704 -4.67021 0
7.57772 -4.375 0
7.51704 -4.67021 0
7.65236 -4.74834 0
7.45636 -4.96542 0
7.51704 -4.67021 0
7.45636 -4.96542 0
7.51704 -4.67021 0
7.71304 -4.45313 0
7.65236 -4.74834 0
7.71304 -4.45313 0
7.72699 -5.12167 0
7.53099 -5.33876 0
7.59167 -5.04355 0
7.53099 -5.33876 0
7.59167 -5.04355 0
7.39567 -5.26063 0
7.45636 -4.96542 0
7.39567 -5.26063 0
7.53099 -5.33876 0
7.33499 -5.55584 0
7.39567 -5.26063 0
7.33499 -5.55584 0
7.39567 -5.26063 0
7.59167 -5.04355 0
7.53099 -5.33876 0
7.59167 -5.04355 0
7.45636 -4.96542 0
7.65236 -4.74834 0
7.59167 -5.04355 0
7.65236 -4.74834 0
7.59167 -5.04355 0
7.78767 -4.82646 0
7.72699 -5.12167 0
7.78767 -4.82646 0
7.65236 -4.74834 0
7.84836 -4.53125 0
7.78767 -4.82646 0
7.84836 -4.53125 0
7.78767 -4.82646 0
7.59167 -5.04355 0
7.65236 -4.74834 0
7.59167 -5.04355 0
7.57772 -4.375 0
7.51704 -4.67021 0
7.3012 -4.54144 0
7.51704 -4.67021 0
7.3012 -4.54144 0
7.24052 -4.83666 0
7.02468 -4.70789 0
7.24052 -4.83666 0
7.51704 -4.67021 0
7.45636 -4.96542 0
7.24052 -4.83666 0
7.45636 -4.96542 0
7.24052 -4.83666 0
7.3012 -4.54144 0
7.51704 -4.67021 0
7.3012 -4.54144 0
7.02468 -4.70789 0
6.964 -5.0031 0
6.74817 -4.87433 0
6.964 -5.0031 0
6.74817 -4.87433 0
6.68748 -5.16955 0
6.47165 -5.04078 0
6.68748 -5.16955 0
6.964 -5.0031 0
6.90332 -5.29831 0
6.68748 -5.16955 0
6.90332 -5.29831 0
6.68748 -5.16955 0
6.74817 -4.87433 0
6.964 -5.0031 0
6.74817 -4.87433 0
7.45636 -4.96542 0
7.39567 -5.26063 0
7.17984 -5.13187 0
7.39567 -5.26063 0
7.17984 -5.13187 0
7.11916 -5.42708 0
6.90332 -5.29831 0
7.11916 -5.42708 0
7.39567 -5.26063 0
7.33499 -5.55584 0
7.11916 -5.42708 0
7.33499 -5.55584 0
7.11916 -5.42708 0
7.17984 -5.13187 0
7.39567 -5.26063 0
7.17984 -5.13187 0
6.90332 -5.29831 0
6.964 -5.0031 0
7.17984 -5.13187 0
6.964 -5.0031 0
7.17984 -5.13187 0
7.24052 -4.83666 0
7.45636 -4.96542 0
7.24052 -4.83666 0
6.964 -5.0031 0
7.02468 -4.70789 0
7.24052 -4.83666 0
7.02468 -4.70789 0
7.24052 -4.83666 0
7.17984 -5.13187 0
6.964 -5.0031 0
7.17984 -5.13187 0
6.47165 -5.04078 0
6.34961 -4.87715 0
6.47753 -4.71808 0
6.34961 -4.87715 0
6.47753 -4.71808 0
6.3555 -4.55446 0
6.48342 -4.39539 0
6.3555 -4.55446 0
6.34961 -4.87715 0
6.22757 -4.71353 0
6.3555 -4.55446 0
6.22757 -4.71353 0
6.3555 -4.55446 0
6.47753 -4.71808 0
6.34961 -4.87715 0
6.47753 -4.71808 0
6.22757 -4.71353 0
6.10554 -4.5499 0
6.23346 -4.39083 0
6.10554 -4.5499 0
6.23346 -4.39083 0
6.11142 -4.2272 0
6.23935 -4.06814 0
6.11142 -4.2272 0
6.10554 -4.5499 0
5.9835 -4.38627 0
6.11142 -4.2272 0
5.9835 -4.38627 0
6.11142 -4.2272 0
6.23346 -4.39083 0
6.10554 -4.5499 0
6.23346 -4.39083 0
6.23935 -4.06814 0
6.36138 -4.23176 0
6.23346 -4.39083 0
6.36138 -4.23176 0
6.23346 -4.39083 0
6.3555 -4.55446 0
6.22757 -4.71353 0
6.3555 -4.55446 0
6.36138 -4.23176 0
6.48342 -4.39539 0
6.3555 -4.55446 0
6.48342 -4.39539 0
6.3555 -4.55446 0
6.23346 -4.39083 0
6.36138 -4.23176 0
6.23346 -4.39083 0
5.96871 -3.91189 0
5.97611 -4.14908 0
5.81028 -4.03005 0
5.97611 -4.14908 0
5.81028 -4.03005 0
5.81768 -4.26724 0
5.65185 -4.14821 0
5.81768 -4.26724 0
5.97611 -4.14908 0
5.9835 -4.38627 0
5.81768 -4.26724 0
5.9835 -4.38627 0
5.81768 -4.26724 0
5.81028 -4.03005 0
5.97611 -4.14908 0
5.81028 -4.03005 0
6.23935 -4.06814 0
6.11142 -4.2272 0
6.10403 -3.99001 0
6.11142 -4.2272 0
6.10403 -3.99001 0
5.97611 -4.14908 0
5.96871 -3.91189 0
5.97611 -4.14908 0
6.11142 -4.2272 0
5.9835 -4.38627 0
5.97611 -4.14908 0
5.9835 -4.38627 0
5.97611 -4.14908 0
6.10403 -3.99001 0
6.11142 -4.2272 0
6.10403 -3.99001 0
5.3202 -3.91014 0
5.48603 -4.02918 0
5.29708 -4.10643 0
5.48603 -4.02918 0
5.29708 -4.10643 0
5.46291 -4.22546 0
5.27397 -4.30272 0
5.46291 -4.22546 0
5.48603 -4.02918 0
5.65185 -4.14821 0
5.46291 -4.22546 0
5.65185 -4.14821 0
5.46291 -4.22546 0
5.29708 -4.10643 0
5.48603 -4.02918 0
5.29708 -4.10643 0
5.27397 -4.30272 0
5.4398 -4.42175 0
5.25086 -4.499 0
5.4398 -4.42175 0
5.25086 -4.499 0
5.41668 -4.61803 0
5.22774 -4.69529 0
5.41668 -4.61803 0
5.4398 -4.42175 0
5.60562 -4.54078 0
5.41668 -4.61803 0
5.60562 -4.54078 0
5.41668 -4.61803 0
5.25086 -4.499 0
5.4398 -4.42175 0
5.25086 -4.499 0
5.65185 -4.14821 0
5.81768 -4.26724 0
5.62874 -4.34449 0
5.81768 -4.26724 0
5.62874 -4.34449 0
5.79456 -4.46353 0
5.60562 -4.54078 0
5.79456 -4.46353 0
5.81768 -4.26724 0
5.9835 -4.38627 0
5.79456 -4.46353 0
5.9835 -4.38627 0
5.79456 -4.46353 0
5.62874 -4.34449 0
5.81768 -4.26724 0
5.62874 -4.34449 0
5.60562 -4.54078 0
5.4398 -4.42175 0
5.62874 -4.34449 0
5.4398 -4.42175 0
5.62874 -4.34449 0
5.46291 -4.22546 0
5.65185 -4.14821 0
5.46291 -4.22546 0
5.4398 -4.42175 0
5.27397 -4.30272 0
5.46291 -4.22546 0
5.27397 -4.30272 0
5.46291 -4.22546 0
5.62874 -4.34449 0
5.4398 -4.42175 0
5.62874 -4.34449 0
5.22774 -4.69529 0
5.41668 -4.61803 0
5.32836 -4.93601 0
5.41668 -4.61803 0
5.32836 -4.93601 0
5.5173 -4.85875 0
5.42899 -5.17673 0
5.5173 -4.85875 0
5.41668 -4.61803 0
5.60562 -4.54078 0
5.5173 -4.85875 0
5.60562 -4.54078 0
5.5173 -4.85875 0
5.32836 -4.93601 0
5.41668 -4.61803 0
5.32836 -4.93601 0
5.42899 -5.17673 0
5.61793 -5.09947 0
5.52961 -5.41744 0
5.61793 -5.09947 0
5.52961 -5.41744 0
5.71855 -5.34019 0
5.63024 -5.65816 0
5.71855 -5.34019 0
5.61793 -5.09947 0
5.80687 -5.02222 0
5.71855 -5.34019 0
5.80687 -5.02222 0
5.71855 -5.34019 0
5.52961 -5.41744 0
5.61793 -5.09947 0
5.52961 -5.41744 0
5.60562 -4.54078 0
5.79456 -4.46353 0
5.70625 -4.7815 0
5.79456 -4.46353 0
5.70625 -4.7815 0
5.89519 -4.70424 0
5.80687 -5.02222 0
5.89519 -4.70424 0
5.79456 -4.46353 0
5.9835 -4.38627 0
5.89519 -4.70424 0
5.9835 -4.38627 0
5.89519 -4.70424 0
5.70625 -4.7815 0
5.79456 -4.46353 0
5.70625 -4.7815 0
5.80687 -5.02222 0
5.61793 -5.09947 0
5.70625 -4.7815 0
5.61793 -5.09947 0
5.70625 -4.7815 0
5.5173 -4.85875 0
5.60562 -4.54078 0
5.5173 -4.85875 0
5.61793 -5.09947 0
5.42899 -5.17673 0
5.5173 -4.85875 0
5.42899 -5.17673 0
5.5173 -4.85875 0
5.70625 -4.7815 0
5.61793 -5.09947 0
5.70625 -4.7815 0
5.63024 -5.65816 0
5.71855 -5.34019 0
5.84059 -5.50382 0
5.71855 -5.34019 0
5.84059 -5.50382 0
5.92891 -5.18584 0
6.05094 -5.34947 0
5.92891 -5.18584 0
5.71855 -5.34019 0
5.80687 -5.02222 0
5.92891 -5.18584 0
5.80687 -5.02222 0
5.92891 -5.18584 0
5.84059 -5.50382 0
5.71855 -5.34019 0
5.84059 -5.50382 0
6.05094 -5.34947 0
6.13926 -5.0315 0
6.26129 -5.19513 0
6.13926 -5.0315 0
6.26129 -5.19513 0
6.34961 -4.87715 0
6.47165 -5.04078 0
6.34961 -4.87715 0
6.13926 -5.0315 0
6.22757 -4.71353 0
6.34961 -4.87715 0
6.22757 -4.71353 0
6.34961 -4.87715 0
6.26129 -5.19513 0
6.13926 -5.0315 0
6.26129 -5.19513 0
5.80687 -5.02222 0
5.89519 -4.70424 0
6.01722 -4.86787 0
5.89519 -4.70424 0
6.01722 -4.86787 0
6.10554 -4.5499 0
6.22757 -4.71353 0
6.10554 -4.5499 0
5.89519 -4.70424 0
5.9835 -4.38627 0
6.10554 -4.5499 0
5.9835 -4.38627 0
6.10554 -4.5499 0
6.01722 -4.86787 0
5.89519 -4.70424 0
6.01722 -4.86787 0
6.22757 -4.71353 0
6.13926 -5.0315 0
6.01722 -4.86787 0
6.13926 -5.0315 0
6.01722 -4.86787 0
5.92891 -5.18584 0
5.80687 -5.02222 0
5.92891 -5.18584 0
6.13926 -5.0315 0
6.05094 -5.34947 0
5.92891 -5.18584 0
6.05094 -5.34947 0
5.92891 -5.18584 0
6.01722 -4.86787 0
6.13926 -5.0315 0
6.01722 -4.86787 0
7.65567 -6.7915 0
7.49639 -7.03044 0
7.39004 -6.65221 0
7.49639 -7.03044 0
7.39004 -6.65221 0
7.23077 -6.89115 0
7.12442 -6.51292 0
7.23077 -6.89115 0
7.49639 -7.03044 0
7.33712 -7.26938 0
7.23077 -6.89115 0
7.33712 -7.26938 0
7.23077 -6.89115 0
7.39004 -6.65221 0
7.49639 -7.03044 0
7.39004 -6.65221 0
7.12442 -6.51292 0
6.96514 -6.75186 0
6.85879 -6.37363 0
6.96514 -6.75186 0
6.85879 -6.37363 0
6.69951 -6.61257 0
6.59317 -6.23434 0
6.69951 -6.61257 0
6.96514 -6.75186 0
6.80586 -6.9908 0
6.69951 -6.61257 0
6.80586 -6.9908 0
6.69951 -6.61257 0
6.85879 -6.37363 0
6.96514 -6.75186 0
6.85879 -6.37363 0
6.80586 -6.9908 0
6.96514 -6.75186 0
7.07149 -7.13009 0
6.96514 -6.75186 0
7.07149 -7.13009 0
7.23077 -6.89115 0
7.33712 -7.26938 0
7.23077 -6.89115 0
6.96514 -6.75186 0
7.12442 -6.51292 0
7.23077 -6.89115 0
7.12442 -6.51292 0
7.23077 -6.89115 0
7.07149 -7.13009 0
6.96514 -6.75186 0
7.07149 -7.13009 0
6.59317 -6.23434 0
6.69951 -6.61257 0
6.43905 -6.49165 0
6.69951 -6.61257 0
6.43905 -6.49165 0
6.5454 -6.86988 0
6.28494 -6.74896 0
6.5454 -6.86988 0
6.69951 -6.61257 0
6.80586 -6.9908 0
6.5454 -6.86988 0
6.80586 -6.9908 0
6.5454 -6.86988 0
6.43905 -6.49165 0
6.69951 -6.61257 0
6.43905 -6.49165 0
-1.25652 0 0
-0.942394 -0.542343 0
-1.6496 -0.732366 0
-0.942394 -0.542343 0
-1.6496 -0.732366 0
-1.33547 -1.27471 0
-2.04267 -1.46473 0
-1.33547 -1.27471 0
-0.942394 -0.542343 0
-0.628262 -1.08469 0
-1.33547 -1.27471 0
-0.628262 -1.08469 0
-1.33547 -1.27471 0
-1.6496 -0.732366 0
-0.942394 -0.542343 0
-1.6496 -0.732366 0
-2.04267 -1.46473 0
-1.33547 -1.27471 0
-1.33547 -1.90146 0
-1.33547 -1.27471 0
-1.33547 -1.90146 0
-0.628262 -1.71143 0
-0.628262 -2.33818 0
-0.628262 -1.71143 0
-1.33547 -1.27471 0
-0.628262 -1.08469 0
-0.628262 -1.71143 0
-0.628262 -1.08469 0
-0.628262 -1.71143 0
-1.33547 -1.90146 0
-1.33547 -1.27471 0
-1.33547 -1.90146 0
2.11203 -5.09291 0
1.13252 -5.08746 0
1.80367 -4.37648 0
1.13252 -5.08746 0
1.80367 -4.37648 0
0.824158 -4.37103 0
1.49531 -3.66005 0
0.824158 -4.37103 0
1.13252 -5.08746 0
0.153004 -5.08201 0
0.824158 -4.37103 0
0.153004 -5.08201 0
0.824158 -4.37103 0
1.80367 -4.37648 0
1.13252 -5.08746 0
1.80367 -4.37648 0
1.49531 -3.66005 0
0.824158 -4.37103 0
0.876117 -3.47144 0
0.824158 -4.37103 0
0.876117 -3.47144 0
0.204963 -4.18242 0
0.256922 -3.28283 0
0.204963 -4.18242 0
0.824158 -4.37103 0
0.153004 -5.08201 0
0.204963 -4.18242 0
0.153004 -5.08201 0
0.204963 -4.18242 0
0.876117 -3.47144 0
0.824158 -4.37103 0
0.876117 -3.47144 0

CELLS 1089 5445
4 0 2 3 1
4 4 6 7 5
4 8 10 11 9
4 12 14 15 13
4 16 18 19 17
4 20 22 23 21
4 24 26 27 25
4 28 30 31 29
4 32 34 35 33
4 36 38 39 37
4 40 42 43 41
4 44 46 47 45
4 48 50 51 49
4 52 54 55 53
4 56 58 59 57
4 60 62 63 61
4 64 66 67 65
4 68 70 71 69
4 72 74 75 73
4 76 78 79 77
4 80 82 83 81
4 84 86 87 85
4 88 90 91 89
4 92 94 95 93
4 96 98 99 97
4 100 102 103 101
4 104 106 107 105
4 108 110 111 109
4 112 114 115 113
4 116 118 119 117
4 120 122 123 121
4 124 126 127 125
4 128 130 131 129
4 132 134 135 133
4 136 138 139 137
4 140 142 143 141
4 144 146 147 145
4 148 150 151 149
4 152 154 155 153
4 156 158 159 157
4 160 162 163 161
4 164 166 167 165
4 168 170 171 169
4 172 174 175 173
4 176 178 179 177
4 180 182 183 181
4 184 186 187 185
4 188 190 191 189
4 192 194 195 193
4 196 198 199 197
4 200 202 203 201
4 204 206 207 205
4 208 210 211 209
4 212 214 215 213
4 216 218 219 217
4 220 222 223 221
4 224 226 227 225
4 228 230 231 229
4 232 234 235 233
4 236 238 239 237
4 240 242 243 241
4 244 246 247 245
4 248 250 251 249
4 252 254 255 253
4 256 258 259 257
4 260 262 263 261
4 264 266 267 265
4 268 270 271 269
4 272 274 275 273
4 276 278 279 277
4 280 282 283 281
4 284 286 287 285
4 288 290 291 289
4 292 294 295 293
4 296 298 299 297
4 300 302 303 301
4 304 306 307 305
4 308 310 311 309
4 312 314 315 313
4 316 318 319 317
4 320 322 323 321
4 324 326 327 325
4 328 330 331 329
4 332 334 335 333
4 336 338 339 337
4 340 342 343 341
4 344 346 347 345
4 348 350 351 349
4 352 354 355 353
4 356 358 359 357
4 360 362 363 361
4 364 366 367 365
4 368 370 371 369
4 372 374 375 373
4 376 378 379 377
4 380 382 383 381
4 384 386 387 385
4 388 390 391 389
4 392 394 395 393
4 396 398 399 397
4 400 402 403 401
4 404 406 407 405
4 408 410 411 409
4 412 414 415 413
4 416 418 419 417
4 420 422 423 421
4 424 426 427 425
4 428 430 431 429
4 432 434 435 433
4 436 438 439 437
4 440 442 443 441
4 444 446 447 445
4 448 450 451 449
4 452 454 455 453
4 456 458 459 457
4 460 462 463 461
4 464 466 467 465
4 468 470 471 469
4 472 474 475 473
4 476 478 479 477
4 480 482 483 481
4 484 486 487 485
4 488 490 491 489
4 492 494 495 493
4 496 498 499 497
4 500 502 503 501
4 504 506 507 505
4 508 510 511 509
4 512 514 515 513
4 516 518 519 517
4 520 522 523 521
4 524 526 527 525
4 528 530 531 529
4 532 534 535 533
4 536 538 539 537
4 540 542 543 541
4 544 546 547 545
4 548 550 551 549
4 552 554 555 553
4 556 558 559 557
4 560 562 563 561
4 564 566 567 565
4 568 570 571 569
4 572 574 575 573
4 576 578 579 577
4 580 582 583 581
4 584 586 587 585
4 588 590 591 589
4 592 594 595 593
4 596 598 599 597
4 600 602 603 601
4 604 606 607 605
4 608 610 611 609
4 612 614 615 613
4 616 618 619 617
4 620 622 623 621
4 624 626 627 625
4 628 630 631 629
4 632 634 635 633
4 636 638 639 637
4 640 642 643 641
4 644 646 647 645
4 648 650 651 649
4 652 654 655 653
4 656 658 659 657
4 660 662 663 661
4 664 666 667 665
4 668 670 671 669
4 672 674 675 673
4 676 678 679 677
4 680 682 683 681
4 684 686 687 685
4 688 690 691 689
4 692 694 695 693
4 696 698 699 697
4 700 702 703 701
4 704 706 707 705
4 708 710 711 709
4 712 714 715 713
4 716 718 719 717
4 720 722 723 721
4 724 726 727 725
4 728 730 731 729
4 732 734 735 733
4 736 738 739 737
4 740 742 743 741
4 744 746 747 745
4 748 750 751 749
4 752 754 755 753
4 756 758 759 757
4 760 762 763 761
4 764 766 767 765
4 768 770 771 769
4 772 774 775 773
4 776 778 779 777
4 780 782 783 781
4 784 786 787 785
4 788 790 791 789
4 792 794 795 793
4 796 798 799 797
4 800 802 803 801
4 804 806 807 805
4 808 810 811 809
4 812 814 815 813
4 816 818 819 817
4 820 822 823 821
4 824 826 827 825
4 828 830 831 829
4 832 834 835 833
4 836 838 839 837
4 840 842 843 841
4 844 846 847 845
4 848 850 851 849
4 852 854 855 853
4 856 858 859 857
4 860 862 863 861
4 864 866 867 865
4 868 870 871 869
4 872 874 875 873
4 876 878 879 877
4 880 882 883 881
4 884 886 887 885
4 888 890 891 889
4 892 894 895 893
4 896 898 899 897
4 900 902 903 901
4 904 906 907 905
4 908 910 911 909
4 912 914 915 913
4 916 918 919 917
4 920 922 923 921
4 924 926 927 925
4 928 930 931 929
4 932 934 935 933
4 936 938 939 937
4 940 942 943 941
4 944 946 947 945
4 948 950 951 949
4 952 954 955 953
4 956 958 959 957
4 960 962 963 961
4 964 966 967 965
4 968 970 971 969
4 972 974 975 973
4 976 978 979 977
4 980 982 983 981
4 984 986 987 985
4 988 990 991 989
4 992 994 995 993
4 996 998 999 997
4 1000 1002 1003 1001
4 1004 1006 1007 1005
4 1008 1010 1011 1009
4 1012 1014 1015 1013
4 1016 1018 1019 1017
4 1020 1022 1023 1021
4 1024 1026 1027 1025
4 1028 1030 1031 1029
4 1032 1034 1035 1033
4 1036 1038 1039 1037
4 1040 1042 1043 1041
4 1044 1046 1047 1045
4 1048 1050 1051 1049
4 1052 1054 1055 1053
4 1056 1058 1059 1057
4 1060 1062 1063 1061
4 1064 1066 1067 1065
4 1068 1070 1071 1069
4 1072 1074 1075 1073
4 1076 1078 1079 1077
4 1080 1082 1083 1081
4 1084 1086 1087 1085
4 1088 1090 1091 1089
4 1092 1094 1095 1093
4 1096 1098 1099 1097
4 1100 1102 1103 1101
4 1104 1106 1107 1105
4 1108 1110 1111 1109
4 1112 1114 1115 1113
4 1116 1118 1119 1117
4 1120 1122 1123 1121
4 1124 1126 1127 1125
4 1128 1130 1131 1129
4 1132 1134 1135 1133
4 1136 1138 1139 1137
4 1140 1142 1143 1141
4 1144 1146 1147 1145
4 1148 1150 1151 1149
4 1152 1154 1155 1153
4 1156 1158 1159 1157
4 1160 1162 1163 1161
4 1164 1166 1167 1165
4 1168 1170 1171 1169
4 1172 1174 1175 1173
4 1176 1178 1179 1177
4 1180 1182 1183 1181
4 1184 1186 1187 1185
4 1188 1190 1191 1189
4 1192 1194 1195 1193
4 1196 1198 1199 1197
4 1200 1202 1203 1201
4 1204 1206 1207 1205
4 1208 1210 1211 1209
4 1212 1214 1215 1213
4 1216 1218 1219 1217
4 1220 1222 1223 1221
4 1224 1226 1227 1225
4 1228 1230 1231 1229
4 1232 1234 1235 1233
4 1236 1238 1239 1237
4 1240 1242 1243 1241
4 1244 1246 1247 1245
4 1248 1250 1251 1249
4 1252 1254 1255 1253
4 1256 1258 1259 1257
4 1260 1262 1263 1261
4 1264 1266 1267 1265
4 1268 1270 1271 1269
4 1272 1274 1275 1273
4 1276 1278 1279 1277
4 1280 1282 1283 1281
4 1284 1286 1287 1285
4 1288 1290 1291 1289
4 1292 1294 1295 1293
4 1296 1298 1299 1297
4 1300 1302 1303 1301
4 1304 1306 1307 1305
4 1308 1310 1311 1309
4 1312 1314 1315 1313
4 1316 1318 1319 1317
4 1320 1322 1323 1321
4 1324 1326 1327 1325
4 1328 1330 1331 1329
4 1332 1334 1335 1333
4 1336 1338 1339 1337
4 1340 1342 1343 1341
4 1344 1346 1347 1345
4 1348 1350 1351 1349
4 1352 1354 1355 1353
4 1356 1358 1359 1357
4 1360 1362 1363 1361
4 1364 1366 1367 1365
4 1368 1370 1371 1369
4 1372 1374 1375 1373
4 1376 1378 1379 1377
4 1380 1382 1383 1381
4 1384 1386 1387 1385
4 1388 1390 1391 1389
4 1392 1394 1395 1393
4 1396 1398 1399 1397
4 1400 1402 1403 1401
4 1404 1406 1407 1405
4 1408 1410 1411 1409
4 1412 1414 1415 1413
4 1416 1418 1419 1417
4 1420 1422 1423 1421
4 1424 1426 1427 1425
4 1428 1430 1431 1429
4 1432 1434 1435 1433
4 1436 1438 1439 1437
4 1440 1442 1443 1441
4 1444 1446 1447 1445
4 1448 1450 1451 1449
4 1452 1454 1455 1453
4 1456 1458 1459 1457
4 1460 1462 1463 1461
4 1464 1466 1467 1465
4 1468 1470 1471 1469
4 1472 1474 1475 1473
4 1476 1478 1479 1477
4 1480 1482 1483 1481
4 1484 1486 1487 1485
4 1488 1490 1491 1489
4 1492 1494 1495 1493
4 1496 1498 1499 1497
4 1500 1502 1503 1501
4 1504 1506 1507 1505
4 1508 1510 1511 1509
4 1512 1514 1515 1513
4 1516 1518 1519 1517
4 1520 1522 1523 1521
4 1524 1526 1527 1525
4 1528 1530 1531 1529
4 1532 1534 1535 1533
4 1536 1538 1539 1537
4 1540 1542 1543 1541
4 1544 1546 1547 1545
4 1548 1550 1551 1549
4 1552 1554 1555 1553
4 1556 1558 1559 1557
4 1560 1562 1563 1561
4 1564 1566 1567 1565
4 1568 1570 1571 1569
4 1572 1574 1575 1573
4 1576 1578 1579 1577
4 1580 1582 1583 1581
4 1584 1586 1587 1585
4 1588 1590 1591 1589
4 1592 1594 1595 1593
4 1596 1598 1599 1597
4 1600 1602 1603 1601
4 1604 1606 1607 1605
4 1608 1610 1611 1609
4 1612 1614 1615 1613
4 1616 1618 1619 1617
4 1620 1622 1623 1621
4 1624 1626 1627 1625
4 1628 1630 1631 1629
4 1632 1634 1635 1633
4 1636 1638 1639 1637
4 1640 1642 1643 1641
4 1644 1646 1647 1645
4 1648 1650 1651 1649
4 1652 1654 1655 1653
4 1656 1658 1659 1657
4 1660 1662 1663 1661
4 1664 1666 1667 1665
4 1668 1670 1671 1669
4 1672 1674 1675 1673
4 1676 1678 1679 1677
4 1680 1682 1683 1681
4 1684 1686 1687 1685
4 1688 1690 1691 1689
4 1692 1694 1695 1693
4 1696 1698 1699 1697
4 1700 1702 1703 1701
4 1704 1706 1707 1705
4 1708 1710 1711 1709
4 1712 1714 1715 1713
4 1716 1718 1719 1717
4 1720 1722 1723 1721
4 1724 1726 1727 1725
4 1728 1730 1731 1729
4 1732 1734 1735 1733
4 1736 1738 1739 1737
4 1740 1742 1743 1741
4 1744 1746 1747 1745
4 1748 1750 1751 1749
4 1752 1754 1755 1753
4 1756 1758 1759 1757
4 1760 1762 1763 1761
4 1764 1766 1767 1765
4 1768 1770 1771 1769
4 1772 1774 1775 1773
4 1776 1778 1779 1777
4 1780 1782 1783 1781
4 1784 1786 1787 1785
4 1788 1790 1791 1789
4 1792 1794 1795 1793
4 1796 1798 1799 1797
4 1800 1802 1803 1801
4 1804 1806 1807 1805
4 1808 1810 1811 1809
4 1812 1814 1815 1813
4 1816 1818 1819 1817
4 1820 1822 1823 1821
4 1824 1826 1827 1825
4 1828 1830 1831 1829
4 1832 1834 1835 1833
4 1836 1838 1839 1837
4 1840 1842 1843 1841
4 1844 1846 1847 1845
4 1848 1850 1851 1849
4 1852 1854 1855 1853
4 1856 1858 1859 1857
4 1860 1862 1863 1861
4 1864 1866 1867 1865
4 1868 1870 1871 1869
4 1872 1874 1875 1873
4 1876 1878 1879 1877
4 1880 1882 1883 1881
4 1884 1886 1887 1885
4 1888 1890 1891 1889
4 1892 1894 1895 1893
4 1896 1898 1899 1897
4 1900 1902 1903 1901
4 1904 1906 1907 1905
4 1908 1910 1911 1909
4 1912 1914 1915 1913
4 1916 1918 1919 1917
4 1920 1922 1923 1921
4 1924 1926 1927 1925
4 1928 1930 1931 1929
4 1932 1934 1935 1933
4 1936 1938 1939 1937
4 1940 1942 1943 1941
4 1944 1946 1947 1945
4 1948 1950 1951 1949
4 1952 1954 1955 1953
4 1956 1958 1959 1957
4 1960 1962 1963 1961
4 1964 1966 1967 1965
4 1968 1970 1971 1969
4 1972 1974 1975 1973
4 1976 1978 1979 1977
4 1980 1982 1983 1981
4 1984 1986 1987 1985
4 1988 1990 1991 1989
4 1992 1994 1995 1993
4 1996 1998 1999 1997
4 2000 2002 2003 2001
4 2004 2006 2007 2005
4 2008 2010 2011 2009
4 2012 2014 2015 2013
4 2016 2018 2019 2017
4 2020 2022 2023 2021
4 2024 2026 2027 2025
4 2028 2030 2031 2029
4 2032 2034 2035 2033
4 2036 2038 2039 2037
4 2040 2042 2043 2041
4 2044 2046 2047 2045
4 2048 2050 2051 2049
4 2052 2054 2055 2053
4 2056 2058 2059 2057
4 2060 2062 2063 2061
4 2064 2066 2067 2065
4 2068 2070 2071 2069
4 2072 2074 2075 2073
4 2076 2078 2079 2077
4 2080 2082 2083 2081
4 2084 2086 2087 2085
4 2088 2090 2091 2089
4 2092 2094 2095 2093
4 2096 2098 2099 2097
4 2100 2102 2103 2101
4 2104 2106 2107 2105
4 2108 2110 2111 2109
4 2112 2114 2115 2113
4 2116 2118 2119 2117
4 2120 2122 2123 2121
4 2124 2126 2127 2125
4 2128 2130 2131 2129
4 2132 2134 2135 2133
4 2136 2138 2139 2137
4 2140 2142 2143 2141
4 2144 2146 2147 2145
4 2148 2150 2151 2149
4 2152 2154 2155 2153
4 2156 2158 2159 2157
4 2160 2162 2163 2161
4 2164 2166 2167 2165
4 2168 2170 2171 2169
4 2172 2174 2175 2173
4 2176 2178 2179 2177
4 2180 2182 2183 2181
4 2184 2186 2187 2185
4 2188 2190 2191 2189
4 2192 2194 2195 2193
4 2196 2198 2199 2197
4 2200 2202 2203 2201
4 2204 2206 2207 2205
4 2208 2210 2211 2209
4 2212 2214 2215 2213
4 2216 2218 2219 2217
4 2220 2222 2223 2221
4 2224 2226 2227 2225
4 2228 2230 2231 2229
4 2232 2234 2235 2233
4 2236 2238 2239 2237
4 2240 2242 2243 2241
4 2244 2246 2247 2245
4 2248 2250 2251 2249
4 2252 2254 2255 2253
4 2256 2258 2259 2257
4 2260 2262 2263 2261
4 2264 2266 2267 2265
4 2268 2270 2271 2269
4 2272 2274 2275 2273
4 2276 2278 2279 2277
4 2280 2282 2283 2281
4 2284 2286 2287 2285
4 2288 2290 2291 2289
4 2292 2294 2295 2293
4 2296 2298 2299 2297
4 2300 2302 2303 2301
4 2304 2306 2307 2305
4 2308 2310 2311 2309
4 2312 2314 2315 2313
4 2316 2318 2319 2317
4 2320 2322 2323 2321
4 2324 2326 2327 2325
4 2328 2330 2331 2329
4 2332 2334 2335 2333
4 2336 2338 2339 2337
4 2340 2342 2343 2341
4 2344 2346 2347 2345
4 2348 2350 2351 2349
4 2352 2354 2355 2353
4 2356 2358 2359 2357
4 2360 2362 2363 2361
4 2364 2366 2367 2365
4 2368 2370 2371 2369
4 2372 2374 2375 2373
4 2376 2378 2379 2377
4 2380 2382 2383 2381
4 2384 2386 2387 2385
4 2388 2390 2391 2389
4 2392 2394 2395 2393
4 2396 2398 2399 2397
4 2400 2402 2403 2401
4 2404 2406 2407 2405
4 2408 2410 2411 2409
4 2412 2414 2415 2413
4 2416 2418 2419 2417
4 2420 2422 2423 2421
4 2424 2426 2427 2425
4 2428 2430 2431 2429
4 2432 2434 2435 2433
4 2436 2438 2439 2437
4 2440 2442 2443 2441
4 2444 2446 2447 2445
4 2448 2450 2451 2449
4 2452 2454 2455 2453
4 2456 2458 2459 2457
4 2460 2462 2463 2461
4 2464 2466 2467 2465
4 2468 2470 2471 2469
4 2472 2474 2475 2473
4 2476 2478 2479 2477
4 2480 2482 2483 2481
4 2484 2486 2487 2485
4 2488 2490 2491 2489
4 2492 2494 2495 2493
4 2496 2498 2499 2497
4 2500 2502 2503 2501
4 2504 2506 2507 2505
4 2508 2510 2511 2509
4 2512 2514 2515 2513
4 2516 2518 2519 2517
4 2520 2522 2523 2521
4 2524 2526 2527 2525
4 2528 2530 2531 2529
4 2532 2534 2535 2533
4 2536 2538 2539 2537
4 2540 2542 2543 2541
4 2544 2546 2547 2545
4 2548 2550 2551 2549
4 2552 2554 2555 2553
4 2556 2558 2559 2557
4 2560 2562 2563 2561
4 2564 2566 2567 2565
4 2568 2570 2571 2569
4 2572 2574 2575 2573
4 2576 2578 2579 2577
4 2580 2582 2583 2581
4 2584 2586 2587 2585
4 2588 2590 2591 2589
4 2592 2594 2595 2593
4 2596 2598 2599 2597
4 2600 2602 2603 2601
4 2604 2606 2607 2605
4 2608 2610 2611 2609
4 2612 2614 2615 2613
4 2616 2618 2619 2617
4 2620 2622 2623 2621
4 2624 2626 2627 2625
4 2628 2630 2631 2629
4 2632 2634 2635 2633
4 2636 2638 2639 2637
4 2640 2642 2643 2641
4 2644 2646 2647 2645
4 2648 2650 2651 2649
4 2652 2654 2655 2653
4 2656 2658 2659 2657
4 2660 2662 2663 2661
4 2664 2666 2667 2665
4 2668 2670 2671 2669
4 2672 2674 2675 2673
4 2676 2678 2679 2677
4 2680 2682 2683 2681
4 2684 2686 2687 2685
4 2688 2690 2691 2689
4 2692 2694 2695 2693
4 2696 2698 2699 2697
4 2700 2702 2703 2701
4 2704 2706 2707 2705
4 2708 2710 2711 2709
4 2712 2714 2715 2713
4 2716 2718 2719 2717
4 2720 2722 2723 2721
4 2724 2726 2727 2725
4 2728 2730 2731 2729
4 2732 2734 2735 2733
4 2736 2738 2739 2737
4 2740 2742 2743 2741
4 2744 2746 2747 2745
4 2748 2750 2751 2749
4 2752 2754 2755 2753
4 2756 2758 2759 2757
4 2760 2762 2763 2761
4 2764 2766 2767 2765
4 2768 2770 2771 2769
4 2772 2774 2775 2773
4 2776 2778 2779 2777
4 2780 2782 2783 2781
4 2784 2786 2787 2785
4 2788 2790 2791 2789
4 2792 2794 2795 2793
4 2796 2798 2799 2797
4 2800 2802 2803 2801
4 2804 2806 2807 2805
4 2808 2810 2811 2809
4 2812 2814 2815 2813
4 2816 2818 2819 2817
4 2820 2822 2823 2821
4 2824 2826 2827 2825
4 2828 2830 2831 2829
4 2832 2834 2835 2833
4 2836 2838 2839 2837
4 2840 2842 2843 2841
4 2844 2846 2847 2845
4 2848 2850 2851 2849
4 2852 2854 2855 2853
4 2856 2858 2859 2857
4 2860 2862 2863 2861
4 2864 2866 2867 2865
4 2868 2870 2871 2869
4 2872 2874 2875 2873
4 2876 2878 2879 2877
4 2880 2882 2883 2881
4 2884 2886 2887 2885
4 2888 2890 2891 2889
4 2892 2894 2895 2893
4 2896 2898 2899 2897
4 2900 2902 2903 2901
4 2904 2906 2907 2905
4 2908 2910 2911 2909
4 2912 2914 2915 2913
4 2916 2918 2919 2917
4 2920 2922 2923 2921
4 2924 2926 2927 2925
4 2928 2930 2931 2929
4 2932 2934 2935 2933
4 2936 2938 2939 2937
4 2940 2942 2943 2941
4 2944 2946 2947 2945
4 2948 2950 2951 2949
4 2952 2954 2955 2953
4 2956 2958 2959 2957
4 2960 2962 2963 2961
4 2964 2966 2967 2965
4 2968 2970 2971 2969
4 2972 2974 2975 2973
4 2976 2978 2979 2977
4 2980 2982 2983 2981
4 2984 2986 2987 2985
4 2988 2990 2991 2989
4 2992 2994 2995 2993
4 2996 2998 2999 2997
4 3000 3002 3003 3001
4 3004 3006 3007 3005
4 3008 3010 3011 3009
4 3012 3014 3015 3013
4 3016 3018 3019 3017
4 3020 3022 3023 3021
4 3024 3026 3027 3025
4 3028 3030 3031 3029
4 3032 3034 3035 3033
4 3036 3038 3039 3037
4 3040 3042 3043 3041
4 3044 3046 3047 3045
4 3048 3050 3051 3049
4 3052 3054 3055 3053
4 3056 3058 3059 3057
4 3060 3062 3063 3061
4 3064 3066 3067 3065
4 3068 3070 3071 3069
4 3072 3074 3075 3073
4 3076 3078 3079 3077
4 3080 3082 3083 3081
4 3084 3086 3087 3085
4 3088 3090 3091 3089
4 3092 3094 3095 3093
4 3096 3098 3099 3097
4 3100 3102 3103 3101
4 3104 3106 3107 3105
4 3108 3110 3111 3109
4 3112 3114 3115 3113
4 3116 3118 3119 3117
4 3120 3122 3123 3121
4 3124 3126 3127 3125
4 3128 3130 3131 3129
4 3132 3134 3135 3133
4 3136 3138 3139 3137
4 3140 3142 3143 3141
4 3144 3146 3147 3145
4 3148 3150 3151 3149
4 3152 3154 3155 3153
4 3156 3158 3159 3157
4 3160 3162 3163 3161
4 3164 3166 3167 3165
4 3168 3170 3171 3169
4 3172 3174 3175 3173
4 3176 3178 3179 3177
4 3180 3182 3183 3181
4 3184 3186 3187 3185
4 3188 3190 3191 3189
4 3192 3194 3195 3193
4 3196 3198 3199 3197
4 3200 3202 3203 3201
4 3204 3206 3207 3205
4 3208 3210 3211 3209
4 3212 3214 3215 3213
4 3216 3218 3219 3217
4 3220 3222 3223 3221
4 3224 3226 3227 3225
4 3228 3230 3231 3229
4 3232 3234 3235 3233
4 3236 3238 3239 3237
4 3240 3242 3243 3241
4 3244 3246 3247 3245
4 3248 3250 3251 3249
4 3252 3254 3255 3253
4 3256 3258 3259 3257
4 3260 3262 3263 3261
4 3264 3266 3267 3265
4 3268 3270 3271 3269
4 3272 3274 3275 3273
4 3276 3278 3279 3277
4 3280 3282 3283 3281
4 3284 3286 3287 3285
4 3288 3290 3291 3289
4 3292 3294 3295 3293
4 3296 3298 3299 3297
4 3300 3302 3303 3301
4 3304 3306 3307 3305
4 3308 3310 3311 3309
4 3312 3314 3315 3313
4 3316 3318 3319 3317
4 3320 3322 3323 3321
4 3324 3326 3327 3325
4 3328 3330 3331 3329
4 3332 3334 3335 3333
4 3336 3338 3339 3337
4 3340 3342 3343 3341
4 3344 3346 3347 3345
4 3348 3350 3351 3349
4 3352 3354 3355 3353
4 3356 3358 3359 3357
4 3360 3362 3363 3361
4 3364 3366 3367 3365
4 3368 3370 3371 3369
4 3372 3374 3375 3373
4 3376 3378 3379 3377
4 3380 3382 3383 3381
4 3384 3386 3387 3385
4 3388 3390 3391 3389
4 3392 3394 3395 3393
4 3396 3398 3399 3397
4 3400 3402 3403 3401
4 3404 3406 3407 3405
4 3408 3410 3411 3409
4 3412 3414 3415 3413
4 3416 3418 3419 3417
4 3420 3422 3423 3421
4 3424 3426 3427 3425
4 3428 3430 3431 3429
4 3432 3434 3435 3433
4 3436 3438 3439 3437
4 3440 3442 3443 3441
4 3444 3446 3447 3445
4 3448 3450 3451 3449
4 3452 3454 3455 3453
4 3456 3458 3459 3457
4 3460 3462 3463 3461
4 3464 3466 3467 3465
4 3468 3470 3471 3469
4 3472 3474 3475 3473
4 3476 3478 3479 3477
4 3480 3482 3483 3481
4 3484 3486 3487 3485
4 3488 3490 3491 3489
4 3492 3494 3495 3493
4 3496 3498 3499 3497
4 3500 3502 3503 3501
4 3504 3506 3507 3505
4 3508 3510 3511 3509
4 3512 3514 3515 3513
4 3516 3518 3519 3517
4 3520 3522 3523 3521
4 3524 3526 3527 3525
4 3528 3530 3531 3529
4 3532 3534 3535 3533
4 3536 3538 3539 3537
4 3540 3542 3543 3541
4 3544 3546 3547 3545
4 3548 3550 3551 3549
4 3552 3554 3555 3553
4 3556 3558 3559 3557
4 3560 3562 3563 3561
4 3564 3566 3567 3565
4 3568 3570 3571 3569
4 3572 3574 3575 3573
4 3576 3578 3579 3577
4 3580 3582 3583 3581
4 3584 3586 3587 3585
4 3588 3590 3591 3589
4 3592 3594 3595 3593
4 3596 3598 3599 3597
4 3600 3602 3603 3601
4 3604 3606 3607 3605
4 3608 3610 3611 3609
4 3612 3614 3615 3613
4 3616 3618 3619 3617
4 3620 3622 3623 3621
4 3624 3626 3627 3625
4 3628 3630 3631 3629
4 3632 3634 3635 3633
4 3636 3638 3639 3637
4 3640 3642 3643 3641
4 3644 3646 3647 3645
4 3648 3650 3651 3649
4 3652 3654 3655 3653
4 3656 3658 3659 3657
4 3660 3662 3663 3661
4 3664 3666 3667 3665
4 3668 3670 3671 3669
4 3672 3674 3675 3673
4 3676 3678 3679 3677
4 3680 3682 3683 3681
4 3684 3686 3687 3685
4 3688 3690 3691 3689
4 3692 3694 3695 3693
4 3696 3698 3699 3697
4 3700 3702 3703 3701
4 3704 3706 3707 3705
4 3708 3710 3711 3709
4 3712 3714 3715 3713
4 3716 3718 3719 3717
4 3720 3722 3723 3721
4 3724 3726 3727 3725
4 3728 3730 3731 3729
4 3732 3734 3735 3733
4 3736 3738 3739 3737
4 3740 3742 3743 3741
4 3744 3746 3747 3745
4 3748 3750 3751 3749
4 3752 3754 3755 3753
4 3756 3758 3759 3757
4 3760 3762 3763 3761
4 3764 3766 3767 3765
4 3768 3770 3771 3769
4 3772 3774 3775 3773
4 3776 3778 3779 3777
4 3780 3782 3783 3781
4 3784 3786 3787 3785
4 3788 3790 3791 3789
4 3792 3794 3795 3793
4 3796 3798 3799 3797
4 3800 3802 3803 3801
4 3804 3806 3807 3805
4 3808 3810 3811 3809
4 3812 3814 3815 3813
4 3816 3818 3819 3817
4 3820 3822 3823 3821
4 3824 3826 3827 3825
4 3828 3830 3831 3829
4 3832 3834 3835 3833
4 3836 3838 3839 3837
4 3840 3842 3843 3841
4 3844 3846 3847 3845
4 3848 3850 3851 3849
4 3852 3854 3855 3853
4 3856 3858 3859 3857
4 3860 3862 3863 3861
4 3864 3866 3867 3865
4 3868 3870 3871 3869
4 3872 3874 3875 3873
4 3876 3878 3879 3877
4 3880 3882 3883 3881
4 3884 3886 3887 3885
4 3888 3890 3891 3889
4 3892 3894 3895 3893
4 3896 3898 3899 3897
4 3900 3902 3903 3901
4 3904 3906 3907 3905
4 3908 3910 3911 3909
4 3912 3914 3915 3913
4 3916 3918 3919 3917
4 3920 3922 3923 3921
4 3924 3926 3927 3925
4 3928 3930 3931 3929
4 3932 3934 3935 3933
4 3936 3938 3939 3937
4 3940 3942 3943 3941
4 3944 3946 3947 3945
4 3948 3950 3951 3949
4 3952 3954 3955 3953
4 3956 3958 3959 3957
4 3960 3962 3963 3961
4 3964 3966 3967 3965
4 3968 3970 3971 3969
4 3972 3974 3975 3973
4 3976 3978 3979 3977
4 3980 3982 3983 3981
4 3984 3986 3987 3985
4 3988 3990 3991 3989
4 3992 3994 3995 3993
4 3996 3998 3999 3997
4 4000 4002 4003 4001
4 4004 4006 4007 4005
4 4008 4010 4011 4009
4 4012 4014 4015 4013
4 4016 4018 4019 4017
4 4020 4022 4023 4021
4 4024 4026 4027 4025
4 4028 4030 4031 4029
4 4032 4034 4035 4033
4 4036 4038 4039 4037
4 4040 4042 4043 4041
4 4044 4046 4047 4045
4 4048 4050 4051 4049
4 4052 4054 4055 4053
4 4056 4058 4059 4057
4 4060 4062 4063 4061
4 4064 4066 4067 4065
4 4068 4070 4071 4069
4 4072 4074 4075 4073
4 4076 4078 4079 4077
4 4080 4082 4083 4081
4 4084 4086 4087 4085
4 4088 4090 4091 4089
4 4092 4094 4095 4093
4 4096 4098 4099 4097
4 4100 4102 4103 4101
4 4104 4106 4107 4105
4 4108 4110 4111 4109
4 4112 4114 4115 4113
4 4116 4118 4119 4117
4 4120 4122 4123 4121
4 4124 4126 4127 4125
4 4128 4130 4131 4129
4 4132 4134 4135 4133
4 4136 4138 4139 4137
4 4140 4142 4143 4141
4 4144 4146 4147 4145
4 4148 4150 4151 4149
4 4152 4154 4155 4153
4 4156 4158 4159 4157
4 4160 4162 4163 4161
4 4164 4166 4167 4165
4 4168 4170 4171 4169
4 4172 4174 4175 4173
4 4176 4178 4179 4177
4 4180 4182 4183 4181
4 4184 4186 4187 4185
4 4188 4190 4191 4189
4 4192 4194 4195 4193
4 4196 4198 4199 4197
4 4200 4202 4203 4201
4 4204 4206 4207 4205
4 4208 4210 4211 4209
4 4212 4214 4215 4213
4 4216 4218 4219 4217
4 4220 4222 4223 4221
4 4224 4226 4227 4225
4 4228 4230 4231 4229
4 4232 4234 4235 4233
4 4236 4238 4239 4237
4 4240 4242 4243 4241
4 4244 4246 4247 4245
4 4248 4250 4251 4249
4 4252 4254 4255 4253
4 4256 4258 4259 4257
4 4260 4262 4263 4261
4 4264 4266 4267 4265
4 4268 4270 4271 4269
4 4272 4274 4275 4273
4 4276 4278 4279 4277
4 4280 4282 4283 4281
4 4284 4286 4287 4285
4 4288 4290 4291 4289
4 4292 4294 4295 4293
4 4296 4298 4299 4297
4 4300 4302 4303 4301
4 4304 4306 4307 4305
4 4308 4310 4311 4309
4 4312 4314 4315 4313
4 4316 4318 4319 4317
4 4320 4322 4323 4321
4 4324 4326 4327 4325
4 4328 4330 4331 4329
4 4332 4334 4335 4333
4 4336 4338 4339 4337
4 4340 4342 4343 4341
4 4344 4346 4347 4345
4 4348 4350 4351 4349
4 4352 4354 4355 4353

CELL_TYPES 1089
9
9
9
9
9
9
9
9
9
9
9
9
9
9
9
9
9
9
9
9
9
9
9
9
9
9
9
9
9
9
9
9
9
9
9
9
9
9
9
9
9
9
9
9
9
9
9
9
9
9
9
9
9
9
9
9
9
9
9
9
9
9
9
9
9
9
9
9
9
9
9
9
9
9
9
9
9
9
9
9
9
9
9
9
9
9
9
9
9
9
9
9
9
9
9
9
9
9
9
9
9
9
9
9
9
9
9
9
9
9
9
9
9
9
9
9
9
9
9
9
9
9
9
9
9
9
9
9
9
9
9
9
9
9
9
9
9
9
9
9
9
9
9
9
9
9
9
9
9
9
9
9
9
9
9
9
9
9
9
9
9
9
9
9
9
9
9
9
9
9
9
9
9
9
9
9
9
9
9
9
9
9
9
9
9
9
9
9
9
9
9
9
9
9
9
9
9
9
9
9
9
9
9
9
9
9
9
9
9
9
9
9
9
9
9
9
9
9
9
9
9
9
9
9
9
9
9
9
9
9
9
9
9
9
9
9
9
9
9
9
9
9
9
9
9
9
9
9
9
9
9
9
9
9
9
9
9
9
9
9
9
9
9
9
9
9
9
9
9
9
9
9
9
9
9
9
9
9
9
9
9
9
9
9
9
9
9
9
9
9
9
9
9
9
9
9
9
9
9
9
9
9
9
9
9
9
9
9
9
9
9
9
9
9
9
9
9
9
9
9
9
9
9
9
9
9
9
9
9
9
9
9
9
9
9
9
9
9
9
9
9
9
9
9
9
9
9
9
9
9
9
9
9
9
9
9
9
9
9
9
9
9
9
9
9
9
9
9
9
9
9
9
9
9
9
9
9
9
9
9
9
9
9
9
9
9
9
9
9
9
9
9
9
9
9
9
9
9
9
9
9
9
9
9
9
9
9
9
9
9
9
9
9
9
9
9
9
9
9
9
9
9
9
9
9
9
9
9
9
9
9
9
9
9
9
9
9
9
9
9
9
9
9
9
9
9
9
9
9
9
9
9
9
9
9
9
9
9
9
9
9
9
9
9
9
9
9
9
9
9
9
9
9
9
9
9
9
9
9
9
9
9
9
9
9
9
9
9
9
9
9
9
9
9
9
9
9
9
9
9
9
9
9
9
9
9
9
9
9
9
9
9
9
9
9
9
9
9
9
9
9
9
9
9
9
9
9
9
9
9
9
9
9
9
9
9
9
9
9
9
9
9
9
9
9
9
9
9
9
9
9
9
9
9
9
9
9
9
9
9
9
9
9
9
9
9
9
9
9
9
9
9
9
9
9
9
9
9
9
9
9
9
9
9
9
9
9
9
9
9
9
9
9
9
9
9
9
9
9
9
9
9
9
9
9
9
9
9
9
9
9
9
9
9
9
9
9
9
9
9
9
9
9
9
9
9
9
9
9
9
9
9
9
9
9
9
9
9
9
9
9
9
9
9
9
9
9
9
9
9
9
9
9
9
9
9
9
9
9
9
9
9
9
9
9
9
9
9
9
9
9
9
9
9
9
9
9
9
9
9
9
9
9
9
9
9
9
9
9
9
9
9
9
9
9
9
9
9
9
9
9
9
9
9
9
9
9
9
9
9
9
9
9
9
9
9
9
9
9
9
9
9
9
9
9
9
9
9
9
9
9
9
9
9
9
9
9
9
9
9
9
9
9
9
9
9
9
9
9
9
9
9
9
9
9
9
9
9
9
9
9
9
9
9
9
9
9
9
9
9
9
9
9
9
9
9
9
9
9
9
9
9
9
9
9
9
9
9
9
9
9
9
9
9
9
9
9
9
9
9
9
9
9
9
9
9
9
9
9
9
9
9
9
9
9
9
9
9
9
9
9
9
9
9
9
9
9
9
9
9
9
9
9
9
9
9
9
9
9
9
9
9
9
9
9
9
9
9
9
9
9
9
9
9
9
9
9
9
9
9
9
9
9
9
9
9
9
9
9
9
9
9
9
9
9
9
9
9
9
9
9
9
9
9
9
9
9
9
9
9
9
9
9
9
9
9
9
9
9
9
9
9
9
9
9
9
9
9
9
9
9
9
9
9
9
9
9
9
9
9
9
9
9
9
9
9
9
9
9
9
9
9
9
9
9
9
9
9
9
9
9
9
9
9
9
9
9
9
9
9
9
9
9
9
9
9
9
9
9
9
9
9
9
9
9
9
9
9
9
9
9
9
9
9
9
9
9
9
9
9
9
9
9
9
9
9
9
9
9
9
9
9
9
9
9
9
9
9
9
9
9
9
9
9
9
9
9
9
9
9
9
9
9
9
9
9
9
9
9
9
9
9
9
9
9
9
9
9
9
9
9
9
9
9
9
9
9
9
9
9
9
9
9
9
9
9
9
9
9
9
9
9
9
9
9
9
9
9
9
9
9
9
9
9
9
9
9
9
9
9
9
9
9
9
9
9
9
9
9
9
9
9
9
9
9
9
9
9
9

POINT_DATA 4356
SCALARS POrder float
LOOKUP_TABLE default
2 
2 
2 
2 
2 
2 
2 
2 
2 
2 
2 
2 
2 
2 
2 
2 
2 
2 
2 
2 
2 
2 
2 
2 
2 
2 
2 
2 
2 
2 
2 
2 
2 
2 
2 
2 
2 
2 
2 
2 
2 
2 
2 
2 
2 
2 
2 
2 
2 
2 
2 
2 
2 
2 
2 
2 
2 
2 
2 
2 
2 
2 
2 
2 
2 
2 
2 
2 
2 
2 
2 
2 
2 
2 
2 
2 
2 
2 
2 
2 
2 
2 
2 
2 
2 
2 
2 
2 
2 
2 
2 
2 
2 
2 
2 
2 
2 
2 
2 
2 
2 
2 
2 
2 
2 
2 
2 
2 
2 
2 
2 
2 
2 
2 
2 
2 
2 
2 
2 
2 
2 
2 
2 
2 
2 
2 
2 
2 
2 
2 
2 
2 
2 
2 
2 
2 
2 
2 
2 
2 
2 
2 
2 
2 
2 
2 
2 
2 
2 
2 
2 
2 
2 
2 
2 
2 
2 
2 
2 
2 
2 
2 
2 
2 
2 
2 
2 
2 
2 
2 
2 
2 
2 
2 
2 
2 
2 
2 
2 
2 
2 
2 
2 
2 
2 
2 
2 
2 
2 
2 
2 
2 
2 
2 
2 
2 
2 
2 
2 
2 
2 
2 
2 
2 
2 
2 
2 
2 
2 
2 
2 
2 
2 
2 
2 
2 
2 
2 
2 
2 
2 
2 
2 
2 
2 
2 
2 
2 
2 
2 
2 
2 
2 
2 
2 
2 
2 
2 
2 
2 
2 
2 
2 
2 
2 
2 
2 
2 
2 
2 
2 
2 
2 
2 
2 
2 
2 
2 
2 
2 
2 
2 
2 
2 
2 
2 
2 
2 
2 
2 
2 
2 
2 
2 
2 
2 
2 
2 
2 
2 
2 
2 
2 
2 
2 
2 
2 
2 
2 
2 
2 
2 
2 
2 
2 
2 
2 
2 
2 
2 
2 
2 
2 
2 
2 
2 
2 
2 
2 
2 
2 
2 
2 
2 
2 
2 
2 
2 
2 
2 
2 
2 
2 
2 
2 
2 
2 
2 
2 
2 
2 
2 
2 
2 
2 
2 
2 
2 
2 
2 
2 
2 
2 
2 
2 
2 
2 
2 
2 
2 
2 
2 
2 
2 
2 
2 
2 
2 
2 
2 
2 
2 
2 
2 
2 
2 
2 
2 
2 
2 
2 
2 
2 
2 
2 
2 
2 
2 
2 
2 
2 
2 
2 
2 
2 
2 
2 
2 
2 
2 
2 
2 
2 
2 
2 
2 
2 
2 
2 
2 
2 
2 
2 
2 
2 
2 
2 
2 
2 
2 
2 
2 
2 
2 
2 
2 
2 
2 
2 
2 
2 
2 
2 
2 
2 
2 
2 
2 
2 
2 
2 
2 
2 
2 
2 
2 
2 
2 
2 
2 
2 
2 
2 
2 
2 
2 
2 
2 
2 
2 
2 
2 
2 
2 
2 
2 
2 
2 
2 
2 
2 
2 
2 
2 
2 
2 
2 
2 
2 
2 
2 
2 
2 
2 
2 
2 
2 
2 
2 
2 
2 
2 
2 
2 
2 
2 
2 
2 
2 
2 
2 
2 
2 
2 
2 
2 
2 
2 
2 
2 
2 
2 
2 
2 
2 
2 
2 
2 
2 
2 
2 
2 
2 
2 
2 
2 
2 
2 
2 
2 
2 
2 
2 
2 
2 
2 
2 
2 
2 
2 
2 
2 
2 
2 
2 
2 
2 
2 
2 
2 
2 
2 
2 
2 
2 
2 
2 
2 
2 
2 
2 
2 
2 
2 
2 
2 
2 
2 
2 
2 
2 
2 
2 
2 
2 
2 
2 
2 
2 
2 
2 
2 
2 
2 
2 
2 
2 
2 
2 
2 
2 
2 
2 
2 
2 
2 
2 
2 
2 
2 
2 
2 
2 
2 
2 
2 
2 
2 
2 
2 
2 
2 
2 
2 
2 
2 
2 
2 
2 
2 
2 
2 
2 
2 
2 
2 
2 
2 
2 
2 
2 
2 
2 
2 
2 
2 
2 
2 
2 
2 
2 
2 
2 
2 
2 
2 
2 
2 
2 
2 
2 
2 
2 
2 
2 
2 
2 
2 
2 
2 
2 
2 
2 
2 
2 
2 
2 
2 
2 
2 
2 
2 
2 
2 
2 
2 
2 
2 
2 
2 
2 
2 
2 
2 
2 
2 
2 
2 
2 
2 
2 
2 
2 
2 
2 
2 
2 
2 
2 
2 
2 
2 
2 
2 
2 
2 
2 
2 
2 
2 
2 
2 
2 
2 
2 
2 
2 
2 
2 
2 
2 
2 
2 
2 
2 
2 
2 
2 
2 
2 
2 
2 
2 
2 
2 
2 
2 
2 
2 
2 
2 
2 
2 
2 
2 
2 
2 
2 
2 
2 
2 
2 
2 
2 
2 
2 
2 
2 
2 
2 
2 
2 
2 
2 
2 
2 
2 
2 
2 
2 
2 
2 
2 
2 
2 
2 
2 
2 
2 
2 
2 
2 
2 
2 
2 
2 
2 
2 
2 
2 
2 
2 
2 
2 
2 
2 
2 
2 
2 
2 
2 
2 
2 
2 
2 
2 
2 
2 
2 
2 
2 
2 
2 
2 
2 
2 
2 
2 
2 
2 
2 
2 
2 
2 
2 
2 
2 
2 
2 
2 
2 
2 
2 
2 
2 
2 
2 
2 
2 
2 
2 
2 
2 
2 
2 
2 
2 
2 
2 
2 
2 
2 
2 
2 
2 
2 
2 
2 
2 
2 
2 
2 
2 
2 
2 
2 
2 
2 
2 
2 
2 
2 
2 
2 
2 
2 
2 
2 
2 
2 
2 
2 
2 
2 
2 
2 
2 
2 
2 
2 
2 
2 
2 
2 
2 
2 
2 
2 
2 
2 
2 
2 
2 
2 
2 
2 
2 
2 
2 
2 
2 
2 
2 
2 
2 
2 
2 
2 
2 
2 
2 
2 
2 
2 
2 
2 
2 
2 
2 
2 
2 
2 
2 
2 
2 
2 
2 
2 
2 
2 
2 
2 
2 
2 
2 
2 
2 
2 
2 
2 
2 
2 
2 
2 
2 
2 
2 
2 
2 
2 
2 
2 
2 
2 
2 
2 
2 
2 
2 
2 
2 
2 
2 
2 
2 
2 
2 
2 
2 
2 
2 
2 
2 
2 
2 
2 
2 
2 
2 
2 
2 
2 
2 
2 
2 
2 
2 
2 
2 
2 
2 
2 
2 
2 
2 
2 
2 
2 
2 
2 
2 
2 
2 
2 
2 
2 
2 
2 
2 
2 
2 
2 
2 
2 
2 
2 
2 
2 
2 
2 
2 
2 
2 
2 
2 
2 
2 
2 
2 
2 
2 
2 
2 
2 
2 
2 
2 
2 
2 
2 
2 
2 
2 
2 
2 
2 
2 
2 
2 
2 
2 
2 
2 
2 
2 
2 
2 
2 
2 
2 
2 
2 
2 
2 
2 
2 
2 
2 
2 
2 
2 
2 
2 
2 
2 
2 
2 
2 
2 
2 
2 
2 
2 
2 
2 
2 
2 
2 
2 
2 
2 
2 
2 
2 
2 
2 
2 
2 
2 
2 
2 
2 
2 
2 
2 
2 
2 
2 
2 
2 
2 
2 
2 
2 
2 
2 
2 
2 
2 
2 
2 
2 
2 
2 
2 
2 
2 
2 
2 
2 
2 
2 
2 
2 
2 
2 
2 
2 
2 
2 
2 
2 
2 
2 
2 
2 
2 
2 
2 
2 
2 
2 
2 
2 
2 
2 
2 
2 
2 
2 
2 
2 
2 
2 
2 
2 
2 
2 
2 
2 
2 
2 
2 
2 
2 
2 
2 
2 
2 
2 
2 
2 
2 
2 
2 
2 
2 
2 
2 
2 
2 
2 
2 
2 
2 
2 
2 
2 
2 
2 
2 
2 
2 
2 
2 
2 
2 
2 
2 
2 
2 
2 
2 
2 
2 
2 
2 
2 
2 
2 
2 
2 
2 
2 
2 
2 
2 
2 
2 
2 
2 
2 
2 
2 
2 
2 
2 
2 
2 
2 
2 
2 
2 
2 
2 
2 
2 
2 
2 
2 
2 
2 
2 
2 
2 
2 
2 
2 
2 
2 
2 
2 
2 
2 
2 
2 
2 
2 
2 
2 
2 
2 
2 
2 
2 
2 
2 
2 
2 
2 
2 
2 
2 
2 
2 
2 
2 
2 
2 
2 
2 
2 
2 
2 
2 
2 
2 
2 
2 
2 
2 
2 
2 
2 
2 
2 
2 
2 
2 
2 
2 
2 
2 
2 
2 
2 
2 
2 
2 
2 
2 
2 
2 
2 
2 
2 
2 
2 
2 
2 
2 
2 
2 
2 
2 
2 
2 
2 
2 
2 
2 
2 
2 
2 
2 
2 
2 
2 
2 
2 
2 
2 
2 
2 
2 
2 
2 
2 
2 
2 
2 
2 
2 
2 
2 
2 
2 
2 
2 
2 
2 
2 
2 
2 
2 
2 
2 
2 
2 
2 
2 
2 
2 
2 
2 
2 
2 
2 
2 
2 
2 
2 
2 
2 
2 
2 
2 
2 
2 
2 
2 
2 
2 
2 
2 
2 
2 
2 
2 
2 
2 
2 
2 
2 
2 
2 
2 
2 
2 
2 
2 
2 
2 
2 
2 
2 
2 
2 
2 
2 
2 
2 
2 
2 
2 
2 
2 
2 
2 
2 
2 
2 
2 
2 
2 
2 
2 
2 
2 
2 
2 
2 
2 
2 
2 
2 
2 
2 
2 
2 
2 
2 
2 
2 
2 
2 
2 
2 
2 
2 
2 
2 
2 
2 
2 
2 
2 
2 
2 
2 
2 
2 
2 
2 
2 
2 
2 
2 
2 
2 
2 
2 
2 
2 
2 
2 
2 
2 
2 
2 
2 
2 
2 
2 
2 
2 
2 
2 
2 
2 
2 
2 
2 
2 
2 
2 
2 
2 
2 
2 
2 
2 
2 
2 
2 
2 
2 
2 
2 
2 
2 
2 
2 
2 
2 
2 
2 
2 
2 
2 
2 
2 
2 
2 
2 
2 
2 
2 
2 
2 
2 
2 
2 
2 
2 
2 
2 
2 
2 
2 
2 
2 
2 
2 
2 
2 
2 
2 
2 
2 
2 
2 
2 
2 
2 
2 
2 
2 
2 
2 
2 
2 
2 
2 
2 
2 
2 
2 
2 
2 
2 
2 
2 
2 
2 
2 
2 
2 
2 
2 
2 
2 
2 
2 
2 
2 
2 
2 
2 
2 
2 
2 
2 
2 
2 
2 
2 
2 
2 
2 
2 
2 
2 
2 
2 
2 
2 
2 
2 
2 
2 
2 
2 
2 
2 
2 
2 
2 
2 
2 
2 
2 
2 
2 
2 
2 
2 
2 
2 
2 
2 
2 
2 
2 
2 
2 
2 
2 
2 
2 
2 
2 
2 
2 
2 
2 
2 
2 
2 
2 
2 
2 
2 
2 
2 
2 
2 
2 
2 
2 
2 
2 
2 
2 
2 
2 
2 
2 
2 
2 
2 
2 
2 
2 
2 
2 
2 
2 
2 
2 
2 
2 
2 
2 
2 
2 
2 
2 
2 
2 
2 
2 
2 
2 
2 
2 
2 
2 
2 
2 
2 
2 
2 
2 
2 
2 
2 
2 
2 
2 
2 
2 
2 
2 
2 
2 
2 
2 
2 
2 
2 
2 
2 
2 
2 
2 
2 
2 
2 
2 
2 
2 
2 
2 
2 
2 
2 
2 
2 
2 
2 
2 
2 
2 
2 
2 
2 
2 
2 
2 
2 
2 
2 
2 
2 
2 
2 
2 
2 
2 
2 
2 
2 
2 
2 
2 
2 
2 
2 
2 
2 
2 
2 
2 
2 
2 
2 
2 
2 
2 
2 
2 
2 
2 
2 
2 
2 
2 
2 
2 
2 
2 
2 
2 
2 
2 
2 
2 
2 
2 
2 
2 
2 
2 
2 
2 
2 
2 
2 
2 
2 
2 
2 
2 
2 
2 
2 
2 
2 
2 
2 
2 
2 
2 
2 
2 
2 
2 
2 
2 
2 
2 
2 
2 
2 
2 
2 
2 
2 
2 
2 
2 
2 
2 
2 
2 
2 
2 
2 
2 
2 
2 
2 
2 
2 
2 
2 
2 
2 
2 
2 
2 
2 
2 
2 
2 
2 
2 
2 
2 
2 
2 
2 
2 
2 
2 
2 
2 
2 
2 
2 
2 
2 
2 
2 
2 
2 
2 
2 
2 
2 
2 
2 
2 
2 
2 
2 
2 
2 
2 
2 
2 
2 
2 
2 
2 
2 
2 
2 
2 
2 
2 
2 
2 
2 
2 
2 
2 
2 
2 
2 
2 
2 
2 
2 
2 
2 
2 
2 
2 
2 
2 
2 
2 
2 
2 
2 
2 
2 
2 
2 
2 
2 
2 
2 
2 
2 
2 
2 
2 
2 
2 
2 
2 
2 
2 
2 
2 
2 
2 
2 
2 
2 
2 
2 
2 
2 
2 
2 
2 
2 
2 
2 
2 
2 
2 
2 
2 
2 
2 
2 
2 
2 
2 
2 
2 
2 
2 
2 
2 
2 
2 
2 
2 
2 
2 
2 
2 
2 
2 
2 
2 
2 
2 
2 
2 
2 
2 
2 
2 
2 
2 
2 
2 
2 
2 
2 
2 
2 
2 
2 
2 
2 
2 
2 
2 
2 
2 
2 
2 
2 
2 
2 
2 
2 
2 
2 
2 
2 
2 
2 
2 
2 
2 
2 
2 
2 
2 
2 
2 
2 
2 
2 
2 
2 
2 
2 
2 
2 
2 
2 
2 
2 
2 
2 
2 
2 
2 
2 
2 
2 
2 
2 
2 
2 
2 
2 
2 
2 
2 
2 
2 
2 
2 
2 
2 
2 
2 
2 
2 
2 
2 
2 
2 
2 
2 
2 
2 
2 
2 
2 
2 
2 
2 
2 
2 
2 
2 
2 
2 
2 
2 
2 
2 
2 
2 
2 
2 
2 
2 
2 
2 
2 
2 
2 
2 
2 
2 
2 
2 
2 
2 
2 
2 
2 
2 
2 
2 
2 
2 
2 
2 
2 
2 
2 
2 
2 
2 
2 
2 
2 
2 
2 
2 
2 
2 
2 
2 
2 
2 
2 
2 
2 
2 
2 
2 
2 
2 
2 
2 
2 
2 
2 
2 
2 
2 
2 
2 
2 
2 
2 
2 
2 
2 
2 
2 
2 
2 
2 
2 
2 
2 
2 
2 
2 
2 
2 
2 
2 
2 
2 
2 
2 
2 
2 
2 
2 
2 
2 
2 
2 
2 
2 
2 
2 
2 
2 
2 
2 
2 
2 
2 
2 
2 
2 
2 
2 
2 
2 
2 
2 
2 
2 
2 
2 
2 
2 
2 
2 
2 
2 
2 
2 
2 
2 
2 
2 
2 
2 
2 
2 
2 
2 
2 
2 
2 
2 
2 
2 
2 
2 
2 
2 
2 
2 
2 
2 
2 
2 
2 
2 
2 
2 
2 
2 
2 
2 
2 
2 
2 
2 
2 
2 
2 
2 
2 
2 
2 
2 
2 
2 
2 
2 
2 
2 
2 
2 
2 
2 
2 
2 
2 
2 
2 
2 
2 
2 
2 
2 
2 
2 
2 
2 
2 
2 
2 
2 
2 
2 
2 
2 
2 
2 
2 
2 
2 
2 
2 
2 
2 
2 
2 
2 
2 
2 
2 
2 
2 
2 
2 
2 
2 
2 
2 
2 
2 
2 
2 
2 
2 
2 
2 
2 
2 
2 
2 
2 
2 
2 
2 
2 
2 
2 
2 
2 
2 
2 
2 
2 
2 
2 
2 
2 
2 
2 
2 
2 
2 
2 
2 
2 
2 
2 
2 
2 
2 
2 
2 
2 
2 
2 
2 
2 
2 
2 
2 
2 
2 
2 
2 
2 
2 
2 
2 
2 
2 
2 
2 
2 
2 
2 
2 
2 
2 
2 
2 
2 
2 
2 
2 
2 
2 
2 
2 
2 
2 
2 
2 
2 
2 
2 
2 
2 
2 
2 
2 
2 
2 
2 
2 
2 
2 
2 
2 
2 
2 
2 
2 
2 
2 
2 
2 
2 
2 
2 
2 
2 
2 
2 
2 
2 
2 
2 
2 
2 
2 
2 
2 
2 
2 
2 
2 
2 
2 
2 
2 
2 
2 
2 
2 
2 
2 
2 
2 
2 
2 
2 
2 
2 
2 
2 
2 
2 
2 
2 
2 
2 
2 
2 
2 
2 
2 
2 
2 
2 
2 
2 
2 
2 
2 
2 
2 
2 
2 
2 
2 
2 
2 
2 
2 
2 
2 
2 
2 
2 
2 
2 
2 
2 
2 
2 
2 
2 
2 
2 
2 
2 
2 
2 
2 
2 
2 
2 
2 
2 
2 
2 
2 
2 
2 
2 
2 
2 
2 
2 
2 
2 
2 
2 
2 
2 
2 
2 
2 
2 
2 
2 
2 
2 
2 
2 
2 
2 
2 
2 
2 
2 
2 
2 
2 
2 
2 
2 
2 
2 
2 
2 
2 
2 
2 
2 
2 
2 
2 
2 
2 
2 
2 
2 
2 
2 
2 
2 
2 
2 
2 
2 
2 
2 
2 
2 
2 
2 
2 
2 
2 
2 
2 
2 
2 
2 
2 
2 
2 
2 
2 
2 
2 
2 
2 
2 
2 
2 
2 
2 
2 
2 
2 
2 
2 
2 
2 
2 
2 
2 
2 
2 
2 
2 
2 
2 
2 
2 
2 
2 
2 
2 
2 
2 
2 
2 
2 
2 
2 
2 
2 
2 
2 
2 
2 
2 
2 
2 
2 
2 
2 
2 
2 
2 
2 
2 
2 
2 
2 
2 
2 
2 
2 
2 
2 
2 
2 
2 
2 
2 
2 
2 
2 
2 
2 
2 
2 
2 
2 
2 
2 
2 
2 
2 
2 
2 
2 
2 
2 
2 
2 
2 
2 
2 
2 
2 
2 
2 
2 
2 
2 
2 
2 
2 
2 
2 
2 
2 
2 
2 
2 
2 
2 
2 
2 
2 
2 
2 
2 
2 
2 
2 
2 
2 
2 
2 
2 
2 
2 
2 
2 
2 
2 
2 
2 
2 
2 
2 
2 
2 
2 
2 
2 
2 
2 
2 
2 
2 
2 
2 
2 
2 
2 
2 
2 
2 
2 
2 
2 
2 
2 
2 
2 
2 
2 
2 
2 
2 
2 
2 
2 
2 
2 
2 
2 
2 
2 
2 
2 
2 
2 
2 
2 
2 
2 
2 
2 
2 
2 
2 
2 
2 
2 
2 
2 
2 
2 
2 
2 
2 
2 
2 
2 
2 
2 
2 
2 
2 
2 
2 
2 
2 
2 
2 
2 
2 
2 
2 
2 
2 
2 
2 
2 
2 
2 
2 
2 
2 
2 
2 
2 
2 
2 
2 
2 
2 
2 
2 
2 
2 
2 
2 
2 
2 
2 
2 
2 
2 
2 
2 
2 
2 
2 
2 
2 
2 
2 
2 
2 
2 
2 
2 
2 
2 
2 
2 
2 
2 
2 
2 
2 
2 
2 
2 
2 
2 
2 
2 
2 
2 
2 
2 
2 
2 
2 
2 
2 
2 
2 
2 
2 
2 
2 
2 
2 
2 
2 
2 
2 
2 
2 
2 
2 
2 
2 
2 
2 
2 
2 
2 
2 
2 
2 
2 
2 
2 
2 
2 
2 
2 
2 
2 
2 
2 
2 
2 
2 
2 
2 
2 
2 
2 
2 
2 
2 
2 
2 
2 
2 
2 
2 
2 
2 
2 
2 
2 
2 
2 
2 
2 
2 
2 
2 
2 
2 
2 
2 
2 
2 
2 
2 
2 
2 
2 
2 
2 
2 
2 
2 
2 
2 
2 
2 
2 
2 
2 
2 
2 
2 
2 
2 
2 
2 
2 
2 
2 
2 
2 
2 
2 
2 
2 
2 
2 
2 
2 
2 
2 
2 
2 
2 
2 
2 
2 
2 
2 
2 
2 
2 
2 
2 
2 
2 
2 
2 
2 
2 
2 
2 
2 
2 
2 
2 
2 
2 
2 
2 
2 
2 
2 
2 
2 
2 
2 
2 
2 
2 
2 
2 
2 
2 
2 
2 
2 
2 
2 
2 
2 
2 
2 
2 
2 
2 
2 
2 
2 
2 
2 
2 
2 
2 
2 
2 
2 
2 
2 
2 
2 
2 
2 
2 
2 
2 
2 
2 
2 
2 
2 
2 
2 
2 
2 
2 
2 
2 
2 
2 
2 
2 
2 
2 
2 
2 
2 
2 
2 
2 
2 
2 
2 
2 
2 
2 
2 
2 
2 
2 
2 
2 
2 
2 
2 
2 
2 
2 
2 
2 
2 
2 
2 
2 
2 
2 
2 
2 
2 
2 
2 
2 
2 
2 
2 
2 
2 
2 
2 
2 
2 
2 
2 
2 
2 
2 
2 
2 
2 
2 
2 
2 
2 
2 
2 
2 
2 
2 
2 
2 
2 
2 
2 
2 
2 
2 
2 
2 
2 
2 
2 
2 
2 
2 
2 
2 
2 
2 
2 
2 
2 
2 
2 
2 
2 
2 
2 
2 
2 
2 
2 
2 
2 
2 
2 
2 
2 
2 
2 
2 
2 
2 
2 
2 
2 
2 
2 
2 
2 
2 
2 
2 
2 
2 
2 
2 
2 
2 
2 
2 
2 
2 
2 
2 
2 
2 
2 
2 
2 
2 
2 
2 
2 
2 
2 
2 
2 
2 
2 
2 
2 
2 
2 
2 
2 
2 
2 
2 
2 
2 
2 
2 
2 
2 
2 
2 
2 
2 
2 
2 
2 
2 
2 
2 
2 
2 
2 
2 
2 
2 
2 
2 
2 
2 
2 
2 
2 
2 
2 
2 
2 
2 
2 
2 
2 
2 
2 
2 
2 
2 
2 
2 
2 
2 
2 
2 
2 
2 
2 
2 
2 
2 
2 
2 
2 
2 
2 
2 
2 
2 
2 
2 
2 
2 
2 
2 
2 
2 
2 
2 
2 
2 
2 
2 
2 
2 
2 
2 
2 
2 
2 
2 
2 
2 
2 
2 
2 
2 
2 
2 
2 
2 
2 
2 
2 
2 
2 
2 
2 
2 
2 
2 
2 
2 
2 
2 
2 
2 
2 
2 
2 
2 
2 
2 
2 
2 
2 
2 
2 
2 
2 
2 
2 
2 
2 
2 
2 
2 
2 
2 
2 
2 
2 
2 
2 
2 
2 
2 
2 
2 
2 
2 
2 
2 
2 
2 
2 
2 
2 
2 
2 
2 
2 
2 
2 
2 
2 
2 
2 
2 
2 
2 
2 
2 
2 
2 
2 
2 
2 
2 
2 
2 
2 
2 
2 
2 
2 
2 
2 
2 
2 
2 
2 
2 
2 
2 
2 
2 
2 
2 
2 
2 
2 
2 
2 
2 
2 
2 
2 
2 
2 
2 
2 
2 
2 
2 
2 
2 
2 
2 
2 
2 
2 
2 
2 
2 
2 
2 
2 
2 
2 
2 
2 
2 
2 
2 
2 
2 
2 
2 
2 
2 
2 
2 
2 
2 
2 
2 
2 
2 
2 
2 
2 
2 
2 
2 
2 
2 
2 
2 
2 
2 
2 
2 
2 
2 
2 
2 
2 
2 
2 
2 
2 
2 
2 
2 
2 
2 
2 
2 
2 
2 
2 
2 
2 
2 
2 
2 
2 
2 
2 
2 
2 
2 
2 
2 
2 
2 
2 
2 
2 
2 
2 
2 
2 
2 
2 
2 
2 
2 
2 
2 
2 
2 
2 
2 
2 
2 
2 
2 
2 
2 
2 
2 
2 
2 
2 
2 
2 
2 
2 
2 
2 
2 
2 
2 
2 
2 
2 
2 
2 
2 
2 
2 
2 
2 
2 
2 
2 
2 
2 
2 
2 
2 
2 
2 
2 
2 
2 
2 
2 
2 
2 
2 
2 
2 
2 
2 
2 
2 
2 
2 
2 
2 
2 
2 
2 
2 
2 
2 
2 
2 
2 
2 
2 
2 
2 
2 
2 
2 
2 
2 
2 
2 
2 
2 
2 
2 
2 
2 
2 
2 
2 
2 
2 
2 
2 
2 
2 
2 
2 
2 
2 
2 
2 
2 
2 
2 
2 
2 
2 
2 
2 
2 
2 
2 
2 
2 
2 
2 
2 
2 
2 
2 
2 
2 
2 
2 
2 
2 
2 
2 
2 
2 
2 
2 
2 
2 
2 
2 
2 
2 
2 
2 
2 
2 
2 
2 
2 
2 
2 
2 
2 
2 
2 
2 
2 
2 
2 
2 
2 
2 
2 
2 
2 
2 
2 
2 
2 
2 
2 
2 
2 
2 
2 
2 
2 
2 
2 
2 
2 
2 
2 
2 
2 
2 
2 
2 
2 
2 
2 
2 
2 
2 
2 
2 
2 
2 
2 
2 
2 
2 
2 
2 
2 
2 
2 
2 
2 
2 
2 
2 
2 
2 
2 
2 
2 
2 
2 
2 
2 
2 
2 
2 
2 
2 
2 
2 
2 
2 
2 
2 
2 
2 
2 
2 
2 
2 
2 
2 
2 
2 
2 
2 
2 
2 
2 
2 
2 
2 
2 
2 
2 
2 
2 
2 
2 
2 
2 
2 
2 
2 
2 
2 
2 
2 
2 
2 
2 
2 
2 
2 
2 
2 
2 
2 
2 
2 
2 
2 
2 
2 
2 
2 
2 
2 
2 
2 
2 
2 
2 
2 
2 
2 
2 
2 
2 
2 
2 
2 
2 
2 
2 
2 
2 
2 
2 
2 
2 
2 
2 
2 
2 
2 
2 
2 
2 
2 
2 
2 
2 
2 
2 
2 
2 
2 
2 
2 
2 
2 
2 
2 
2 
2 
2 
2 
2 
2 
2 
2 
2 
2 
2 
2 
2 
2 
2 
2 
2 
2 
2 
2 
2 
2 
2 
2 
2 
2 
2 
2 
2 
2 
2 
2 
2 
2 
2 
2 
2 
2 
2 
2 
2 
2 
2 
2 
2 
2 
2 
2 
2 
2 
2 
2 
2 
2 
2 
2 
2 
2 
2 
2 
2 
2 
2 
2 
2 
2 
2 
2 
2 
2 
2 
2 
2 
2 
2 
2 
2 
2 
2 
2 
2 
2 
2 
2 
2 
2 
2 
2 
2 
2 
2 
2 
2 
2 
2 
2 
2 
2 
2 
2 
2 
2 
2 
2 
2 
2 
2 
2 
2 
2 
2 
2 
2 
2 
2 
2 
2 
2 
2 
2 
2 
2 
2 
2 
2 
2 
2 
2 
2 
2 
2 
2 
2 
2 
2 
2 
2 
2 
2 
2 
2 
2 
2 
2 
2 
2 
2 
2 
2 
2 
2 
2 
2 
2 
2 
2 
2 
2 
2 
2 
2 
2 
2 
2 
2 
2 
2 
2 
2 
2 
2 
2 
2 
2 
2 
2 
2 
2 
2 
2 
2 
2 
2 
2 
2 
2 
2 
2 
2 
2 
2 
2 
2 
2 
2 
2 
2 
2 
2 
2 
2 
2 
2 
2 
2 
2 
2 
2 
2 
2 
2 
2 
2 
2 
2 
2 
2 
2 
2 
2 
2 
2 
2 
2 
2 
2 
2 
2 
2 
2 
2 
2 
2 
2 
2 
2 
2 
2 
2 
2 
2 
2 
2 
2 
2 
2 
2 
2 
2 
2 
2 
2 
2 
2 
2 
2 
2 
2 
2 
2 
2 
2 
2 
2 
2 
2 
2 
2 
2 
2 
2 
2 
2 
2 
2 
2 
2 
2 
2 
2 
2 
2 
2 
2 
2 
2 
2 
2 
2 
2 
2 
2 
2 
2 
2 
2 
2 
2 
2 
2 
2 
2 
2 
2 
2 
2 
2 
2 
2 
2 
2 
2 
2 
2 
2 
2 
2 
2 
2 
2 
2 
2 
2 
2 
2 
2 
2 
2 
2 
2 
2 
2 
2 
2 
2 
2 
2 
2 
2 
2 
2 
2 
2 
2 
2 
2 
2 
2 
2 
2 
2 
2 
2 
2 
2 
2 
2 
2 
2 
2 
2 
2 
2 
2 
2 
2 
2 
2 
2 
2 
2 
2 
2 
2 
2 
2 
2 
2 
2 
2 
2 
2 
2 
2 
2 
2 
2 
2 
2 
2 
2 
2 
2 
2 
2 
2 
2 
2 
2 
2 
2 
2 
2 
2 
2 
2 
2 
2 
2 
2 
2 
2 
2 
2 
2 
2 
2 
2 
2 
2 
2 
2 
2 
2 
2 
2 
2 
2 
2 
2 
2 
2 

SCALARS Atrito float
LOOKUP_TABLE default
0.523599 
0.523599 
0.523599 
0.523599 
0.523599 
0.523599 
0.523599 
0.523599 
0.523599 
0.523599 
0.523599 
0.523599 
0.523599 
0.523599 
0.523599 
0.523599 
0.523599 
0.523599 
0.523599 
0.523599 
0.523599 
0.523599 
0.523599 
0.523599 
0.523599 
0.523599 
0.523599 
0.523599 
0.523599 
0.523599 
0.523599 
0.523599 
0.523599 
0.523599 
0.523599 
0.523599 
0.523599 
0.523599 
0.523599 
0.523599 
0.523599 
0.523599 
0.523599 
0.523599 
0.523599 
0.523599 
0.523599 
0.523599 
0.523599 
0.523599 
0.523599 
0.523599 
0.523599 
0.523599 
0.523599 
0.523599 
0.523599 
0.523599 
0.523599 
0.523599 
0.523599 
0.523599 
0.523599 
0.523599 
0.523599 
0.523599 
0.523599 
0.523599 
0.523599 
0.523599 
0.523599 
0.523599 
0.523599 
0.523599 
0.523599 
0.523599 
0.523599 
0.523599 
0.523599 
0.523599 
0.523599 
0.523599 
0.523599 
0.523599 
0.523599 
0.523599 
0.523599 
0.523599 
0.523599 
0.523599 
0.523599 
0.523599 
0.523599 
0.523599 
0.523599 
0.523599 
0.523599 
0.523599 
0.523599 
0.523599 
0.523599 
0.523599 
0.523599 
0.523599 
0.523599 
0.523599 
0.523599 
0.523599 
0.523599 
0.523599 
0.523599 
0.523599 
0.523599 
0.523599 
0.523599 
0.523599 
0.523599 
0.523599 
0.523599 
0.523599 
0.523599 
0.523599 
0.523599 
0.523599 
0.523599 
0.523599 
0.523599 
0.523599 
0.523599 
0.523599 
0.523599 
0.523599 
0.523599 
0.523599 
0.523599 
0.523599 
0.523599 
0.523599 
0.523599 
0.523599 
0.523599 
0.523599 
0.523599 
0.523599 
0.523599 
0.523599 
0.523599 
0.523599 
0.523599 
0.523599 
0.523599 
0.523599 
0.523599 
0.523599 
0.523599 
0.523599 
0.523599 
0.523599 
0.523599 
0.523599 
0.523599 
0.523599 
0.523599 
0.523599 
0.523599 
0.523599 
0.523599 
0.523599 
0.523599 
0.523599 
0.523599 
0.523599 
0.523599 
0.523599 
0.523599 
0.523599 
0.523599 
0.523599 
0.523599 
0.523599 
0.523599 
0.523599 
0.523599 
0.523599 
0.523599 
0.523599 
0.523599 
0.523599 
0.523599 
0.523599 
0.523599 
0.523599 
0.523599 
0.523599 
0.523599 
0.523599 
0.523599 
0.523599 
0.523599 
0.523599 
0.523599 
0.523599 
0.523599 
0.523599 
0.523599 
0.523599 
0.523599 
0.523599 
0.523599 
0.523599 
0.523599 
0.523599 
0.523599 
0.523599 
0.523599 
0.523599 
0.523599 
0.523599 
0.523599 
0.523599 
0.523599 
0.523599 
0.523599 
0.523599 
0.523599 
0.523599 
0.523599 
0.523599 
0.523599 
0.523599 
0.523599 
0.523599 
0.523599 
0.523599 
0.523599 
0.523599 
0.523599 
0.523599 
0.523599 
0.523599 
0.523599 
0.523599 
0.523599 
0.523599 
0.523599 
0.523599 
0.523599 
0.523599 
0.523599 
0.523599 
0.523599 
0.523599 
0.523599 
0.523599 
0.523599 
0.523599 
0.523599 
0.523599 
0.523599 
0.523599 
0.523599 
0.523599 
0.523599 
0.523599 
0.523599 
0.523599 
0.523599 
0.523599 
0.523599 
0.523599 
0.523599 
0.523599 
0.523599 
0.523599 
0.523599 
0.523599 
0.523599 
0.523599 
0.523599 
0.523599 
0.523599 
0.523599 
0.523599 
0.523599 
0.523599 
0.523599 
0.523599 
0.523599 
0.523599 
0.523599 
0.523599 
0.523599 
0.523599 
0.523599 
0.523599 
0.523599 
0.523599 
0.523599 
0.523599 
0.523599 
0.523599 
0.523599 
0.523599 
0.523599 
0.523599 
0.523599 
0.523599 
0.523599 
0.523599 
0.523599 
0.523599 
0.523599 
0.523599 
0.523599 
0.523599 
0.523599 
0.523599 
0.523599 
0.523599 
0.523599 
0.523599 
0.523599 
0.523599 
0.523599 
0.523599 
0.523599 
0.523599 
0.523599 
0.523599 
0.523599 
0.523599 
0.523599 
0.523599 
0.523599 
0.523599 
0.523599 
0.523599 
0.523599 
0.523599 
0.523599 
0.523599 
0.523599 
0.523599 
0.523599 
0.523599 
0.523599 
0.523599 
0.523599 
0.523599 
0.523599 
0.523599 
0.523599 
0.523599 
0.523599 
0.523599 
0.523599 
0.523599 
0.523599 
0.523599 
0.523599 
0.523599 
0.523599 
0.523599 
0.523599 
0.523599 
0.523599 
0.523599 
0.523599 
0.523599 
0.523599 
0.523599 
0.523599 
0.523599 
0.523599 
0.523599 
0.523599 
0.523599 
0.523599 
0.523599 
0.523599 
0.523599 
0.523599 
0.523599 
0.523599 
0.523599 
0.523599 
0.523599 
0.523599 
0.523599 
0.523599 
0.523599 
0.523599 
0.523599 
0.523599 
0.523599 
0.523599 
0.523599 
0.523599 
0.523599 
0.523599 
0.523599 
0.523599 
0.523599 
0.523599 
0.523599 
0.523599 
0.523599 
0.523599 
0.523599 
0.523599 
0.523599 
0.523599 
0.523599 
0.523599 
0.523599 
0.523599 
0.523599 
0.523599 
0.523599 
0.523599 
0.523599 
0.523599 
0.523599 
0.523599 
0.523599 
0.523599 
0.523599 
0.523599 
0.523599 
0.523599 
0.523599 
0.523599 
0.523599 
0.523599 
0.523599 
0.523599 
0.523599 
0.523599 
0.523599 
0.523599 
0.523599 
0.523599 
0.523599 
0.523599 
0.523599 
0.523599 
0.523599 
0.523599 
0.523599 
0.523599 
0.523599 
0.523599 
0.523599 
0.523599 
0.523599 
0.523599 
0.523599 
0.523599 
0.523599 
0.523599 
0.523599 
0.523599 
0.523599 
0.523599 
0.523599 
0.523599 
0.523599 
0.523599 
0.523599 
0.523599 
0.523599 
0.523599 
0.523599 
0.523599 
0.523599 
0.523599 
0.523599 
0.523599 
0.523599 
0.523599 
0.523599 
0.523599 
0.523599 
0.523599 
0.523599 
0.523599 
0.523599 
0.523599 
0.523599 
0.523599 
0.523599 
0.523599 
0.523599 
0.523599 
0.523599 
0.523599 
0.523599 
0.523599 
0.523599 
0.523599 
0.523599 
0.523599 
0.523599 
0.523599 
0.523599 
0.523599 
0.523599 
0.523599 
0.523599 
0.523599 
0.523599 
0.523599 
0.523599 
0.523599 
0.523599 
0.523599 
0.523599 
0.523599 
0.523599 
0.523599 
0.523599 
0.523599 
0.523599 
0.523599 
0.523599 
0.523599 
0.523599 
0.523599 
0.523599 
0.523599 
0.523599 
0.523599 
0.523599 
0.523599 
0.523599 
0.523599 
0.523599 
0.523599 
0.523599 
0.523599 
0.523599 
0.523599 
0.523599 
0.523599 
0.523599 
0.523599 
0.523599 
0.523599 
0.523599 
0.523599 
0.523599 
0.523599 
0.523599 
0.523599 
0.523599 
0.523599 
0.523599 
0.523599 
0.523599 
0.523599 
0.523599 
0.523599 
0.523599 
0.523599 
0.523599 
0.523599 
0.523599 
0.523599 
0.523599 
0.523599 
0.523599 
0.523599 
0.523599 
0.523599 
0.523599 
0.523599 
0.523599 
0.523599 
0.523599 
0.523599 
0.523599 
0.523599 
0.523599 
0.523599 
0.523599 
0.523599 
0.523599 
0.523599 
0.523599 
0.523599 
0.523599 
0.523599 
0.523599 
0.523599 
0.523599 
0.523599 
0.523599 
0.523599 
0.523599 
0.523599 
0.523599 
0.523599 
0.523599 
0.523599 
0.523599 
0.523599 
0.523599 
0.523599 
0.523599 
0.523599 
0.523599 
0.523599 
0.523599 
0.523599 
0.523599 
0.523599 
0.523599 
0.523599 
0.523599 
0.523599 
0.523599 
0.523599 
0.523599 
0.523599 
0.523599 
0.523599 
0.523599 
0.523599 
0.523599 
0.523599 
0.523599 
0.523599 
0.523599 
0.523599 
0.523599 
0.523599 
0.523599 
0.523599 
0.523599 
0.523599 
0.523599 
0.523599 
0.523599 
0.523599 
0.523599 
0.523599 
0.523599 
0.523599 
0.523599 
0.523599 
0.523599 
0.523599 
0.523599 
0.523599 
0.523599 
0.523599 
0.523599 
0.523599 
0.523599 
0.523599 
0.523599 
0.523599 
0.523599 
0.523599 
0.523599 
0.523599 
0.523599 
0.523599 
0.523599 
0.523599 
0.523599 
0.523599 
0.523599 
0.523599 
0.523599 
0.523599 
0.523599 
0.523599 
0.523599 
0.523599 
0.523599 
0.523599 
0.523599 
0.523599 
0.523599 
0.523599 
0.523599 
0.523599 
0.523599 
0.523599 
0.523599 
0.523599 
0.523599 
0.523599 
0.523599 
0.523599 
0.523599 
0.523599 
0.523599 
0.523599 
0.523599 
0.523599 
0.523599 
0.523599 
0.523599 
0.523599 
0.523599 
0.523599 
0.523599 
0.523599 
0.523599 
0.523599 
0.523599 
0.523599 
0.523599 
0.523599 
0.523599 
0.523599 
0.523599 
0.523599 
0.523599 
0.523599 
0.523599 
0.523599 
0.523599 
0.523599 
0.523599 
0.523599 
0.523599 
0.523599 
0.523599 
0.523599 
0.523599 
0.523599 
0.523599 
0.523599 
0.523599 
0.523599 
0.523599 
0.523599 
0.523599 
0.523599 
0.523599 
0.523599 
0.523599 
0.523599 
0.523599 
0.523599 
0.523599 
0.523599 
0.523599 
0.523599 
0.523599 
0.523599 
0.523599 
0.523599 
0.523599 
0.523599 
0.523599 
0.523599 
0.523599 
0.523599 
0.523599 
0.523599 
0.523599 
0.523599 
0.523599 
0.523599 
0.523599 
0.523599 
0.523599 
0.523599 
0.523599 
0.523599 
0.523599 
0.523599 
0.523599 
0.523599 
0.523599 
0.523599 
0.523599 
0.523599 
0.523599 
0.523599 
0.523599 
0.523599 
0.523599 
0.523599 
0.523599 
0.523599 
0.523599 
0.523599 
0.523599 
0.523599 
0.523599 
0.523599 
0.523599 
0.523599 
0.523599 
0.523599 
0.523599 
0.523599 
0.523599 
0.523599 
0.523599 
0.523599 
0.523599 
0.523599 
0.523599 
0.523599 
0.523599 
0.523599 
0.523599 
0.523599 
0.523599 
0.523599 
0.523599 
0.523599 
0.523599 
0.523599 
0.523599 
0.523599 
0.523599 
0.523599 
0.523599 
0.523599 
0.523599 
0.523599 
0.523599 
0.523599 
0.523599 
0.523599 
0.523599 
0.523599 
0.523599 
0.523599 
0.523599 
0.523599 
0.523599 
0.523599 
0.523599 
0.523599 
0.523599 
0.523599 
0.523599 
0.523599 
0.523599 
0.523599 
0.523599 
0.523599 
0.523599 
0.523599 
0.523599 
0.523599 
0.523599 
0.523599 
0.523599 
0.523599 
0.523599 
0.523599 
0.523599 
0.523599 
0.523599 
0.523599 
0.523599 
0.523599 
0.523599 
0.523599 
0.523599 
0.523599 
0.523599 
0.523599 
0.523599 
0.523599 
0.523599 
0.523599 
0.523599 
0.523599 
0.523599 
0.523599 
0.523599 
0.523599 
0.523599 
0.523599 
0.523599 
0.523599 
0.523599 
0.523599 
0.523599 
0.523599 
0.523599 
0.523599 
0.523599 
0.523599 
0.523599 
0.523599 
0.523599 
0.523599 
0.523599 
0.523599 
0.523599 
0.523599 
0.523599 
0.523599 
0.523599 
0.523599 
0.523599 
0.523599 
0.523599 
0.523599 
0.523599 
0.523599 
0.523599 
0.523599 
0.523599 
0.523599 
0.523599 
0.523599 
0.523599 
0.523599 
0.523599 
0.523599 
0.523599 
0.523599 
0.523599 
0.523599 
0.523599 
0.523599 
0.523599 
0.523599 
0.523599 
0.523599 
0.523599 
0.523599 
0.523599 
0.523599 
0.523599 
0.523599 
0.523599 
0.523599 
0.523599 
0.523599 
0.523599 
0.523599 
0.523599 
0.523599 
0.523599 
0.523599 
0.523599 
0.523599 
0.523599 
0.523599 
0.523599 
0.523599 
0.523599 
0.523599 
0.523599 
0.523599 
0.523599 
0.523599 
0.523599 
0.523599 
0.523599 
0.523599 
0.523599 
0.523599 
0.523599 
0.523599 
0.523599 
0.523599 
0.523599 
0.523599 
0.523599 
0.523599 
0.523599 
0.523599 
0.523599 
0.523599 
0.523599 
0.523599 
0.523599 
0.523599 
0.523599 
0.523599 
0.523599 
0.523599 
0.523599 
0.523599 
0.523599 
0.523599 
0.523599 
0.523599 
0.523599 
0.523599 
0.523599 
0.523599 
0.523599 
0.523599 
0.523599 
0.523599 
0.523599 
0.523599 
0.523599 
0.523599 
0.523599 
0.523599 
0.523599 
0.523599 
0.523599 
0.523599 
0.523599 
0.523599 
0.523599 
0.523599 
0.523599 
0.523599 
0.523599 
0.523599 
0.523599 
0.523599 
0.523599 
0.523599 
0.523599 
0.523599 
0.523599 
0.523599 
0.523599 
0.523599 
0.523599 
0.523599 
0.523599 
0.523599 
0.523599 
0.523599 
0.523599 
0.523599 
0.523599 
0.523599 
0.523599 
0.523599 
0.523599 
0.523599 
0.523599 
0.523599 
0.523599 
0.523599 
0.523599 
0.523599 
0.523599 
0.523599 
0.523599 
0.523599 
0.523599 
0.523599 
0.523599 
0.523599 
0.523599 
0.523599 
0.523599 
0.523599 
0.523599 
0.523599 
0.523599 
0.523599 
0.523599 
0.523599 
0.523599 
0.523599 
0.523599 
0.523599 
0.523599 
0.523599 
0.523599 
0.523599 
0.523599 
0.523599 
0.523599 
0.523599 
0.523599 
0.523599 
0.523599 
0.523599 
0.523599 
0.523599 
0.523599 
0.523599 
0.523599 
0.523599 
0.523599 
0.523599 
0.523599 
0.523599 
0.523599 
0.523599 
0.523599 
0.523599 
0.523599 
0.523599 
0.523599 
0.523599 
0.523599 
0.523599 
0.523599 
0.523599 
0.523599 
0.523599 
0.523599 
0.523599 
0.523599 
0.523599 
0.523599 
0.523599 
0.523599 
0.523599 
0.523599 
0.523599 
0.523599 
0.523599 
0.523599 
0.523599 
0.523599 
0.523599 
0.523599 
0.523599 
0.523599 
0.523599 
0.523599 
0.523599 
0.523599 
0.523599 
0.523599 
0.523599 
0.523599 
0.523599 
0.523599 
0.523599 
0.523599 
0.523599 
0.523599 
0.523599 
0.523599 
0.523599 
0.523599 
0.523599 
0.523599 
0.523599 
0.523599 
0.523599 
0.523599 
0.523599 
0.523599 
0.523599 
0.523599 
0.523599 
0.523599 
0.523599 
0.523599 
0.523599 
0.523599 
0.523599 
0.523599 
0.523599 
0.523599 
0.523599 
0.523599 
0.523599 
0.523599 
0.523599 
0.523599 
0.523599 
0.523599 
0.523599 
0.523599 
0.523599 
0.523599 
0.523599 
0.523599 
0.523599 
0.523599 
0.523599 
0.523599 
0.523599 
0.523599 
0.523599 
0.523599 
0.523599 
0.523599 
0.523599 
0.523599 
0.523599 
0.523599 
0.523599 
0.523599 
0.523599 
0.523599 
0.523599 
0.523599 
0.523599 
0.523599 
0.523599 
0.523599 
0.523599 
0.523599 
0.523599 
0.523599 
0.523599 
0.523599 
0.523599 
0.523599 
0.523599 
0.523599 
0.523599 
0.523599 
0.523599 
0.523599 
0.523599 
0.523599 
0.523599 
0.523599 
0.523599 
0.523599 
0.523599 
0.523599 
0.523599 
0.523599 
0.523599 
0.523599 
0.523599 
0.523599 
0.523599 
0.523599 
0.523599 
0.523599 
0.523599 
0.523599 
0.523599 
0.523599 
0.523599 
0.523599 
0.523599 
0.523599 
0.523599 
0.523599 
0.523599 
0.523599 
0.523599 
0.523599 
0.523599 
0.523599 
0.523599 
0.523599 
0.523599 
0.523599 
0.523599 
0.523599 
0.523599 
0.523599 
0.523599 
0.523599 
0.523599 
0.523599 
0.523599 
0.523599 
0.523599 
0.523599 
0.523599 
0.523599 
0.523599 
0.523599 
0.523599 
0.523599 
0.523599 
0.523599 
0.523599 
0.523599 
0.523599 
0.523599 
0.523599 
0.523599 
0.523599 
0.523599 
0.523599 
0.523599 
0.523599 
0.523599 
0.523599 
0.523599 
0.523599 
0.523599 
0.523599 
0.523599 
0.523599 
0.523599 
0.523599 
0.523599 
0.523599 
0.523599 
0.523599 
0.523599 
0.523599 
0.523599 
0.523599 
0.523599 
0.523599 
0.523599 
0.523599 
0.523599 
0.523599 
0.523599 
0.523599 
0.523599 
0.523599 
0.523599 
0.523599 
0.523599 
0.523599 
0.523599 
0.523599 
0.523599 
0.523599 
0.523599 
0.523599 
0.523599 
0.523599 
0.523599 
0.523599 
0.523599 
0.523599 
0.523599 
0.523599 
0.523599 
0.523599 
0.523599 
0.523599 
0.523599 
0.523599 
0.523599 
0.523599 
0.523599 
0.523599 
0.523599 
0.523599 
0.523599 
0.523599 
0.523599 
0.523599 
0.523599 
0.523599 
0.523599 
0.523599 
0.523599 
0.523599 
0.523599 
0.523599 
0.523599 
0.523599 
0.523599 
0.523599 
0.523599 
0.523599 
0.523599 
0.523599 
0.523599 
0.523599 
0.523599 
0.523599 
0.523599 
0.523599 
0.523599 
0.523599 
0.523599 
0.523599 
0.523599 
0.523599 
0.523599 
0.523599 
0.523599 
0.523599 
0.523599 
0.523599 
0.523599 
0.523599 
0.523599 
0.523599 
0.523599 
0.523599 
0.523599 
0.523599 
0.523599 
0.523599 
0.523599 
0.523599 
0.523599 
0.523599 
0.523599 
0.523599 
0.523599 
0.523599 
0.523599 
0.523599 
0.523599 
0.523599 
0.523599 
0.523599 
0.523599 
0.523599 
0.523599 
0.523599 
0.523599 
0.523599 
0.523599 
0.523599 
0.523599 
0.523599 
0.523599 
0.523599 
0.523599 
0.523599 
0.523599 
0.523599 
0.523599 
0.523599 
0.523599 
0.523599 
0.523599 
0.523599 
0.523599 
0.523599 
0.523599 
0.523599 
0.523599 
0.523599 
0.523599 
0.523599 
0.523599 
0.523599 
0.523599 
0.523599 
0.523599 
0.523599 
0.523599 
0.523599 
0.523599 
0.523599 
0.523599 
0.523599 
0.523599 
0.523599 
0.523599 
0.523599 
0.523599 
0.523599 
0.523599 
0.523599 
0.523599 
0.523599 
0.523599 
0.523599 
0.523599 
0.523599 
0.523599 
0.523599 
0.523599 
0.523599 
0.523599 
0.523599 
0.523599 
0.523599 
0.523599 
0.523599 
0.523599 
0.523599 
0.523599 
0.523599 
0.523599 
0.523599 
0.523599 
0.523599 
0.523599 
0.523599 
0.523599 
0.523599 
0.523599 
0.523599 
0.523599 
0.523599 
0.523599 
0.523599 
0.523599 
0.523599 
0.523599 
0.523599 
0.523599 
0.523599 
0.523599 
0.523599 
0.523599 
0.523599 
0.523599 
0.523599 
0.523599 
0.523599 
0.523599 
0.523599 
0.523599 
0.523599 
0.523599 
0.523599 
0.523599 
0.523599 
0.523599 
0.523599 
0.523599 
0.523599 
0.523599 
0.523599 
0.523599 
0.523599 
0.523599 
0.523599 
0.523599 
0.523599 
0.523599 
0.523599 
0.523599 
0.523599 
0.523599 
0.523599 
0.523599 
0.523599 
0.523599 
0.523599 
0.523599 
0.523599 
0.523599 
0.523599 
0.523599 
0.523599 
0.523599 
0.523599 
0.523599 
0.523599 
0.523599 
0.523599 
0.523599 
0.523599 
0.523599 
0.523599 
0.523599 
0.523599 
0.523599 
0.523599 
0.523599 
0.523599 
0.523599 
0.523599 
0.523599 
0.523599 
0.523599 
0.523599 
0.523599 
0.523599 
0.523599 
0.523599 
0.523599 
0.523599 
0.523599 
0.523599 
0.523599 
0.523599 
0.523599 
0.523599 
0.523599 
0.523599 
0.523599 
0.523599 
0.523599 
0.523599 
0.523599 
0.523599 
0.523599 
0.523599 
0.523599 
0.523599 
0.523599 
0.523599 
0.523599 
0.523599 
0.523599 
0.523599 
0.523599 
0.523599 
0.523599 
0.523599 
0.523599 
0.523599 
0.523599 
0.523599 
0.523599 
0.523599 
0.523599 
0.523599 
0.523599 
0.523599 
0.523599 
0.523599 
0.523599 
0.523599 
0.523599 
0.523599 
0.523599 
0.523599 
0.523599 
0.523599 
0.523599 
0.523599 
0.523599 
0.523599 
0.523599 
0.523599 
0.523599 
0.523599 
0.523599 
0.523599 
0.523599 
0.523599 
0.523599 
0.523599 
0.523599 
0.523599 
0.523599 
0.523599 
0.523599 
0.523599 
0.523599 
0.523599 
0.523599 
0.523599 
0.523599 
0.523599 
0.523599 
0.523599 
0.523599 
0.523599 
0.523599 
0.523599 
0.523599 
0.523599 
0.523599 
0.523599 
0.523599 
0.523599 
0.523599 
0.523599 
0.523599 
0.523599 
0.523599 
0.523599 
0.523599 
0.523599 
0.523599 
0.523599 
0.523599 
0.523599 
0.523599 
0.523599 
0.523599 
0.523599 
0.523599 
0.523599 
0.523599 
0.523599 
0.523599 
0.523599 
0.523599 
0.523599 
0.523599 
0.523599 
0.523599 
0.523599 
0.523599 
0.523599 
0.523599 
0.523599 
0.523599 
0.523599 
0.523599 
0.523599 
0.523599 
0.523599 
0.523599 
0.523599 
0.523599 
0.523599 
0.523599 
0.523599 
0.523599 
0.523599 
0.523599 
0.523599 
0.523599 
0.523599 
0.523599 
0.523599 
0.523599 
0.523599 
0.523599 
0.523599 
0.523599 
0.523599 
0.523599 
0.523599 
0.523599 
0.523599 
0.523599 
0.523599 
0.523599 
0.523599 
0.523599 
0.523599 
0.523599 
0.523599 
0.523599 
0.523599 
0.523599 
0.523599 
0.523599 
0.523599 
0.523599 
0.523599 
0.523599 
0.523599 
0.523599 
0.523599 
0.523599 
0.523599 
0.523599 
0.523599 
0.523599 
0.523599 
0.523599 
0.523599 
0.523599 
0.523599 
0.523599 
0.523599 
0.523599 
0.523599 
0.523599 
0.523599 
0.523599 
0.523599 
0.523599 
0.523599 
0.523599 
0.523599 
0.523599 
0.523599 
0.523599 
0.523599 
0.523599 
0.523599 
0.523599 
0.523599 
0.523599 
0.523599 
0.523599 
0.523599 
0.523599 
0.523599 
0.523599 
0.523599 
0.523599 
0.523599 
0.523599 
0.523599 
0.523599 
0.523599 
0.523599 
0.523599 
0.523599 
0.523599 
0.523599 
0.523599 
0.523599 
0.523599 
0.523599 
0.523599 
0.523599 
0.523599 
0.523599 
0.523599 
0.523599 
0.523599 
0.523599 
0.523599 
0.523599 
0.523599 
0.523599 
0.523599 
0.523599 
0.523599 
0.523599 
0.523599 
0.523599 
0.523599 
0.523599 
0.523599 
0.523599 
0.523599 
0.523599 
0.523599 
0.523599 
0.523599 
0.523599 
0.523599 
0.523599 
0.523599 
0.523599 
0.523599 
0.523599 
0.523599 
0.523599 
0.523599 
0.523599 
0.523599 
0.523599 
0.523599 
0.523599 
0.523599 
0.523599 
0.523599 
0.523599 
0.523599 
0.523599 
0.523599 
0.523599 
0.523599 
0.523599 
0.523599 
0.523599 
0.523599 
0.523599 
0.523599 
0.523599 
0.523599 
0.523599 
0.523599 
0.523599 
0.523599 
0.523599 
0.523599 
0.523599 
0.523599 
0.523599 
0.523599 
0.523599 
0.523599 
0.523599 
0.523599 
0.523599 
0.523599 
0.523599 
0.523599 
0.523599 
0.523599 
0.523599 
0.523599 
0.523599 
0.523599 
0.523599 
0.523599 
0.523599 
0.523599 
0.523599 
0.523599 
0.523599 
0.523599 
0.523599 
0.523599 
0.523599 
0.523599 
0.523599 
0.523599 
0.523599 
0.523599 
0.523599 
0.523599 
0.523599 
0.523599 
0.523599 
0.523599 
0.523599 
0.523599 
0.523599 
0.523599 
0.523599 
0.523599 
0.523599 
0.523599 
0.523599 
0.523599 
0.523599 
0.523599 
0.523599 
0.523599 
0.523599 
0.523599 
0.523599 
0.523599 
0.523599 
0.523599 
0.523599 
0.523599 
0.523599 
0.523599 
0.523599 
0.523599 
0.523599 
0.523599 
0.523599 
0.523599 
0.523599 
0.523599 
0.523599 
0.523599 
0.523599 
0.523599 
0.523599 
0.523599 
0.523599 
0.523599 
0.523599 
0.523599 
0.523599 
0.523599 
0.523599 
0.523599 
0.523599 
0.523599 
0.523599 
0.523599 
0.523599 
0.523599 
0.523599 
0.523599 
0.523599 
0.523599 
0.523599 
0.523599 
0.523599 
0.523599 
0.523599 
0.523599 
0.523599 
0.523599 
0.523599 
0.523599 
0.523599 
0.523599 
0.523599 
0.523599 
0.523599 
0.523599 
0.523599 
0.523599 
0.523599 
0.523599 
0.523599 
0.523599 
0.523599 
0.523599 
0.523599 
0.523599 
0.523599 
0.523599 
0.523599 
0.523599 
0.523599 
0.523599 
0.523599 
0.523599 
0.523599 
0.523599 
0.523599 
0.523599 
0.523599 
0.523599 
0.523599 
0.523599 
0.523599 
0.523599 
0.523599 
0.523599 
0.523599 
0.523599 
0.523599 
0.523599 
0.523599 
0.523599 
0.523599 
0.523599 
0.523599 
0.523599 
0.523599 
0.523599 
0.523599 
0.523599 
0.523599 
0.523599 
0.523599 
0.523599 
0.523599 
0.523599 
0.523599 
0.523599 
0.523599 
0.523599 
0.523599 
0.523599 
0.523599 
0.523599 
0.523599 
0.523599 
0.523599 
0.523599 
0.523599 
0.523599 
0.523599 
0.523599 
0.523599 
0.523599 
0.523599 
0.523599 
0.523599 
0.523599 
0.523599 
0.523599 
0.523599 
0.523599 
0.523599 
0.523599 
0.523599 
0.523599 
0.523599 
0.523599 
0.523599 
0.523599 
0.523599 
0.523599 
0.523599 
0.523599 
0.523599 
0.523599 
0.523599 
0.523599 
0.523599 
0.523599 
0.523599 
0.523599 
0.523599 
0.523599 
0.523599 
0.523599 
0.523599 
0.523599 
0.523599 
0.523599 
0.523599 
0.523599 
0.523599 
0.523599 
0.523599 
0.523599 
0.523599 
0.523599 
0.523599 
0.523599 
0.523599 
0.523599 
0.523599 
0.523599 
0.523599 
0.523599 
0.523599 
0.523599 
0.523599 
0.523599 
0.523599 
0.523599 
0.523599 
0.523599 
0.523599 
0.523599 
0.523599 
0.523599 
0.523599 
0.523599 
0.523599 
0.523599 
0.523599 
0.523599 
0.523599 
0.523599 
0.523599 
0.523599 
0.523599 
0.523599 
0.523599 
0.523599 
0.523599 
0.523599 
0.523599 
0.523599 
0.523599 
0.523599 
0.523599 
0.523599 
0.523599 
0.523599 
0.523599 
0.523599 
0.523599 
0.523599 
0.523599 
0.523599 
0.523599 
0.523599 
0.523599 
0.523599 
0.523599 
0.523599 
0.523599 
0.523599 
0.523599 
0.523599 
0.523599 
0.523599 
0.523599 
0.523599 
0.523599 
0.523599 
0.523599 
0.523599 
0.523599 
0.523599 
0.523599 
0.523599 
0.523599 
0.523599 
0.523599 
0.523599 
0.523599 
0.523599 
0.523599 
0.523599 
0.523599 
0.523599 
0.523599 
0.523599 
0.523599 
0.523599 
0.523599 
0.523599 
0.523599 
0.523599 
0.523599 
0.523599 
0.523599 
0.523599 
0.523599 
0.523599 
0.523599 
0.523599 
0.523599 
0.523599 
0.523599 
0.523599 
0.523599 
0.523599 
0.523599 
0.523599 
0.523599 
0.523599 
0.523599 
0.523599 
0.523599 
0.523599 
0.523599 
0.523599 
0.523599 
0.523599 
0.523599 
0.523599 
0.523599 
0.523599 
0.523599 
0.523599 
0.523599 
0.523599 
0.523599 
0.523599 
0.523599 
0.523599 
0.523599 
0.523599 
0.523599 
0.523599 
0.523599 
0.523599 
0.523599 
0.523599 
0.523599 
0.523599 
0.523599 
0.523599 
0.523599 
0.523599 
0.523599 
0.523599 
0.523599 
0.523599 
0.523599 
0.523599 
0.523599 
0.523599 
0.523599 
0.523599 
0.523599 
0.523599 
0.523599 
0.523599 
0.523599 
0.523599 
0.523599 
0.523599 
0.523599 
0.523599 
0.523599 
0.523599 
0.523599 
0.523599 
0.523599 
0.523599 
0.523599 
0.523599 
0.523599 
0.523599 
0.523599 
0.523599 
0.523599 
0.523599 
0.523599 
0.523599 
0.523599 
0.523599 
0.523599 
0.523599 
0.523599 
0.523599 
0.523599 
0.523599 
0.523599 
0.523599 
0.523599 
0.523599 
0.523599 
0.523599 
0.523599 
0.523599 
0.523599 
0.523599 
0.523599 
0.523599 
0.523599 
0.523599 
0.523599 
0.523599 
0.523599 
0.523599 
0.523599 
0.523599 
0.523599 
0.523599 
0.523599 
0.523599 
0.523599 
0.523599 
0.523599 
0.523599 
0.523599 
0.523599 
0.523599 
0.523599 
0.523599 
0.523599 
0.523599 
0.523599 
0.523599 
0.523599 
0.523599 
0.523599 
0.523599 
0.523599 
0.523599 
0.523599 
0.523599 
0.523599 
0.523599 
0.523599 
0.523599 
0.523599 
0.523599 
0.523599 
0.523599 
0.523599 
0.523599 
0.523599 
0.523599 
0.523599 
0.523599 
0.523599 
0.523599 
0.523599 
0.523599 
0.523599 
0.523599 
0.523599 
0.523599 
0.523599 
0.523599 
0.523599 
0.523599 
0.523599 
0.523599 
0.523599 
0.523599 
0.523599 
0.523599 
0.523599 
0.523599 
0.523599 
0.523599 
0.523599 
0.523599 
0.523599 
0.523599 
0.523599 
0.523599 
0.523599 
0.523599 
0.523599 
0.523599 
0.523599 
0.523599 
0.523599 
0.523599 
0.523599 
0.523599 
0.523599 
0.523599 
0.523599 
0.523599 
0.523599 
0.523599 
0.523599 
0.523599 
0.523599 
0.523599 
0.523599 
0.523599 
0.523599 
0.523599 
0.523599 
0.523599 
0.523599 
0.523599 
0.523599 
0.523599 
0.523599 
0.523599 
0.523599 
0.523599 
0.523599 
0.523599 
0.523599 
0.523599 
0.523599 
0.523599 
0.523599 
0.523599 
0.523599 
0.523599 
0.523599 
0.523599 
0.523599 
0.523599 
0.523599 
0.523599 
0.523599 
0.523599 
0.523599 
0.523599 
0.523599 
0.523599 
0.523599 
0.523599 
0.523599 
0.523599 
0.523599 
0.523599 
0.523599 
0.523599 
0.523599 
0.523599 
0.523599 
0.523599 
0.523599 
0.523599 
0.523599 
0.523599 
0.523599 
0.523599 
0.523599 
0.523599 
0.523599 
0.523599 
0.523599 
0.523599 
0.523599 
0.523599 
0.523599 
0.523599 
0.523599 
0.523599 
0.523599 
0.523599 
0.523599 
0.523599 
0.523599 
0.523599 
0.523599 
0.523599 
0.523599 
0.523599 
0.523599 
0.523599 
0.523599 
0.523599 
0.523599 
0.523599 
0.523599 
0.523599 
0.523599 
0.523599 
0.523599 
0.523599 
0.523599 
0.523599 
0.523599 
0.523599 
0.523599 
0.523599 
0.523599 
0.523599 
0.523599 
0.523599 
0.523599 
0.523599 
0.523599 
0.523599 
0.523599 
0.523599 
0.523599 
0.523599 
0.523599 
0.523599 
0.523599 
0.523599 
0.523599 
0.523599 
0.523599 
0.523599 
0.523599 
0.523599 
0.523599 
0.523599 
0.523599 
0.523599 
0.523599 
0.523599 
0.523599 
0.523599 
0.523599 
0.523599 
0.523599 
0.523599 
0.523599 
0.523599 
0.523599 
0.523599 
0.523599 
0.523599 
0.523599 
0.523599 
0.523599 
0.523599 
0.523599 
0.523599 
0.523599 
0.523599 
0.523599 
0.523599 
0.523599 
0.523599 
0.523599 
0.523599 
0.523599 
0.523599 
0.523599 
0.523599 
0.523599 
0.523599 
0.523599 
0.523599 
0.523599 
0.523599 
0.523599 
0.523599 
0.523599 
0.523599 
0.523599 
0.523599 
0.523599 
0.523599 
0.523599 
0.523599 
0.523599 
0.523599 
0.523599 
0.523599 
0.523599 
0.523599 
0.523599 
0.523599 
0.523599 
0.523599 
0.523599 
0.523599 
0.523599 
0.523599 
0.523599 
0.523599 
0.523599 
0.523599 
0.523599 
0.523599 
0.523599 
0.523599 
0.523599 
0.523599 
0.523599 
0.523599 
0.523599 
0.523599 
0.523599 
0.523599 
0.523599 
0.523599 
0.523599 
0.523599 
0.523599 
0.523599 
0.523599 
0.523599 
0.523599 
0.523599 
0.523599 
0.523599 
0.523599 
0.523599 
0.523599 
0.523599 
0.523599 
0.523599 
0.523599 
0.523599 
0.523599 
0.523599 
0.523599 
0.523599 
0.523599 
0.523599 
0.523599 
0.523599 
0.523599 
0.523599 
0.523599 
0.523599 
0.523599 
0.523599 
0.523599 
0.523599 
0.523599 
0.523599 
0.523599 
0.523599 
0.523599 
0.523599 
0.523599 
0.523599 
0.523599 
0.523599 
0.523599 
0.523599 
0.523599 
0.523599 
0.523599 
0.523599 
0.523599 
0.523599 
0.523599 
0.523599 
0.523599 
0.523599 
0.523599 
0.523599 
0.523599 
0.523599 
0.523599 
0.523599 
0.523599 
0.523599 
0.523599 
0.523599 
0.523599 
0.523599 
0.523599 
0.523599 
0.523599 
0.523599 
0.523599 
0.523599 
0.523599 
0.523599 
0.523599 
0.523599 
0.523599 
0.523599 
0.523599 
0.523599 
0.523599 
0.523599 
0.523599 
0.523599 
0.523599 
0.523599 
0.523599 
0.523599 
0.523599 
0.523599 
0.523599 
0.523599 
0.523599 
0.523599 
0.523599 
0.523599 
0.523599 
0.523599 
0.523599 
0.523599 
0.523599 
0.523599 
0.523599 
0.523599 
0.523599 
0.523599 
0.523599 
0.523599 
0.523599 
0.523599 
0.523599 
0.523599 
0.523599 
0.523599 
0.523599 
0.523599 
0.523599 
0.523599 
0.523599 
0.523599 
0.523599 
0.523599 
0.523599 
0.523599 
0.523599 
0.523599 
0.523599 
0.523599 
0.523599 
0.523599 
0.523599 
0.523599 
0.523599 
0.523599 
0.523599 
0.523599 
0.523599 
0.523599 
0.523599 
0.523599 
0.523599 
0.523599 
0.523599 
0.523599 
0.523599 
0.523599 
0.523599 
0.523599 
0.523599 
0.523599 
0.523599 
0.523599 
0.523599 
0.523599 
0.523599 
0.523599 
0.523599 
0.523599 
0.523599 
0.523599 
0.523599 
0.523599 
0.523599 
0.523599 
0.523599 
0.523599 
0.523599 
0.523599 
0.523599 
0.523599 
0.523599 
0.523599 
0.523599 
0.523599 
0.523599 
0.523599 
0.523599 
0.523599 
0.523599 
0.523599 
0.523599 
0.523599 
0.523599 
0.523599 
0.523599 
0.523599 
0.523599 
0.523599 
0.523599 
0.523599 
0.523599 
0.523599 
0.523599 
0.523599 
0.523599 
0.523599 
0.523599 
0.523599 
0.523599 
0.523599 
0.523599 
0.523599 
0.523599 
0.523599 
0.523599 
0.523599 
0.523599 
0.523599 
0.523599 
0.523599 
0.523599 
0.523599 
0.523599 
0.523599 
0.523599 
0.523599 
0.523599 
0.523599 
0.523599 
0.523599 
0.523599 
0.523599 
0.523599 
0.523599 
0.523599 
0.523599 
0.523599 
0.523599 
0.523599 
0.523599 
0.523599 
0.523599 
0.523599 
0.523599 
0.523599 
0.523599 
0.523599 
0.523599 
0.523599 
0.523599 
0.523599 
0.523599 
0.523599 
0.523599 
0.523599 
0.523599 
0.523599 
0.523599 
0.523599 
0.523599 
0.523599 
0.523599 
0.523599 
0.523599 
0.523599 
0.523599 
0.523599 
0.523599 
0.523599 
0.523599 
0.523599 
0.523599 
0.523599 
0.523599 
0.523599 
0.523599 
0.523599 
0.523599 
0.523599 
0.523599 
0.523599 
0.523599 
0.523599 
0.523599 
0.523599 
0.523599 
0.523599 
0.523599 
0.523599 
0.523599 
0.523599 
0.523599 
0.523599 
0.523599 
0.523599 
0.523599 
0.523599 
0.523599 
0.523599 
0.523599 
0.523599 
0.523599 
0.523599 
0.523599 
0.523599 
0.523599 
0.523599 
0.523599 
0.523599 
0.523599 
0.523599 
0.523599 
0.523599 
0.523599 
0.523599 
0.523599 
0.523599 
0.523599 
0.523599 
0.523599 
0.523599 
0.523599 
0.523599 
0.523599 
0.523599 
0.523599 
0.523599 
0.523599 
0.523599 
0.523599 
0.523599 
0.523599 
0.523599 
0.523599 
0.523599 
0.523599 
0.523599 
0.523599 
0.523599 
0.523599 
0.523599 
0.523599 
0.523599 
0.523599 
0.523599 
0.523599 
0.523599 
0.523599 
0.523599 
0.523599 
0.523599 
0.523599 
0.523599 
0.523599 
0.523599 
0.523599 
0.523599 
0.523599 
0.523599 
0.523599 
0.523599 
0.523599 
0.523599 
0.523599 
0.523599 
0.523599 
0.523599 
0.523599 
0.523599 
0.523599 
0.523599 
0.523599 
0.523599 
0.523599 
0.523599 
0.523599 
0.523599 
0.523599 
0.523599 
0.523599 
0.523599 
0.523599 
0.523599 
0.523599 
0.523599 
0.523599 
0.523599 
0.523599 
0.523599 
0.523599 
0.523599 
0.523599 
0.523599 
0.523599 
0.523599 
0.523599 
0.523599 
0.523599 
0.523599 
0.523599 
0.523599 
0.523599 
0.523599 
0.523599 
0.523599 
0.523599 
0.523599 
0.523599 
0.523599 
0.523599 
0.523599 
0.523599 
0.523599 
0.523599 
0.523599 
0.523599 
0.523599 
0.523599 
0.523599 
0.523599 
0.523599 
0.523599 
0.523599 
0.523599 
0.523599 
0.523599 
0.523599 
0.523599 
0.523599 
0.523599 
0.523599 
0.523599 
0.523599 
0.523599 
0.523599 
0.523599 
0.523599 
0.523599 
0.523599 
0.523599 
0.523599 
0.523599 
0.523599 
0.523599 
0.523599 
0.523599 
0.523599 
0.523599 
0.523599 
0.523599 
0.523599 
0.523599 
0.523599 
0.523599 
0.523599 
0.523599 
0.523599 
0.523599 
0.523599 
0.523599 
0.523599 
0.523599 
0.523599 
0.523599 
0.523599 
0.523599 
0.523599 
0.523599 
0.523599 
0.523599 
0.523599 
0.523599 
0.523599 
0.523599 
0.523599 
0.523599 
0.523599 
0.523599 
0.523599 
0.523599 
0.523599 
0.523599 
0.523599 
0.523599 
0.523599 
0.523599 
0.523599 
0.523599 
0.523599 
0.523599 
0.523599 
0.523599 
0.523599 
0.523599 
0.523599 
0.523599 
0.523599 
0.523599 
0.523599 
0.523599 
0.523599 
0.523599 
0.523599 
0.523599 
0.523599 
0.523599 
0.523599 
0.523599 
0.523599 
0.523599 
0.523599 
0.523599 
0.523599 
0.523599 
0.523599 
0.523599 
0.523599 
0.523599 
0.523599 
0.523599 
0.523599 
0.523599 
0.523599 
0.523599 
0.523599 
0.523599 
0.523599 
0.523599 
0.523599 
0.523599 
0.523599 
0.523599 
0.523599 
0.523599 
0.523599 
0.523599 
0.523599 
0.523599 
0.523599 
0.523599 
0.523599 
0.523599 
0.523599 
0.523599 
0.523599 
0.523599 
0.523599 
0.523599 
0.523599 
0.523599 
0.523599 
0.523599 
0.523599 
0.523599 
0.523599 
0.523599 
0.523599 
0.523599 
0.523599 
0.523599 
0.523599 
0.523599 
0.523599 
0.523599 
0.523599 
0.523599 
0.523599 
0.523599 
0.523599 
0.523599 
0.523599 
0.523599 
0.523599 
0.523599 
0.523599 
0.523599 
0.523599 
0.523599 
0.523599 
0.523599 
0.523599 
0.523599 
0.523599 
0.523599 
0.523599 
0.523599 
0.523599 
0.523599 
0.523599 
0.523599 
0.523599 
0.523599 
0.523599 
0.523599 
0.523599 
0.523599 
0.523599 
0.523599 
0.523599 
0.523599 
0.523599 
0.523599 
0.523599 
0.523599 
0.523599 
0.523599 
0.523599 
0.523599 
0.523599 
0.523599 
0.523599 
0.523599 
0.523599 
0.523599 
0.523599 
0.523599 
0.523599 
0.523599 
0.523599 
0.523599 
0.523599 
0.523599 
0.523599 
0.523599 
0.523599 
0.523599 
0.523599 
0.523599 
0.523599 
0.523599 
0.523599 
0.523599 
0.523599 
0.523599 
0.523599 
0.523599 
0.523599 
0.523599 
0.523599 
0.523599 
0.523599 
0.523599 
0.523599 
0.523599 
0.523599 
0.523599 
0.523599 
0.523599 
0.523599 
0.523599 
0.523599 
0.523599 
0.523599 
0.523599 
0.523599 
0.523599 
0.523599 
0.523599 
0.523599 
0.523599 
0.523599 
0.523599 
0.523599 
0.523599 
0.523599 
0.523599 
0.523599 
0.523599 
0.523599 
0.523599 
0.523599 
0.523599 
0.523599 
0.523599 
0.523599 
0.523599 
0.523599 
0.523599 
0.523599 
0.523599 
0.523599 
0.523599 
0.523599 
0.523599 
0.523599 
0.523599 
0.523599 
0.523599 
0.523599 
0.523599 
0.523599 
0.523599 
0.523599 
0.523599 
0.523599 
0.523599 
0.523599 
0.523599 
0.523599 
0.523599 
0.523599 
0.523599 
0.523599 
0.523599 
0.523599 
0.523599 
0.523599 
0.523599 
0.523599 
0.523599 
0.523599 
0.523599 
0.523599 
0.523599 
0.523599 
0.523599 
0.523599 
0.523599 
0.523599 
0.523599 
0.523599 
0.523599 
0.523599 
0.523599 
0.523599 
0.523599 
0.523599 
0.523599 
0.523599 
0.523599 
0.523599 
0.523599 
0.523599 
0.523599 
0.523599 
0.523599 
0.523599 
0.523599 
0.523599 
0.523599 
0.523599 
0.523599 
0.523599 
0.523599 
0.523599 
0.523599 
0.523599 
0.523599 
0.523599 
0.523599 
0.523599 
0.523599 
0.523599 
0.523599 
0.523599 
0.523599 
0.523599 
0.523599 
0.523599 
0.523599 
0.523599 
0.523599 
0.523599 
0.523599 
0.523599 
0.523599 
0.523599 
0.523599 
0.523599 
0.523599 
0.523599 
0.523599 
0.523599 
0.523599 
0.523599 
0.523599 
0.523599 
0.523599 
0.523599 
0.523599 
0.523599 
0.523599 
0.523599 
0.523599 
0.523599 
0.523599 
0.523599 
0.523599 
0.523599 
0.523599 
0.523599 
0.523599 
0.523599 
0.523599 
0.523599 
0.523599 
0.523599 
0.523599 
0.523599 
0.523599 
0.523599 
0.523599 
0.523599 
0.523599 
0.523599 
0.523599 
0.523599 
0.523599 
0.523599 
0.523599 
0.523599 
0.523599 
0.523599 
0.523599 
0.523599 
0.523599 
0.523599 
0.523599 
0.523599 
0.523599 
0.523599 
0.523599 
0.523599 
0.523599 
0.523599 
0.523599 
0.523599 
0.523599 
0.523599 
0.523599 
0.523599 
0.523599 
0.523599 
0.523599 
0.523599 
0.523599 
0.523599 
0.523599 
0.523599 
0.523599 
0.523599 
0.523599 
0.523599 
0.523599 
0.523599 
0.523599 
0.523599 
0.523599 
0.523599 
0.523599 
0.523599 
0.523599 
0.523599 
0.523599 
0.523599 
0.523599 
0.523599 
0.523599 
0.523599 
0.523599 
0.523599 
0.523599 
0.523599 
0.523599 
0.523599 
0.523599 
0.523599 
0.523599 
0.523599 
0.523599 
0.523599 
0.523599 
0.523599 
0.523599 
0.523599 
0.523599 
0.523599 
0.523599 
0.523599 
0.523599 
0.523599 
0.523599 
0.523599 
0.523599 
0.523599 
0.523599 
0.523599 
0.523599 
0.523599 
0.523599 
0.523599 
0.523599 
0.523599 
0.523599 
0.523599 
0.523599 
0.523599 
0.523599 
0.523599 
0.523599 
0.523599 
0.523599 
0.523599 
0.523599 
0.523599 
0.523599 
0.523599 
0.523599 
0.523599 
0.523599 
0.523599 
0.523599 
0.523599 
0.523599 
0.523599 
0.523599 
0.523599 
0.523599 
0.523599 
0.523599 
0.523599 
0.523599 
0.523599 
0.523599 
0.523599 
0.523599 
0.523599 
0.523599 
0.523599 
0.523599 
0.523599 
0.523599 
0.523599 
0.523599 
0.523599 
0.523599 
0.523599 
0.523599 
0.523599 
0.523599 
0.523599 
0.523599 
0.523599 
0.523599 
0.523599 
0.523599 
0.523599 
0.523599 
0.523599 
0.523599 
0.523599 
0.523599 
0.523599 
0.523599 
0.523599 
0.523599 
0.523599 
0.523599 
0.523599 
0.523599 
0.523599 
0.523599 
0.523599 
0.523599 
0.523599 
0.523599 
0.523599 
0.523599 
0.523599 
0.523599 
0.523599 
0.523599 
0.523599 
0.523599 
0.523599 
0.523599 
0.523599 
0.523599 
0.523599 
0.523599 
0.523599 
0.523599 
0.523599 
0.523599 
0.523599 
0.523599 
0.523599 
0.523599 
0.523599 
0.523599 
0.523599 
0.523599 
0.523599 
0.523599 
0.523599 
0.523599 
0.523599 
0.523599 
0.523599 
0.523599 
0.523599 
0.523599 
0.523599 
0.523599 
0.523599 
0.523599 
0.523599 
0.523599 
0.523599 
0.523599 
0.523599 
0.523599 
0.523599 
0.523599 
0.523599 
0.523599 
0.523599 
0.523599 
0.523599 
0.523599 
0.523599 
0.523599 
0.523599 
0.523599 
0.523599 
0.523599 
0.523599 
0.523599 
0.523599 
0.523599 
0.523599 
0.523599 
0.523599 
0.523599 
0.523599 
0.523599 
0.523599 
0.523599 
0.523599 
0.523599 
0.523599 
0.523599 
0.523599 
0.523599 
0.523599 
0.523599 
0.523599 
0.523599 
0.523599 
0.523599 
0.523599 
0.523599 
0.523599 
0.523599 
0.523599 
0.523599 
0.523599 
0.523599 
0.523599 
0.523599 
0.523599 
0.523599 
0.523599 
0.523599 
0.523599 
0.523599 
0.523599 
0.523599 
0.523599 
0.523599 
0.523599 
0.523599 
0.523599 
0.523599 
0.523599 
0.523599 
0.523599 
0.523599 
0.523599 
0.523599 
0.523599 
0.523599 
0.523599 
0.523599 
0.523599 
0.523599 
0.523599 
0.523599 
0.523599 
0.523599 
0.523599 
0.523599 
0.523599 
0.523599 
0.523599 
0.523599 
0.523599 
0.523599 
0.523599 
0.523599 
0.523599 
0.523599 
0.523599 
0.523599 
0.523599 
0.523599 
0.523599 
0.523599 
0.523599 
0.523599 
0.523599 
0.523599 
0.523599 
0.523599 
0.523599 
0.523599 
0.523599 
0.523599 
0.523599 
0.523599 
0.523599 
0.523599 
0.523599 
0.523599 
0.523599 
0.523599 
0.523599 
0.523599 
0.523599 
0.523599 
0.523599 
0.523599 
0.523599 
0.523599 
0.523599 
0.523599 
0.523599 
0.523599 
0.523599 
0.523599 
0.523599 
0.523599 
0.523599 
0.523599 
0.523599 
0.523599 
0.523599 
0.523599 
0.523599 
0.523599 
0.523599 
0.523599 
0.523599 
0.523599 
0.523599 
0.523599 
0.523599 
0.523599 
0.523599 
0.523599 
0.523599 
0.523599 
0.523599 
0.523599 
0.523599 
0.523599 
0.523599 
0.523599 
0.523599 
0.523599 
0.523599 
0.523599 
0.523599 
0.523599 
0.523599 
0.523599 
0.523599 
0.523599 
0.523599 
0.523599 
0.523599 
0.523599 
0.523599 
0.523599 
0.523599 
0.523599 
0.523599 
0.523599 
0.523599 
0.523599 
0.523599 
0.523599 
0.523599 
0.523599 
0.523599 
0.523599 
0.523599 
0.523599 
0.523599 
0.523599 
0.523599 
0.523599 
0.523599 
0.523599 
0.523599 
0.523599 
0.523599 
0.523599 
0.523599 
0.523599 
0.523599 
0.523599 
0.523599 
0.523599 
0.523599 
0.523599 
0.523599 
0.523599 
0.523599 
0.523599 
0.523599 
0.523599 
0.523599 
0.523599 
0.523599 
0.523599 
0.523599 
0.523599 
0.523599 
0.523599 
0.523599 
0.523599 
0.523599 
0.523599 
0.523599 
0.523599 
0.523599 
0.523599 
0.523599 
0.523599 
0.523599 
0.523599 
0.523599 
0.523599 
0.523599 
0.523599 
0.523599 
0.523599 
0.523599 
0.523599 
0.523599 
0.523599 
0.523599 
0.523599 
0.523599 
0.523599 
0.523599 
0.523599 
0.523599 
0.523599 
0.523599 
0.523599 
0.523599 
0.523599 
0.523599 
0.523599 
0.523599 
0.523599 
0.523599 
0.523599 
0.523599 
0.523599 
0.523599 
0.523599 
0.523599 
0.523599 
0.523599 
0.523599 
0.523599 
0.523599 
0.523599 
0.523599 
0.523599 
0.523599 
0.523599 
0.523599 
0.523599 
0.523599 
0.523599 
0.523599 
0.523599 
0.523599 
0.523599 
0.523599 
0.523599 
0.523599 
0.523599 
0.523599 
0.523599 
0.523599 
0.523599 
0.523599 
0.523599 
0.523599 
0.523599 
0.523599 
0.523599 
0.523599 
0.523599 
0.523599 
0.523599 
0.523599 
0.523599 
0.523599 
0.523599 
0.523599 
0.523599 
0.523599 
0.523599 
0.523599 
0.523599 
0.523599 
0.523599 
0.523599 
0.523599 
0.523599 
0.523599 
0.523599 
0.523599 
0.523599 
0.523599 
0.523599 
0.523599 
0.523599 
0.523599 
0.523599 
0.523599 
0.523599 
0.523599 
0.523599 
0.523599 
0.523599 
0.523599 
0.523599 
0.523599 
0.523599 
0.523599 
0.523599 
0.523599 
0.523599 
0.523599 
0.523599 
0.523599 
0.523599 
0.523599 
0.523599 
0.523599 
0.523599 
0.523599 
0.523599 
0.523599 
0.523599 
0.523599 
0.523599 
0.523599 
0.523599 
0.523599 
0.523599 
0.523599 
0.523599 
0.523599 
0.523599 
0.523599 
0.523599 
0.523599 
0.523599 
0.523599 
0.523599 
0.523599 
0.523599 
0.523599 
0.523599 
0.523599 
0.523599 
0.523599 
0.523599 
0.523599 
0.523599 
0.523599 
0.523599 
0.523599 
0.523599 
0.523599 
0.523599 
0.523599 
0.523599 
0.523599 
0.523599 
0.523599 
0.523599 
0.523599 
0.523599 
0.523599 
0.523599 
0.523599 
0.523599 
0.523599 
0.523599 
0.523599 
0.523599 
0.523599 
0.523599 
0.523599 
0.523599 
0.523599 
0.523599 
0.523599 
0.523599 
0.523599 
0.523599 
0.523599 
0.523599 
0.523599 
0.523599 
0.523599 
0.523599 
0.523599 
0.523599 
0.523599 
0.523599 
0.523599 
0.523599 
0.523599 
0.523599 
0.523599 
0.523599 
0.523599 
0.523599 
0.523599 
0.523599 
0.523599 
0.523599 
0.523599 
0.523599 
0.523599 
0.523599 
0.523599 
0.523599 
0.523599 
0.523599 
0.523599 
0.523599 
0.523599 
0.523599 
0.523599 
0.523599 
0.523599 
0.523599 
0.523599 
0.523599 
0.523599 
0.523599 
0.523599 
0.523599 
0.523599 
0.523599 
0.523599 
0.523599 
0.523599 
0.523599 
0.523599 
0.523599 
0.523599 
0.523599 
0.523599 
0.523599 
0.523599 
0.523599 
0.523599 
0.523599 
0.523599 
0.523599 
0.523599 
0.523599 
0.523599 
0.523599 
0.523599 
0.523599 
0.523599 
0.523599 
0.523599 
0.523599 
0.523599 
0.523599 
0.523599 
0.523599 
0.523599 
0.523599 
0.523599 
0.523599 
0.523599 
0.523599 
0.523599 
0.523599 
0.523599 
0.523599 
0.523599 
0.523599 
0.523599 
0.523599 
0.523599 
0.523599 
0.523599 
0.523599 
0.523599 
0.523599 
0.523599 
0.523599 
0.523599 
0.523599 
0.523599 
0.523599 
0.523599 
0.523599 
0.523599 
0.523599 
0.523599 
0.523599 
0.523599 
0.523599 
0.523599 
0.523599 
0.523599 
0.523599 
0.523599 
0.523599 
0.523599 
0.523599 
0.523599 
0.523599 
0.523599 
0.523599 
0.523599 
0.523599 
0.523599 
0.523599 
0.523599 
0.523599 
0.523599 
0.523599 
0.523599 
0.523599 
0.523599 
0.523599 
0.523599 
0.523599 
0.523599 
0.523599 
0.523599 
0.523599 
0.523599 
0.523599 
0.523599 
0.523599 
0.523599 
0.523599 
0.523599 
0.523599 
0.523599 
0.523599 
0.523599 
0.523599 
0.523599 
0.523599 
0.523599 
0.523599 
0.523599 
0.523599 
0.523599 
0.523599 
0.523599 
0.523599 
0.523599 
0.523599 
0.523599 
0.523599 
0.523599 
0.523599 
0.523599 
0.523599 
0.523599 
0.523599 
0.523599 
0.523599 
0.523599 
0.523599 
0.523599 
0.523599 
0.523599 
0.523599 
0.523599 
0.523599 
0.523599 
0.523599 
0.523599 
0.523599 
0.523599 
0.523599 
0.523599 
0.523599 
0.523599 
0.523599 
0.523599 
0.523599 
0.523599 
0.523599 
0.523599 
0.523599 
0.523599 
0.523599 
0.523599 
0.523599 
0.523599 
0.523599 
0.523599 
0.523599 
0.523599 
0.523599 
0.523599 
0.523599 
0.523599 
0.523599 
0.523599 
0.523599 
0.523599 
0.523599 
0.523599 
0.523599 
0.523599 
0.523599 
0.523599 
0.523599 
0.523599 
0.523599 
0.523599 
0.523599 
0.523599 
0.523599 
0.523599 
0.523599 
0.523599 
0.523599 
0.523599 
0.523599 
0.523599 
0.523599 
0.523599 
0.523599 
0.523599 
0.523599 
0.523599 
0.523599 
0.523599 
0.523599 
0.523599 
0.523599 
0.523599 
0.523599 
0.523599 
0.523599 
0.523599 
0.523599 
0.523599 
0.523599 
0.523599 
0.523599 
0.523599 
0.523599 
0.523599 
0.523599 
0.523599 
0.523599 
0.523599 
0.523599 
0.523599 
0.523599 
0.523599 
0.523599 
0.523599 
0.523599 
0.523599 
0.523599 
0.523599 
0.523599 
0.523599 
0.523599 
0.523599 
0.523599 
0.523599 
0.523599 
0.523599 
0.523599 
0.523599 
0.523599 
0.523599 
0.523599 
0.523599 
0.523599 
0.523599 
0.523599 
0.523599 
0.523599 
0.523599 
0.523599 
0.523599 
0.523599 
0.523599 
0.523599 
0.523599 
0.523599 
0.523599 
0.523599 
0.523599 
0.523599 
0.523599 
0.523599 
0.523599 
0.523599 
0.523599 
0.523599 
0.523599 
0.523599 
0.523599 
0.523599 
0.523599 
0.523599 
0.523599 
0.523599 
0.523599 
0.523599 
0.523599 
0.523599 
0.523599 
0.523599 
0.523599 
0.523599 
0.523599 
0.523599 
0.523599 
0.523599 
0.523599 
0.523599 
0.523599 
0.523599 
0.523599 
0.523599 
0.523599 
0.523599 
0.523599 
0.523599 
0.523599 
0.523599 
0.523599 
0.523599 
0.523599 
0.523599 
0.523599 
0.523599 
0.523599 
0.523599 
0.523599 
0.523599 
0.523599 
0.523599 
0.523599 
0.523599 
0.523599 
0.523599 
0.523599 
0.523599 
0.523599 
0.523599 
0.523599 
0.523599 
0.523599 
0.523599 
0.523599 
0.523599 
0.523599 
0.523599 
0.523599 
0.523599 
0.523599 
0.523599 
0.523599 

SCALARS Coesion float
LOOKUP_TABLE default
10 
10 
10 
10 
10 
10 
10 
10 
10 
10 
10 
10 
10 
10 
10 
10 
10 
10 
10 
10 
10 
10 
10 
10 
10 
10 
10 
10 
10 
10 
10 
10 
10 
10 
10 
10 
10 
10 
10 
10 
10 
10 
10 
10 
10 
10 
10 
10 
10 
10 
10 
10 
10 
10 
10 
10 
10 
10 
10 
10 
10 
10 
10 
10 
10 
10 
10 
10 
10 
10 
10 
10 
10 
10 
10 
10 
10 
10 
10 
10 
10 
10 
10 
10 
10 
10 
10 
10 
10 
10 
10 
10 
10 
10 
10 
10 
10 
10 
10 
10 
10 
10 
10 
10 
10 
10 
10 
10 
10 
10 
10 
10 
10 
10 
10 
10 
10 
10 
10 
10 
10 
10 
10 
10 
10 
10 
10 
10 
10 
10 
10 
10 
10 
10 
10 
10 
10 
10 
10 
10 
10 
10 
10 
10 
10 
10 
10 
10 
10 
10 
10 
10 
10 
10 
10 
10 
10 
10 
10 
10 
10 
10 
10 
10 
10 
10 
10 
10 
10 
10 
10 
10 
10 
10 
10 
10 
10 
10 
10 
10 
10 
10 
10 
10 
10 
10 
10 
10 
10 
10 
10 
10 
10 
10 
10 
10 
10 
10 
10 
10 
10 
10 
10 
10 
10 
10 
10 
10 
10 
10 
10 
10 
10 
10 
10 
10 
10 
10 
10 
10 
10 
10 
10 
10 
10 
10 
10 
10 
10 
10 
10 
10 
10 
10 
10 
10 
10 
10 
10 
10 
10 
10 
10 
10 
10 
10 
10 
10 
10 
10 
10 
10 
10 
10 
10 
10 
10 
10 
10 
10 
10 
10 
10 
10 
10 
10 
10 
10 
10 
10 
10 
10 
10 
10 
10 
10 
10 
10 
10 
10 
10 
10 
10 
10 
10 
10 
10 
10 
10 
10 
10 
10 
10 
10 
10 
10 
10 
10 
10 
10 
10 
10 
10 
10 
10 
10 
10 
10 
10 
10 
10 
10 
10 
10 
10 
10 
10 
10 
10 
10 
10 
10 
10 
10 
10 
10 
10 
10 
10 
10 
10 
10 
10 
10 
10 
10 
10 
10 
10 
10 
10 
10 
10 
10 
10 
10 
10 
10 
10 
10 
10 
10 
10 
10 
10 
10 
10 
10 
10 
10 
10 
10 
10 
10 
10 
10 
10 
10 
10 
10 
10 
10 
10 
10 
10 
10 
10 
10 
10 
10 
10 
10 
10 
10 
10 
10 
10 
10 
10 
10 
10 
10 
10 
10 
10 
10 
10 
10 
10 
10 
10 
10 
10 
10 
10 
10 
10 
10 
10 
10 
10 
10 
10 
10 
10 
10 
10 
10 
10 
10 
10 
10 
10 
10 
10 
10 
10 
10 
10 
10 
10 
10 
10 
10 
10 
10 
10 
10 
10 
10 
10 
10 
10 
10 
10 
10 
10 
10 
10 
10 
10 
10 
10 
10 
10 
10 
10 
10 
10 
10 
10 
10 
10 
10 
10 
10 
10 
10 
10 
10 
10 
10 
10 
10 
10 
10 
10 
10 
10 
10 
10 
10 
10 
10 
10 
10 
10 
10 
10 
10 
10 
10 
10 
10 
10 
10 
10 
10 
10 
10 
10 
10 
10 
10 
10 
10 
10 
10 
10 
10 
10 
10 
10 
10 
10 
10 
10 
10 
10 
10 
10 
10 
10 
10 
10 
10 
10 
10 
10 
10 
10 
10 
10 
10 
10 
10 
10 
10 
10 
10 
10 
10 
10 
10 
10 
10 
10 
10 
10 
10 
10 
10 
10 
10 
10 
10 
10 
10 
10 
10 
10 
10 
10 
10 
10 
10 
10 
10 
10 
10 
10 
10 
10 
10 
10 
10 
10 
10 
10 
10 
10 
10 
10 
10 
10 
10 
10 
10 
10 
10 
10 
10 
10 
10 
10 
10 
10 
10 
10 
10 
10 
10 
10 
10 
10 
10 
10 
10 
10 
10 
10 
10 
10 
10 
10 
10 
10 
10 
10 
10 
10 
10 
10 
10 
10 
10 
10 
10 
10 
10 
10 
10 
10 
10 
10 
10 
10 
10 
10 
10 
10 
10 
10 
10 
10 
10 
10 
10 
10 
10 
10 
10 
10 
10 
10 
10 
10 
10 
10 
10 
10 
10 
10 
10 
10 
10 
10 
10 
10 
10 
10 
10 
10 
10 
10 
10 
10 
10 
10 
10 
10 
10 
10 
10 
10 
10 
10 
10 
10 
10 
10 
10 
10 
10 
10 
10 
10 
10 
10 
10 
10 
10 
10 
10 
10 
10 
10 
10 
10 
10 
10 
10 
10 
10 
10 
10 
10 
10 
10 
10 
10 
10 
10 
10 
10 
10 
10 
10 
10 
10 
10 
10 
10 
10 
10 
10 
10 
10 
10 
10 
10 
10 
10 
10 
10 
10 
10 
10 
10 
10 
10 
10 
10 
10 
10 
10 
10 
10 
10 
10 
10 
10 
10 
10 
10 
10 
10 
10 
10 
10 
10 
10 
10 
10 
10 
10 
10 
10 
10 
10 
10 
10 
10 
10 
10 
10 
10 
10 
10 
10 
10 
10 
10 
10 
10 
10 
10 
10 
10 
10 
10 
10 
10 
10 
10 
10 
10 
10 
10 
10 
10 
10 
10 
10 
10 
10 
10 
10 
10 
10 
10 
10 
10 
10 
10 
10 
10 
10 
10 
10 
10 
10 
10 
10 
10 
10 
10 
10 
10 
10 
10 
10 
10 
10 
10 
10 
10 
10 
10 
10 
10 
10 
10 
10 
10 
10 
10 
10 
10 
10 
10 
10 
10 
10 
10 
10 
10 
10 
10 
10 
10 
10 
10 
10 
10 
10 
10 
10 
10 
10 
10 
10 
10 
10 
10 
10 
10 
10 
10 
10 
10 
10 
10 
10 
10 
10 
10 
10 
10 
10 
10 
10 
10 
10 
10 
10 
10 
10 
10 
10 
10 
10 
10 
10 
10 
10 
10 
10 
10 
10 
10 
10 
10 
10 
10 
10 
10 
10 
10 
10 
10 
10 
10 
10 
10 
10 
10 
10 
10 
10 
10 
10 
10 
10 
10 
10 
10 
10 
10 
10 
10 
10 
10 
10 
10 
10 
10 
10 
10 
10 
10 
10 
10 
10 
10 
10 
10 
10 
10 
10 
10 
10 
10 
10 
10 
10 
10 
10 
10 
10 
10 
10 
10 
10 
10 
10 
10 
10 
10 
10 
10 
10 
10 
10 
10 
10 
10 
10 
10 
10 
10 
10 
10 
10 
10 
10 
10 
10 
10 
10 
10 
10 
10 
10 
10 
10 
10 
10 
10 
10 
10 
10 
10 
10 
10 
10 
10 
10 
10 
10 
10 
10 
10 
10 
10 
10 
10 
10 
10 
10 
10 
10 
10 
10 
10 
10 
10 
10 
10 
10 
10 
10 
10 
10 
10 
10 
10 
10 
10 
10 
10 
10 
10 
10 
10 
10 
10 
10 
10 
10 
10 
10 
10 
10 
10 
10 
10 
10 
10 
10 
10 
10 
10 
10 
10 
10 
10 
10 
10 
10 
10 
10 
10 
10 
10 
10 
10 
10 
10 
10 
10 
10 
10 
10 
10 
10 
10 
10 
10 
10 
10 
10 
10 
10 
10 
10 
10 
10 
10 
10 
10 
10 
10 
10 
10 
10 
10 
10 
10 
10 
10 
10 
10 
10 
10 
10 
10 
10 
10 
10 
10 
10 
10 
10 
10 
10 
10 
10 
10 
10 
10 
10 
10 
10 
10 
10 
10 
10 
10 
10 
10 
10 
10 
10 
10 
10 
10 
10 
10 
10 
10 
10 
10 
10 
10 
10 
10 
10 
10 
10 
10 
10 
10 
10 
10 
10 
10 
10 
10 
10 
10 
10 
10 
10 
10 
10 
10 
10 
10 
10 
10 
10 
10 
10 
10 
10 
10 
10 
10 
10 
10 
10 
10 
10 
10 
10 
10 
10 
10 
10 
10 
10 
10 
10 
10 
10 
10 
10 
10 
10 
10 
10 
10 
10 
10 
10 
10 
10 
10 
10 
10 
10 
10 
10 
10 
10 
10 
10 
10 
10 
10 
10 
10 
10 
10 
10 
10 
10 
10 
10 
10 
10 
10 
10 
10 
10 
10 
10 
10 
10 
10 
10 
10 
10 
10 
10 
10 
10 
10 
10 
10 
10 
10 
10 
10 
10 
10 
10 
10 
10 
10 
10 
10 
10 
10 
10 
10 
10 
10 
10 
10 
10 
10 
10 
10 
10 
10 
10 
10 
10 
10 
10 
10 
10 
10 
10 
10 
10 
10 
10 
10 
10 
10 
10 
10 
10 
10 
10 
10 
10 
10 
10 
10 
10 
10 
10 
10 
10 
10 
10 
10 
10 
10 
10 
10 
10 
10 
10 
10 
10 
10 
10 
10 
10 
10 
10 
10 
10 
10 
10 
10 
10 
10 
10 
10 
10 
10 
10 
10 
10 
10 
10 
10 
10 
10 
10 
10 
10 
10 
10 
10 
10 
10 
10 
10 
10 
10 
10 
10 
10 
10 
10 
10 
10 
10 
10 
10 
10 
10 
10 
10 
10 
10 
10 
10 
10 
10 
10 
10 
10 
10 
10 
10 
10 
10 
10 
10 
10 
10 
10 
10 
10 
10 
10 
10 
10 
10 
10 
10 
10 
10 
10 
10 
10 
10 
10 
10 
10 
10 
10 
10 
10 
10 
10 
10 
10 
10 
10 
10 
10 
10 
10 
10 
10 
10 
10 
10 
10 
10 
10 
10 
10 
10 
10 
10 
10 
10 
10 
10 
10 
10 
10 
10 
10 
10 
10 
10 
10 
10 
10 
10 
10 
10 
10 
10 
10 
10 
10 
10 
10 
10 
10 
10 
10 
10 
10 
10 
10 
10 
10 
10 
10 
10 
10 
10 
10 
10 
10 
10 
10 
10 
10 
10 
10 
10 
10 
10 
10 
10 
10 
10 
10 
10 
10 
10 
10 
10 
10 
10 
10 
10 
10 
10 
10 
10 
10 
10 
10 
10 
10 
10 
10 
10 
10 
10 
10 
10 
10 
10 
10 
10 
10 
10 
10 
10 
10 
10 
10 
10 
10 
10 
10 
10 
10 
10 
10 
10 
10 
10 
10 
10 
10 
10 
10 
10 
10 
10 
10 
10 
10 
10 
10 
10 
10 
10 
10 
10 
10 
10 
10 
10 
10 
10 
10 
10 
10 
10 
10 
10 
10 
10 
10 
10 
10 
10 
10 
10 
10 
10 
10 
10 
10 
10 
10 
10 
10 
10 
10 
10 
10 
10 
10 
10 
10 
10 
10 
10 
10 
10 
10 
10 
10 
10 
10 
10 
10 
10 
10 
10 
10 
10 
10 
10 
10 
10 
10 
10 
10 
10 
10 
10 
10 
10 
10 
10 
10 
10 
10 
10 
10 
10 
10 
10 
10 
10 
10 
10 
10 
10 
10 
10 
10 
10 
10 
10 
10 
10 
10 
10 
10 
10 
10 
10 
10 
10 
10 
10 
10 
10 
10 
10 
10 
10 
10 
10 
10 
10 
10 
10 
10 
10 
10 
10 
10 
10 
10 
10 
10 
10 
10 
10 
10 
10 
10 
10 
10 
10 
10 
10 
10 
10 
10 
10 
10 
10 
10 
10 
10 
10 
10 
10 
10 
10 
10 
10 
10 
10 
10 
10 
10 
10 
10 
10 
10 
10 
10 
10 
10 
10 
10 
10 
10 
10 
10 
10 
10 
10 
10 
10 
10 
10 
10 
10 
10 
10 
10 
10 
10 
10 
10 
10 
10 
10 
10 
10 
10 
10 
10 
10 
10 
10 
10 
10 
10 
10 
10 
10 
10 
10 
10 
10 
10 
10 
10 
10 
10 
10 
10 
10 
10 
10 
10 
10 
10 
10 
10 
10 
10 
10 
10 
10 
10 
10 
10 
10 
10 
10 
10 
10 
10 
10 
10 
10 
10 
10 
10 
10 
10 
10 
10 
10 
10 
10 
10 
10 
10 
10 
10 
10 
10 
10 
10 
10 
10 
10 
10 
10 
10 
10 
10 
10 
10 
10 
10 
10 
10 
10 
10 
10 
10 
10 
10 
10 
10 
10 
10 
10 
10 
10 
10 
10 
10 
10 
10 
10 
10 
10 
10 
10 
10 
10 
10 
10 
10 
10 
10 
10 
10 
10 
10 
10 
10 
10 
10 
10 
10 
10 
10 
10 
10 
10 
10 
10 
10 
10 
10 
10 
10 
10 
10 
10 
10 
10 
10 
10 
10 
10 
10 
10 
10 
10 
10 
10 
10 
10 
10 
10 
10 
10 
10 
10 
10 
10 
10 
10 
10 
10 
10 
10 
10 
10 
10 
10 
10 
10 
10 
10 
10 
10 
10 
10 
10 
10 
10 
10 
10 
10 
10 
10 
10 
10 
10 
10 
10 
10 
10 
10 
10 
10 
10 
10 
10 
10 
10 
10 
10 
10 
10 
10 
10 
10 
10 
10 
10 
10 
10 
10 
10 
10 
10 
10 
10 
10 
10 
10 
10 
10 
10 
10 
10 
10 
10 
10 
10 
10 
10 
10 
10 
10 
10 
10 
10 
10 
10 
10 
10 
10 
10 
10 
10 
10 
10 
10 
10 
10 
10 
10 
10 
10 
10 
10 
10 
10 
10 
10 
10 
10 
10 
10 
10 
10 
10 
10 
10 
10 
10 
10 
10 
10 
10 
10 
10 
10 
10 
10 
10 
10 
10 
10 
10 
10 
10 
10 
10 
10 
10 
10 
10 
10 
10 
10 
10 
10 
10 
10 
10 
10 
10 
10 
10 
10 
10 
10 
10 
10 
10 
10 
10 
10 
10 
10 
10 
10 
10 
10 
10 
10 
10 
10 
10 
10 
10 
10 
10 
10 
10 
10 
10 
10 
10 
10 
10 
10 
10 
10 
10 
10 
10 
10 
10 
10 
10 
10 
10 
10 
10 
10 
10 
10 
10 
10 
10 
10 
10 
10 
10 
10 
10 
10 
10 
10 
10 
10 
10 
10 
10 
10 
10 
10 
10 
10 
10 
10 
10 
10 
10 
10 
10 
10 
10 
10 
10 
10 
10 
10 
10 
10 
10 
10 
10 
10 
10 
10 
10 
10 
10 
10 
10 
10 
10 
10 
10 
10 
10 
10 
10 
10 
10 
10 
10 
10 
10 
10 
10 
10 
10 
10 
10 
10 
10 
10 
10 
10 
10 
10 
10 
10 
10 
10 
10 
10 
10 
10 
10 
10 
10 
10 
10 
10 
10 
10 
10 
10 
10 
10 
10 
10 
10 
10 
10 
10 
10 
10 
10 
10 
10 
10 
10 
10 
10 
10 
10 
10 
10 
10 
10 
10 
10 
10 
10 
10 
10 
10 
10 
10 
10 
10 
10 
10 
10 
10 
10 
10 
10 
10 
10 
10 
10 
10 
10 
10 
10 
10 
10 
10 
10 
10 
10 
10 
10 
10 
10 
10 
10 
10 
10 
10 
10 
10 
10 
10 
10 
10 
10 
10 
10 
10 
10 
10 
10 
10 
10 
10 
10 
10 
10 
10 
10 
10 
10 
10 
10 
10 
10 
10 
10 
10 
10 
10 
10 
10 
10 
10 
10 
10 
10 
10 
10 
10 
10 
10 
10 
10 
10 
10 
10 
10 
10 
10 
10 
10 
10 
10 
10 
10 
10 
10 
10 
10 
10 
10 
10 
10 
10 
10 
10 
10 
10 
10 
10 
10 
10 
10 
10 
10 
10 
10 
10 
10 
10 
10 
10 
10 
10 
10 
10 
10 
10 
10 
10 
10 
10 
10 
10 
10 
10 
10 
10 
10 
10 
10 
10 
10 
10 
10 
10 
10 
10 
10 
10 
10 
10 
10 
10 
10 
10 
10 
10 
10 
10 
10 
10 
10 
10 
10 
10 
10 
10 
10 
10 
10 
10 
10 
10 
10 
10 
10 
10 
10 
10 
10 
10 
10 
10 
10 
10 
10 
10 
10 
10 
10 
10 
10 
10 
10 
10 
10 
10 
10 
10 
10 
10 
10 
10 
10 
10 
10 
10 
10 
10 
10 
10 
10 
10 
10 
10 
10 
10 
10 
10 
10 
10 
10 
10 
10 
10 
10 
10 
10 
10 
10 
10 
10 
10 
10 
10 
10 
10 
10 
10 
10 
10 
10 
10 
10 
10 
10 
10 
10 
10 
10 
10 
10 
10 
10 
10 
10 
10 
10 
10 
10 
10 
10 
10 
10 
10 
10 
10 
10 
10 
10 
10 
10 
10 
10 
10 
10 
10 
10 
10 
10 
10 
10 
10 
10 
10 
10 
10 
10 
10 
10 
10 
10 
10 
10 
10 
10 
10 
10 
10 
10 
10 
10 
10 
10 
10 
10 
10 
10 
10 
10 
10 
10 
10 
10 
10 
10 
10 
10 
10 
10 
10 
10 
10 
10 
10 
10 
10 
10 
10 
10 
10 
10 
10 
10 
10 
10 
10 
10 
10 
10 
10 
10 
10 
10 
10 
10 
10 
10 
10 
10 
10 
10 
10 
10 
10 
10 
10 
10 
10 
10 
10 
10 
10 
10 
10 
10 
10 
10 
10 
10 
10 
10 
10 
10 
10 
10 
10 
10 
10 
10 
10 
10 
10 
10 
10 
10 
10 
10 
10 
10 
10 
10 
10 
10 
10 
10 
10 
10 
10 
10 
10 
10 
10 
10 
10 
10 
10 
10 
10 
10 
10 
10 
10 
10 
10 
10 
10 
10 
10 
10 
10 
10 
10 
10 
10 
10 
10 
10 
10 
10 
10 
10 
10 
10 
10 
10 
10 
10 
10 
10 
10 
10 
10 
10 
10 
10 
10 
10 
10 
10 
10 
10 
10 
10 
10 
10 
10 
10 
10 
10 
10 
10 
10 
10 
10 
10 
10 
10 
10 
10 
10 
10 
10 
10 
10 
10 
10 
10 
10 
10 
10 
10 
10 
10 
10 
10 
10 
10 
10 
10 
10 
10 
10 
10 
10 
10 
10 
10 
10 
10 
10 
10 
10 
10 
10 
10 
10 
10 
10 
10 
10 
10 
10 
10 
10 
10 
10 
10 
10 
10 
10 
10 
10 
10 
10 
10 
10 
10 
10 
10 
10 
10 
10 
10 
10 
10 
10 
10 
10 
10 
10 
10 
10 
10 
10 
10 
10 
10 
10 
10 
10 
10 
10 
10 
10 
10 
10 
10 
10 
10 
10 
10 
10 
10 
10 
10 
10 
10 
10 
10 
10 
10 
10 
10 
10 
10 
10 
10 
10 
10 
10 
10 
10 
10 
10 
10 
10 
10 
10 
10 
10 
10 
10 
10 
10 
10 
10 
10 
10 
10 
10 
10 
10 
10 
10 
10 
10 
10 
10 
10 
10 
10 
10 
10 
10 
10 
10 
10 
10 
10 
10 
10 
10 
10 
10 
10 
10 
10 
10 
10 
10 
10 
10 
10 
10 
10 
10 
10 
10 
10 
10 
10 
10 
10 
10 
10 
10 
10 
10 
10 
10 
10 
10 
10 
10 
10 
10 
10 
10 
10 
10 
10 
10 
10 
10 
10 
10 
10 
10 
10 
10 
10 
10 
10 
10 
10 
10 
10 
10 
10 
10 
10 
10 
10 
10 
10 
10 
10 
10 
10 
10 
10 
10 
10 
10 
10 
10 
10 
10 
10 
10 
10 
10 
10 
10 
10 
10 
10 
10 
10 
10 
10 
10 
10 
10 
10 
10 
10 
10 
10 
10 
10 
10 
10 
10 
10 
10 
10 
10 
10 
10 
10 
10 
10 
10 
10 
10 
10 
10 
10 
10 
10 
10 
10 
10 
10 
10 
10 
10 
10 
10 
10 
10 
10 
10 
10 
10 
10 
10 
10 
10 
10 
10 
10 
10 
10 
10 
10 
10 
10 
10 
10 
10 
10 
10 
10 
10 
10 
10 
10 
10 
10 
10 
10 
10 
10 
10 
10 
10 
10 
10 
10 
10 
10 
10 
10 
10 
10 
10 
10 
10 
10 
10 
10 
10 
10 
10 
10 
10 
10 
10 
10 
10 
10 
10 
10 
10 
10 
10 
10 
10 
10 
10 
10 
10 
10 
10 
10 
10 
10 
10 
10 
10 
10 
10 
10 
10 
10 
10 
10 
10 
10 
10 
10 
10 
10 
10 
10 
10 
10 
10 
10 
10 
10 
10 
10 
10 
10 
10 
10 
10 
10 
10 
10 
10 
10 
10 
10 
10 
10 
10 
10 
10 
10 
10 
10 
10 
10 
10 
10 
10 
10 
10 
10 
10 
10 
10 
10 
10 
10 
10 
10 
10 
10 
10 
10 
10 
10 
10 
10 
10 
10 
10 
10 
10 
10 
10 
10 
10 
10 
10 
10 
10 
10 
10 
10 
10 
10 
10 
10 
10 
10 
10 
10 
10 
10 
10 
10 
10 
10 
10 
10 
10 
10 
10 
10 
10 
10 
10 
10 
10 
10 
10 
10 
10 
10 
10 
10 
10 
10 
10 
10 
10 
10 
10 
10 
10 
10 
10 
10 
10 
10 
10 
10 
10 
10 
10 
10 
10 
10 
10 
10 
10 
10 
10 
10 
10 
10 
10 
10 
10 
10 
10 
10 
10 
10 
10 
10 
10 
10 
10 
10 
10 
10 
10 
10 
10 
10 
10 
10 
10 
10 
10 
10 
10 
10 
10 
10 
10 
10 
10 
10 
10 
10 
10 
10 
10 
10 
10 
10 
10 
10 
10 
10 
10 
10 
10 
10 
10 
10 
10 
10 
10 
10 
10 
10 
10 
10 
10 
10 
10 
10 
10 
10 
10 
10 
10 
10 
10 
10 
10 
10 
10 
10 
10 
10 
10 
10 
10 
10 
10 
10 
10 
10 
10 
10 
10 
10 
10 
10 
10 
10 
10 
10 
10 
10 
10 
10 
10 
10 
10 
10 
10 
10 
10 
10 
10 
10 
10 
10 
10 
10 
10 
10 
10 
10 
10 
10 
10 
10 
10 
10 
10 
10 
10 
10 
10 
10 
10 
10 
10 
10 
10 
10 
10 
10 
10 
10 
10 
10 
10 
10 
10 
10 
10 
10 
10 
10 
10 
10 
10 
10 
10 
10 
10 
10 
10 
10 
10 
10 
10 
10 
10 
10 
10 
10 
10 
10 
10 
10 
10 
10 
10 
10 
10 
10 
10 
10 
10 
10 
10 
10 
10 
10 
10 
10 
10 
10 
10 
10 
10 
10 
10 
10 
10 
10 
10 
10 
10 
10 
10 
10 
10 
10 
10 
10 
10 
10 
10 
10 
10 
10 
10 
10 
10 
10 
10 
10 
10 
10 
10 
10 
10 
10 
10 
10 
10 
10 
10 
10 
10 
10 
10 
10 
10 
10 
10 
10 
10 
10 
10 
10 
10 
10 
10 
10 
10 
10 
10 
10 
10 
10 
10 
10 
10 
10 
10 
10 
10 
10 
10 
10 
10 
10 
10 
10 
10 
10 
10 
10 
10 
10 
10 
10 
10 
10 
10 
10 
10 
10 
10 
10 
10 
10 
10 
10 
10 
10 
10 
10 
10 
10 
10 
10 
10 
10 
10 
10 
10 
10 
10 
10 
10 
10 
10 
10 
10 
10 
10 
10 
10 
10 
10 
10 
10 
10 
10 
10 
10 
10 
10 
10 
10 
10 
10 
10 
10 
10 
10 
10 
10 
10 
10 
10 
10 
10 
10 
10 
10 
10 
10 
10 
10 
10 
10 
10 
10 
10 
10 
10 
10 
10 
10 
10 
10 
10 
10 
10 
10 
10 
10 
10 
10 
10 
10 
10 
10 
10 
10 
10 
10 
10 
10 
10 
10 
10 
10 
10 
10 
10 
10 
10 
10 
10 
10 
10 
10 
10 
10 
10 
10 
10 
10 
10 
10 
10 
10 
10 
10 
10 
10 
10 
10 
10 
10 
10 
10 
10 
10 
10 
10 
10 
10 
10 
10 
10 
10 
10 
10 
10 
10 
10 
10 
10 
10 
10 
10 
10 
10 
10 
10 
10 
10 
10 
10 
10 
10 
10 
10 
10 
10 
10 
10 
10 
10 
10 
10 
10 
10 
10 
10 
10 
10 
10 
10 
10 
10 
10 
10 
10 
10 
10 
10 
10 
10 
10 
10 
10 
10 
10 
10 
10 
10 
10 
10 
10 
10 
10 
10 
10 
10 
10 
10 
10 
10 
10 
10 
10 
10 
10 
10 
10 
10 
10 
10 
10 
10 
10 
10 
10 
10 
10 
10 
10 
10 
10 
10 
10 
10 
10 
10 
10 
10 
10 
10 
10 
10 
10 
10 
10 
10 
10 
10 
10 
10 
10 
10 
10 
10 
10 
10 
10 
10 
10 
10 
10 
10 
10 
10 
10 
10 
10 
10 
10 
10 
10 
10 
10 
10 
10 
10 
10 
10 
10 
10 
10 
10 
10 
10 
10 
10 
10 
10 
10 
10 
10 
10 
10 
10 
10 
10 
10 
10 
10 
10 
10 
10 
10 
10 
10 
10 
10 
10 
10 
10 
10 
10 
10 
10 
10 
10 
10 
10 
10 
10 
10 
10 
10 
10 
10 
10 
10 
10 
10 
10 
10 
10 
10 
10 
10 
10 
10 
10 
10 
10 
10 
10 
10 
10 
10 
10 
10 
10 
10 
10 
10 
10 
10 
10 
10 
10 
10 
10 
10 
10 
10 
10 
10 
10 
10 
10 
10 
10 
10 
10 
10 
10 
10 
10 
10 
10 
10 
10 
10 
10 
10 
10 
10 
10 
10 
10 
10 
10 
10 
10 
10 
10 
10 
10 
10 
10 
10 
10 
10 
10 
10 
10 
10 
10 
10 
10 
10 
10 
10 
10 
10 
10 
10 
10 
10 
10 
10 
10 
10 
10 
10 
10 
10 
10 
10 
10 
10 
10 
10 
10 
10 
10 
10 
10 
10 
10 
10 
10 
10 
10 
10 
10 
10 
10 
10 
10 
10 
10 
10 
10 
10 
10 
10 
10 
10 
10 
10 
10 
10 
10 
10 
10 
10 
10 
10 
10 
10 
10 
10 
10 
10 
10 
10 
10 
10 
10 
10 
10 
10 
10 
10 
10 
10 
10 
10 
10 
10 
10 
10 
10 
10 
10 
10 
10 
10 
10 
10 
10 
10 
10 
10 
10 
10 
10 
10 
10 
10 
10 
10 
10 
10 
10 
10 
10 
10 
10 
10 
10 
10 
10 
10 
10 
10 
10 
10 
10 
10 
10 
10 
10 
10 
10 
10 
10 
10 
10 
10 
10 
10 
10 
10 
10 
10 
10 
10 
10 
10 
10 
10 
10 
10 
10 
10 
10 
10 
10 
10 
10 
10 
10 
10 
10 
10 
10 
10 
10 
10 
10 
10 
10 
10 
10 
10 
10 
10 
10 
10 
10 
10 
10 
10 
10 
10 
10 
10 
10 
10 
10 
10 
10 
10 
10 
10 
10 
10 
10 
10 
10 
10 
10 
10 
10 
10 
10 
10 
10 
10 
10 
10 
10 
10 
10 
10 
10 
10 
10 
10 
10 
10 
10 
10 
10 
10 
10 
10 
10 
10 
10 
10 
10 
10 
10 
10 
10 
10 
10 
10 
10 
10 
10 
10 
10 
10 
10 
10 
10 
10 
10 
10 
10 
10 
10 
10 
10 
10 
10 
10 
10 
10 
10 
10 
10 
10 
10 
10 
10 
10 
10 
10 
10 
10 
10 
10 
10 
10 
10 
10 
10 
10 
10 
10 
10 
10 
10 
10 
10 
10 
10 
10 
10 
10 
10 
10 
10 
10 
10 
10 
10 
10 
10 
10 
10 
10 
10 
10 
10 
10 
10 
10 
10 
10 
10 
10 
10 
10 
10 
10 
10 
10 
10 
10 
10 
10 
10 
10 
10 
10 
10 
10 
10 
10 
10 
10 
10 
10 
10 
10 
10 
10 
10 
10 
10 
10 
10 
10 
10 
10 
10 
10 
10 
10 
10 
10 
10 
10 
10 
10 
10 
10 
10 
10 
10 
10 
10 
10 
10 
10 
10 
10 
10 
10 
10 
10 
10 
10 
10 
10 
10 
10 
10 
10 
10 
10 
10 
10 
10 
10 
10 
10 
10 
10 
10 
10 
10 
10 
10 
10 
10 
10 
10 
10 
10 
10 
10 
10 
10 
10 
10 
10 
10 
10 
10 
10 
10 
10 
10 
10 
10 
10 
10 
10 
10 
10 
10 
10 
10 
10 
10 
10 
10 
10 
10 
10 
10 
10 
10 
10 
10 
10 
10 
10 
10 
10 
10 
10 
10 
10 
10 
10 
10 

SCALARS StrainPlasticJ2 float
LOOKUP_TABLE default
0 
0 
0 
0 
3.0457e-10 
3.0457e-10 
4.11853e-09 
3.0457e-10 
0 
0 
0 
0 
0 
0 
0 
0 
0 
0 
0 
0 
0 
0 
0 
0 
2.89573e-12 
2.89573e-12 
3.91573e-11 
2.89573e-12 
0 
0 
0 
0 
0 
0 
0 
0 
0 
0 
0 
0 
8.88082e-07 
7.16815e-08 
4.521e-08 
7.16815e-08 
6.23645e-06 
1.32841e-07 
6.89731e-06 
1.32841e-07 
7.69252e-07 
1.32964e-06 
4.93623e-06 
1.32964e-06 
5.88055e-06 
2.25701e-07 
1.39629e-07 
2.25701e-07 
3.30528e-08 
1.04201e-06 
7.43357e-09 
1.04201e-06 
0 
0 
0 
0 
0 
0 
0 
0 
0 
0 
0 
0 
0 
0 
0 
0 
0 
0 
0 
0 
0 
0 
0 
0 
0 
0 
0 
0 
0 
0 
0 
0 
0 
0 
0 
0 
0 
0 
0 
0 
0 
0 
0 
0 
0 
0 
0 
0 
6.78463e-09 
6.78463e-09 
9.17445e-08 
6.78463e-09 
2.7008e-05 
1.53691e-05 
0.0008104 
1.53691e-05 
6.74049e-06 
0.000425402 
9.75175e-06 
0.000425402 
3.85701e-05 
0.000434609 
0.000880557 
0.000434609 
0 
0 
0 
0 
0 
0 
0 
0 
0 
0 
0 
0 
0 
0 
0 
0 
0 
0 
0 
0 
0 
0 
0 
0 
0 
0 
0 
0 
0 
0 
0 
0 
0 
0 
0 
0 
0 
0 
0 
0 
0 
0 
0 
0 
2.82558e-10 
3.82086e-09 
2.82558e-10 
3.82086e-09 
1.39366e-07 
1.8115e-07 
6.64466e-06 
1.8115e-07 
6.00425e-06 
5.89231e-07 
2.44125e-06 
5.89231e-07 
0 
0 
0 
0 
0 
0 
0 
0 
0 
0 
0 
0 
0 
0 
0 
0 
0 
0 
0 
0 
0 
0 
0 
0 
0 
0 
0 
0 
0 
0 
0 
0 
0 
0 
0 
0 
0 
0 
0 
0 
0 
0 
0 
0 
0 
0 
0 
0 
0 
0 
0 
0 
0 
0 
0 
0 
0 
0 
0 
0 
0 
0 
0 
0 
0 
0 
0 
0 
0 
0 
0 
0 
0 
0 
0 
0 
0 
0 
0 
0 
0 
0 
0 
0 
0 
0 
0 
0 
0 
0 
0 
0 
0 
0 
0 
0 
0 
0 
0 
0 
0 
0 
0 
0 
0 
0 
0 
0 
0 
0 
0 
0 
0 
0 
0 
0 
0 
0 
0 
0 
0 
0 
0 
0 
0 
0 
0 
0 
0 
0 
0 
0 
0 
0 
0 
0 
0 
0 
0 
0 
0 
0 
0 
0 
0 
0 
0 
0 
0 
0 
0 
0 
0 
0 
0 
0 
0 
0 
0 
0 
0 
0 
0 
0 
0 
0 
0 
0 
0 
0 
0 
0 
0 
0 
0 
0 
0 
0 
0 
0 
0 
0 
0 
0 
0 
0 
0 
0 
0 
0 
0 
0 
0 
0 
0 
0 
0 
0 
0 
0 
4.74554e-09 
3.50939e-10 
3.50939e-10 
3.50939e-10 
0 
0 
0 
0 
0 
0 
0 
0 
0 
0 
0 
0 
0 
0 
0 
0 
0 
0 
0 
0 
0 
0 
0 
0 
0 
0 
0 
0 
0 
0 
0 
0 
2.45792e-09 
1.05207e-09 
2.89234e-08 
1.05207e-09 
5.12883e-07 
2.85341e-10 
4.91474e-11 
2.85341e-10 
0 
0 
0 
0 
0 
0 
0 
0 
0 
0 
0 
0 
0 
0 
0 
0 
2.17544e-06 
1.96721e-07 
7.39782e-07 
1.96721e-07 
6.34396e-07 
2.40084e-07 
5.74462e-09 
2.40084e-07 
6.80406e-10 
1.61239e-07 
1.38978e-08 
1.61239e-07 
8.4712e-09 
1.74374e-07 
6.23433e-07 
1.74374e-07 
7.34333e-07 
1.64776e-07 
2.27886e-06 
1.64776e-07 
0 
0 
0 
0 
0 
0 
0 
0 
0 
0 
0 
0 
0 
0 
0 
0 
0 
0 
0 
0 
0 
0 
0 
0 
0 
0 
0 
0 
0 
0 
0 
0 
0 
0 
0 
0 
0 
0 
0 
0 
0 
0 
0 
0 
0 
0 
0 
0 
0 
0 
0 
0 
0 
0 
0 
0 
0 
0 
0 
0 
0 
0 
0 
0 
0 
0 
0 
0 
0 
0 
0 
0 
1.26155e-09 
2.40311e-10 
1.53513e-10 
2.40311e-10 
5.18099e-10 
5.16764e-10 
7.00185e-09 
5.16764e-10 
1.38791e-09 
1.25114e-10 
2.60584e-11 
1.25114e-10 
0 
0 
0 
0 
1.1591e-12 
1.56738e-11 
1.1591e-12 
1.56738e-11 
0 
0 
0 
0 
1.08549e-10 
1.08549e-10 
1.46784e-09 
1.08549e-10 
0 
0 
0 
0 
9.41045e-10 
6.95915e-11 
6.95915e-11 
6.95915e-11 
0 
0 
0 
0 
5.5408e-10 
8.90572e-09 
6.89264e-10 
8.90572e-09 
0 
0 
0 
0 
0 
0 
0 
0 
0 
0 
0 
0 
0 
0 
0 
0 
0 
0 
0 
0 
0 
0 
0 
0 
0 
0 
0 
0 
0 
0 
0 
0 
0 
0 
0 
0 
0 
0 
0 
0 
0 
0 
0 
0 
0 
0 
0 
0 
0 
0 
0 
0 
0 
0 
0 
0 
0 
0 
0 
0 
2.6655e-07 
4.31228e-06 
2.82531e-07 
4.31228e-06 
4.99859e-11 
4.99859e-11 
6.75929e-10 
4.99859e-11 
0 
0 
0 
0 
4.68283e-07 
8.87626e-08 
8.7875e-06 
8.87626e-08 
0 
0 
0 
0 
0 
0 
0 
0 
0 
0 
0 
0 
0 
0 
0 
0 
0 
0 
0 
0 
6.65492e-11 
8.56406e-10 
4.33129e-10 
8.56406e-10 
5.00859e-10 
2.58323e-10 
8.45515e-11 
2.58323e-10 
8.43297e-11 
1.04986e-09 
5.48401e-11 
1.04986e-09 
1.56723e-10 
1.58457e-10 
2.1374e-09 
1.58457e-10 
0 
0 
0 
0 
0 
0 
0 
0 
0 
0 
0 
0 
1.74191e-10 
1.62419e-10 
1.99782e-09 
1.62419e-10 
6.527e-11 
5.33361e-10 
8.70668e-11 
5.33361e-10 
0 
0 
0 
0 
2.94224e-07 
1.47355e-07 
4.97085e-06 
1.47355e-07 
0 
0 
0 
0 
0 
0 
0 
0 
0 
0 
0 
0 
0 
0 
0 
0 
0 
0 
0 
0 
0 
0 
0 
0 
1.43971e-10 
2.49561e-10 
3.36929e-09 
2.49561e-10 
0 
0 
0 
0 
1.3718e-09 
1.01446e-10 
1.01446e-10 
1.01446e-10 
1.14596e-10 
9.95308e-11 
1.0578e-09 
9.95308e-11 
9.98749e-10 
8.88914e-11 
3.86429e-11 
8.88914e-11 
5.90933e-13 
4.56013e-14 
7.13081e-14 
4.56013e-14 
6.97213e-11 
6.97213e-11 
9.428e-10 
6.97213e-11 
1.22107e-10 
1.22107e-10 
1.65118e-09 
1.22107e-10 
0 
0 
0 
0 
2.29656e-09 
3.31462e-10 
9.58302e-10 
3.31462e-10 
1.5352e-09 
1.5352e-09 
2.07597e-08 
1.5352e-09 
0 
0 
0 
0 
0 
0 
0 
0 
0 
0 
0 
0 
0 
0 
0 
0 
0 
0 
0 
0 
0 
0 
0 
0 
0 
0 
0 
0 
0 
0 
0 
0 
0 
0 
0 
0 
0 
0 
0 
0 
0 
0 
0 
0 
0 
0 
0 
0 
0 
0 
0 
0 
0 
0 
0 
0 
0 
0 
0 
0 
0.137033 
0.0110853 
0.405872 
0.0110853 
0.0126337 
0.00147835 
0.0893195 
0.00147835 
0.0962178 
0.311441 
0.0105148 
0.311441 
0.000227786 
6.5781e-06 
0.00103303 
6.5781e-06 
0.00288634 
0.250599 
0.00279442 
0.250599 
0.00127899 
0.102453 
0.00220698 
0.102453 
0.0845053 
0.00287245 
0.226868 
0.00287245 
7.1982 
9.53894 
1.13191 
9.53894 
2.57858 
14.5518 
6.6103 
14.5518 
12.6444 
0.366719 
9.9445 
0.366719 
0.00969766 
1.94528 
0.534312 
1.94528 
0.112491 
6.00725 
2.24216 
6.00725 
6.54473 
0.0347652 
1.48463 
0.0347652 
3.41565e-06 
4.88529e-06 
0.00017404 
4.88529e-06 
0.000830503 
0.0126939 
0.000675638 
0.0126939 
-0.000355819 
0.153594 
0.0319875 
0.153594 
0.0229107 
0.000257639 
-0.000109265 
0.000257639 
0.000760733 
0.022875 
0.0975195 
0.022875 
0.0103516 
0.00011673 
0.0450874 
0.00011673 
0.0873645 
0.00089429 
0.0020098 
0.00089429 
5.97571 
0.0304142 
6.21701 
0.0304142 
0.0254579 
4.95487 
0.203334 
4.95487 
0.566558 
0.0113836 
0.108088 
0.0113836 
0.00770997 
0.00346049 
0.000526644 
0.00346049 
0.00221897 
0.0121576 
0.0239566 
0.0121576 
0.00615424 
0.0816585 
0.274748 
0.0816585 
0.00279996 
0.015655 
0.000804585 
0.015655 
0.00117372 
0.0830216 
0.0019063 
0.0830216 
0.132179 
0.00312263 
0.0228217 
0.00312263 
3.91578e-05 
0.000283759 
6.09889e-06 
0.000283759 
0.0262627 
0.00223573 
0.999293 
0.00223573 
1.69376e-06 
0.000129076 
2.44898e-06 
0.000129076 
2.43816e-06 
0.000470761 
7.58158e-06 
0.000470761 
0.00061299 
4.96431e-06 
0.000323869 
4.96431e-06 
3.44418e-05 
0.000341339 
0.00266554 
0.000341339 
1.19026e-05 
4.01724e-06 
0.000363496 
4.01724e-06 
-0.000164333 
0.036486 
0.290209 
0.036486 
0.000102971 
-3.52769e-08 
0.00403437 
-3.52769e-08 
0.00211538 
0.000331421 
2.38088e-05 
0.000331421 
0.00340275 
3.05011e-05 
0.0212797 
3.05011e-05 
0.0370294 
0.000487907 
0.000312641 
0.000487907 
0.0142473 
0.00021087 
5.12762e-05 
0.00021087 
-5.85849e-05 
0.0621846 
0.00868831 
0.0621846 
0.00697251 
0.000132244 
9.07883e-05 
0.000132244 
0.00163244 
4.66954e-05 
1.71247e-05 
4.66954e-05 
4.61216e-05 
0.00509124 
0.00214275 
0.00509124 
0.00425305 
0.000702698 
0.0621827 
0.000702698 
6.94014e-06 
1.80451e-05 
0.000721716 
1.80451e-05 
0.00474223 
0.0755062 
0.00152859 
0.0755062 
0.0121658 
0.170976 
0.000466492 
0.170976 
0.000643206 
0.0557597 
0.0263117 
0.0557597 
0.855326 
0.0279089 
0.0131402 
0.0279089 
0.0125114 
0.277119 
0.523013 
0.277119 
0.370291 
0.000336431 
0.0140756 
0.000336431 
11.1856 
0.066142 
8.54863 
0.066142 
5.29568 
0.00114127 
2.42739 
0.00114127 
0.094114 
0.373374 
0.00890117 
0.373374 
0.0461422 
6.57965 
0.074072 
6.57965 
0.000639329 
0.00302262 
0.0328533 
0.00302262 
0.010504 
0.629315 
0.729966 
0.629315 
0.746014 
0.0432081 
0.0047905 
0.0432081 
0.00659398 
0.011627 
0.000766458 
0.011627 
0.889852 
0.464725 
0.00874317 
0.464725 
0.00236714 
0.0121878 
0.956967 
0.0121878 
0.000104904 
0.0141022 
0.00610661 
0.0141022 
0.00385683 
1.34622 
0.0191586 
1.34622 
0.00216359 
0.0360794 
0.000708266 
0.0360794 
1.56746e-05 
2.92004e-05 
0.00250677 
2.92004e-05 
0.00452989 
0.00147421 
0.0910361 
0.00147421 
2.10022e-06 
2.48116e-06 
9.85948e-05 
2.48116e-06 
3.10443e-05 
0.00540087 
0.000119901 
0.00540087 
0.0801955 
0.0232609 
8.66599 
0.0232609 
11.0927 
0.116496 
0.0870786 
0.116496 
0.138503 
2.01193 
0.383904 
2.01193 
1.88985 
0.138655 
0.874418 
0.138655 
9.19363 
0.0303575 
10.4034 
0.0303575 
10.6258 
0.0415486 
12.2396 
0.0415486 
0.032574 
10.2113 
0.0970877 
10.2113 
3.55784e-06 
1.32495e-05 
0.000494593 
1.32495e-05 
0.00169991 
0.000505404 
0.12606 
0.000505404 
3.24399e-06 
1.08178e-05 
0.000357807 
1.08178e-05 
2.58304e-05 
0.000535248 
1.17229e-05 
0.000535248 
0.000331772 
1.88188e-05 
0.000892183 
1.88188e-05 
0.00727674 
0.000138978 
9.06916e-05 
0.000138978 
0.00235202 
4.72495e-05 
2.93373e-05 
4.72495e-05 
5.94997e-05 
0.00446237 
0.00201753 
0.00446237 
15.4005 
275.588 
363.887 
275.588 
1099.92 
472.305 
471.829 
472.305 
886.534 
570.088 
438.899 
570.088 
438.3 
961.043 
869.766 
961.043 
642.533 
62.383 
61.2207 
62.383 
13.3521 
0.856014 
0.851948 
0.856014 
13.3211 
0.82506 
0.855933 
0.82506 
0.85593 
13.5419 
13.3218 
13.5419 
610.223 
74.7902 
56.508 
74.7902 
13.5288 
0.627253 
0.816592 
0.627253 
13.5441 
0.486733 
0.627821 
0.486733 
0.627775 
12.5035 
13.5232 
12.5035 
0.816639 
13.7177 
13.5117 
13.7177 
56.4976 
624.481 
608.877 
624.481 
63.234 
655.578 
662.816 
655.578 
663.055 
58.7466 
63.2325 
58.7466 
12.543 
1.63823 
30.0123 
1.63823 
114.662 
27.5108 
313.681 
27.5108 
1.65323 
0.113599 
8.59235 
0.113599 
9.20386 
21.5608 
1.63189 
21.5608 
0.643296 
-0.0111482 
2.79532 
-0.0111482 
7.61568 
0.260735 
26.7319 
0.260735 
0.00347006 
0.000951926 
0.0677711 
0.000951926 
0.140054 
2.53865 
0.000274919 
2.53865 
57.6451 
7.23642 
157.433 
7.23642 
291.977 
72.5563 
515.155 
72.5563 
6.35209 
0.823278 
16.5184 
0.823278 
50.6076 
184.928 
8.86745 
184.928 
0.596872 
4.09965 
0.000302739 
4.09965 
-0.000324309 
0.129598 
0.00156559 
0.129598 
5.66704 
30.9717 
0.313957 
30.9717 
0.397224 
-0.00404341 
2.64458 
-0.00404341 
616.281 
914.884 
338.272 
914.884 
223.912 
462.726 
68.176 
462.726 
905.719 
689.004 
674.305 
689.004 
628.721 
313.819 
917.262 
313.819 
46.4377 
137.324 
8.07462 
137.324 
6.22377 
13.1911 
0.355666 
13.1911 
199.022 
268.7 
46.6783 
268.7 
52.0159 
10.0781 
147.76 
10.0781 
846.539 
425.21 
942.922 
425.21 
926.384 
826.599 
431.568 
826.599 
520.834 
263.894 
671.178 
263.894 
683.275 
1036.71 
556.398 
1036.71 
432.544 
265.705 
883.486 
265.705 
916.725 
664.285 
902.108 
664.285 
216.107 
67.3974 
444.545 
67.3974 
516.641 
802.255 
237.333 
802.255 
0.00515507 
0.0344374 
0.211136 
0.0344374 
-0.00652054 
4.12267 
34.6282 
4.12267 
0.00111981 
0.73085 
4.76071 
0.73085 
3.72521 
0.680341 
0.0409341 
0.680341 
24.8415 
116.489 
600.35 
116.489 
565.27 
901.363 
877.284 
901.363 
237.795 
527.183 
921.593 
527.183 
941.176 
721.156 
201.866 
721.156 
-0.00589395 
8.03707 
100.783 
8.03707 
94.0396 
300.491 
742.845 
300.491 
20.1914 
150.553 
433.386 
150.553 
434.016 
184.363 
18.7447 
184.363 
734.612 
439.614 
81.6017 
439.614 
80.2771 
14.3913 
0.971813 
14.3913 
245.383 
72.7526 
5.96675 
72.7526 
3.6304 
36.8862 
293.128 
36.8862 
0.17825 
8.65078 
0.207571 
8.65078 
0.147872 
16.9854 
1.32985 
16.9854 
11.4203 
205.525 
43.7828 
205.525 
17.266 
0.0635404 
8.04086 
0.0635404 
0.0663895 
87.1434 
514.977 
87.1434 
950.317 
1187.62 
557.683 
1187.62 
101.111 
229.144 
999.034 
229.144 
877.538 
474.06 
65.4979 
474.06 
593.321 
571.107 
36.6846 
571.107 
10.8281 
13.1181 
0.0313323 
13.1181 
509.714 
351.686 
4.19555 
351.686 
16.6149 
50.2728 
579.987 
50.2728 
256.511 
406.214 
1282.91 
406.214 
1297.54 
843.144 
441.781 
843.144 
460.817 
545.117 
1414.22 
545.117 
1062.22 
1297.83 
365.381 
1297.83 
449.907 
570.044 
1028.73 
570.044 
1018.49 
974.655 
190.061 
974.655 
633.759 
573.121 
1158.76 
573.121 
1287.12 
1016.58 
560.804 
1016.58 
12.9454 
21.3056 
12.2321 
21.3056 
9.34509 
29.5213 
31.9198 
29.5213 
17.6206 
43.1849 
30.4669 
43.1849 
26.1289 
8.3259 
14.3046 
8.3259 
25.587 
65.8364 
50.2033 
65.8364 
38.4704 
40.3857 
1.78086 
40.3857 
21.019 
158.926 
85.804 
158.926 
53.4985 
18.2782 
19.1491 
18.2782 
46.6801 
77.8794 
57.7221 
77.8794 
37.5046 
356.372 
231.913 
356.372 
145.207 
524.02 
456.991 
524.02 
353.96 
35.4277 
79.632 
35.4277 
161.409 
16.8928 
31.8885 
16.8928 
54.38 
19.5348 
32.5234 
19.5348 
56.4836 
15.9678 
17.9079 
15.9678 
21.6137 
60.1477 
58.6287 
60.1477 
3668.59 
4962.99 
1962.79 
4962.99 
801.867 
6413.29 
192.312 
6413.29 
5945.97 
6296.36 
6939.89 
6296.36 
7008.08 
1394.68 
5704.42 
1394.68 
61.8809 
6756.31 
1091.89 
6756.31 
3864.25 
4666.6 
10322 
4666.6 
8237.32 
7986.44 
10250.3 
7986.44 
6205.76 
2489.88 
6742.28 
2489.88 
7099.33 
2748.23 
9420 
2748.23 
8392.19 
5534.03 
11577.5 
5534.03 
2155.64 
1058.49 
4192.79 
1058.49 
5744.58 
9174.79 
2746.41 
9174.79 
9125.82 
9562.86 
7985.76 
9562.86 
9028.56 
7997.52 
7185.55 
7997.52 
8800.82 
108.13 
7454.02 
108.13 
7419.17 
8210.86 
9059.57 
8210.86 
364.581 
408.265 
868.533 
408.265 
1082.72 
872.155 
546.718 
872.155 
555.646 
720.017 
1009.36 
720.017 
962.939 
924.873 
463.186 
924.873 
301.608 
202.937 
69.9265 
202.937 
13.4946 
9.39916 
0.566098 
9.39916 
154.237 
114.183 
17.3709 
114.183 
25.5009 
61.8582 
164.058 
61.8582 
832.884 
939.246 
785.751 
939.246 
492.118 
411.281 
156.179 
411.281 
876.28 
694.737 
537.855 
694.737 
547.183 
680.424 
928.804 
680.424 
192.815 
287.599 
513.459 
287.599 
800.158 
931.965 
777.324 
931.965 
327.031 
504.616 
793.637 
504.616 
834.638 
630.087 
321.761 
630.087 
14.5947 
40.2247 
16.0434 
40.2247 
15.9682 
47.1623 
19.1271 
47.1623 
48.7376 
138.362 
55.3653 
138.362 
46.3908 
15.8747 
39.2309 
15.8747 
1.17585 
25.2311 
5.13421 
25.2311 
5.08801 
41.4875 
11.8174 
41.4875 
36.1275 
152.368 
54.9575 
152.368 
42.0537 
5.075 
24.5392 
5.075 
840.342 
1094.82 
431.452 
1094.82 
569.134 
342.224 
22.3649 
342.224 
1022.74 
903.201 
154.346 
903.201 
186.006 
355.808 
1124.07 
355.808 
32.1629 
11.3528 
1.51224 
11.3528 
0.905353 
0.228977 
0.00985416 
0.228977 
8.64077 
1.35238 
1.76593 
1.35238 
0.166871 
1.55597 
8.99126 
1.55597 
707.782 
492.351 
51.0265 
492.351 
76.3712 
27.1025 
1.43494 
27.1025 
319.076 
154.993 
36.646 
154.993 
20.0413 
46.3646 
473.657 
46.3646 
0.104792 
4.86397 
97.4818 
4.86397 
56.4586 
128.616 
888.689 
128.616 
1.1977 
23.823 
313.15 
23.823 
242.169 
107.193 
4.85001 
107.193 
4.56579 
7.96033 
15.3143 
7.96033 
15.5472 
28.3121 
40.7242 
28.3121 
7.91645 
15.3151 
27.8125 
15.3151 
26.801 
15.8197 
7.93329 
15.8197 
48.9615 
78.9758 
79.5445 
78.9758 
147.471 
332.902 
515.58 
332.902 
90.2058 
221.206 
357.22 
221.206 
353.522 
146.341 
91.8125 
146.341 
19.6878 
46.0337 
63.5945 
46.0337 
72.6282 
170.884 
233.447 
170.884 
53.3989 
124.411 
169.243 
124.411 
166.884 
62.2449 
54.0235 
62.2449 
228.738 
78.1406 
74.0257 
78.1406 
65.3117 
34.8194 
21.0753 
34.8194 
69.8915 
45.5884 
36.1068 
45.5884 
37.0367 
74.9988 
67.5687 
74.9988 
0.145363 
1.28966 
9.52168 
1.28966 
24.9912 
89.766 
291.043 
89.766 
4.01064 
20.6556 
81.9369 
20.6556 
72.4018 
27.0547 
3.42202 
27.0547 
0.0180129 
0.0731206 
0.090963 
0.0731206 
0.243847 
3.28532 
17.612 
3.28532 
0.0265005 
0.0895225 
3.16103 
0.0895225 
2.148 
0.306452 
0.030203 
0.306452 
14.7448 
4.45005 
0.252536 
4.45005 
0.108854 
0.0550673 
0.0349281 
0.0550673 
0.960555 
0.177814 
0.0277608 
0.177814 
0.0310752 
0.089004 
1.38134 
0.089004 
4889.28 
3685.26 
5028.71 
3685.26 
6219.23 
3114.89 
5541.43 
3114.89 
3603.15 
994.666 
2024.91 
994.666 
2696.77 
5514.41 
3989.16 
5514.41 
6449.14 
1278.85 
2587.46 
1278.85 
1985.12 
297.347 
1073.77 
297.347 
996.92 
79.6632 
308.997 
79.6632 
355.192 
2016.02 
1254.26 
2016.02 
746.983 
100.832 
237.98 
100.832 
284.098 
17.0573 
64.8546 
17.0573 
53.8035 
0.486192 
7.06333 
0.486192 
13.6312 
230.385 
104.793 
230.385 
84.1929 
925.492 
458.582 
925.492 
385.749 
2154.95 
1231.76 
2154.95 
1216.28 
5556.96 
3392.75 
5556.96 
2553.22 
437.46 
999.521 
437.46 
546.984 
154.982 
1147.93 
154.982 
1749.35 
645.952 
3094.29 
645.952 
170.74 
38.451 
407.512 
38.451 
428.215 
1194.99 
151.121 
1194.99 
3851.75 
1776.79 
5932.24 
1776.79 
5662.3 
3372.9 
5503.79 
3372.9 
1966.44 
929.604 
3275.48 
929.604 
3036.46 
6198.18 
1833.58 
6198.18 
45.2026 
10.2871 
115.555 
10.2871 
267.664 
96.7159 
615.533 
96.7159 
12.7971 
0.478064 
50.1797 
0.478064 
50.3905 
128.882 
11.6396 
128.882 
572.547 
1491.88 
207.455 
1491.88 
118.086 
454.612 
36.1 
454.612 
1406.38 
3283.19 
676.873 
3283.19 
740.901 
207.606 
1408.6 
207.606 
51.6713 
2.49215 
101.448 
2.49215 
131 
16.8197 
232.838 
16.8197 
2.17884 
0.00144206 
6.06115 
0.00144206 
14.7332 
110.433 
2.28201 
110.433 
300.719 
66.333 
466.096 
66.333 
570.656 
186.168 
758.032 
186.168 
43.9997 
2.08231 
82.8041 
2.08231 
173.342 
516.341 
73.6598 
516.341 
2.0936 
35.1726 
-0.00766726 
35.1726 
-0.0048724 
7.52001 
0.0210846 
7.52001 
60.9363 
269.587 
18.5091 
269.587 
12.703 
-0.0219613 
28.5505 
-0.0219613 
645.841 
134.749 
429.61 
134.749 
327.94 
24.7359 
116.389 
24.7359 
88.4437 
0.418913 
21.5718 
0.418913 
28.2827 
361.982 
169.251 
361.982 
82.9499 
0.604708 
13.3171 
0.604708 
6.10041 
0.00260004 
0.489951 
0.00260004 
0.247664 
0.00264489 
0.000164387 
0.00264489 
-0.00606012 
4.2566 
0.88501 
4.2566 
0.00752239 
0.089962 
0.0193198 
0.089962 
0.0308547 
9.86125 
1.90795 
9.86125 
0.650134 
75.6589 
29.2704 
75.6589 
13.0202 
0.00785741 
0.486363 
0.00785741 
117.434 
4.8979 
113.348 
4.8979 
53.6687 
1.48436 
30.548 
1.48436 
6.04322 
0.552683 
1.50213 
0.552683 
1.48582 
55.8781 
0.6538 
55.8781 
6.56991 
36.6139 
4.12276 
36.6139 
4.13676 
30.8667 
2.96269 
30.8667 
70.7657 
201.878 
30.7565 
201.878 
30.897 
4.13911 
33.6834 
4.13911 
66.7839 
272.458 
195.12 
272.458 
356.912 
912.813 
775.768 
912.813 
532.499 
1121.78 
915.938 
1121.78 
899.852 
382.438 
532.471 
382.438 
1021.48 
1063.03 
1160.14 
1063.03 
1179.06 
448.846 
582.134 
448.846 
826.654 
243.492 
402.572 
243.492 
444.429 
1132.05 
871.334 
1132.05 
1044.48 
701.089 
749.944 
701.089 
530.875 
110.064 
185.114 
110.064 
325.718 
46.4251 
67.0974 
46.4251 
83.2738 
481.787 
383.198 
481.787 
214.436 
794.069 
596.889 
794.069 
818.109 
1088.57 
1094.57 
1088.57 
1024.23 
1048.75 
1081.26 
1048.75 
1100.44 
881.7 
978.269 
881.7 
0.0334927 
0.180454 
0.017185 
0.180454 
0.0167323 
0.306595 
0.00467278 
0.306595 
0.202834 
5.26705 
0.402629 
5.26705 
0.399044 
0.0166966 
0.137534 
0.0166966 
864.965 
915.503 
699.344 
915.503 
586.95 
927.478 
385.843 
927.478 
899.285 
543.559 
1048.04 
543.559 
1008.16 
654.003 
1011.32 
654.003 
308.761 
687.477 
161.088 
687.477 
136.577 
291.503 
60.5693 
291.503 
811.283 
1041.79 
462.696 
1041.79 
419.951 
159.263 
699.691 
159.263 
503.39 
177.701 
812.611 
177.701 
953.435 
579.78 
962.154 
579.78 
147.937 
32.6535 
289.206 
32.6535 
387.816 
886.67 
180.622 
886.67 
960.475 
885.588 
1027.56 
885.588 
876.913 
1080.71 
621.818 
1080.71 
769.918 
346.463 
959.912 
346.463 
999.508 
942.872 
866.532 
942.872 
307.03 
101.993 
365.815 
101.993 
497.49 
286.58 
710.095 
286.58 
123.078 
41.2401 
207.379 
41.2401 
233.433 
439.656 
141.034 
439.656 
820.793 
628.471 
1054.84 
628.471 
995.38 
960.526 
810.023 
960.526 
549.221 
423.899 
720.246 
423.899 
768.8 
987.826 
572.363 
987.826 
41.944 
14.9956 
101.409 
14.9956 
111.07 
60.2638 
276.193 
60.2638 
9.46957 
5.87047 
39.9101 
5.87047 
51.8076 
87.2446 
11.6678 
87.2446 
317.429 
464.824 
132.355 
464.824 
124.822 
221.914 
50.7224 
221.914 
539.945 
754.113 
302.563 
754.113 
276.157 
150.79 
514.689 
150.79 
0.00610141 
2.77861 
8.7837 
2.77861 
9.64399 
64.6573 
217.938 
64.6573 
0.600634 
30.5241 
91.6762 
30.5241 
91.671 
15.1133 
1.82233 
15.1133 
0.0296517 
1.77457 
0.955796 
1.77457 
0.00198712 
15.4583 
36.7977 
15.4583 
0.0896201 
8.38288 
12.5579 
8.38288 
13.7876 
0.116903 
1.46508 
0.116903 
37.4617 
1.94014 
1.54289 
1.94014 
1.45926 
0.12883 
0.166439 
0.12883 
3.19798 
0.192865 
0.300881 
0.192865 
0.0234839 
1.94411 
2.68093 
1.94411 
0.0259134 
0.411664 
0.0652123 
0.411664 
0.0631694 
1.11035 
0.110062 
1.11035 
0.157288 
8.7763 
0.415806 
8.7763 
1.20865 
0.0287855 
0.319874 
0.0287855 
968.76 
604.948 
934.5 
604.948 
829.409 
938.841 
651.216 
938.841 
710.201 
412.19 
885.143 
412.19 
861.545 
830.095 
590.135 
830.095 
511.113 
778.486 
349.107 
778.486 
242.102 
414.471 
135.511 
414.471 
670.806 
926.251 
469.903 
926.251 
513.272 
332.395 
742.835 
332.395 
530.902 
264.23 
763.726 
264.23 
967.513 
648.715 
920.646 
648.715 
381.234 
143.082 
562.116 
143.082 
432.604 
770.52 
267.287 
770.52 
953.316 
758.608 
857.07 
758.608 
667.163 
856.862 
413.751 
856.862 
862.854 
605.448 
911.6 
605.448 
932.949 
850.238 
795.263 
850.238 
134.065 
392.802 
180.749 
392.802 
179.875 
554.619 
255.484 
554.619 
450.294 
892.927 
676.061 
892.927 
585.103 
185.145 
359.269 
185.145 
242.295 
786.563 
391.961 
786.563 
370.569 
1063.14 
542.602 
1063.14 
806.239 
924.215 
1000.6 
924.215 
1102.53 
379.206 
736.126 
379.206 
888.623 
685.05 
941.054 
685.05 
964.701 
473.701 
742.492 
473.701 
583.382 
172.763 
339.108 
172.763 
455.215 
973.001 
794.193 
973.001 
914.741 
848.868 
1020.57 
848.868 
997.348 
631.439 
864.245 
631.439 
826.155 
252.289 
504.845 
252.289 
598.264 
989.285 
892.313 
989.285 
531.36 
1035.99 
1320.55 
1035.99 
888.183 
726.35 
429.502 
726.35 
980.667 
987.426 
648.585 
987.426 
656.536 
861.368 
954.024 
861.368 
359.161 
137.571 
5.35681 
137.571 
11.626 
0.957611 
0.329641 
0.957611 
76.729 
17.039 
1.03416 
17.039 
1.044 
8.17469 
86.7839 
8.17469 
797.368 
545.689 
266.784 
545.689 
241.047 
82.3369 
9.08641 
82.3369 
402.348 
216.205 
51.4476 
216.205 
60.5956 
197.758 
410.676 
197.758 
7.81932 
60.1862 
248.312 
60.1862 
276.721 
502.272 
801.889 
502.272 
122.036 
341.881 
563.521 
341.881 
555.271 
329.66 
103.438 
329.66 
0.274165 
0.624704 
0.0387525 
0.624704 
0.038788 
0.376095 
0.0058099 
0.376095 
0.620802 
1.9436 
0.407966 
1.9436 
0.37501 
0.0365619 
0.662114 
0.0365619 
4.05282 
34.935 
0.153842 
34.935 
0.283607 
0.827339 
0.017133 
0.827339 
15.6255 
127.866 
1.15081 
127.866 
1.79954 
0.193596 
19.4506 
0.193596 
0.0223436 
0.729428 
0.0361499 
0.729428 
0.0280203 
1.85083 
0.0049739 
1.85083 
1.30417 
83.4832 
3.01746 
83.4832 
2.74897 
0.0284314 
0.641776 
0.0284314 
0.183839 
8.3131 
24.0033 
8.3131 
51.0134 
390.876 
470.668 
390.876 
34.2789 
238.298 
422.163 
238.298 
439.637 
106.989 
31.2109 
106.989 
0.00828169 
1.16006 
5.87383 
1.16006 
11.6103 
141.921 
315.839 
141.921 
2.67983 
63.9581 
216.544 
63.9581 
165.046 
15.5467 
1.04209 
15.5467 
269.72 
45.5876 
10.2119 
45.5876 
4.38274 
0.190825 
0.000635807 
0.190825 
10.2414 
1.06542 
0.183612 
1.06542 
0.176618 
3.42676 
13.7844 
3.42676 
0.719585 
0.66929 
7.43716 
0.66929 
18.8303 
-0.000254771 
50.5362 
-0.000254771 
0.205711 
0.0447848 
0.00324964 
0.0447848 
0.0184872 
14.0541 
0.0366189 
14.0541 
79.2803 
0.0275159 
206.37 
0.0275159 
258.631 
1.17962 
690.205 
1.17962 
1.33216 
-0.00365612 
3.61066 
-0.00365612 
1.09237 
234.613 
0.37722 
234.613 
1.43265e-05 
1.16427 
0.00114269 
1.16427 
0.00155276 
0.113546 
0.000185538 
0.113546 
0.0641499 
62.0933 
0.170036 
62.0933 
0.112288 
-0.00180923 
0.630567 
-0.00180923 
397.365 
1.74237 
10.7261 
1.74237 
12.3468 
0.0683033 
0.0521063 
0.0683033 
4.06521 
0.0212941 
0.011379 
0.0212941 
0.00376322 
12.4949 
3.96835 
12.4949 
673.742 
1307.24 
1225.41 
1307.24 
1189.32 
598.683 
903.846 
598.683 
1115.19 
239.368 
486.064 
239.368 
555.544 
1239.92 
1137.37 
1239.92 
705.092 
142.276 
315.983 
142.276 
182.326 
20.878 
65.7963 
20.878 
79.0368 
1.00833 
14.9069 
1.00833 
19.0774 
189.285 
107.643 
189.285 
152.004 
2.15054 
20.0581 
2.15054 
16.2695 
0.0164187 
0.670167 
0.0164187 
0.965696 
0.025628 
0.0116579 
0.025628 
-0.00969048 
11.1568 
2.30648 
11.1568 
0.994497 
71.0288 
29.6376 
71.0288 
28.8428 
357.664 
201.763 
357.664 
137.771 
725.646 
484.064 
725.646 
398.111 
34.3524 
116.424 
34.3524 
43.7337 
0.0357811 
2.27844 
0.0357811 
1.011 
0.00547182 
0.00647566 
0.00547182 
0.212886 
0.00143108 
0.00154751 
0.00143108 
0.00459016 
0.77124 
0.234138 
0.77124 
0.966181 
0.0026531 
4.96318 
0.0026531 
14.7864 
0.00696976 
41.5154 
0.00696976 
0.0178063 
0.00329573 
0.182223 
0.00329573 
0.107479 
5.08478 
0.000288072 
5.08478 
382.395 
1348.57 
3408.16 
1348.57 
3785.54 
6089.03 
10165.1 
6089.03 
1231.23 
2612.65 
3885.89 
2612.65 
4834.48 
3437.06 
1333.44 
3437.06 
8038.07 
5392.44 
11229.2 
5392.44 
6743.57 
2913.82 
16666.5 
2913.82 
3530.25 
2809.91 
2134.72 
2809.91 
4949.2 
10694.7 
5192.82 
10694.7 
1993.19 
3334.76 
3827.48 
3334.76 
4705.66 
5190.95 
2503.15 
5190.95 
3888.56 
2838.02 
5732.94 
2838.02 
5114.46 
3817.32 
3381.58 
3817.32 
4034.64 
4945.01 
6833.88 
4945.01 
5743.69 
3903.92 
2593.16 
3903.92 
6408.02 
9349.55 
6064.6 
9349.55 
4977.07 
6779.76 
4958.94 
6779.76 
0.0721283 
3.43665 
-0.00162917 
3.43665 
0.0257599 
0.348704 
-0.000914173 
0.348704 
6.14435 
66.1621 
0.313712 
66.1621 
0.626938 
0.00511456 
4.20238 
0.00511456 
196.57 
614.908 
18.7298 
614.908 
28.5696 
98.6814 
0.0983093 
98.6814 
1581.38 
1896.23 
167.847 
1896.23 
184.627 
33.8842 
981.576 
33.8842 
2.6373 
0.0492365 
21.1868 
0.0492365 
22.8977 
0.141832 
102.828 
0.141832 
0.0625204 
0.0204391 
0.0969891 
0.0204391 
0.0513048 
13.4374 
0.0250782 
13.4374 
0.0434931 
27.5714 
11.4894 
27.5714 
9.0667 
859.556 
326.167 
859.556 
41.1813 
1559.8 
824.563 
1559.8 
948.155 
9.73235 
55.1675 
9.73235 
0.244395 
158.913 
86.0566 
158.913 
171.041 
2032.4 
1157.18 
2032.4 
318.913 
1436.5 
2394.43 
1436.5 
2115.78 
179.756 
511.826 
179.756 
1285.26 
53.821 
188.809 
53.821 
95.0932 
0.0936231 
1.59695 
0.0936231 
44.3383 
0.273034 
0.153155 
0.273034 
0.456415 
83.3303 
39.1171 
83.3303 
0.0259992 
0.0682205 
0.205087 
0.0682205 
0.148609 
0.270677 
7.45486 
0.270677 
0.0628278 
0.155037 
2.30686 
0.155037 
1.6226 
0.355883 
0.0653865 
0.355883 
16.9192 
0.156702 
17.8855 
0.156702 
44.759 
6.10764 
87.8447 
6.10764 
4.00776 
0.241643 
3.02554 
0.241643 
4.2171 
29.4432 
2.26472 
29.4432 
136.046 
52.8881 
278.599 
52.8881 
337.332 
305.977 
399.848 
305.977 
24.0025 
10.3539 
86.0148 
10.3539 
162.97 
272.549 
47.597 
272.549 
0.901421 
0.421761 
2.08557 
0.421761 
2.51787 
0.262211 
12.8206 
0.262211 
0.427813 
0.210029 
1.78175 
0.210029 
0.581216 
1.61365 
0.40811 
1.61365 
9.68683 
12.4724 
2.65027 
12.4724 
2.22916 
4.80494 
0.666532 
4.80494 
37.8576 
102.965 
8.59768 
102.965 
6.82846 
3.28917 
14.6448 
3.28917 
0.0189773 
0.201984 
0.437984 
0.201984 
0.00210788 
2.66917 
8.26998 
2.66917 
0.109328 
1.50972 
2.31703 
1.50972 
2.23816 
0.306364 
0.135001 
0.306364 
4.73421 
2.49232 
0.200443 
2.49232 
0.0521571 
0.387055 
0.00479241 
0.387055 
1.55047 
0.861669 
0.673455 
0.861669 
0.0708771 
0.0317664 
2.70871 
0.0317664 
7.67893 
4.06611 
49.423 
4.06611 
95.6268 
25.968 
329.756 
25.968 
5.6361 
3.09757 
28.9231 
3.09757 
11.1454 
57.2006 
1.88538 
57.2006 
572.415 
301.796 
870.408 
301.796 
1222.55 
861.581 
1027.35 
861.581 
451.676 
246.583 
791.533 
246.583 
495.378 
887.503 
302.977 
887.503 
3.67756 
0.984512 
15.9633 
0.984512 
28.7107 
18.9245 
141.266 
18.9245 
1.15807 
0.539158 
7.82065 
0.539158 
10.2563 
14.3896 
0.939274 
14.3896 
99.0549 
242.118 
15.7755 
242.118 
10.9896 
28.3009 
1.57933 
28.3009 
137.961 
348.815 
25.0214 
348.815 
52.7309 
18.3036 
236.473 
18.3036 
1000.6 
945.443 
1054.03 
945.443 
943.046 
446.899 
584.925 
446.899 
760.132 
271.97 
396.493 
271.97 
409.576 
911.924 
695.164 
911.924 
457.23 
97.7451 
155.434 
97.7451 
95.3156 
8.38334 
19.8785 
8.38334 
42.1726 
3.2681 
6.0348 
3.2681 
7.35559 
91.0651 
52.2862 
91.0651 
139.316 
17.3382 
34.5742 
17.3382 
17.2463 
1.05087 
2.68373 
1.05087 
7.52222 
0.418245 
1.02869 
0.418245 
1.03628 
16.3079 
9.55887 
16.3079 
3.03439 
38.9433 
20.2558 
38.9433 
38.5783 
259.351 
145.604 
259.351 
89.951 
440.248 
259.968 
440.248 
269.716 
40.4959 
75.3585 
40.4959 
43.2577 
138.248 
280.082 
138.248 
562.855 
1168.63 
1306.42 
1168.63 
91.1589 
212.19 
421.702 
212.19 
679.657 
327.049 
141.308 
327.049 
1795.26 
2432.71 
1280.66 
2432.71 
982.119 
1122.82 
171.661 
1122.82 
1698.8 
1824.44 
1020.99 
1824.44 
1538.48 
1246.96 
2416.81 
1246.96 
182.154 
246.117 
636.509 
246.117 
1106.99 
1457.41 
1799.38 
1457.41 
344.364 
326.31 
980.992 
326.31 
877.247 
647.894 
245.066 
647.894 
1970.12 
1550.79 
1381.13 
1550.79 
838.771 
448.238 
212.767 
448.238 
2257.36 
1358.77 
1181.05 
1358.77 
800.907 
1375.99 
1568.37 
1375.99 
-0.00601366 
1.94259 
0.65425 
1.94259 
0.564946 
87.048 
31.7146 
87.048 
4.04454 
129.512 
56.9773 
129.512 
64.3738 
0.497104 
4.43833 
0.497104 
0.094542 
10.3441 
5.94118 
10.3441 
12.512 
141.701 
108.366 
141.701 
33.0698 
161.407 
206.881 
161.407 
195.882 
14.6722 
44.7761 
14.6722 
110.958 
4.27275 
13.2065 
4.27275 
6.2274 
-0.00176872 
0.184385 
-0.00176872 
2.53499 
0.00743371 
-0.00362738 
0.00743371 
-0.00977284 
4.54799 
2.5742 
4.54799 
6.09538 
44.0568 
0.741504 
44.0568 
0.955802 
5.75429 
0.0114647 
5.75429 
154.74 
169.491 
14.6856 
169.491 
13.0365 
0.956689 
83.5915 
0.956689 
0.185403 
0.0127819 
1.19231 
0.0127819 
1.18662 
0.222732 
2.97142 
0.222732 
0.0157331 
0.0165923 
0.125375 
0.0165923 
0.224054 
1.04855 
0.00771578 
1.04855 
567.716 
1647.65 
824.228 
1647.65 
1144.73 
990.139 
92.1702 
990.139 
1918.49 
2537.39 
261.854 
2537.39 
521.094 
817.781 
1650.27 
817.781 
148.347 
62.0535 
1.33942 
62.0535 
0.0900986 
0.612364 
0.0370102 
0.612364 
13.061 
2.83805 
1.55661 
2.83805 
1.97175 
0.192896 
60.1107 
0.192896 
1937.11 
1647.81 
87.7573 
1647.81 
211.536 
50.1823 
6.10606 
50.1823 
1027.52 
211.706 
177.79 
211.706 
15.737 
98.4118 
1612.01 
98.4118 
1.12315 
9.98031 
366.778 
9.98031 
167.087 
267.922 
2548.47 
267.922 
23.2475 
99.6491 
959.706 
99.6491 
577.837 
384.102 
9.47149 
384.102 
3147.8 
5729.58 
5888.44 
5729.58 
5254.21 
1469.15 
2791.07 
1469.15 
5324.81 
1339.54 
1151.59 
1339.54 
996.818 
6016.24 
4860.97 
6016.24 
2842.57 
1135.4 
2490.8 
1135.4 
2880.34 
15633.1 
16475.9 
15633.1 
1140.24 
7710.51 
11578.8 
7710.51 
11135.6 
2735.97 
1093.32 
2735.97 
1296.73 
363.577 
269.707 
363.577 
662.602 
2740.38 
3020.44 
2740.38 
240.461 
566.634 
493.129 
566.634 
446.368 
129.798 
250.11 
129.798 
2865.49 
909.833 
508.315 
909.833 
180.419 
1028.92 
1124.71 
1028.92 
1048.82 
2772.49 
1542.84 
2772.49 
1657.11 
728.842 
1132.23 
728.842 
381.049 
575.756 
1375.61 
575.756 
1675.25 
1877.98 
2369.06 
1877.98 
564.207 
973.604 
1926.5 
973.604 
1701.87 
1369.98 
554.087 
1369.98 
1802.18 
1236.55 
774.924 
1236.55 
411.491 
197.957 
74.6746 
197.957 
1512.88 
943.65 
478.901 
943.65 
331.303 
781.356 
1211.05 
781.356 
966.891 
1579.19 
2488.21 
1579.19 
2437.93 
2235.05 
1688.36 
2235.05 
1515.87 
2299.56 
2743.05 
2299.56 
2692.14 
2524.78 
1601.93 
2524.78 
1435.17 
2172.55 
2159.68 
2172.55 
2212.64 
1940.89 
956.381 
1940.89 
1772.82 
2372.31 
1888.81 
2372.31 
2120.69 
2111.51 
2175.41 
2111.51 
74.1992 
180.398 
23.8292 
180.398 
27.2494 
122.554 
6.56018 
122.554 
478.437 
904.322 
223.929 
904.322 
136.382 
28.4527 
238.462 
28.4527 
4.34859 
59.786 
0.857314 
59.786 
0.364494 
14.0555 
0.0470955 
14.0555 
94.6531 
307.489 
26.1712 
307.489 
22.854 
0.482555 
57.0266 
0.482555 
1686.13 
2285.13 
1090.04 
2285.13 
1182.72 
1863.57 
531.364 
1863.57 
2784.29 
2435.43 
2511.68 
2435.43 
1827.12 
1197.28 
2283.77 
1197.28 
356.692 
98.4741 
692.844 
98.4741 
671.772 
230.855 
981.945 
230.855 
68.9827 
4.76259 
119.107 
4.76259 
225.836 
633.809 
96.4133 
633.809 
0.0444067 
9.52657 
4.02183 
9.52657 
6.07043 
203.26 
73.2442 
203.26 
21.5886 
310.287 
214.845 
310.287 
209.955 
3.98999 
22.2784 
3.98999 
193.108 
1254.73 
648.711 
1254.73 
1584.19 
3412.97 
1884.61 
3412.97 
1890.17 
3814.44 
3102.27 
3814.44 
3200.16 
912.071 
1893.91 
912.071 
620.554 
1857.2 
1586.45 
1857.2 
2389.17 
3169.41 
3173.63 
3169.41 
2710.31 
2419.91 
3009.71 
2419.91 
2946.64 
2485.37 
2667.04 
2485.37 
3224.73 
1619.78 
2394.07 
1619.78 
1587.65 
350.189 
635.647 
350.189 
1047.71 
101.07 
356.544 
101.07 
351.392 
1538.77 
1049.95 
1538.77 
2682.21 
4360.82 
4456.83 
4360.82 
3368.67 
2455.75 
949.209 
2455.75 
4218.69 
4409.81 
2254.49 
4409.81 
3267.77 
3691.3 
4273.52 
3691.3 
569.859 
594.245 
137.04 
594.245 
76.3229 
343.602 
4.48001 
343.602 
121.329 
164.45 
114.045 
164.45 
597.227 
137.009 
611.178 
137.009 
3744.94 
3050.96 
1413.05 
3050.96 
719.268 
548.356 
177.77 
548.356 
2822.62 
1860.86 
839.33 
1860.86 
1041.4 
1403.87 
2966.37 
1403.87 
371.984 
445.041 
1121.14 
445.041 
1866 
2111.89 
4293.57 
2111.89 
1082.8 
927.617 
2262.29 
927.617 
1363.91 
1165.94 
437.21 
1165.94 
5.22136 
442.129 
180.526 
442.129 
163.375 
57.9972 
223.486 
57.9972 
117.76 
194.887 
203.262 
194.887 
51.8781 
160.052 
39.5285 
160.052 
198.72 
15.0239 
214.102 
15.0239 
153.058 
3.34666 
116.947 
3.34666 
38.8264 
40.2921 
34.0371 
40.2921 
4.95106 
160.161 
1.25367 
160.161 
193.458 
548.166 
137.242 
548.166 
110.984 
352.824 
93.3991 
352.824 
867.249 
1813.6 
637.636 
1813.6 
336.108 
102.766 
477.014 
102.766 
37.8668 
33.2469 
32.1607 
33.2469 
48.7228 
91.9685 
57.2668 
91.9685 
11.0691 
192.135 
15.2204 
192.135 
101.774 
55.2201 
77.4375 
55.2201 
92.4023 
5.34101 
4.76098 
5.34101 
6.60703 
1.82335 
0.470049 
1.82335 
29.4616 
28.5482 
6.92089 
28.5482 
7.49622 
18.2517 
29.878 
18.2517 
6.50974 
49.9906 
36.4786 
49.9906 
70.5967 
288.563 
208.669 
288.563 
127.949 
533.196 
326.601 
533.196 
283.234 
75.216 
126.249 
75.216 
76.6726 
247.632 
109.332 
247.632 
245.017 
1043.39 
640.106 
1043.39 
566.358 
1843.95 
1175.84 
1843.95 
933.087 
261.892 
522.6 
261.892 
518.808 
135.164 
236.606 
135.164 
100.074 
30.0447 
75.5081 
30.0447 
55.1007 
7.69836 
18.3492 
7.69836 
18.3632 
85.9746 
56.5281 
85.9746 
158.401 
74.9672 
10.5185 
74.9672 
9.9382 
21.7341 
0.329374 
21.7341 
61.1867 
44.2479 
6.26466 
44.2479 
14.1451 
9.95789 
95.6493 
9.95789 
20.1769 
37.3782 
1.03142 
37.3782 
5.85278 
17.7927 
0.111531 
17.7927 
13.1799 
32.4039 
0.774211 
32.4039 
5.16648 
0.760122 
37.6546 
0.760122 
0.1985 
0.0575872 
14.7013 
0.0575872 
5.65457 
7.31877 
53.0647 
7.31877 
0.0411551 
2.42035 
23.2937 
2.42035 
14.2507 
16.1365 
0.056777 
16.1365 
2.31425 
4.33515 
1.83487 
4.33515 
1.70643 
9.4725 
0.839472 
9.4725 
2.80234 
27.1906 
3.52778 
27.1906 
5.96102 
1.80879 
0.495156 
1.80879 
0.0340299 
9.92274 
0.013928 
9.92274 
0.0194567 
7.39019 
0.0145424 
7.39019 
0.388565 
19.9518 
3.0128 
19.9518 
11.0283 
0.134587 
4.54943 
0.134587 
0.156474 
0.968637 
2.39146 
0.968637 
0.448397 
1.6217 
15.3504 
1.6217 
0.961466 
2.20454 
3.60667 
2.20454 
3.35017 
2.46819 
0.964106 
2.46819 
11.7136 
27.1056 
102.186 
27.1056 
382.474 
423.876 
573.459 
423.876 
29.1961 
56.5147 
131.248 
56.5147 
128.792 
108.549 
28.6543 
108.549 
0.00712746 
2.38876 
7.40343 
2.38876 
1.76351 
13.7593 
27.407 
13.7593 
0.0711228 
1.99338 
8.65317 
1.99338 
19.9343 
7.0559 
1.86998 
7.0559 
32.3413 
20.2496 
2.69875 
20.2496 
8.00116 
3.567 
1.68686 
3.567 
19.0875 
15.4963 
1.42434 
15.4963 
1.84967 
2.99564 
18.8417 
2.99564 
702.054 
417.013 
1885.46 
417.013 
2192.18 
188.658 
1828.63 
188.658 
156.072 
58.2057 
708.593 
58.2057 
176.49 
2026.01 
284.729 
2026.01 
1151.65 
1146.62 
753.555 
1146.62 
258.201 
2350.98 
50.6388 
2350.98 
2333.82 
527.405 
1854.46 
527.405 
2192.62 
293.239 
1685.57 
293.239 
34.2513 
13.5826 
186.76 
13.5826 
437.928 
46.5593 
873.095 
46.5593 
7.89237 
2.04202 
49.07 
2.04202 
41.1977 
364.506 
9.02134 
364.506 
426.114 
2227.29 
187.2 
2227.29 
79.4171 
1427.47 
19.3583 
1427.47 
1071.27 
1148.52 
899.459 
1148.52 
1481.65 
84.4961 
1646.97 
84.4961 
357.214 
1930.33 
990.925 
1930.33 
1457.53 
1774.59 
1772.49 
1774.59 
1752.62 
1368.91 
1083.37 
1368.91 
1113.48 
1503.55 
1786.55 
1503.55 
1801.45 
554.642 
1012.73 
554.642 
1092.61 
75.655 
181.144 
75.655 
581.805 
42.4631 
77.3335 
42.4631 
71.1431 
994.364 
603.442 
994.364 
1221.73 
130.342 
129.228 
130.342 
269.349 
21.5915 
16.3155 
21.5915 
120.25 
6.78411 
1.86454 
6.78411 
2.68935 
102.024 
110.489 
102.024 
15.2775 
331.58 
260.356 
331.58 
119.276 
1169.22 
1221.66 
1169.22 
343.572 
1794.7 
1808.99 
1794.7 
1790.43 
295.123 
352.843 
295.123 
0.135341 
0.040916 
0.674769 
0.040916 
1.09846 
0.0294386 
2.63459 
0.0294386 
0.0324721 
0.00064779 
0.00501774 
0.00064779 
-0.00165118 
1.01291 
-5.77661e-05 
1.01291 
5.7516 
-0.0214856 
13.6769 
-0.0214856 
17.051 
-0.0173137 
46.4467 
-0.0173137 
0.0799827 
-0.00117289 
0.191216 
-0.00117289 
0.0127813 
15.6831 
0.00404409 
15.6831 
-0.000485431 
0.0816257 
-0.000119494 
0.0816257 
-9.56406e-05 
0.04185 
0.000101677 
0.04185 
-0.00281146 
4.99873 
-0.000530589 
4.99873 
0.0453069 
-0.000397353 
0.0258674 
-0.000397353 
34.8135 
0.0365642 
0.659406 
0.0365642 
0.663465 
0.00249483 
0.00015358 
0.00249483 
0.232809 
0.000119426 
1.0379e-05 
0.000119426 
0.00278914 
0.547886 
0.232514 
0.547886 
1.38588e-05 
0.000120713 
4.82011e-06 
0.000120713 
0 
0 
0 
0 
6.37828e-05 
0.000394373 
1.62437e-05 
0.000394373 
1.37446e-06 
1.13051e-06 
7.30786e-05 
1.13051e-06 
0 
0 
0 
0 
6.67246e-09 
9.02277e-08 
6.67246e-09 
9.02277e-08 
6.12231e-06 
0.000263876 
3.80456e-07 
0.000263876 
2.69871e-07 
2.6634e-08 
5.62681e-09 
2.6634e-08 
2.36914e-06 
3.33416e-06 
9.54315e-05 
3.33416e-06 
0.000226868 
9.84608e-06 
0.00107842 
9.84608e-06 
0 
0 
0 
0 
-6.73346e-08 
0.000228549 
9.1222e-06 
0.000228549 
0.00295566 
5.66791e-05 
3.9967e-06 
5.66791e-05 
0.000268072 
9.67433e-06 
-2.41721e-07 
9.67433e-06 
4.23594e-09 
4.23594e-09 
5.72801e-08 
4.23594e-09 
1.81467e-06 
9.18422e-05 
1.47356e-06 
9.18422e-05 

SCALARS FailureType float
LOOKUP_TABLE default
0 
0 
0 
0 
0.13856 
0.13856 
1.87366 
0.13856 
0 
0 
0 
0 
0 
0 
0 
0 
0 
0 
0 
0 
0 
0 
0 
0 
0.13856 
0.13856 
1.87366 
0.13856 
0 
0 
0 
0 
0 
0 
0 
0 
0 
0 
0 
0 
1.2351 
0.2649 
-0.5 
0.2649 
0 
0 
0 
0 
0 
0 
0 
0 
0 
0 
0 
0 
0 
0 
0 
0 
0 
0 
0 
0 
0 
0 
0 
0 
0 
0 
0 
0 
0 
0 
0 
0 
0 
0 
0 
0 
0 
0 
0 
0 
0 
0 
0 
0 
0 
0 
0 
0 
0 
0 
0 
0 
0 
0 
0 
0 
0 
0 
0 
0 
0 
0 
0 
0 
0.13856 
0.13856 
1.87366 
0.13856 
1 
1 
1 
1 
-0.373659 
0.59654 
-0.373659 
0.59654 
-0.873659 
0.86144 
0.86144 
0.86144 
0 
0 
0 
0 
0 
0 
0 
0 
0 
0 
0 
0 
0 
0 
0 
0 
0 
0 
0 
0 
0 
0 
0 
0 
0 
0 
0 
0 
0 
0 
0 
0 
0 
0 
0 
0 
0 
0 
0 
0 
0 
0 
0 
0 
0 
0 
0 
0 
0 
0 
0 
0 
0 
0 
0 
0 
0 
0 
0 
0 
0 
0 
0 
0 
0 
0 
0 
0 
0 
0 
0 
0 
0 
0 
0 
0 
0 
0 
0 
0 
0 
0 
0 
0 
0 
0 
0 
0 
0 
0 
0 
0 
0 
0 
0 
0 
0 
0 
0 
0 
0 
0 
0 
0 
0 
0 
0 
0 
0 
0 
0 
0 
0 
0 
0 
0 
0 
0 
0 
0 
0 
0 
0 
0 
0 
0 
0 
0 
0 
0 
0 
0 
0 
0 
0 
0 
0 
0 
0 
0 
0 
0 
0 
0 
0 
0 
0 
0 
0 
0 
0 
0 
0 
0 
0 
0 
0 
0 
0 
0 
0 
0 
0 
0 
0 
0 
0 
0 
0 
0 
0 
0 
0 
0 
0 
0 
0 
0 
0 
0 
0 
0 
0 
0 
0 
0 
0 
0 
0 
0 
0 
0 
0 
0 
0 
0 
0 
0 
0 
0 
0 
0 
0 
0 
0 
0 
0 
0 
0 
0 
0 
0 
0 
0 
0 
0 
0 
0 
0 
0 
0 
0 
0 
0 
0 
0 
0 
0 
0 
0 
0 
0 
0 
0 
0 
0 
0 
0 
0 
0 
0 
0 
0 
0 
0 
0 
0 
0 
0 
0 
0 
0 
0 
0 
0 
0 
1.87366 
0.13856 
0.13856 
0.13856 
0 
0 
0 
0 
0 
0 
0 
0 
0 
0 
0 
0 
0 
0 
0 
0 
0 
0 
0 
0 
0 
0 
0 
0 
0 
0 
0 
0 
0 
0 
0 
0 
0 
0 
0 
0 
0 
0 
0 
0 
0 
0 
0 
0 
0 
0 
0 
0 
0 
0 
0 
0 
0 
0 
0 
0 
0 
0 
0 
0 
0 
0 
0 
0 
0 
0 
0 
0 
0 
0 
0 
0 
0 
0 
0 
0 
0 
0 
0 
0 
0 
0 
0 
0 
0 
0 
0 
0 
0 
0 
0 
0 
0 
0 
0 
0 
0 
0 
0 
0 
0 
0 
0 
0 
0 
0 
0 
0 
0 
0 
0 
0 
0 
0 
0 
0 
0 
0 
0 
0 
0 
0 
0 
0 
0 
0 
0 
0 
0 
0 
0 
0 
0 
0 
0 
0 
0 
0 
0 
0 
0 
0 
0 
0 
0 
0 
0 
0 
0 
0 
0 
0 
0 
0 
0 
0 
0 
0 
0 
0 
0 
0 
0 
0 
0 
0 
0 
0 
0 
0 
0 
0 
0 
0 
0 
0 
0 
0 
0 
0 
0 
0 
0 
0 
0 
0 
0 
0 
0 
0 
0 
0 
0 
0 
0 
0 
0 
0 
0 
0 
0 
0 
0 
0 
0 
0 
0 
0 
0 
0 
0 
0 
0 
0 
0 
0 
0 
0 
0 
0 
0 
0 
0 
0 
0 
0 
0 
0 
0 
0 
0 
0 
0 
0 
0 
0 
0 
0 
0 
0 
0 
0 
0 
0 
0 
0 
0 
0 
0 
0 
0 
0 
-0.373659 
0.59654 
-0.373659 
0.59654 
0 
0 
0 
0 
0 
0 
0 
0 
-0.373659 
-0.373659 
0.59654 
-0.373659 
0 
0 
0 
0 
0 
0 
0 
0 
0 
0 
0 
0 
0 
0 
0 
0 
0 
0 
0 
0 
0 
0 
0 
0 
0 
0 
0 
0 
0 
0 
0 
0 
0 
0 
0 
0 
0 
0 
0 
0 
0 
0 
0 
0 
0 
0 
0 
0 
0 
0 
0 
0 
0 
0 
0 
0 
0 
0 
0 
0 
-0.373659 
-0.373659 
0.59654 
-0.373659 
0 
0 
0 
0 
0 
0 
0 
0 
0 
0 
0 
0 
0 
0 
0 
0 
0 
0 
0 
0 
0 
0 
0 
0 
0 
0 
0 
0 
0 
0 
0 
0 
0 
0 
0 
0 
0 
0 
0 
0 
0 
0 
0 
0 
0 
0 
0 
0 
0 
0 
0 
0 
0 
0 
0 
0 
0 
0 
0 
0 
0 
0 
0 
0 
0.13856 
0.13856 
1.87366 
0.13856 
0 
0 
0 
0 
0 
0 
0 
0 
0 
0 
0 
0 
0 
0 
0 
0 
0 
0 
0 
0 
0 
0 
0 
0 
0 
0 
0 
0 
0 
0 
0 
0 
0 
0 
0 
0 
0 
0 
0 
0 
0 
0 
0 
0 
0 
0 
0 
0 
0 
0 
0 
0 
0 
0 
0 
0 
0 
0 
0 
0 
2.27712 
0.747319 
2.27712 
0.747319 
1 
1 
1 
1 
1 
1 
1 
1 
1 
1 
1 
1 
-1.51222 
0.987781 
0.222881 
0.987781 
2.02444 
2.02444 
3.55424 
2.02444 
1 
1 
1 
1 
3.30156 
3.30156 
3.30156 
3.30156 
3.30156 
3.30156 
3.30156 
3.30156 
1.63856 
2.40346 
0.108759 
2.40346 
1.38588 
3.68058 
1.38588 
3.68058 
3.30156 
3.30156 
3.30156 
3.30156 
0.487781 
0.487781 
-0.277119 
0.487781 
-0.373659 
-0.373659 
0.59654 
-0.373659 
-0.19308 
1.74732 
1.74732 
1.74732 
-2.74732 
0.722881 
0.722881 
0.722881 
-0.33164 
-0.126341 
1.60876 
-0.126341 
1 
1 
1 
1 
0.722881 
-2.74732 
0.722881 
-2.74732 
-2.74732 
0.722881 
0.722881 
0.722881 
2.27712 
2.27712 
0.747319 
2.27712 
3.30156 
3.30156 
3.30156 
3.30156 
1 
1 
1 
1 
2.02444 
3.55424 
2.02444 
3.55424 
2.02444 
3.55424 
2.02444 
3.55424 
1 
1 
1 
1 
2.02444 
3.55424 
2.02444 
3.55424 
2.02444 
2.02444 
3.55424 
2.02444 
1.12634 
0.36144 
0.36144 
0.36144 
1 
1 
1 
1 
1.13856 
2.87366 
1.13856 
2.87366 
0.86144 
0.86144 
-0.873659 
0.86144 
0.86144 
0.86144 
-0.873659 
0.86144 
1 
1 
1 
1 
1 
1 
1 
1 
-0.373659 
-0.373659 
0.59654 
-0.373659 
0.885878 
2.41568 
4.15078 
2.41568 
-0.512219 
1.22288 
-3.01222 
1.22288 
0.722881 
0.722881 
-2.74732 
0.722881 
0.722881 
-2.74732 
0.722881 
-2.74732 
-2.88588 
-1.15078 
0.584321 
-1.15078 
-2.88588 
-1.15078 
0.584321 
-1.15078 
-2.74732 
0.722881 
0.722881 
0.722881 
0.59654 
-0.373659 
-0.373659 
-0.373659 
0.59654 
-0.373659 
-0.373659 
-0.373659 
1 
1 
1 
1 
1 
1 
1 
1 
0.86144 
-0.873659 
0.86144 
-0.873659 
0.86144 
0.86144 
-0.873659 
0.86144 
0.722881 
-2.74732 
0.722881 
-2.74732 
2.87366 
1.13856 
1.13856 
1.13856 
1.88588 
3.41568 
0.150778 
3.41568 
0.36144 
0.36144 
1.12634 
0.36144 
2.27712 
0.747319 
2.27712 
0.747319 
1 
1 
1 
1 
2.27712 
0.747319 
2.27712 
0.747319 
1.74732 
-0.19308 
1.74732 
-0.19308 
3.41568 
1.88588 
0.150778 
1.88588 
0.487781 
0.487781 
-0.277119 
0.487781 
3.55424 
2.02444 
2.02444 
2.02444 
2.27712 
0.747319 
2.27712 
0.747319 
2.02444 
2.02444 
3.55424 
2.02444 
2.02444 
2.02444 
3.55424 
2.02444 
1 
1 
1 
1 
-2.74732 
0.722881 
0.722881 
0.722881 
1 
1 
1 
1 
0.86144 
0.86144 
-0.873659 
0.86144 
1 
1 
1 
1 
1 
1 
1 
1 
0.86144 
-0.873659 
0.86144 
-0.873659 
0.86144 
0.86144 
-0.873659 
0.86144 
2.40346 
0.108759 
1.63856 
0.108759 
2.02444 
2.02444 
3.55424 
2.02444 
-2.74732 
0.722881 
0.722881 
0.722881 
2.27712 
0.747319 
2.27712 
0.747319 
1 
1 
1 
1 
2.27712 
2.27712 
0.747319 
2.27712 
2.02444 
3.55424 
2.02444 
3.55424 
1.5 
-0.2351 
0.7351 
-0.2351 
-0.873659 
0.86144 
0.86144 
0.86144 
-0.373659 
-0.373659 
0.59654 
-0.373659 
1 
1 
1 
1 
1 
1 
1 
1 
0.59654 
-0.373659 
-0.373659 
-0.373659 
0.59654 
-0.373659 
-0.373659 
-0.373659 
1 
1 
1 
1 
0.108759 
2.40346 
1.63856 
2.40346 
1 
1 
1 
1 
3.68058 
1.38588 
1.38588 
1.38588 
2.02444 
2.02444 
3.55424 
2.02444 
1 
1 
1 
1 
1 
1 
1 
1 
1 
1 
1 
1 
1 
1 
1 
1 
1 
1 
1 
1 
1 
1 
1 
1 
1 
1 
1 
1 
1 
1 
1 
1 
1 
1 
1 
1 
1 
1 
1 
1 
1 
1 
1 
1 
1 
1 
1 
1 
3.30156 
3.30156 
3.30156 
3.30156 
3.30156 
3.30156 
3.30156 
3.30156 
3.02444 
-0.445762 
3.02444 
-0.445762 
2.02444 
2.02444 
3.55424 
2.02444 
2.12634 
-2.10876 
-0.16836 
-2.10876 
0.0843212 
-3.38588 
0.849222 
-3.38588 
2 
-1.4702 
0.470199 
-1.4702 
1.74732 
-0.19308 
1.74732 
-0.19308 
3.55424 
2.02444 
2.02444 
2.02444 
3.55424 
2.02444 
2.02444 
2.02444 
2.27712 
2.27712 
0.747319 
2.27712 
3.55424 
2.02444 
2.02444 
2.02444 
2 
-1.4702 
0.470199 
-1.4702 
1.60876 
-0.33164 
-0.126341 
-0.33164 
2 
-1.4702 
0.470199 
-1.4702 
2 
-1.4702 
0.470199 
-1.4702 
3.55424 
2.02444 
2.02444 
2.02444 
3.55424 
2.02444 
2.02444 
2.02444 
1 
1 
1 
1 
3.55424 
2.02444 
2.02444 
2.02444 
3.55424 
2.02444 
2.02444 
2.02444 
2 
-1.4702 
0.470199 
-1.4702 
3.55424 
2.02444 
2.02444 
2.02444 
3.55424 
2.02444 
2.02444 
2.02444 
1 
1 
1 
1 
3.55424 
2.02444 
2.02444 
2.02444 
2.27712 
0.747319 
2.27712 
0.747319 
2.27712 
0.747319 
2.27712 
0.747319 
3.55424 
2.02444 
2.02444 
2.02444 
3.55424 
2.02444 
2.02444 
2.02444 
3.55424 
2.02444 
2.02444 
2.02444 
2.40346 
1.63856 
0.108759 
1.63856 
1.74732 
-0.19308 
1.74732 
-0.19308 
2.02444 
3.55424 
2.02444 
3.55424 
1.74732 
-0.19308 
1.74732 
-0.19308 
1.10876 
-0.0667395 
1.10876 
-0.0667395 
0.747319 
2.27712 
2.27712 
2.27712 
1 
1 
1 
1 
0.747319 
2.27712 
2.27712 
2.27712 
1 
1 
1 
1 
2.02444 
3.55424 
2.02444 
3.55424 
0.747319 
2.27712 
2.27712 
2.27712 
2.02444 
3.55424 
2.02444 
3.55424 
2.27712 
2.27712 
0.747319 
2.27712 
1 
1 
1 
1 
3.30156 
3.30156 
3.30156 
3.30156 
2.02444 
2.02444 
3.55424 
2.02444 
2.02444 
3.55424 
2.02444 
3.55424 
3.02444 
3.02444 
-0.445762 
3.02444 
1.74732 
1.74732 
-0.19308 
1.74732 
2.02444 
2.02444 
3.55424 
2.02444 
2 
0.470199 
-1.4702 
0.470199 
3.30156 
3.30156 
3.30156 
3.30156 
3.30156 
3.30156 
3.30156 
3.30156 
2.02444 
2.02444 
3.55424 
2.02444 
2.02444 
2.02444 
3.55424 
2.02444 
2.27712 
2.27712 
0.747319 
2.27712 
1 
1 
1 
1 
2.40346 
1.63856 
0.108759 
1.63856 
2.02444 
3.55424 
2.02444 
3.55424 
1 
1 
1 
1 
2.02444 
3.55424 
2.02444 
3.55424 
2.40346 
0.108759 
1.63856 
0.108759 
2.02444 
2.02444 
3.55424 
2.02444 
0.747319 
2.27712 
2.27712 
2.27712 
1 
1 
1 
1 
2.27712 
0.747319 
2.27712 
0.747319 
1.7649 
1.7649 
-0.529801 
1.7649 
3.30156 
3.30156 
3.30156 
3.30156 
3.30156 
3.30156 
3.30156 
3.30156 
0.36144 
0.36144 
1.12634 
0.36144 
3.30156 
3.30156 
3.30156 
3.30156 
3.30156 
3.30156 
3.30156 
3.30156 
3.163 
3.163 
1.4279 
3.163 
3.55424 
2.02444 
2.02444 
2.02444 
2.02444 
3.55424 
2.02444 
3.55424 
2.02444 
2.02444 
3.55424 
2.02444 
1 
1 
1 
1 
3.55424 
2.02444 
2.02444 
2.02444 
1 
1 
1 
1 
2.02444 
3.55424 
2.02444 
3.55424 
0.36144 
0.36144 
1.12634 
0.36144 
3.30156 
3.30156 
3.30156 
3.30156 
0.108759 
1.63856 
2.40346 
1.63856 
3.30156 
3.30156 
3.30156 
3.30156 
3.30156 
3.30156 
3.30156 
3.30156 
2.02444 
3.55424 
2.02444 
3.55424 
3.30156 
3.30156 
3.30156 
3.30156 
3.30156 
3.30156 
3.30156 
3.30156 
3.30156 
3.30156 
3.30156 
3.30156 
3.30156 
3.30156 
3.30156 
3.30156 
3.30156 
3.30156 
3.30156 
3.30156 
3.30156 
3.30156 
3.30156 
3.30156 
3.30156 
3.30156 
3.30156 
3.30156 
3.30156 
3.30156 
3.30156 
3.30156 
3.30156 
3.30156 
3.30156 
3.30156 
3.30156 
3.30156 
3.30156 
3.30156 
3.30156 
3.30156 
3.30156 
3.30156 
3.30156 
3.30156 
3.30156 
3.30156 
3.30156 
3.30156 
3.30156 
3.30156 
1 
1 
1 
1 
2.02444 
3.55424 
2.02444 
3.55424 
1 
1 
1 
1 
1 
1 
1 
1 
2.02444 
3.55424 
2.02444 
3.55424 
0.470199 
2 
-1.4702 
2 
2.02444 
3.55424 
2.02444 
3.55424 
2.02444 
2.02444 
3.55424 
2.02444 
1 
1 
1 
1 
2.02444 
3.55424 
2.02444 
3.55424 
0.747319 
2.27712 
2.27712 
2.27712 
2.02444 
3.55424 
2.02444 
3.55424 
0.747319 
2.27712 
2.27712 
2.27712 
0.747319 
2.27712 
2.27712 
2.27712 
0.747319 
2.27712 
2.27712 
2.27712 
2.02444 
3.55424 
2.02444 
3.55424 
2.02444 
3.55424 
2.02444 
3.55424 
1 
1 
1 
1 
2.02444 
3.55424 
2.02444 
3.55424 
1.12634 
0.36144 
0.36144 
0.36144 
3.55424 
2.02444 
2.02444 
2.02444 
1 
1 
1 
1 
0.747319 
2.27712 
2.27712 
2.27712 
1 
1 
1 
1 
3.30156 
3.30156 
3.30156 
3.30156 
2.02444 
3.55424 
2.02444 
3.55424 
3.30156 
3.30156 
3.30156 
3.30156 
2.27712 
2.27712 
0.747319 
2.27712 
3.44012 
5.17522 
3.44012 
5.17522 
3.02444 
-0.445762 
3.02444 
-0.445762 
3.02444 
-0.445762 
3.02444 
-0.445762 
1.4279 
3.163 
3.163 
3.163 
0.747319 
2.27712 
2.27712 
2.27712 
3.30156 
3.30156 
3.30156 
3.30156 
2.02444 
2.02444 
3.55424 
2.02444 
3.68058 
1.38588 
1.38588 
1.38588 
2.02444 
3.55424 
2.02444 
3.55424 
2.27712 
2.27712 
0.747319 
2.27712 
3.02444 
-0.445762 
3.02444 
-0.445762 
3.30156 
3.30156 
3.30156 
3.30156 
3.55424 
2.02444 
2.02444 
2.02444 
2.02444 
3.55424 
2.02444 
3.55424 
2.27712 
2.27712 
0.747319 
2.27712 
3.55424 
2.02444 
2.02444 
2.02444 
2.27712 
2.27712 
0.747319 
2.27712 
2.27712 
0.747319 
2.27712 
0.747319 
0.747319 
2.27712 
2.27712 
2.27712 
1 
1 
1 
1 
1 
1 
1 
1 
2.02444 
3.55424 
2.02444 
3.55424 
2.27712 
2.27712 
0.747319 
2.27712 
3.55424 
2.02444 
2.02444 
2.02444 
3.55424 
2.02444 
2.02444 
2.02444 
2.27712 
2.27712 
0.747319 
2.27712 
2.02444 
3.55424 
2.02444 
3.55424 
2.27712 
2.27712 
0.747319 
2.27712 
1.74732 
1.74732 
-0.19308 
1.74732 
3.30156 
3.30156 
3.30156 
3.30156 
2.02444 
3.55424 
2.02444 
3.55424 
3.55424 
2.02444 
2.02444 
2.02444 
1.74732 
1.74732 
-0.19308 
1.74732 
1.38588 
3.68058 
1.38588 
3.68058 
3.02444 
3.02444 
-0.445762 
3.02444 
1.74732 
1.74732 
-0.19308 
1.74732 
2.27712 
0.747319 
2.27712 
0.747319 
0.470199 
2 
-1.4702 
2 
1.74732 
1.74732 
-0.19308 
1.74732 
1.74732 
1.74732 
-0.19308 
1.74732 
1.38588 
3.68058 
1.38588 
3.68058 
3.30156 
3.30156 
3.30156 
3.30156 
3.30156 
3.30156 
3.30156 
3.30156 
3.30156 
3.30156 
3.30156 
3.30156 
3.30156 
3.30156 
3.30156 
3.30156 
3.30156 
3.30156 
3.30156 
3.30156 
3.30156 
3.30156 
3.30156 
3.30156 
3.30156 
3.30156 
3.30156 
3.30156 
1.38588 
1.38588 
3.68058 
1.38588 
3.30156 
3.30156 
3.30156 
3.30156 
-0.445762 
3.02444 
3.02444 
3.02444 
3.30156 
3.30156 
3.30156 
3.30156 
3.30156 
3.30156 
3.30156 
3.30156 
2.02444 
2.02444 
3.55424 
2.02444 
3.30156 
3.30156 
3.30156 
3.30156 
3.30156 
3.30156 
3.30156 
3.30156 
3.30156 
3.30156 
3.30156 
3.30156 
3.55424 
2.02444 
2.02444 
2.02444 
3.55424 
2.02444 
2.02444 
2.02444 
3.30156 
3.30156 
3.30156 
3.30156 
2.27712 
2.27712 
0.747319 
2.27712 
3.55424 
2.02444 
2.02444 
2.02444 
2.02444 
3.55424 
2.02444 
3.55424 
2.27712 
2.27712 
0.747319 
2.27712 
2 
-3 
2 
-3 
3.55424 
2.02444 
2.02444 
2.02444 
0.108759 
2.40346 
1.63856 
2.40346 
3.27712 
-1.72288 
1.74732 
-1.72288 
3.55424 
2.02444 
2.02444 
2.02444 
3.55424 
2.02444 
2.02444 
2.02444 
3.55424 
2.02444 
2.02444 
2.02444 
3.55424 
2.02444 
2.02444 
2.02444 
0.722881 
-2.74732 
0.722881 
-2.74732 
2.27712 
2.27712 
0.747319 
2.27712 
0.849222 
-3.38588 
0.0843212 
-3.38588 
2.27712 
2.27712 
0.747319 
2.27712 
2.02444 
3.55424 
2.02444 
3.55424 
3.55424 
2.02444 
2.02444 
2.02444 
2.27712 
2.27712 
0.747319 
2.27712 
2.02444 
3.55424 
2.02444 
3.55424 
2 
-1.4702 
0.470199 
-1.4702 
1.74732 
-0.19308 
1.74732 
-0.19308 
2.40346 
1.63856 
0.108759 
1.63856 
0.849222 
-3.38588 
0.0843212 
-3.38588 
2.02444 
2.02444 
3.55424 
2.02444 
2.02444 
2.02444 
3.55424 
2.02444 
2.02444 
2.02444 
3.55424 
2.02444 
2.02444 
2.02444 
3.55424 
2.02444 
2.02444 
2.02444 
3.55424 
2.02444 
-1.4702 
0.470199 
2 
0.470199 
-0.33164 
-0.126341 
1.60876 
-0.126341 
-2.10876 
-0.16836 
2.12634 
-0.16836 
-0.19308 
1.74732 
1.74732 
1.74732 
-0.445762 
3.02444 
3.02444 
3.02444 
-1.72288 
1.74732 
3.27712 
1.74732 
-1.4702 
0.470199 
2 
0.470199 
3.30156 
3.30156 
3.30156 
3.30156 
3.30156 
3.30156 
3.30156 
3.30156 
3.02444 
-0.445762 
3.02444 
-0.445762 
2.02444 
3.55424 
2.02444 
3.55424 
1 
1 
1 
1 
1 
1 
1 
1 
2.02444 
3.55424 
2.02444 
3.55424 
1 
1 
1 
1 
3.55424 
2.02444 
2.02444 
2.02444 
2.40346 
0.108759 
1.63856 
0.108759 
1.63856 
0.108759 
2.40346 
0.108759 
3.55424 
2.02444 
2.02444 
2.02444 
1.12634 
0.36144 
0.36144 
0.36144 
1 
1 
1 
1 
2.27712 
2.27712 
0.747319 
2.27712 
1 
1 
1 
1 
0.722881 
-2.74732 
0.722881 
-2.74732 
3.55424 
2.02444 
2.02444 
2.02444 
3.55424 
2.02444 
2.02444 
2.02444 
1 
1 
1 
1 
0.36144 
0.36144 
1.12634 
0.36144 
0.722881 
-2.74732 
0.722881 
-2.74732 
1 
1 
1 
1 
1 
1 
1 
1 
1 
1 
1 
1 
0.36144 
0.36144 
1.12634 
0.36144 
0.747319 
2.27712 
2.27712 
2.27712 
1 
1 
1 
1 
1 
1 
1 
1 
2.02444 
3.55424 
2.02444 
3.55424 
0.36144 
1.12634 
0.36144 
1.12634 
2.27712 
0.747319 
2.27712 
0.747319 
2.02444 
3.55424 
2.02444 
3.55424 
2.27712 
2.27712 
0.747319 
2.27712 
3.55424 
2.02444 
2.02444 
2.02444 
3.55424 
2.02444 
2.02444 
2.02444 
0.747319 
2.27712 
2.27712 
2.27712 
0.722881 
0.722881 
-2.74732 
0.722881 
1 
1 
1 
1 
1.63856 
2.40346 
0.108759 
2.40346 
2.27712 
0.747319 
2.27712 
0.747319 
2.02444 
2.02444 
3.55424 
2.02444 
3.55424 
2.02444 
2.02444 
2.02444 
0.722881 
0.722881 
-2.74732 
0.722881 
1 
1 
1 
1 
1 
1 
1 
1 
1 
1 
1 
1 
1 
1 
1 
1 
1 
1 
1 
1 
1 
1 
1 
1 
1 
1 
1 
1 
1 
1 
1 
1 
1 
1 
1 
1 
1 
1 
1 
1 
0.36144 
1.12634 
0.36144 
1.12634 
1 
1 
1 
1 
1 
1 
1 
1 
1 
1 
1 
1 
1 
1 
1 
1 
1 
1 
1 
1 
0.470199 
-1.4702 
2 
-1.4702 
3.02444 
-0.445762 
3.02444 
-0.445762 
1.74732 
-0.19308 
1.74732 
-0.19308 
2.02444 
2.02444 
3.55424 
2.02444 
3.30156 
3.30156 
3.30156 
3.30156 
0.470199 
-1.4702 
2 
-1.4702 
1.74732 
-0.19308 
1.74732 
-0.19308 
3.02444 
-0.445762 
3.02444 
-0.445762 
3.02444 
-0.445762 
3.02444 
-0.445762 
3.02444 
-0.445762 
3.02444 
-0.445762 
3.02444 
-0.445762 
3.02444 
-0.445762 
2.02444 
2.02444 
3.55424 
2.02444 
1.74732 
1.74732 
-0.19308 
1.74732 
3.02444 
3.02444 
-0.445762 
3.02444 
3.02444 
3.02444 
-0.445762 
3.02444 
1 
1 
1 
1 
3.30156 
3.30156 
3.30156 
3.30156 
3.55424 
2.02444 
2.02444 
2.02444 
2.27712 
0.747319 
2.27712 
0.747319 
3.55424 
2.02444 
2.02444 
2.02444 
3.55424 
2.02444 
2.02444 
2.02444 
2.27712 
2.27712 
0.747319 
2.27712 
2.27712 
2.27712 
0.747319 
2.27712 
2.27712 
2.27712 
0.747319 
2.27712 
0.36144 
1.12634 
0.36144 
1.12634 
1 
1 
1 
1 
1 
1 
1 
1 
1 
1 
1 
1 
2.02444 
3.55424 
2.02444 
3.55424 
2.27712 
2.27712 
0.747319 
2.27712 
2.02444 
3.55424 
2.02444 
3.55424 
1 
1 
1 
1 
0.747319 
2.27712 
2.27712 
2.27712 
2.02444 
2.02444 
3.55424 
2.02444 
1.63856 
0.108759 
2.40346 
0.108759 
2.27712 
0.747319 
2.27712 
0.747319 
2.02444 
2.02444 
3.55424 
2.02444 
0.747319 
2.27712 
2.27712 
2.27712 
3.55424 
2.02444 
2.02444 
2.02444 
2.02444 
2.02444 
3.55424 
2.02444 
3.55424 
2.02444 
2.02444 
2.02444 
3.55424 
2.02444 
2.02444 
2.02444 
2.27712 
2.27712 
0.747319 
2.27712 
1 
1 
1 
1 
1 
1 
1 
1 
2.27712 
0.747319 
2.27712 
0.747319 
2.40346 
0.108759 
1.63856 
0.108759 
3.55424 
2.02444 
2.02444 
2.02444 
2.02444 
3.55424 
2.02444 
3.55424 
2.02444 
3.55424 
2.02444 
3.55424 
2.02444 
3.55424 
2.02444 
3.55424 
3.30156 
3.30156 
3.30156 
3.30156 
2.02444 
2.02444 
3.55424 
2.02444 
3.30156 
3.30156 
3.30156 
3.30156 
2.02444 
3.55424 
2.02444 
3.55424 
1 
1 
1 
1 
0.747319 
2.27712 
2.27712 
2.27712 
2.02444 
2.02444 
3.55424 
2.02444 
1 
1 
1 
1 
2.02444 
2.02444 
3.55424 
2.02444 
2.02444 
2.02444 
3.55424 
2.02444 
2.02444 
2.02444 
3.55424 
2.02444 
2.02444 
2.02444 
3.55424 
2.02444 
0.108759 
2.40346 
1.63856 
2.40346 
2.02444 
3.55424 
2.02444 
3.55424 
-1.88588 
-1.88588 
-1.68058 
-1.88588 
1 
1 
1 
1 
2.27712 
2.27712 
0.747319 
2.27712 
3.27712 
-1.72288 
1.74732 
-1.72288 
2 
-1.4702 
0.470199 
-1.4702 
3.55424 
2.02444 
2.02444 
2.02444 
2 
-1.4702 
0.470199 
-1.4702 
-2.74732 
0.722881 
0.722881 
0.722881 
-2.74732 
0.722881 
0.722881 
0.722881 
1 
1 
1 
1 
-1.4702 
0.470199 
2 
0.470199 
0.747319 
2.27712 
2.27712 
2.27712 
0.747319 
2.27712 
2.27712 
2.27712 
0.747319 
2.27712 
2.27712 
2.27712 
2.02444 
3.55424 
2.02444 
3.55424 
0.849222 
0.0843212 
-3.38588 
0.0843212 
0.747319 
2.27712 
2.27712 
2.27712 
0.747319 
2.27712 
2.27712 
2.27712 
1.12634 
0.36144 
0.36144 
0.36144 
0.36144 
0.36144 
1.12634 
0.36144 
0.722881 
0.722881 
-2.74732 
0.722881 
0.722881 
0.722881 
-2.74732 
0.722881 
1.12634 
0.36144 
0.36144 
0.36144 
3.02444 
-0.445762 
3.02444 
-0.445762 
3.27712 
-1.72288 
1.74732 
-1.72288 
1.74732 
-0.19308 
1.74732 
-0.19308 
1.10876 
-0.0667395 
1.10876 
-0.0667395 
3.30156 
3.30156 
3.30156 
3.30156 
3.30156 
3.30156 
3.30156 
3.30156 
2 
-1.4702 
0.470199 
-1.4702 
3.02444 
-0.445762 
3.02444 
-0.445762 
1.74732 
-0.19308 
1.74732 
-0.19308 
1.74732 
-0.19308 
1.74732 
-0.19308 
3.02444 
-0.445762 
3.02444 
-0.445762 
2.12634 
-2.10876 
-0.16836 
-2.10876 
-0.445762 
3.02444 
3.02444 
3.02444 
-0.19308 
1.74732 
1.74732 
1.74732 
-0.19308 
1.74732 
1.74732 
1.74732 
-0.19308 
1.74732 
1.74732 
1.74732 
1 
1 
1 
1 
2.27712 
0.747319 
2.27712 
0.747319 
3.55424 
2.02444 
2.02444 
2.02444 
2.02444 
2.02444 
3.55424 
2.02444 
2.02444 
2.02444 
3.55424 
2.02444 
2.27712 
0.747319 
2.27712 
0.747319 
4.15078 
0.885878 
2.41568 
0.885878 
2.02444 
2.02444 
3.55424 
2.02444 
2.02444 
2.02444 
3.55424 
2.02444 
-0.19308 
1.74732 
1.74732 
1.74732 
2.27712 
2.27712 
0.747319 
2.27712 
-0.19308 
1.74732 
1.74732 
1.74732 
-2.74732 
0.722881 
0.722881 
0.722881 
1 
1 
1 
1 
2.02444 
2.02444 
3.55424 
2.02444 
2.02444 
2.02444 
3.55424 
2.02444 
-1.4702 
0.470199 
2 
0.470199 
-0.19308 
1.74732 
1.74732 
1.74732 
-0.33164 
-0.126341 
1.60876 
-0.126341 
-1.4702 
0.470199 
2 
0.470199 
1.74732 
-0.19308 
1.74732 
-0.19308 
1.74732 
-0.19308 
1.74732 
-0.19308 
2 
-1.4702 
0.470199 
-1.4702 
1.74732 
-0.19308 
1.74732 
-0.19308 
3.30156 
3.30156 
3.30156 
3.30156 
3.30156 
3.30156 
3.30156 
3.30156 
3.30156 
3.30156 
3.30156 
3.30156 
3.30156 
3.30156 
3.30156 
3.30156 
1 
1 
1 
1 
3.55424 
2.02444 
2.02444 
2.02444 
2.02444 
3.55424 
2.02444 
3.55424 
3.55424 
2.02444 
2.02444 
2.02444 
3.30156 
3.30156 
3.30156 
3.30156 
2.27712 
0.747319 
2.27712 
0.747319 
3.30156 
3.30156 
3.30156 
3.30156 
3.30156 
3.30156 
3.30156 
3.30156 
1 
1 
1 
1 
3.30156 
3.30156 
3.30156 
3.30156 
1.38588 
1.38588 
3.68058 
1.38588 
3.30156 
3.30156 
3.30156 
3.30156 
1.74732 
-0.19308 
1.74732 
-0.19308 
1.74732 
-0.19308 
1.74732 
-0.19308 
1.74732 
-0.19308 
1.74732 
-0.19308 
2 
-1.4702 
0.470199 
-1.4702 
3.30156 
3.30156 
3.30156 
3.30156 
3.02444 
-0.445762 
3.02444 
-0.445762 
3.30156 
3.30156 
3.30156 
3.30156 
3.30156 
3.30156 
3.30156 
3.30156 
3.02444 
-0.445762 
3.02444 
-0.445762 
3.30156 
3.30156 
3.30156 
3.30156 
1.74732 
-0.19308 
1.74732 
-0.19308 
1.74732 
-0.19308 
1.74732 
-0.19308 
1 
1 
1 
1 
2.02444 
3.55424 
2.02444 
3.55424 
3.30156 
3.30156 
3.30156 
3.30156 
3.30156 
3.30156 
3.30156 
3.30156 
1.38588 
3.68058 
1.38588 
3.68058 
3.30156 
3.30156 
3.30156 
3.30156 
1 
1 
1 
1 
3.30156 
3.30156 
3.30156 
3.30156 
2.02444 
2.02444 
3.55424 
2.02444 
-0.445762 
3.02444 
3.02444 
3.02444 
-0.445762 
3.02444 
3.02444 
3.02444 
3.55424 
2.02444 
2.02444 
2.02444 
-0.470199 
-2 
1.4702 
-2 
0.747319 
2.27712 
2.27712 
2.27712 
1 
1 
1 
1 
0.36144 
1.12634 
0.36144 
1.12634 
1.13856 
1.13856 
2.87366 
1.13856 
1 
1 
1 
1 
1 
1 
1 
1 
1 
1 
1 
1 
0.747319 
2.27712 
2.27712 
2.27712 
1 
1 
1 
1 
1 
1 
1 
1 
2.40346 
1.63856 
0.108759 
1.63856 
0.722881 
-2.74732 
0.722881 
-2.74732 
2.02444 
3.55424 
2.02444 
3.55424 
1.74732 
-0.19308 
1.74732 
-0.19308 
0.36144 
0.36144 
1.12634 
0.36144 
1 
1 
1 
1 
1 
1 
1 
1 
2.27712 
2.27712 
0.747319 
2.27712 
1 
1 
1 
1 
1.74732 
-0.19308 
1.74732 
-0.19308 
1.10876 
-0.0667395 
1.10876 
-0.0667395 
1.74732 
-0.19308 
1.74732 
-0.19308 
3.02444 
-0.445762 
3.02444 
-0.445762 
2.02444 
2.02444 
3.55424 
2.02444 
2.12634 
-0.16836 
-2.10876 
-0.16836 
1.74732 
1.74732 
-0.19308 
1.74732 
0.5 
1.2649 
2.2351 
1.2649 
3.30156 
3.30156 
3.30156 
3.30156 
1 
1 
1 
1 
3.30156 
3.30156 
3.30156 
3.30156 
-1.4702 
0.470199 
2 
0.470199 
1 
1 
1 
1 
0.747319 
2.27712 
2.27712 
2.27712 
2.27712 
0.747319 
2.27712 
0.747319 
0.108759 
2.40346 
1.63856 
2.40346 
3.55424 
2.02444 
2.02444 
2.02444 
-0.19308 
1.74732 
1.74732 
1.74732 
-1.4702 
2 
0.470199 
2 
-0.19308 
1.74732 
1.74732 
1.74732 
-0.445762 
3.02444 
3.02444 
3.02444 
-0.19308 
1.74732 
1.74732 
1.74732 
-3.38588 
0.849222 
0.0843212 
0.849222 
1.63856 
2.40346 
0.108759 
2.40346 
2.02444 
3.55424 
2.02444 
3.55424 
2.02444 
3.55424 
2.02444 
3.55424 
2.02444 
3.55424 
2.02444 
3.55424 
2.02444 
3.55424 
2.02444 
3.55424 
2.27712 
2.27712 
0.747319 
2.27712 
3.55424 
2.02444 
2.02444 
2.02444 
2.27712 
2.27712 
0.747319 
2.27712 
2.27712 
2.27712 
0.747319 
2.27712 
3.55424 
2.02444 
2.02444 
2.02444 
2.27712 
0.747319 
2.27712 
0.747319 
1 
1 
1 
1 
2.27712 
2.27712 
0.747319 
2.27712 
2.27712 
2.27712 
0.747319 
2.27712 
2.02444 
3.55424 
2.02444 
3.55424 
2.02444 
3.55424 
2.02444 
3.55424 
3.55424 
2.02444 
2.02444 
2.02444 
2.02444 
3.55424 
2.02444 
3.55424 
2.02444 
3.55424 
2.02444 
3.55424 
1.12634 
0.36144 
0.36144 
0.36144 
2.02444 
3.55424 
2.02444 
3.55424 
2.27712 
2.27712 
0.747319 
2.27712 
1.12634 
0.36144 
0.36144 
0.36144 
-2.74732 
0.722881 
0.722881 
0.722881 
2.87366 
1.13856 
1.13856 
1.13856 
1 
1 
1 
1 
2.02444 
3.55424 
2.02444 
3.55424 
1 
1 
1 
1 
2.27712 
2.27712 
0.747319 
2.27712 
-2.74732 
0.722881 
0.722881 
0.722881 
2.02444 
3.55424 
2.02444 
3.55424 
2.02444 
3.55424 
2.02444 
3.55424 
2.02444 
3.55424 
2.02444 
3.55424 
-3.38588 
0.849222 
0.0843212 
0.849222 
-3 
2 
2 
2 
-3.38588 
0.849222 
0.0843212 
0.849222 
-2.74732 
0.722881 
0.722881 
0.722881 
-2.74732 
0.722881 
0.722881 
0.722881 
1 
1 
1 
1 
-2.74732 
0.722881 
0.722881 
0.722881 
2.27712 
0.747319 
2.27712 
0.747319 
2.27712 
0.747319 
2.27712 
0.747319 
-1.4702 
0.470199 
2 
0.470199 
-0.19308 
1.74732 
1.74732 
1.74732 
-3.38588 
0.0843212 
0.849222 
0.0843212 
0.747319 
2.27712 
2.27712 
2.27712 
1.74732 
-0.19308 
1.74732 
-0.19308 
3.55424 
2.02444 
2.02444 
2.02444 
3.30156 
3.30156 
3.30156 
3.30156 
1 
1 
1 
1 
0.36144 
1.12634 
0.36144 
1.12634 
1.74732 
-0.19308 
1.74732 
-0.19308 
1 
1 
1 
1 
-0.445762 
3.02444 
3.02444 
3.02444 
3.55424 
2.02444 
2.02444 
2.02444 
0.36144 
0.36144 
1.12634 
0.36144 
2.02444 
2.02444 
3.55424 
2.02444 
3.30156 
3.30156 
3.30156 
3.30156 
1.74732 
1.74732 
-0.19308 
1.74732 
3.02444 
3.02444 
-0.445762 
3.02444 
2.02444 
2.02444 
3.55424 
2.02444 
1 
1 
1 
1 
2.02444 
3.55424 
2.02444 
3.55424 
3.30156 
3.30156 
3.30156 
3.30156 
2.02444 
3.55424 
2.02444 
3.55424 
3.30156 
3.30156 
3.30156 
3.30156 
3.30156 
3.30156 
3.30156 
3.30156 
2.02444 
3.55424 
2.02444 
3.55424 
2.27712 
0.747319 
2.27712 
0.747319 
3.02444 
-0.445762 
3.02444 
-0.445762 
3.30156 
3.30156 
3.30156 
3.30156 
3.30156 
3.30156 
3.30156 
3.30156 
2.02444 
2.02444 
3.55424 
2.02444 
3.30156 
3.30156 
3.30156 
3.30156 
3.30156 
3.30156 
3.30156 
3.30156 
3.30156 
3.30156 
3.30156 
3.30156 
3.30156 
3.30156 
3.30156 
3.30156 
3.30156 
3.30156 
3.30156 
3.30156 
3.30156 
3.30156 
3.30156 
3.30156 
3.30156 
3.30156 
3.30156 
3.30156 
3.30156 
3.30156 
3.30156 
3.30156 
3.30156 
3.30156 
3.30156 
3.30156 
2.02444 
3.55424 
2.02444 
3.55424 
3.30156 
3.30156 
3.30156 
3.30156 
3.30156 
3.30156 
3.30156 
3.30156 
0.747319 
2.27712 
2.27712 
2.27712 
-2.74732 
0.722881 
0.722881 
0.722881 
2.02444 
3.55424 
2.02444 
3.55424 
2.2351 
1.2649 
0.5 
1.2649 
2.02444 
3.55424 
2.02444 
3.55424 
2.02444 
3.55424 
2.02444 
3.55424 
3.30156 
3.30156 
3.30156 
3.30156 
3.30156 
3.30156 
3.30156 
3.30156 
2.02444 
3.55424 
2.02444 
3.55424 
2.02444 
2.02444 
3.55424 
2.02444 
2.02444 
3.55424 
2.02444 
3.55424 
0.36144 
1.12634 
0.36144 
1.12634 
3.30156 
3.30156 
3.30156 
3.30156 
-2.74732 
0.722881 
0.722881 
0.722881 
-1.72288 
3.27712 
1.74732 
3.27712 
-2.74732 
0.722881 
0.722881 
0.722881 
1.13856 
2.87366 
1.13856 
2.87366 
2 
-1.4702 
0.470199 
-1.4702 
3.55424 
2.02444 
2.02444 
2.02444 
3.55424 
2.02444 
2.02444 
2.02444 
1.74732 
-0.19308 
1.74732 
-0.19308 
1.74732 
-0.19308 
1.74732 
-0.19308 
3.55424 
2.02444 
2.02444 
2.02444 
0.470199 
-1.4702 
2 
-1.4702 
3.30156 
3.30156 
3.30156 
3.30156 
3.30156 
3.30156 
3.30156 
3.30156 
1.74732 
3.27712 
-1.72288 
3.27712 
2.02444 
3.55424 
2.02444 
3.55424 
3.55424 
2.02444 
2.02444 
2.02444 
3.55424 
2.02444 
2.02444 
2.02444 
0.470199 
-1.4702 
2 
-1.4702 
3.55424 
2.02444 
2.02444 
2.02444 
-1.4702 
2 
0.470199 
2 
-3.63856 
2.12634 
1.36144 
2.12634 
-3 
2 
2 
2 
-1.4702 
0.470199 
2 
0.470199 
3.30156 
3.30156 
3.30156 
3.30156 
3.30156 
3.30156 
3.30156 
3.30156 
3.30156 
3.30156 
3.30156 
3.30156 
3.30156 
3.30156 
3.30156 
3.30156 
3.55424 
2.02444 
2.02444 
2.02444 
3.30156 
3.30156 
3.30156 
3.30156 
2.02444 
3.55424 
2.02444 
3.55424 
3.55424 
2.02444 
2.02444 
2.02444 
3.30156 
3.30156 
3.30156 
3.30156 
3.30156 
3.30156 
3.30156 
3.30156 
3.30156 
3.30156 
3.30156 
3.30156 
3.30156 
3.30156 
3.30156 
3.30156 
3.30156 
3.30156 
3.30156 
3.30156 
3.30156 
3.30156 
3.30156 
3.30156 
-1.34386 
-0.16836 
1.36144 
-0.16836 
2.02444 
3.55424 
2.02444 
3.55424 
3.30156 
3.30156 
3.30156 
3.30156 
3.30156 
3.30156 
3.30156 
3.30156 
2.02444 
2.02444 
3.55424 
2.02444 
3.30156 
3.30156 
3.30156 
3.30156 
-2.74732 
0.722881 
0.722881 
0.722881 
2.02444 
2.02444 
3.55424 
2.02444 
3.30156 
3.30156 
3.30156 
3.30156 
2.02444 
2.02444 
3.55424 
2.02444 
2.02444 
2.02444 
3.55424 
2.02444 
2.27712 
0.747319 
2.27712 
0.747319 
3.55424 
2.02444 
2.02444 
2.02444 
2.27712 
0.747319 
2.27712 
0.747319 
3.30156 
3.30156 
3.30156 
3.30156 
3.30156 
3.30156 
3.30156 
3.30156 
3.68058 
1.38588 
1.38588 
1.38588 
3.30156 
3.30156 
3.30156 
3.30156 
3.30156 
3.30156 
3.30156 
3.30156 
3.55424 
2.02444 
2.02444 
2.02444 
0.849222 
-3.38588 
0.0843212 
-3.38588 
3.30156 
3.30156 
3.30156 
3.30156 
3.30156 
3.30156 
3.30156 
3.30156 
2.02444 
3.55424 
2.02444 
3.55424 
1.74732 
3.27712 
-1.72288 
3.27712 
2.02444 
3.55424 
2.02444 
3.55424 
2.02444 
3.55424 
2.02444 
3.55424 
1.7649 
-0.529801 
1.7649 
-0.529801 
3.30156 
3.30156 
3.30156 
3.30156 
0.36144 
0.36144 
1.12634 
0.36144 
3.30156 
3.30156 
3.30156 
3.30156 
3.55424 
2.02444 
2.02444 
2.02444 
-1.4702 
2 
0.470199 
2 
3.55424 
2.02444 
2.02444 
2.02444 
1 
1 
1 
1 
3.55424 
2.02444 
2.02444 
2.02444 
3.30156 
3.30156 
3.30156 
3.30156 
3.55424 
2.02444 
2.02444 
2.02444 
3.55424 
2.02444 
2.02444 
2.02444 
3.30156 
3.30156 
3.30156 
3.30156 
3.30156 
3.30156 
3.30156 
3.30156 
3.55424 
2.02444 
2.02444 
2.02444 
3.55424 
2.02444 
2.02444 
2.02444 
2.27712 
2.27712 
0.747319 
2.27712 
0.36144 
1.12634 
0.36144 
1.12634 
0.36144 
0.36144 
1.12634 
0.36144 
2.02444 
2.02444 
3.55424 
2.02444 
0.470199 
2 
-1.4702 
2 
2.40346 
0.108759 
1.63856 
0.108759 
2.02444 
2.02444 
3.55424 
2.02444 
2.02444 
2.02444 
3.55424 
2.02444 
0.470199 
2 
-1.4702 
2 
2.02444 
2.02444 
3.55424 
2.02444 
0.849222 
0.0843212 
-3.38588 
0.0843212 
1.15078 
2.88588 
-0.584321 
2.88588 
0.747319 
2.27712 
2.27712 
2.27712 
2.02444 
2.02444 
3.55424 
2.02444 
2.02444 
2.02444 
3.55424 
2.02444 
-0.445762 
3.02444 
3.02444 
3.02444 
3.55424 
2.02444 
2.02444 
2.02444 
3.55424 
2.02444 
2.02444 
2.02444 
-3.38588 
0.849222 
0.0843212 
0.849222 
3.02444 
-0.445762 
3.02444 
-0.445762 
2.02444 
3.55424 
2.02444 
3.55424 
2.02444 
3.55424 
2.02444 
3.55424 
1.74732 
-0.19308 
1.74732 
-0.19308 
2.02444 
2.02444 
3.55424 
2.02444 
2.02444 
2.02444 
3.55424 
2.02444 
2.40346 
0.108759 
1.63856 
0.108759 
2.02444 
2.02444 
3.55424 
2.02444 
0.108759 
2.40346 
1.63856 
2.40346 
-0.445762 
3.02444 
3.02444 
3.02444 
2.02444 
3.55424 
2.02444 
3.55424 
1 
1 
1 
1 
0.747319 
2.27712 
2.27712 
2.27712 
0.747319 
2.27712 
2.27712 
2.27712 
0.470199 
2 
-1.4702 
2 
1.74732 
1.74732 
-0.19308 
1.74732 
0.108759 
1.63856 
2.40346 
1.63856 
3.02444 
3.02444 
-0.445762 
3.02444 
1 
1 
1 
1 
0.747319 
2.27712 
2.27712 
2.27712 
3.30156 
3.30156 
3.30156 
3.30156 
2.02444 
2.02444 
3.55424 
2.02444 
3.30156 
3.30156 
3.30156 
3.30156 
3.02444 
3.02444 
-0.445762 
3.02444 
2.02444 
2.02444 
3.55424 
2.02444 
3.02444 
3.02444 
-0.445762 
3.02444 
2.02444 
2.02444 
3.55424 
2.02444 
2.02444 
2.02444 
3.55424 
2.02444 
2.02444 
3.55424 
2.02444 
3.55424 
1 
1 
1 
1 
3.55424 
2.02444 
2.02444 
2.02444 
3.55424 
2.02444 
2.02444 
2.02444 
3.30156 
3.30156 
3.30156 
3.30156 
3.30156 
3.30156 
3.30156 
3.30156 
2.02444 
2.02444 
3.55424 
2.02444 
2.02444 
2.02444 
3.55424 
2.02444 
3.30156 
3.30156 
3.30156 
3.30156 
0.108759 
1.63856 
2.40346 
1.63856 
2.163 
5.4279 
2.163 
5.4279 
3.02444 
-0.445762 
3.02444 
-0.445762 
3.55424 
2.02444 
2.02444 
2.02444 
3.30156 
3.30156 
3.30156 
3.30156 
3.68058 
1.38588 
1.38588 
1.38588 
3.30156 
3.30156 
3.30156 
3.30156 
3.55424 
2.02444 
2.02444 
2.02444 
1 
1 
1 
1 
1 
1 
1 
1 
3.30156 
3.30156 
3.30156 
3.30156 
1.12634 
0.36144 
0.36144 
0.36144 
2.02444 
3.55424 
2.02444 
3.55424 
1 
1 
1 
1 
3.55424 
2.02444 
2.02444 
2.02444 
1.74732 
-0.19308 
1.74732 
-0.19308 
1.74732 
-0.19308 
1.74732 
-0.19308 
1 
1 
1 
1 
1.74732 
-0.19308 
1.74732 
-0.19308 
2.12634 
-2.10876 
-0.16836 
-2.10876 
0.470199 
-1.4702 
2 
-1.4702 
0.0843212 
-3.38588 
0.849222 
-3.38588 
1.74732 
-0.19308 
1.74732 
-0.19308 
0.722881 
-2.74732 
0.722881 
-2.74732 
0.722881 
-2.74732 
0.722881 
-2.74732 
1.74732 
-0.19308 
1.74732 
-0.19308 
0.722881 
-2.74732 
0.722881 
-2.74732 
-0.19308 
1.74732 
1.74732 
1.74732 
-0.19308 
1.74732 
1.74732 
1.74732 
-2.10876 
-0.16836 
2.12634 
-0.16836 
-0.19308 
1.74732 
1.74732 
1.74732 
2.7351 
1 
-0.7351 
1 
0 
0 
0 
0 
0.86144 
0.86144 
-0.873659 
0.86144 
-0.373659 
-0.373659 
0.59654 
-0.373659 
0 
0 
0 
0 
0.13856 
1.87366 
0.13856 
1.87366 
-0.873659 
0.86144 
0.86144 
0.86144 
1.37366 
0.40346 
1.37366 
0.40346 
-0.373659 
-0.373659 
0.59654 
-0.373659 
1 
1 
1 
1 
0 
0 
0 
0 
1.5 
0.7351 
-0.2351 
0.7351 
0.722881 
-1.01222 
-1.01222 
-1.01222 
0.86144 
-0.873659 
0.86144 
-0.873659 
0.13856 
0.13856 
1.87366 
0.13856 
-0.373659 
0.59654 
-0.373659 
0.59654 

VECTORS Displacement float
1.7381e-10 -6.42988e-10 0 
4.81789e-11 -6.49148e-10 0 
2.46643e-10 -0.0825348 0 
4.81789e-11 -6.49148e-10 0 
3.13801e-11 -0.168137 0 
6.31453e-11 -0.168462 0 
0.00492707 -0.170437 0 
6.31453e-11 -0.168462 0 
6.37949e-11 -7.54492e-10 0 
0.0289177 -0.101955 0 
5.23092e-11 -6.98185e-10 0 
0.0289177 -0.101955 0 
3.16351e-11 -6.58127e-10 0 
0.00893682 -0.0706591 0 
4.81789e-11 -6.49148e-10 0 
0.00893682 -0.0706591 0 
4.81789e-11 -6.49148e-10 0 
0.00893682 -0.0706591 0 
2.46643e-10 -0.0825348 0 
0.00893682 -0.0706591 0 
9.50934e-11 -0.16758 0 
0.00622118 -0.169982 0 
6.31453e-11 -0.168462 0 
0.00622118 -0.169982 0 
6.31453e-11 -0.168462 0 
0.00622118 -0.169982 0 
0.00492707 -0.170437 0 
0.00622118 -0.169982 0 
1.64609e-10 -0.159262 0 
0.00692741 -0.165826 0 
9.50934e-11 -0.16758 0 
0.00692741 -0.165826 0 
9.50934e-11 -0.16758 0 
0.00692741 -0.165826 0 
0.00622118 -0.169982 0 
0.00692741 -0.165826 0 
0.00622118 -0.169982 0 
0.00692741 -0.165826 0 
0.0148383 -0.172433 0 
0.00692741 -0.165826 0 
0.00581727 -0.406146 0 
0.0111231 -0.406454 0 
0.00425905 -0.413297 0 
0.0111231 -0.406454 0 
-2.50864e-11 -0.439745 0 
0.00975935 -0.430469 0 
-5.77958e-11 -0.42202 0 
0.00975935 -0.430469 0 
1.07803e-11 -0.446882 0 
0.0044143 -0.444565 0 
-2.50864e-11 -0.439745 0 
0.0044143 -0.444565 0 
-2.50864e-11 -0.439745 0 
0.0044143 -0.444565 0 
0.00975935 -0.430469 0 
0.0044143 -0.444565 0 
0.00975935 -0.430469 0 
0.0044143 -0.444565 0 
0.00705208 -0.442194 0 
0.0044143 -0.444565 0 
-2.71878e-10 -0.146802 0 
0.00535101 -0.11222 0 
-2.96452e-10 -0.0764611 0 
0.00535101 -0.11222 0 
-2.96452e-10 -0.0764611 0 
-2.45694e-11 -9.01147e-10 0 
-1.95359e-10 -9.02257e-10 0 
-2.45694e-11 -9.01147e-10 0 
1.40728e-11 -8.98236e-10 0 
-2.45694e-11 -9.01147e-10 0 
0.00535101 -0.11222 0 
-2.45694e-11 -9.01147e-10 0 
0.00535101 -0.11222 0 
-2.45694e-11 -9.01147e-10 0 
-2.96452e-10 -0.0764611 0 
-2.45694e-11 -9.01147e-10 0 
6.37949e-11 -7.54492e-10 0 
0.0295412 -0.107342 0 
0.0289177 -0.101955 0 
0.0295412 -0.107342 0 
6.26065e-11 -8.10992e-10 0 
0.0295412 -0.107342 0 
6.37949e-11 -7.54492e-10 0 
0.0295412 -0.107342 0 
0.00893682 -0.0706591 0 
0.00897252 -0.113173 0 
2.46643e-10 -0.0825348 0 
0.00897252 -0.113173 0 
2.46643e-10 -0.0825348 0 
0.00897252 -0.113173 0 
2.22316e-10 -0.134532 0 
0.00897252 -0.113173 0 
0.0289177 -0.101955 0 
0.019424 -0.0815108 0 
5.23092e-11 -6.98185e-10 0 
0.019424 -0.0815108 0 
3.16352e-11 -6.58127e-10 0 
0.019424 -0.0815108 0 
0.00893682 -0.0706591 0 
0.019424 -0.0815108 0 
5.23092e-11 -6.98185e-10 0 
0.019424 -0.0815108 0 
3.16351e-11 -6.58127e-10 0 
0.019424 -0.0815108 0 
0.0148383 -0.172433 0 
0.00936309 -0.173971 0 
0.00622118 -0.169982 0 
0.00936309 -0.173971 0 
0.00622118 -0.169982 0 
0.00936309 -0.173971 0 
0.00492707 -0.170437 0 
0.00936309 -0.173971 0 
0.00492707 -0.170437 0 
0.00936309 -0.173971 0 
0.0297143 -0.137394 0 
0.00936309 -0.173971 0 
0.0174518 -0.183043 0 
0.0264591 -0.164036 0 
0.00936309 -0.173971 0 
0.0264591 -0.164036 0 
0.00936309 -0.173971 0 
0.0264591 -0.164036 0 
0.0297143 -0.137394 0 
0.0264591 -0.164036 0 
2.22316e-10 -0.134532 0 
0.0125341 -0.151701 0 
1.64609e-10 -0.159262 0 
0.0125341 -0.151701 0 
0.0257185 -0.150062 0 
0.0125341 -0.151701 0 
0.00897252 -0.113173 0 
0.0125341 -0.151701 0 
0.00897252 -0.113173 0 
0.0125341 -0.151701 0 
2.22316e-10 -0.134532 0 
0.0125341 -0.151701 0 
0.00513173 -0.422802 0 
0.0133625 -0.423254 0 
0.00673707 -0.431451 0 
0.0133625 -0.423254 0 
0.00425905 -0.413297 0 
0.0108687 -0.416296 0 
0.00513173 -0.422802 0 
0.0108687 -0.416296 0 
0.00513173 -0.422802 0 
0.0108687 -0.416296 0 
0.0133625 -0.423254 0 
0.0108687 -0.416296 0 
0.0133625 -0.423254 0 
0.0108687 -0.416296 0 
0.01794 -0.408296 0 
0.0108687 -0.416296 0 
0.01794 -0.408296 0 
0.0108687 -0.416296 0 
0.0111231 -0.406454 0 
0.0108687 -0.416296 0 
0.0111231 -0.406454 0 
0.0108687 -0.416296 0 
0.00425905 -0.413297 0 
0.0108687 -0.416296 0 
0.0155041 -0.392723 0 
0.0186544 -0.398277 0 
0.0111231 -0.406454 0 
0.0186544 -0.398277 0 
0.0111231 -0.406454 0 
0.0186544 -0.398277 0 
0.01794 -0.408296 0 
0.0186544 -0.398277 0 
0.0168133 -0.403021 0 
0.0109475 -0.395085 0 
0.00975935 -0.430469 0 
0.0109475 -0.395085 0 
0.00975935 -0.430469 0 
0.0109475 -0.395085 0 
-5.77958e-11 -0.42202 0 
0.0109475 -0.395085 0 
-5.77958e-11 -0.42202 0 
0.0109475 -0.395085 0 
-1.21463e-10 -0.360441 0 
0.0109475 -0.395085 0 
0.0168133 -0.403021 0 
0.0111571 -0.434528 0 
0.0170251 -0.42029 0 
0.0111571 -0.434528 0 
0.00975935 -0.430469 0 
0.0111571 -0.434528 0 
0.0168133 -0.403021 0 
0.0111571 -0.434528 0 
0.00705208 -0.442194 0 
0.0111571 -0.434528 0 
0.00975935 -0.430469 0 
0.0111571 -0.434528 0 
0.00788897 -0.437985 0 
0.0111571 -0.434528 0 
0.00705208 -0.442194 0 
0.0111571 -0.434528 0 
0.00673707 -0.431451 0 
0.0113519 -0.432605 0 
0.00788897 -0.437985 0 
0.0113519 -0.432605 0 
0.00788897 -0.437985 0 
0.0113519 -0.432605 0 
0.0111571 -0.434528 0 
0.0113519 -0.432605 0 
0.0111571 -0.434528 0 
0.0113519 -0.432605 0 
0.0170251 -0.42029 0 
0.0113519 -0.432605 0 
0.0170251 -0.42029 0 
0.0113519 -0.432605 0 
0.0133625 -0.423254 0 
0.0113519 -0.432605 0 
0.0133625 -0.423254 0 
0.0113519 -0.432605 0 
0.00673707 -0.431451 0 
0.0113519 -0.432605 0 
0.0174402 -0.209024 0 
0.0104814 -0.103286 0 
0.00535101 -0.11222 0 
0.0104814 -0.103286 0 
0.00535101 -0.11222 0 
0.0104814 -0.103286 0 
1.40728e-11 -8.98236e-10 0 
0.0104814 -0.103286 0 
1.40728e-11 -8.98236e-10 0 
0.0104814 -0.103286 0 
3.41791e-11 -8.83441e-10 0 
0.0104814 -0.103286 0 
3.41791e-11 -8.83441e-10 0 
0.0104814 -0.103286 0 
0.021633 -0.139675 0 
0.0104814 -0.103286 0 
0.021633 -0.139675 0 
0.0104814 -0.103286 0 
0.0174402 -0.209024 0 
0.0104814 -0.103286 0 
0.00535101 -0.11222 0 
0.00813837 -0.217795 0 
0.0174402 -0.209024 0 
0.00813837 -0.217795 0 
-2.71878e-10 -0.146802 0 
0.00813837 -0.217795 0 
0.00535101 -0.11222 0 
0.00813837 -0.217795 0 
-1.7997e-10 -0.267687 0 
0.00813837 -0.217795 0 
-2.71878e-10 -0.146802 0 
0.00813837 -0.217795 0 
6.26065e-11 -8.10992e-10 0 
0.0275082 -0.124925 0 
0.0295412 -0.107342 0 
0.0275082 -0.124925 0 
5.04318e-11 -8.55897e-10 0 
0.0275082 -0.124925 0 
6.26065e-11 -8.10992e-10 0 
0.0275082 -0.124925 0 
0.00897252 -0.113173 0 
0.0195327 -0.112176 0 
0.0257185 -0.150062 0 
0.0195327 -0.112176 0 
0.019424 -0.0815108 0 
0.0195327 -0.112176 0 
0.00893682 -0.0706591 0 
0.0195327 -0.112176 0 
0.00893682 -0.0706591 0 
0.0195327 -0.112176 0 
0.00897252 -0.113173 0 
0.0195327 -0.112176 0 
0.037893 -0.177996 0 
0.033568 -0.13712 0 
0.0448751 -0.184128 0 
0.033568 -0.13712 0 
0.0257185 -0.150062 0 
0.033568 -0.13712 0 
0.037893 -0.177996 0 
0.033568 -0.13712 0 
0.0289177 -0.101955 0 
0.033568 -0.13712 0 
0.019424 -0.0815108 0 
0.033568 -0.13712 0 
0.019424 -0.0815108 0 
0.033568 -0.13712 0 
0.0195327 -0.112176 0 
0.033568 -0.13712 0 
0.0195327 -0.112176 0 
0.033568 -0.13712 0 
0.0257185 -0.150062 0 
0.033568 -0.13712 0 
0.0275667 -0.181712 0 
0.0206295 -0.179166 0 
0.0148383 -0.172433 0 
0.0206295 -0.179166 0 
0.0148383 -0.172433 0 
0.0206295 -0.179166 0 
0.00936309 -0.173971 0 
0.0206295 -0.179166 0 
0.00936309 -0.173971 0 
0.0206295 -0.179166 0 
0.0174518 -0.183043 0 
0.0206295 -0.179166 0 
0.0275667 -0.181712 0 
0.0282813 -0.194415 0 
0.0206295 -0.179166 0 
0.0282813 -0.194415 0 
0.0206295 -0.179166 0 
0.0282813 -0.194415 0 
0.0174518 -0.183043 0 
0.0282813 -0.194415 0 
0.0148383 -0.172433 0 
0.0155625 -0.164776 0 
0.0275667 -0.181712 0 
0.0155625 -0.164776 0 
0.00692741 -0.165826 0 
0.0155625 -0.164776 0 
0.0148383 -0.172433 0 
0.0155625 -0.164776 0 
0.0125341 -0.151701 0 
0.0155625 -0.164776 0 
1.64609e-10 -0.159262 0 
0.0155625 -0.164776 0 
1.64609e-10 -0.159262 0 
0.0155625 -0.164776 0 
0.00692741 -0.165826 0 
0.0155625 -0.164776 0 
0.0448751 -0.184128 0 
0.0452227 -0.20556 0 
0.037893 -0.177996 0 
0.0452227 -0.20556 0 
0.037893 -0.177996 0 
0.0291706 -0.170006 0 
0.0257185 -0.150062 0 
0.0291706 -0.170006 0 
0.0155625 -0.164776 0 
0.0291706 -0.170006 0 
0.0275667 -0.181712 0 
0.0291706 -0.170006 0 
0.0125341 -0.151701 0 
0.0291706 -0.170006 0 
0.0155625 -0.164776 0 
0.0291706 -0.170006 0 
0.0257185 -0.150062 0 
0.0291706 -0.170006 0 
0.0125341 -0.151701 0 
0.0291706 -0.170006 0 
0.0452227 -0.20556 0 
0.0354097 -0.187023 0 
0.037893 -0.177996 0 
0.0354097 -0.187023 0 
0.037893 -0.177996 0 
0.0354097 -0.187023 0 
0.0291706 -0.170006 0 
0.0354097 -0.187023 0 
0.0291706 -0.170006 0 
0.0354097 -0.187023 0 
0.0275667 -0.181712 0 
0.0354097 -0.187023 0 
0.0275667 -0.181712 0 
0.0354097 -0.187023 0 
0.0282813 -0.194415 0 
0.0354097 -0.187023 0 
0.0282813 -0.194415 0 
0.0354097 -0.187023 0 
0.038061 -0.204761 0 
0.0354097 -0.187023 0 
0.01794 -0.408296 0 
0.0231543 -0.402367 0 
0.0133625 -0.423254 0 
0.0231543 -0.402367 0 
0.0133625 -0.423254 0 
0.0231543 -0.402367 0 
0.0170251 -0.42029 0 
0.0231543 -0.402367 0 
0.01794 -0.408296 0 
0.0255123 -0.390006 0 
0.0231543 -0.402367 0 
0.0255123 -0.390006 0 
0.0186544 -0.398277 0 
0.0255123 -0.390006 0 
0.01794 -0.408296 0 
0.0255123 -0.390006 0 
0.0204482 -0.377852 0 
0.0207528 -0.387049 0 
0.0155041 -0.392723 0 
0.0207528 -0.387049 0 
0.0155041 -0.392723 0 
0.0207528 -0.387049 0 
0.0186544 -0.398277 0 
0.0207528 -0.387049 0 
0.0186544 -0.398277 0 
0.0207528 -0.387049 0 
0.0255123 -0.390006 0 
0.0207528 -0.387049 0 
0.0255123 -0.390006 0 
0.0207528 -0.387049 0 
0.0316991 -0.368008 0 
0.0207528 -0.387049 0 
0.0170251 -0.42029 0 
0.0239292 -0.385016 0 
0.0168133 -0.403021 0 
0.0239292 -0.385016 0 
0.0231543 -0.402367 0 
0.0239292 -0.385016 0 
0.0170251 -0.42029 0 
0.0239292 -0.385016 0 
0.0159051 -0.323266 0 
0.0251994 -0.291098 0 
0.0174402 -0.209024 0 
0.0251994 -0.291098 0 
-1.7997e-10 -0.267687 0 
0.00856047 -0.285347 0 
0.00813837 -0.217795 0 
0.00856047 -0.285347 0 
0.00813837 -0.217795 0 
0.00856047 -0.285347 0 
0.0174402 -0.209024 0 
0.00856047 -0.285347 0 
0.0174402 -0.209024 0 
0.00856047 -0.285347 0 
0.0159051 -0.323266 0 
0.00856047 -0.285347 0 
-1.51094e-10 -0.317669 0 
0.00856047 -0.285347 0 
-1.7997e-10 -0.267687 0 
0.00856047 -0.285347 0 
4.51298e-11 -8.72167e-10 0 
0.0135139 -0.0720309 0 
5.04318e-11 -8.55897e-10 0 
0.0135139 -0.0720309 0 
3.41791e-11 -8.83441e-10 0 
0.0135139 -0.0720309 0 
4.51298e-11 -8.72167e-10 0 
0.0135139 -0.0720309 0 
0.021633 -0.139675 0 
0.0135139 -0.0720309 0 
3.41791e-11 -8.83441e-10 0 
0.0135139 -0.0720309 0 
5.04318e-11 -8.55897e-10 0 
0.0135139 -0.0720309 0 
0.0275082 -0.124925 0 
0.0135139 -0.0720309 0 
-1.21464e-10 -0.360441 0 
0.00883029 -0.340335 0 
-1.51094e-10 -0.317669 0 
0.00883029 -0.340335 0 
-1.51094e-10 -0.317669 0 
0.00883029 -0.340335 0 
0.00856047 -0.285347 0 
0.00883029 -0.340335 0 
0.00856047 -0.285347 0 
0.00883029 -0.340335 0 
0.0159051 -0.323266 0 
0.00883029 -0.340335 0 
0.0159051 -0.323266 0 
0.00883029 -0.340335 0 
0.0109475 -0.395085 0 
0.00883029 -0.340335 0 
0.0109475 -0.395085 0 
0.00883029 -0.340335 0 
-1.21464e-10 -0.360441 0 
0.00883029 -0.340335 0 
0.0295412 -0.107342 0 
0.040002 -0.150763 0 
0.0289177 -0.101955 0 
0.040002 -0.150763 0 
0.0275082 -0.124925 0 
0.0324655 -0.188644 0 
0.0417282 -0.234883 0 
0.0324655 -0.188644 0 
0.021633 -0.139675 0 
0.0324655 -0.188644 0 
0.0135139 -0.0720309 0 
0.0324655 -0.188644 0 
0.0135139 -0.0720309 0 
0.0324655 -0.188644 0 
0.0275082 -0.124925 0 
0.0324655 -0.188644 0 
0.0275082 -0.124925 0 
0.0387346 -0.168098 0 
0.0295412 -0.107342 0 
0.0387346 -0.168098 0 
0.0417282 -0.234883 0 
0.0387346 -0.168098 0 
0.0275082 -0.124925 0 
0.0387346 -0.168098 0 
0.0471086 -0.205682 0 
0.0387346 -0.168098 0 
0.0417282 -0.234883 0 
0.0387346 -0.168098 0 
0.0295412 -0.107342 0 
0.0387346 -0.168098 0 
0.040002 -0.150763 0 
0.0387346 -0.168098 0 
0.040002 -0.150763 0 
0.0387346 -0.168098 0 
0.0471086 -0.205682 0 
0.0387346 -0.168098 0 
0.040002 -0.150763 0 
0.0388075 -0.147454 0 
0.0289177 -0.101955 0 
0.0388075 -0.147454 0 
0.0289177 -0.101955 0 
0.0388075 -0.147454 0 
0.033568 -0.13712 0 
0.0388075 -0.147454 0 
0.033568 -0.13712 0 
0.0388075 -0.147454 0 
0.0448751 -0.184128 0 
0.0388075 -0.147454 0 
0.038061 -0.204761 0 
0.0334008 -0.206723 0 
0.0282813 -0.194415 0 
0.0334008 -0.206723 0 
0.0316991 -0.368008 0 
0.0289203 -0.363018 0 
0.0363681 -0.335621 0 
0.0289203 -0.363018 0 
0.0363681 -0.335621 0 
0.0289203 -0.363018 0 
0.0290765 -0.338023 0 
0.0289203 -0.363018 0 
0.0204482 -0.377852 0 
0.0289203 -0.363018 0 
0.0207528 -0.387049 0 
0.0289203 -0.363018 0 
0.0207528 -0.387049 0 
0.0289203 -0.363018 0 
0.0316991 -0.368008 0 
0.0289203 -0.363018 0 
0.0239292 -0.385016 0 
0.021133 -0.36038 0 
0.0168133 -0.403021 0 
0.021133 -0.36038 0 
0.0159051 -0.323266 0 
0.021133 -0.36038 0 
0.0251994 -0.291098 0 
0.021133 -0.36038 0 
0.0168133 -0.403021 0 
0.021133 -0.36038 0 
0.0109475 -0.395085 0 
0.021133 -0.36038 0 
0.0109475 -0.395085 0 
0.021133 -0.36038 0 
0.0159051 -0.323266 0 
0.021133 -0.36038 0 
0.0251994 -0.291098 0 
0.021133 -0.36038 0 
0.0316974 -0.337339 0 
0.021133 -0.36038 0 
0.0316974 -0.337339 0 
0.021133 -0.36038 0 
0.0239292 -0.385016 0 
0.021133 -0.36038 0 
0.0231543 -0.402367 0 
0.0292513 -0.373735 0 
0.0239292 -0.385016 0 
0.0292513 -0.373735 0 
0.0239292 -0.385016 0 
0.0292513 -0.373735 0 
0.0316974 -0.337339 0 
0.0292513 -0.373735 0 
0.0324655 -0.188644 0 
0.0379196 -0.285994 0 
0.0417282 -0.234883 0 
0.0379196 -0.285994 0 
0.0316974 -0.337339 0 
0.0379196 -0.285994 0 
0.0251994 -0.291098 0 
0.0379196 -0.285994 0 
0.0417282 -0.234883 0 
0.0379196 -0.285994 0 
0.0415552 -0.318223 0 
0.0379196 -0.285994 0 
0.0363681 -0.335621 0 
0.0422674 -0.328033 0 
0.0316991 -0.368008 0 
0.0422674 -0.328033 0 
0.0415552 -0.318223 0 
0.0480664 -0.266848 0 
0.0417282 -0.234883 0 
0.0480664 -0.266848 0 
0.0417282 -0.234883 0 
0.0480664 -0.266848 0 
0.0471086 -0.205682 0 
0.0480664 -0.266848 0 
0.021633 -0.139675 0 
0.0264528 -0.221879 0 
0.0324655 -0.188644 0 
0.0264528 -0.221879 0 
0.0324655 -0.188644 0 
0.0264528 -0.221879 0 
0.0379196 -0.285994 0 
0.0264528 -0.221879 0 
0.0379196 -0.285994 0 
0.0264528 -0.221879 0 
0.0251994 -0.291098 0 
0.0264528 -0.221879 0 
0.0251994 -0.291098 0 
0.0264528 -0.221879 0 
0.0174402 -0.209024 0 
0.0264528 -0.221879 0 
0.0174402 -0.209024 0 
0.0264528 -0.221879 0 
0.021633 -0.139675 0 
0.0264528 -0.221879 0 
0.0471086 -0.205682 0 
0.0468661 -0.191472 0 
0.040002 -0.150763 0 
0.0468661 -0.191472 0 
0.040002 -0.150763 0 
0.0468661 -0.191472 0 
0.0388075 -0.147454 0 
0.0468661 -0.191472 0 
0.0388075 -0.147454 0 
0.0468661 -0.191472 0 
0.0448751 -0.184128 0 
0.0468661 -0.191472 0 
0.0448751 -0.184128 0 
0.0468661 -0.191472 0 
0.0504504 -0.232211 0 
0.0468661 -0.191472 0 
0.0504504 -0.232211 0 
0.0468661 -0.191472 0 
0.0471086 -0.205682 0 
0.0468661 -0.191472 0 
0.0282813 -0.194415 0 
0.0232232 -0.197567 0 
0.0174518 -0.183043 0 
0.0232232 -0.197567 0 
0.029346 -0.210995 0 
0.0232232 -0.197567 0 
0.0334008 -0.206723 0 
0.0232232 -0.197567 0 
0.0334008 -0.206723 0 
0.0232232 -0.197567 0 
0.0282813 -0.194415 0 
0.0232232 -0.197567 0 
0.0403575 -0.296823 0 
0.0355139 -0.28635 0 
0.0363052 -0.259934 0 
0.0355139 -0.28635 0 
0.0363681 -0.335621 0 
0.0341619 -0.315187 0 
0.0403575 -0.296823 0 
0.0341619 -0.315187 0 
0.0290765 -0.338023 0 
0.0341619 -0.315187 0 
0.0363681 -0.335621 0 
0.0341619 -0.315187 0 
0.0403575 -0.296823 0 
0.0341619 -0.315187 0 
0.0355139 -0.28635 0 
0.0341619 -0.315187 0 
0.0504504 -0.232211 0 
0.0487254 -0.228535 0 
0.0448751 -0.184128 0 
0.0487254 -0.228535 0 
0.0448751 -0.184128 0 
0.0487254 -0.228535 0 
0.0452227 -0.20556 0 
0.0487254 -0.228535 0 
0.0487254 -0.228535 0 
0.0461996 -0.264868 0 
0.0448404 -0.234192 0 
0.0461996 -0.264868 0 
0.0363052 -0.259934 0 
0.0461996 -0.264868 0 
0.0403575 -0.296823 0 
0.0461996 -0.264868 0 
0.038061 -0.204761 0 
0.0395858 -0.221295 0 
0.0334008 -0.206723 0 
0.0395858 -0.221295 0 
0.0292513 -0.373735 0 
0.0356787 -0.342229 0 
0.0316974 -0.337339 0 
0.0356787 -0.342229 0 
0.0316974 -0.337339 0 
0.0356787 -0.342229 0 
0.0379196 -0.285994 0 
0.0356787 -0.342229 0 
0.0379196 -0.285994 0 
0.0356787 -0.342229 0 
0.0415552 -0.318223 0 
0.0356787 -0.342229 0 
0.0292513 -0.373735 0 
0.0300351 -0.378708 0 
0.0356787 -0.342229 0 
0.0300351 -0.378708 0 
0.0316991 -0.368008 0 
0.0300351 -0.378708 0 
0.0255123 -0.390006 0 
0.0300351 -0.378708 0 
0.0231543 -0.402367 0 
0.0300351 -0.378708 0 
0.0292513 -0.373735 0 
0.0300351 -0.378708 0 
0.0255123 -0.390006 0 
0.0300351 -0.378708 0 
0.0231543 -0.402367 0 
0.0300351 -0.378708 0 
0.0363681 -0.335621 0 
0.0452252 -0.305609 0 
0.0422674 -0.328033 0 
0.0452252 -0.305609 0 
0.0403575 -0.296823 0 
0.0452252 -0.305609 0 
0.0363681 -0.335621 0 
0.0452252 -0.305609 0 
0.0395858 -0.221295 0 
0.0345672 -0.225278 0 
0.0334008 -0.206723 0 
0.0345672 -0.225278 0 
0.0334008 -0.206723 0 
0.0345672 -0.225278 0 
0.029346 -0.210995 0 
0.0345672 -0.225278 0 
0.038061 -0.204761 0 
0.0434804 -0.21511 0 
0.0395858 -0.221295 0 
0.0434804 -0.21511 0 
0.0395858 -0.221295 0 
0.0434804 -0.21511 0 
0.0448404 -0.234192 0 
0.0434804 -0.21511 0 
0.0448404 -0.234192 0 
0.0434804 -0.21511 0 
0.0487254 -0.228535 0 
0.0434804 -0.21511 0 
0.0487254 -0.228535 0 
0.0434804 -0.21511 0 
0.0452227 -0.20556 0 
0.0434804 -0.21511 0 
0.0452227 -0.20556 0 
0.0434804 -0.21511 0 
0.0354097 -0.187023 0 
0.0434804 -0.21511 0 
0.0354097 -0.187023 0 
0.0434804 -0.21511 0 
0.038061 -0.204761 0 
0.0434804 -0.21511 0 
0.0415552 -0.318223 0 
0.0369624 -0.351611 0 
0.0422674 -0.328033 0 
0.0369624 -0.351611 0 
0.0316991 -0.368008 0 
0.0369624 -0.351611 0 
0.0300351 -0.378708 0 
0.0369624 -0.351611 0 
0.0422674 -0.328033 0 
0.0369624 -0.351611 0 
0.0316991 -0.368008 0 
0.0369624 -0.351611 0 
0.0300351 -0.378708 0 
0.0369624 -0.351611 0 
0.0356787 -0.342229 0 
0.0369624 -0.351611 0 
0.0356787 -0.342229 0 
0.0369624 -0.351611 0 
0.0415552 -0.318223 0 
0.0369624 -0.351611 0 
0.0403575 -0.296823 0 
0.0463808 -0.2859 0 
0.0452252 -0.305609 0 
0.0463808 -0.2859 0 
0.0461996 -0.264868 0 
0.0463808 -0.2859 0 
0.0403575 -0.296823 0 
0.0463808 -0.2859 0 
0.0452252 -0.305609 0 
0.0474236 -0.294763 0 
0.0422674 -0.328033 0 
0.0474236 -0.294763 0 
0.0415552 -0.318223 0 
0.0474236 -0.294763 0 
0.0480664 -0.266848 0 
0.0474236 -0.294763 0 
0.0422674 -0.328033 0 
0.0474236 -0.294763 0 
0.0415552 -0.318223 0 
0.0474236 -0.294763 0 
0.0395858 -0.221295 0 
0.0367997 -0.241592 0 
0.0345672 -0.225278 0 
0.0367997 -0.241592 0 
0.0448404 -0.234192 0 
0.0367997 -0.241592 0 
0.0395858 -0.221295 0 
0.0367997 -0.241592 0 
0.0461996 -0.264868 0 
0.0499549 -0.259569 0 
0.0463808 -0.2859 0 
0.0499549 -0.259569 0 
0.0487254 -0.228535 0 
0.0499549 -0.259569 0 
0.0461996 -0.264868 0 
0.0499549 -0.259569 0 
0.0504504 -0.232211 0 
0.0499549 -0.259569 0 
0.0487254 -0.228535 0 
0.0499549 -0.259569 0 
0.0463808 -0.2859 0 
0.0499549 -0.259569 0 
0.0452252 -0.305609 0 
0.0499549 -0.259569 0 
0.0448404 -0.234192 0 
0.0429882 -0.251913 0 
0.0367997 -0.241592 0 
0.0429882 -0.251913 0 
0.0461996 -0.264868 0 
0.0429882 -0.251913 0 
0.0448404 -0.234192 0 
0.0429882 -0.251913 0 
0.0367997 -0.241592 0 
0.0429882 -0.251913 0 
0.0363052 -0.259934 0 
0.0429882 -0.251913 0 
0.0363052 -0.259934 0 
0.0429882 -0.251913 0 
0.0461996 -0.264868 0 
0.0429882 -0.251913 0 
0.0504504 -0.232211 0 
0.0501955 -0.261494 0 
0.0499549 -0.259569 0 
0.0501955 -0.261494 0 
0.0474236 -0.294763 0 
0.0501955 -0.261494 0 
0.0480664 -0.266848 0 
0.0501955 -0.261494 0 
0.0480664 -0.266848 0 
0.0501955 -0.261494 0 
0.0471086 -0.205682 0 
0.0501955 -0.261494 0 
0.0471086 -0.205682 0 
0.0501955 -0.261494 0 
0.0504504 -0.232211 0 
0.0501955 -0.261494 0 
0.0499549 -0.259569 0 
0.0501955 -0.261494 0 
0.0452252 -0.305609 0 
0.0501955 -0.261494 0 
0.0452252 -0.305609 0 
0.0501955 -0.261494 0 
0.0474236 -0.294763 0 
0.0501955 -0.261494 0 
0.0297143 -0.137394 0 
0.0276778 -0.151103 0 
0.243645 0.217586 0 
0.0276778 -0.151103 0 
0.0276778 -0.151103 0 
0.0264591 -0.164036 0 
0.121883 0.0296888 0 
0.0264591 -0.164036 0 
0.121883 0.0296888 0 
0.243645 0.217586 0 
0.0276778 -0.151103 0 
0.243645 0.217586 0 
0.0284339 -0.368327 0 
0.0204482 -0.377852 0 
0.0371954 -0.382158 0 
0.0204482 -0.377852 0 
41.3234 -5.35827 0 
42.3998 -7.3022 0 
40.2269 -7.33591 0 
42.3998 -7.3022 0 
40.2269 -7.33591 0 
41.1396 -8.9979 0 
39.2595 -9.01397 0 
41.1396 -8.9979 0 
41.1396 -8.9979 0 
40.2269 -7.33591 0 
42.3998 -7.3022 0 
40.2269 -7.33591 0 
37.6789 -10.6617 0 
37.7347 -11.3479 0 
36.2244 -11.5341 0 
37.7347 -11.3479 0 
36.2244 -11.5341 0 
36.0024 -12.1013 0 
34.6284 -12.4811 0 
36.0024 -12.1013 0 
36.0024 -12.1013 0 
36.2244 -11.5341 0 
37.7347 -11.3479 0 
36.2244 -11.5341 0 
39.2595 -9.01397 0 
38.928 -10.5626 0 
38.6165 -9.8302 0 
38.928 -10.5626 0 
38.6165 -9.8302 0 
37.7347 -11.3479 0 
37.6789 -10.6617 0 
37.7347 -11.3479 0 
37.7347 -11.3479 0 
38.6165 -9.8302 0 
38.928 -10.5626 0 
38.6165 -9.8302 0 
0.0174518 -0.183043 0 
0.021188 -0.182132 0 
0.0168842 -0.179369 0 
0.021188 -0.182132 0 
0.0168842 -0.179369 0 
0.061011 -0.101 0 
0.0264591 -0.164036 0 
0.061011 -0.101 0 
0.021188 -0.182132 0 
0.167382 0.128387 0 
0.061011 -0.101 0 
0.167382 0.128387 0 
0.061011 -0.101 0 
0.0168842 -0.179369 0 
0.021188 -0.182132 0 
0.0168842 -0.179369 0 
0.0264591 -0.164036 0 
0.061011 -0.101 0 
0.121883 0.0296888 0 
0.061011 -0.101 0 
0.0666852 -0.32859 0 
0.0290765 -0.338023 0 
0.176252 -0.335838 0 
0.0290765 -0.338023 0 
0.176252 -0.335838 0 
0.0290765 -0.338023 0 
0.0340393 -0.348446 0 
0.0290765 -0.338023 0 
53.5136 20.9266 0 
56.7927 13.8097 0 
50.619 14.4851 0 
56.7927 13.8097 0 
56.7927 13.8097 0 
53.5136 20.9266 0 
60.7024 20.3843 0 
53.5136 20.9266 0 
47.0559 4.97307 0 
48.5939 1.9206 0 
45.4823 1.98652 0 
48.5939 1.9206 0 
45.4823 1.98652 0 
47.0251 -0.64831 0 
44.0153 -0.599713 0 
47.0251 -0.64831 0 
47.0251 -0.64831 0 
45.4823 1.98652 0 
48.5939 1.9206 0 
45.4823 1.98652 0 
41.3234 -5.35827 0 
43.1266 -5.70667 0 
42.3998 -7.3022 0 
43.1266 -5.70667 0 
44.0153 -0.599713 0 
44.6562 -3.48327 0 
42.6131 -3.07274 0 
44.6562 -3.48327 0 
42.6131 -3.07274 0 
43.1266 -5.70667 0 
41.3234 -5.35827 0 
43.1266 -5.70667 0 
43.1266 -5.70667 0 
42.6131 -3.07274 0 
44.6562 -3.48327 0 
42.6131 -3.07274 0 
0.0130346 -0.397188 0 
0.0199438 -0.393696 0 
0.0155041 -0.392723 0 
0.0199438 -0.393696 0 
0.0199438 -0.393696 0 
0.0130346 -0.397188 0 
0.456855 -0.541052 0 
0.0130346 -0.397188 0 
0.0155041 -0.392723 0 
0.0199438 -0.393696 0 
0.0179347 -0.385612 0 
0.0199438 -0.393696 0 
0.0179347 -0.385612 0 
0.026555 -0.38664 0 
0.0204482 -0.377852 0 
0.026555 -0.38664 0 
0.026555 -0.38664 0 
0.0179347 -0.385612 0 
0.0199438 -0.393696 0 
0.0179347 -0.385612 0 
0.0204482 -0.377852 0 
0.026555 -0.38664 0 
0.0371954 -0.382158 0 
0.026555 -0.38664 0 
0.0174518 -0.183043 0 
0.0199021 -0.189927 0 
0.021188 -0.182132 0 
0.0199021 -0.189927 0 
0.021188 -0.182132 0 
0.0436128 -0.173588 0 
0.167382 0.128387 0 
0.0436128 -0.173588 0 
0.0199021 -0.189927 0 
0.0232232 -0.197567 0 
0.0436128 -0.173588 0 
0.0232232 -0.197567 0 
0.0436128 -0.173588 0 
0.021188 -0.182132 0 
0.0199021 -0.189927 0 
0.021188 -0.182132 0 
0.0436128 -0.173588 0 
0.0232232 -0.197567 0 
0.076229 -0.163449 0 
0.0232232 -0.197567 0 
0.115763 -0.151467 0 
0.0260524 -0.204491 0 
0.029346 -0.210995 0 
0.0260524 -0.204491 0 
0.076229 -0.163449 0 
0.0232232 -0.197567 0 
0.0260524 -0.204491 0 
0.0232232 -0.197567 0 
0.0260524 -0.204491 0 
0.115763 -0.151467 0 
0.076229 -0.163449 0 
0.115763 -0.151467 0 
0.0666852 -0.32859 0 
0.0313396 -0.32643 0 
0.0290765 -0.338023 0 
0.0313396 -0.32643 0 
0.0475783 -0.313271 0 
0.0341619 -0.315187 0 
0.0313396 -0.32643 0 
0.0341619 -0.315187 0 
0.0313396 -0.32643 0 
0.0666852 -0.32859 0 
0.0475783 -0.313271 0 
0.0666852 -0.32859 0 
0.0355139 -0.28635 0 
0.0343089 -0.301238 0 
0.167545 -0.280944 0 
0.0343089 -0.301238 0 
0.0343089 -0.301238 0 
0.0341619 -0.315187 0 
0.0475783 -0.313271 0 
0.0341619 -0.315187 0 
0.0475783 -0.313271 0 
0.167545 -0.280944 0 
0.0343089 -0.301238 0 
0.167545 -0.280944 0 
0.0526925 -0.210018 0 
0.183256 -0.0764972 0 
0.029346 -0.210995 0 
0.183256 -0.0764972 0 
0.029346 -0.210995 0 
0.183256 -0.0764972 0 
0.115763 -0.151467 0 
0.183256 -0.0764972 0 
47.0559 4.97307 0 
48.9484 4.55347 0 
48.5939 1.9206 0 
48.9484 4.55347 0 
48.9484 4.55347 0 
51.0532 4.3529 0 
50.3226 1.7456 0 
51.0532 4.3529 0 
50.3226 1.7456 0 
48.5939 1.9206 0 
48.9484 4.55347 0 
48.5939 1.9206 0 
48.6549 9.14684 0 
49.9368 6.18784 0 
47.9065 6.93388 0 
49.9368 6.18784 0 
47.9065 6.93388 0 
48.9484 4.55347 0 
47.0559 4.97307 0 
48.9484 4.55347 0 
49.9368 6.18784 0 
51.0532 4.3529 0 
48.9484 4.55347 0 
51.0532 4.3529 0 
48.9484 4.55347 0 
47.9065 6.93388 0 
49.9368 6.18784 0 
47.9065 6.93388 0 
44.0153 -0.599713 0 
45.4761 -1.80702 0 
44.6562 -3.48327 0 
45.4761 -1.80702 0 
45.4761 -1.80702 0 
46.6913 -2.8975 0 
45.7057 -4.47323 0 
46.6913 -2.8975 0 
45.7057 -4.47323 0 
44.6562 -3.48327 0 
45.4761 -1.80702 0 
44.6562 -3.48327 0 
47.0251 -0.64831 0 
45.4761 -1.80702 0 
44.0153 -0.599713 0 
45.4761 -1.80702 0 
48.1191 -1.74408 0 
46.6913 -2.8975 0 
45.4761 -1.80702 0 
46.6913 -2.8975 0 
45.4761 -1.80702 0 
47.0251 -0.64831 0 
48.1191 -1.74408 0 
47.0251 -0.64831 0 
0.0363052 -0.259934 0 
0.114062 -0.241137 0 
0.0714021 -0.24724 0 
0.114062 -0.241137 0 
0.0355139 -0.28635 0 
0.576155 -0.283738 0 
0.0342329 -0.273258 0 
0.576155 -0.283738 0 
0.0342329 -0.273258 0 
0.114062 -0.241137 0 
0.0363052 -0.259934 0 
0.114062 -0.241137 0 
0.029346 -0.210995 0 
0.0320417 -0.218649 0 
0.0526925 -0.210018 0 
0.0320417 -0.218649 0 
0.0526925 -0.210018 0 
0.0390026 -0.225766 0 
0.165177 -0.154039 0 
0.0390026 -0.225766 0 
0.0320417 -0.218649 0 
0.0345672 -0.225278 0 
0.0390026 -0.225766 0 
0.0345672 -0.225278 0 
0.0390026 -0.225766 0 
0.0526925 -0.210018 0 
0.0320417 -0.218649 0 
0.0526925 -0.210018 0 
56.7927 13.8097 0 
53.3231 11.254 0 
50.619 14.4851 0 
53.3231 11.254 0 
48.6549 9.14684 0 
51.7969 8.67076 0 
49.9368 6.18784 0 
51.7969 8.67076 0 
49.9368 6.18784 0 
52.8395 6.47479 0 
51.0532 4.3529 0 
52.8395 6.47479 0 
52.8395 6.47479 0 
49.9368 6.18784 0 
51.7969 8.67076 0 
49.9368 6.18784 0 
50.619 14.4851 0 
53.3231 11.254 0 
49.523 11.6572 0 
53.3231 11.254 0 
49.523 11.6572 0 
51.7969 8.67076 0 
48.6549 9.14684 0 
51.7969 8.67076 0 
51.7969 8.67076 0 
49.523 11.6572 0 
53.3231 11.254 0 
49.523 11.6572 0 
0.0345672 -0.225278 0 
0.0357769 -0.233463 0 
0.0390026 -0.225766 0 
0.0357769 -0.233463 0 
0.0390026 -0.225766 0 
0.0403951 -0.236215 0 
0.165177 -0.154039 0 
0.0403951 -0.236215 0 
0.0357769 -0.233463 0 
0.0367997 -0.241592 0 
0.0403951 -0.236215 0 
0.0367997 -0.241592 0 
0.0403951 -0.236215 0 
0.0390026 -0.225766 0 
0.0357769 -0.233463 0 
0.0390026 -0.225766 0 
0.0403951 -0.236215 0 
0.0367997 -0.241592 0 
0.0532672 -0.240866 0 
0.0367997 -0.241592 0 
0.0714021 -0.24724 0 
0.0363717 -0.250768 0 
0.0363052 -0.259934 0 
0.0363717 -0.250768 0 
0.0532672 -0.240866 0 
0.0367997 -0.241592 0 
0.0363717 -0.250768 0 
0.0367997 -0.241592 0 
0.0363717 -0.250768 0 
0.0714021 -0.24724 0 
0.0532672 -0.240866 0 
0.0714021 -0.24724 0 
24.4035 -15.6877 0 
20.0793 -12.9681 0 
20.9747 -12.2423 0 
20.0793 -12.9681 0 
20.9747 -12.2423 0 
8.67157 -5.24535 0 
8.55098 -5.33164 0 
8.67157 -5.24535 0 
20.0793 -12.9681 0 
8.33522 -5.39785 0 
8.67157 -5.24535 0 
8.33522 -5.39785 0 
8.67157 -5.24535 0 
20.9747 -12.2423 0 
20.0793 -12.9681 0 
20.9747 -12.2423 0 
8.55098 -5.33164 0 
1.04416 -0.996044 0 
1.04203 -1.0025 0 
1.04416 -0.996044 0 
1.04203 -1.0025 0 
0.00843011 -0.406027 0 
0.00581727 -0.406146 0 
0.00843011 -0.406027 0 
1.04416 -0.996044 0 
0.0121338 -0.405186 0 
0.00843011 -0.406027 0 
0.0121338 -0.405186 0 
0.00843011 -0.406027 0 
1.04203 -1.0025 0 
1.04416 -0.996044 0 
1.04203 -1.0025 0 
8.33522 -5.39785 0 
1.02612 -0.958758 0 
1.04857 -0.970091 0 
1.02612 -0.958758 0 
1.04857 -0.970091 0 
0.0141333 -0.404448 0 
0.0121338 -0.405186 0 
0.0141333 -0.404448 0 
1.02612 -0.958758 0 
0.018425 -0.402551 0 
0.0141333 -0.404448 0 
0.018425 -0.402551 0 
0.0141333 -0.404448 0 
1.04857 -0.970091 0 
1.02612 -0.958758 0 
1.04857 -0.970091 0 
0.0121338 -0.405186 0 
1.04416 -0.996044 0 
1.04857 -0.970091 0 
1.04416 -0.996044 0 
1.04857 -0.970091 0 
8.67157 -5.24535 0 
8.33522 -5.39785 0 
8.67157 -5.24535 0 
1.04416 -0.996044 0 
8.55098 -5.33164 0 
8.67157 -5.24535 0 
8.55098 -5.33164 0 
8.67157 -5.24535 0 
1.04857 -0.970091 0 
1.04416 -0.996044 0 
1.04857 -0.970091 0 
0.243645 0.217586 0 
0.180005 0.107244 0 
1.18512 1.78754 0 
0.180005 0.107244 0 
1.18512 1.78754 0 
0.658609 0.928701 0 
4.34086 7.11137 0 
0.658609 0.928701 0 
0.180005 0.107244 0 
0.121883 0.0296888 0 
0.658609 0.928701 0 
0.121883 0.0296888 0 
0.658609 0.928701 0 
1.18512 1.78754 0 
0.180005 0.107244 0 
1.18512 1.78754 0 
0.0492803 -0.360355 0 
0.0329 -0.367643 0 
0.434614 -0.456234 0 
0.0329 -0.367643 0 
0.434614 -0.456234 0 
0.100988 -0.383781 0 
1.73735 -0.761997 0 
0.100988 -0.383781 0 
0.0329 -0.367643 0 
0.0284339 -0.368327 0 
0.100988 -0.383781 0 
0.0284339 -0.368327 0 
0.100988 -0.383781 0 
0.434614 -0.456234 0 
0.0329 -0.367643 0 
0.434614 -0.456234 0 
1.73735 -0.761997 0 
0.500967 -0.468137 0 
4.81033 -1.61304 0 
0.500967 -0.468137 0 
4.81033 -1.61304 0 
1.46936 -0.769753 0 
10.2367 -3.46777 0 
1.46936 -0.769753 0 
0.500967 -0.468137 0 
0.0371954 -0.382158 0 
1.46936 -0.769753 0 
0.0371954 -0.382158 0 
1.46936 -0.769753 0 
4.81033 -1.61304 0 
0.500967 -0.468137 0 
4.81033 -1.61304 0 
0.0371954 -0.382158 0 
0.500967 -0.468137 0 
0.0283781 -0.375666 0 
0.500967 -0.468137 0 
0.0283781 -0.375666 0 
0.100988 -0.383781 0 
0.0284339 -0.368327 0 
0.100988 -0.383781 0 
0.500967 -0.468137 0 
1.73735 -0.761997 0 
0.100988 -0.383781 0 
1.73735 -0.761997 0 
0.100988 -0.383781 0 
0.0283781 -0.375666 0 
0.500967 -0.468137 0 
0.0283781 -0.375666 0 
10.2367 -3.46777 0 
18.5289 -5.16787 0 
4.81033 -1.61304 0 
18.5289 -5.16787 0 
4.81033 -1.61304 0 
10.1981 -2.79864 0 
1.73735 -0.761997 0 
10.1981 -2.79864 0 
18.5289 -5.16787 0 
26.0876 -6.72325 0 
10.1981 -2.79864 0 
26.0876 -6.72325 0 
10.1981 -2.79864 0 
4.81033 -1.61304 0 
18.5289 -5.16787 0 
4.81033 -1.61304 0 
1.73735 -0.761997 0 
4.50592 -1.34544 0 
0.434614 -0.456234 0 
4.50592 -1.34544 0 
0.434614 -0.456234 0 
1.35392 -0.641077 0 
0.0492803 -0.360355 0 
1.35392 -0.641077 0 
4.50592 -1.34544 0 
8.74209 -2.21156 0 
1.35392 -0.641077 0 
8.74209 -2.21156 0 
1.35392 -0.641077 0 
0.434614 -0.456234 0 
4.50592 -1.34544 0 
0.434614 -0.456234 0 
26.0876 -6.72325 0 
32.6707 -7.43985 0 
17.2323 -4.07456 0 
32.6707 -7.43985 0 
17.2323 -4.07456 0 
24.7432 -5.5121 0 
8.74209 -2.21156 0 
24.7432 -5.5121 0 
32.6707 -7.43985 0 
37.6483 -7.70103 0 
24.7432 -5.5121 0 
37.6483 -7.70103 0 
24.7432 -5.5121 0 
17.2323 -4.07456 0 
32.6707 -7.43985 0 
17.2323 -4.07456 0 
8.74209 -2.21156 0 
4.50592 -1.34544 0 
17.2323 -4.07456 0 
4.50592 -1.34544 0 
17.2323 -4.07456 0 
10.1981 -2.79864 0 
26.0876 -6.72325 0 
10.1981 -2.79864 0 
4.50592 -1.34544 0 
1.73735 -0.761997 0 
10.1981 -2.79864 0 
1.73735 -0.761997 0 
10.1981 -2.79864 0 
17.2323 -4.07456 0 
4.50592 -1.34544 0 
17.2323 -4.07456 0 
39.2595 -9.01397 0 
40.2168 -9.02173 0 
39.8125 -9.87216 0 
40.2168 -9.02173 0 
39.8125 -9.87216 0 
40.2653 -9.72632 0 
38.5792 -10.235 0 
40.2653 -9.72632 0 
40.2168 -9.02173 0 
41.1396 -8.9979 0 
40.2653 -9.72632 0 
41.1396 -8.9979 0 
40.2653 -9.72632 0 
39.8125 -9.87216 0 
40.2168 -9.02173 0 
39.8125 -9.87216 0 
38.5792 -10.235 0 
34.6239 -9.11992 0 
29.0396 -8.29287 0 
34.6239 -9.11992 0 
29.0396 -8.29287 0 
18.5289 -5.16787 0 
10.2367 -3.46777 0 
18.5289 -5.16787 0 
34.6239 -9.11992 0 
26.0876 -6.72325 0 
18.5289 -5.16787 0 
26.0876 -6.72325 0 
18.5289 -5.16787 0 
29.0396 -8.29287 0 
34.6239 -9.11992 0 
29.0396 -8.29287 0 
41.1396 -8.9979 0 
41.0199 -8.76888 0 
38.5795 -9.1276 0 
41.0199 -8.76888 0 
38.5795 -9.1276 0 
32.6707 -7.43985 0 
26.0876 -6.72325 0 
32.6707 -7.43985 0 
41.0199 -8.76888 0 
37.6483 -7.70103 0 
32.6707 -7.43985 0 
37.6483 -7.70103 0 
32.6707 -7.43985 0 
38.5795 -9.1276 0 
41.0199 -8.76888 0 
38.5795 -9.1276 0 
26.0876 -6.72325 0 
34.6239 -9.11992 0 
38.5795 -9.1276 0 
34.6239 -9.11992 0 
38.5795 -9.1276 0 
40.2653 -9.72632 0 
41.1396 -8.9979 0 
40.2653 -9.72632 0 
34.6239 -9.11992 0 
38.5792 -10.235 0 
40.2653 -9.72632 0 
38.5792 -10.235 0 
40.2653 -9.72632 0 
38.5795 -9.1276 0 
34.6239 -9.11992 0 
38.5795 -9.1276 0 
42.3998 -7.3022 0 
42.1459 -7.988 0 
41.7243 -8.18405 0 
42.1459 -7.988 0 
41.7243 -8.18405 0 
41.0199 -8.76888 0 
41.1396 -8.9979 0 
41.0199 -8.76888 0 
42.1459 -7.988 0 
37.6483 -7.70103 0 
41.0199 -8.76888 0 
37.6483 -7.70103 0 
41.0199 -8.76888 0 
41.7243 -8.18405 0 
42.1459 -7.988 0 
41.7243 -8.18405 0 
24.4035 -15.6877 0 
25.1657 -15.3493 0 
20.0793 -12.9681 0 
25.1657 -15.3493 0 
20.0793 -12.9681 0 
18.4344 -11.2728 0 
8.33522 -5.39785 0 
18.4344 -11.2728 0 
25.1657 -15.3493 0 
26.1399 -14.2882 0 
18.4344 -11.2728 0 
26.1399 -14.2882 0 
18.4344 -11.2728 0 
20.0793 -12.9681 0 
25.1657 -15.3493 0 
20.0793 -12.9681 0 
8.33522 -5.39785 0 
6.39406 -3.98787 0 
1.02612 -0.958758 0 
6.39406 -3.98787 0 
1.02612 -0.958758 0 
0.694618 -0.743143 0 
0.018425 -0.402551 0 
0.694618 -0.743143 0 
6.39406 -3.98787 0 
4.46527 -2.66667 0 
0.694618 -0.743143 0 
4.46527 -2.66667 0 
0.694618 -0.743143 0 
1.02612 -0.958758 0 
6.39406 -3.98787 0 
1.02612 -0.958758 0 
26.1399 -14.2882 0 
25.8059 -12.8057 0 
16.2414 -9.11979 0 
25.8059 -12.8057 0 
16.2414 -9.11979 0 
13.4356 -6.84794 0 
4.46527 -2.66667 0 
13.4356 -6.84794 0 
25.8059 -12.8057 0 
24.0547 -11.0843 0 
13.4356 -6.84794 0 
24.0547 -11.0843 0 
13.4356 -6.84794 0 
16.2414 -9.11979 0 
25.8059 -12.8057 0 
16.2414 -9.11979 0 
4.46527 -2.66667 0 
6.39406 -3.98787 0 
16.2414 -9.11979 0 
6.39406 -3.98787 0 
16.2414 -9.11979 0 
18.4344 -11.2728 0 
26.1399 -14.2882 0 
18.4344 -11.2728 0 
6.39406 -3.98787 0 
8.33522 -5.39785 0 
18.4344 -11.2728 0 
8.33522 -5.39785 0 
18.4344 -11.2728 0 
16.2414 -9.11979 0 
6.39406 -3.98787 0 
16.2414 -9.11979 0 
34.6284 -12.4811 0 
34.0555 -12.9711 0 
32.3116 -13.3396 0 
34.0555 -12.9711 0 
32.3116 -13.3396 0 
31.5807 -13.6743 0 
29.6827 -14.0505 0 
31.5807 -13.6743 0 
34.0555 -12.9711 0 
32.6359 -13.0857 0 
31.5807 -13.6743 0 
32.6359 -13.0857 0 
31.5807 -13.6743 0 
32.3116 -13.3396 0 
34.0555 -12.9711 0 
32.3116 -13.3396 0 
29.6827 -14.0505 0 
28.55 -14.2595 0 
26.182 -14.8069 0 
28.55 -14.2595 0 
26.182 -14.8069 0 
25.1657 -15.3493 0 
24.4035 -15.6877 0 
25.1657 -15.3493 0 
28.55 -14.2595 0 
26.1399 -14.2882 0 
25.1657 -15.3493 0 
26.1399 -14.2882 0 
25.1657 -15.3493 0 
26.182 -14.8069 0 
28.55 -14.2595 0 
26.182 -14.8069 0 
32.6359 -13.0857 0 
30.1197 -12.8132 0 
29.884 -13.5772 0 
30.1197 -12.8132 0 
29.884 -13.5772 0 
25.8059 -12.8057 0 
26.1399 -14.2882 0 
25.8059 -12.8057 0 
30.1197 -12.8132 0 
24.0547 -11.0843 0 
25.8059 -12.8057 0 
24.0547 -11.0843 0 
25.8059 -12.8057 0 
29.884 -13.5772 0 
30.1197 -12.8132 0 
29.884 -13.5772 0 
26.1399 -14.2882 0 
28.55 -14.2595 0 
29.884 -13.5772 0 
28.55 -14.2595 0 
29.884 -13.5772 0 
31.5807 -13.6743 0 
32.6359 -13.0857 0 
31.5807 -13.6743 0 
28.55 -14.2595 0 
29.6827 -14.0505 0 
31.5807 -13.6743 0 
29.6827 -14.0505 0 
31.5807 -13.6743 0 
29.884 -13.5772 0 
28.55 -14.2595 0 
29.884 -13.5772 0 
44.9168 80.8466 0 
30.6453 64.4626 0 
52.6196 98.3462 0 
30.6453 64.4626 0 
52.6196 98.3462 0 
42.2393 84.6719 0 
55.7005 110.485 0 
42.2393 84.6719 0 
30.6453 64.4626 0 
23.0597 41.7308 0 
42.2393 84.6719 0 
23.0597 41.7308 0 
42.2393 84.6719 0 
52.6196 98.3462 0 
30.6453 64.4626 0 
52.6196 98.3462 0 
55.7005 110.485 0 
55.4758 93.028 0 
58.7209 115.559 0 
55.4758 93.028 0 
58.7209 115.559 0 
67.2043 83.1393 0 
68.9247 101.723 0 
67.2043 83.1393 0 
55.4758 93.028 0 
48.9015 53.9076 0 
67.2043 83.1393 0 
48.9015 53.9076 0 
67.2043 83.1393 0 
58.7209 115.559 0 
55.4758 93.028 0 
58.7209 115.559 0 
23.0597 41.7308 0 
14.1344 18.9786 0 
36.2596 52.8531 0 
14.1344 18.9786 0 
36.2596 52.8531 0 
21.3057 21.9607 0 
48.9015 53.9076 0 
21.3057 21.9607 0 
14.1344 18.9786 0 
5.91183 5.17451 0 
21.3057 21.9607 0 
5.91183 5.17451 0 
21.3057 21.9607 0 
36.2596 52.8531 0 
14.1344 18.9786 0 
36.2596 52.8531 0 
48.9015 53.9076 0 
55.4758 93.028 0 
36.2596 52.8531 0 
55.4758 93.028 0 
36.2596 52.8531 0 
42.2393 84.6719 0 
23.0597 41.7308 0 
42.2393 84.6719 0 
55.4758 93.028 0 
55.7005 110.485 0 
42.2393 84.6719 0 
55.7005 110.485 0 
42.2393 84.6719 0 
36.2596 52.8531 0 
55.4758 93.028 0 
36.2596 52.8531 0 
37.6483 -7.70103 0 
35.1549 -6.48814 0 
24.7432 -5.5121 0 
35.1549 -6.48814 0 
24.7432 -5.5121 0 
19.3095 -3.83701 0 
8.74209 -2.21156 0 
19.3095 -3.83701 0 
35.1549 -6.48814 0 
30.9859 -5.13218 0 
19.3095 -3.83701 0 
30.9859 -5.13218 0 
19.3095 -3.83701 0 
24.7432 -5.5121 0 
35.1549 -6.48814 0 
24.7432 -5.5121 0 
8.74209 -2.21156 0 
5.76014 -1.37604 0 
1.35392 -0.641077 0 
5.76014 -1.37604 0 
1.35392 -0.641077 0 
0.738459 -0.437584 0 
0.0492803 -0.360355 0 
0.738459 -0.437584 0 
5.76014 -1.37604 0 
3.42446 -0.761914 0 
0.738459 -0.437584 0 
3.42446 -0.761914 0 
0.738459 -0.437584 0 
1.35392 -0.641077 0 
5.76014 -1.37604 0 
1.35392 -0.641077 0 
30.9859 -5.13218 0 
25.2264 -3.58218 0 
13.9672 -2.50445 0 
25.2264 -3.58218 0 
13.9672 -2.50445 0 
9.38287 -1.55139 0 
3.42446 -0.761914 0 
9.38287 -1.55139 0 
25.2264 -3.58218 0 
18.4866 -2.64859 0 
9.38287 -1.55139 0 
18.4866 -2.64859 0 
9.38287 -1.55139 0 
13.9672 -2.50445 0 
25.2264 -3.58218 0 
13.9672 -2.50445 0 
3.42446 -0.761914 0 
5.76014 -1.37604 0 
13.9672 -2.50445 0 
5.76014 -1.37604 0 
13.9672 -2.50445 0 
19.3095 -3.83701 0 
30.9859 -5.13218 0 
19.3095 -3.83701 0 
5.76014 -1.37604 0 
8.74209 -2.21156 0 
19.3095 -3.83701 0 
8.74209 -2.21156 0 
19.3095 -3.83701 0 
13.9672 -2.50445 0 
5.76014 -1.37604 0 
13.9672 -2.50445 0 
37.7347 -11.3479 0 
36.6176 -11.3322 0 
36.8457 -11.7697 0 
36.6176 -11.3322 0 
36.8457 -11.7697 0 
35.5438 -11.6073 0 
36.0024 -12.1013 0 
35.5438 -11.6073 0 
36.6176 -11.3322 0 
33.7762 -10.8416 0 
35.5438 -11.6073 0 
33.7762 -10.8416 0 
35.5438 -11.6073 0 
36.8457 -11.7697 0 
36.6176 -11.3322 0 
36.8457 -11.7697 0 
38.928 -10.5626 0 
37.6964 -10.993 0 
38.419 -10.9376 0 
37.6964 -10.993 0 
38.419 -10.9376 0 
36.6176 -11.3322 0 
37.7347 -11.3479 0 
36.6176 -11.3322 0 
37.6964 -10.993 0 
33.7762 -10.8416 0 
36.6176 -11.3322 0 
33.7762 -10.8416 0 
36.6176 -11.3322 0 
38.419 -10.9376 0 
37.6964 -10.993 0 
38.419 -10.9376 0 
10.2367 -3.46777 0 
17.7125 -5.88727 0 
29.0396 -8.29287 0 
17.7125 -5.88727 0 
29.0396 -8.29287 0 
33.7491 -9.63937 0 
38.5792 -10.235 0 
33.7491 -9.63937 0 
17.7125 -5.88727 0 
24.8096 -8.10252 0 
33.7491 -9.63937 0 
24.8096 -8.10252 0 
33.7491 -9.63937 0 
29.0396 -8.29287 0 
17.7125 -5.88727 0 
29.0396 -8.29287 0 
38.5792 -10.235 0 
39.0681 -10.4736 0 
39.8125 -9.87216 0 
39.0681 -10.4736 0 
39.8125 -9.87216 0 
39.2533 -9.84412 0 
39.2595 -9.01397 0 
39.2533 -9.84412 0 
39.0681 -10.4736 0 
38.928 -10.5626 0 
39.2533 -9.84412 0 
38.928 -10.5626 0 
39.2533 -9.84412 0 
39.8125 -9.87216 0 
39.0681 -10.4736 0 
39.8125 -9.87216 0 
24.8096 -8.10252 0 
30.337 -9.76116 0 
36.5209 -10.4856 0 
30.337 -9.76116 0 
36.5209 -10.4856 0 
37.6964 -10.993 0 
38.928 -10.5626 0 
37.6964 -10.993 0 
30.337 -9.76116 0 
33.7762 -10.8416 0 
37.6964 -10.993 0 
33.7762 -10.8416 0 
37.6964 -10.993 0 
36.5209 -10.4856 0 
30.337 -9.76116 0 
36.5209 -10.4856 0 
38.928 -10.5626 0 
39.0681 -10.4736 0 
36.5209 -10.4856 0 
39.0681 -10.4736 0 
36.5209 -10.4856 0 
33.7491 -9.63937 0 
24.8096 -8.10252 0 
33.7491 -9.63937 0 
39.0681 -10.4736 0 
38.5792 -10.235 0 
33.7491 -9.63937 0 
38.5792 -10.235 0 
33.7491 -9.63937 0 
36.5209 -10.4856 0 
39.0681 -10.4736 0 
36.5209 -10.4856 0 
34.6284 -12.4811 0 
35.5144 -12.3615 0 
34.0555 -12.9711 0 
35.5144 -12.3615 0 
34.0555 -12.9711 0 
34.4566 -12.5895 0 
32.6359 -13.0857 0 
34.4566 -12.5895 0 
35.5144 -12.3615 0 
36.0024 -12.1013 0 
34.4566 -12.5895 0 
36.0024 -12.1013 0 
34.4566 -12.5895 0 
34.0555 -12.9711 0 
35.5144 -12.3615 0 
34.0555 -12.9711 0 
32.6359 -13.0857 0 
32.1665 -12.3715 0 
30.1197 -12.8132 0 
32.1665 -12.3715 0 
30.1197 -12.8132 0 
27.3275 -11.4183 0 
24.0547 -11.0843 0 
27.3275 -11.4183 0 
32.1665 -12.3715 0 
29.96 -11.3198 0 
27.3275 -11.4183 0 
29.96 -11.3198 0 
27.3275 -11.4183 0 
30.1197 -12.8132 0 
32.1665 -12.3715 0 
30.1197 -12.8132 0 
36.0024 -12.1013 0 
35.5438 -11.6073 0 
33.9841 -11.9418 0 
35.5438 -11.6073 0 
33.9841 -11.9418 0 
32.0873 -11.0529 0 
29.96 -11.3198 0 
32.0873 -11.0529 0 
35.5438 -11.6073 0 
33.7762 -10.8416 0 
32.0873 -11.0529 0 
33.7762 -10.8416 0 
32.0873 -11.0529 0 
33.9841 -11.9418 0 
35.5438 -11.6073 0 
33.9841 -11.9418 0 
29.96 -11.3198 0 
32.1665 -12.3715 0 
33.9841 -11.9418 0 
32.1665 -12.3715 0 
33.9841 -11.9418 0 
34.4566 -12.5895 0 
36.0024 -12.1013 0 
34.4566 -12.5895 0 
32.1665 -12.3715 0 
32.6359 -13.0857 0 
34.4566 -12.5895 0 
32.6359 -13.0857 0 
34.4566 -12.5895 0 
33.9841 -11.9418 0 
32.1665 -12.3715 0 
33.9841 -11.9418 0 
0.121883 0.0296888 0 
0.259192 0.301651 0 
0.658609 0.928701 0 
0.259192 0.301651 0 
0.658609 0.928701 0 
1.94069 3.32347 0 
4.34086 7.11137 0 
1.94069 3.32347 0 
0.259192 0.301651 0 
0.820223 1.3646 0 
1.94069 3.32347 0 
0.820223 1.3646 0 
1.94069 3.32347 0 
0.658609 0.928701 0 
0.259192 0.301651 0 
0.658609 0.928701 0 
0.061011 -0.101 0 
0.100739 0.0174751 0 
0.148204 0.0706754 0 
0.100739 0.0174751 0 
0.148204 0.0706754 0 
0.335845 0.51105 0 
0.820223 1.3646 0 
0.335845 0.51105 0 
0.100739 0.0174751 0 
0.167382 0.128387 0 
0.335845 0.51105 0 
0.167382 0.128387 0 
0.335845 0.51105 0 
0.148204 0.0706754 0 
0.100739 0.0174751 0 
0.148204 0.0706754 0 
0.820223 1.3646 0 
0.259192 0.301651 0 
0.148204 0.0706754 0 
0.259192 0.301651 0 
0.148204 0.0706754 0 
0.0930565 -0.0469584 0 
0.061011 -0.101 0 
0.0930565 -0.0469584 0 
0.259192 0.301651 0 
0.121883 0.0296888 0 
0.0930565 -0.0469584 0 
0.121883 0.0296888 0 
0.0930565 -0.0469584 0 
0.148204 0.0706754 0 
0.259192 0.301651 0 
0.148204 0.0706754 0 
44.9168 80.8466 0 
19.7267 40.0991 0 
30.6453 64.4626 0 
19.7267 40.0991 0 
30.6453 64.4626 0 
12.2123 25.657 0 
23.0597 41.7308 0 
12.2123 25.657 0 
19.7267 40.0991 0 
5.8347 12.7845 0 
12.2123 25.657 0 
5.8347 12.7845 0 
12.2123 25.657 0 
30.6453 64.4626 0 
19.7267 40.0991 0 
30.6453 64.4626 0 
23.0597 41.7308 0 
7.64532 12.3799 0 
14.1344 18.9786 0 
7.64532 12.3799 0 
14.1344 18.9786 0 
3.22777 3.96615 0 
5.91183 5.17451 0 
3.22777 3.96615 0 
7.64532 12.3799 0 
1.39495 2.04126 0 
3.22777 3.96615 0 
1.39495 2.04126 0 
3.22777 3.96615 0 
14.1344 18.9786 0 
7.64532 12.3799 0 
14.1344 18.9786 0 
5.8347 12.7845 0 
1.29884 2.3783 0 
3.38561 6.237 0 
1.29884 2.3783 0 
3.38561 6.237 0 
0.454401 0.805704 0 
1.39495 2.04126 0 
0.454401 0.805704 0 
1.29884 2.3783 0 
0.167382 0.128387 0 
0.454401 0.805704 0 
0.167382 0.128387 0 
0.454401 0.805704 0 
3.38561 6.237 0 
1.29884 2.3783 0 
3.38561 6.237 0 
1.39495 2.04126 0 
7.64532 12.3799 0 
3.38561 6.237 0 
7.64532 12.3799 0 
3.38561 6.237 0 
12.2123 25.657 0 
5.8347 12.7845 0 
12.2123 25.657 0 
7.64532 12.3799 0 
23.0597 41.7308 0 
12.2123 25.657 0 
23.0597 41.7308 0 
12.2123 25.657 0 
3.38561 6.237 0 
7.64532 12.3799 0 
3.38561 6.237 0 
4.34086 7.11137 0 
1.94069 3.32347 0 
9.54934 16.5804 0 
1.94069 3.32347 0 
9.54934 16.5804 0 
4.92131 9.06367 0 
18.4426 32.7811 0 
4.92131 9.06367 0 
1.94069 3.32347 0 
0.820223 1.3646 0 
4.92131 9.06367 0 
0.820223 1.3646 0 
4.92131 9.06367 0 
9.54934 16.5804 0 
1.94069 3.32347 0 
9.54934 16.5804 0 
18.4426 32.7811 0 
10.7263 20.4472 0 
31.1848 55.836 0 
10.7263 20.4472 0 
31.1848 55.836 0 
19.7267 40.0991 0 
44.9168 80.8466 0 
19.7267 40.0991 0 
10.7263 20.4472 0 
5.8347 12.7845 0 
19.7267 40.0991 0 
5.8347 12.7845 0 
19.7267 40.0991 0 
31.1848 55.836 0 
10.7263 20.4472 0 
31.1848 55.836 0 
0.820223 1.3646 0 
0.335845 0.51105 0 
2.33284 4.77148 0 
0.335845 0.51105 0 
2.33284 4.77148 0 
1.29884 2.3783 0 
5.8347 12.7845 0 
1.29884 2.3783 0 
0.335845 0.51105 0 
0.167382 0.128387 0 
1.29884 2.3783 0 
0.167382 0.128387 0 
1.29884 2.3783 0 
2.33284 4.77148 0 
0.335845 0.51105 0 
2.33284 4.77148 0 
5.8347 12.7845 0 
10.7263 20.4472 0 
2.33284 4.77148 0 
10.7263 20.4472 0 
2.33284 4.77148 0 
4.92131 9.06367 0 
0.820223 1.3646 0 
4.92131 9.06367 0 
10.7263 20.4472 0 
18.4426 32.7811 0 
4.92131 9.06367 0 
18.4426 32.7811 0 
4.92131 9.06367 0 
2.33284 4.77148 0 
10.7263 20.4472 0 
2.33284 4.77148 0 
2.24641 -0.272128 0 
0.331009 -0.316702 0 
4.54958 -0.475723 0 
0.331009 -0.316702 0 
4.54958 -0.475723 0 
0.916737 -0.335227 0 
8.21597 -0.735013 0 
0.916737 -0.335227 0 
0.331009 -0.316702 0 
0.0666852 -0.32859 0 
0.916737 -0.335227 0 
0.0666852 -0.32859 0 
0.916737 -0.335227 0 
4.54958 -0.475723 0 
0.331009 -0.316702 0 
4.54958 -0.475723 0 
8.21597 -0.735013 0 
2.09247 -0.442119 0 
13.1207 -1.34928 0 
2.09247 -0.442119 0 
13.1207 -1.34928 0 
3.91294 -0.765635 0 
18.4866 -2.64859 0 
3.91294 -0.765635 0 
2.09247 -0.442119 0 
0.176252 -0.335838 0 
3.91294 -0.765635 0 
0.176252 -0.335838 0 
3.91294 -0.765635 0 
13.1207 -1.34928 0 
2.09247 -0.442119 0 
13.1207 -1.34928 0 
0.176252 -0.335838 0 
2.09247 -0.442119 0 
0.112499 -0.33252 0 
2.09247 -0.442119 0 
0.112499 -0.33252 0 
0.916737 -0.335227 0 
0.0666852 -0.32859 0 
0.916737 -0.335227 0 
2.09247 -0.442119 0 
8.21597 -0.735013 0 
0.916737 -0.335227 0 
8.21597 -0.735013 0 
0.916737 -0.335227 0 
0.112499 -0.33252 0 
2.09247 -0.442119 0 
0.112499 -0.33252 0 
18.4866 -2.64859 0 
3.91294 -0.765635 0 
9.38287 -1.55139 0 
3.91294 -0.765635 0 
9.38287 -1.55139 0 
1.07412 -0.372872 0 
3.42446 -0.761914 0 
1.07412 -0.372872 0 
3.91294 -0.765635 0 
0.176252 -0.335838 0 
1.07412 -0.372872 0 
0.176252 -0.335838 0 
1.07412 -0.372872 0 
9.38287 -1.55139 0 
3.91294 -0.765635 0 
9.38287 -1.55139 0 
3.42446 -0.761914 0 
0.164274 -0.372906 0 
0.738459 -0.437584 0 
0.164274 -0.372906 0 
0.738459 -0.437584 0 
0.038492 -0.354856 0 
0.0492803 -0.360355 0 
0.038492 -0.354856 0 
0.164274 -0.372906 0 
0.0340393 -0.348446 0 
0.038492 -0.354856 0 
0.0340393 -0.348446 0 
0.038492 -0.354856 0 
0.738459 -0.437584 0 
0.164274 -0.372906 0 
0.738459 -0.437584 0 
0.0340393 -0.348446 0 
0.164274 -0.372906 0 
0.0809836 -0.356311 0 
0.164274 -0.372906 0 
0.0809836 -0.356311 0 
1.07412 -0.372872 0 
0.176252 -0.335838 0 
1.07412 -0.372872 0 
0.164274 -0.372906 0 
3.42446 -0.761914 0 
1.07412 -0.372872 0 
3.42446 -0.761914 0 
1.07412 -0.372872 0 
0.0809836 -0.356311 0 
0.164274 -0.372906 0 
0.0809836 -0.356311 0 
57.1818 31.8464 0 
59.0558 24.5308 0 
55.4489 25.7886 0 
59.0558 24.5308 0 
55.4489 25.7886 0 
56.873 20.5187 0 
53.5136 20.9266 0 
56.873 20.5187 0 
59.0558 24.5308 0 
60.7024 20.3843 0 
56.873 20.5187 0 
60.7024 20.3843 0 
56.873 20.5187 0 
55.4489 25.7886 0 
59.0558 24.5308 0 
55.4489 25.7886 0 
60.7024 20.3843 0 
60.4348 16.9567 0 
58.6632 16.9634 0 
60.4348 16.9567 0 
58.6632 16.9634 0 
58.4935 13.8463 0 
56.7927 13.8097 0 
58.4935 13.8463 0 
60.4348 16.9567 0 
56.6243 13.2594 0 
58.4935 13.8463 0 
56.6243 13.2594 0 
58.4935 13.8463 0 
58.6632 16.9634 0 
60.4348 16.9567 0 
58.6632 16.9634 0 
2.24641 -0.272128 0 
9.65269 -0.362084 0 
7.3444 -0.0931771 0 
9.65269 -0.362084 0 
7.3444 -0.0931771 0 
22.3076 -0.087875 0 
17.7992 0.361856 0 
22.3076 -0.087875 0 
9.65269 -0.362084 0 
26.5039 -0.82064 0 
22.3076 -0.087875 0 
26.5039 -0.82064 0 
22.3076 -0.087875 0 
7.3444 -0.0931771 0 
9.65269 -0.362084 0 
7.3444 -0.0931771 0 
17.7992 0.361856 0 
37.2867 0.852425 0 
32.438 1.56117 0 
37.2867 0.852425 0 
32.438 1.56117 0 
48.356 2.76436 0 
45.3682 3.36758 0 
48.356 2.76436 0 
37.2867 0.852425 0 
49.6394 1.62138 0 
48.356 2.76436 0 
49.6394 1.62138 0 
48.356 2.76436 0 
32.438 1.56117 0 
37.2867 0.852425 0 
32.438 1.56117 0 
26.5039 -0.82064 0 
43.3703 -1.02136 0 
40.9676 0.0055254 0 
43.3703 -1.02136 0 
40.9676 0.0055254 0 
49.7984 0.500737 0 
49.6394 1.62138 0 
49.7984 0.500737 0 
43.3703 -1.02136 0 
49.2557 -0.583006 0 
49.7984 0.500737 0 
49.2557 -0.583006 0 
49.7984 0.500737 0 
40.9676 0.0055254 0 
43.3703 -1.02136 0 
40.9676 0.0055254 0 
49.6394 1.62138 0 
37.2867 0.852425 0 
40.9676 0.0055254 0 
37.2867 0.852425 0 
40.9676 0.0055254 0 
22.3076 -0.087875 0 
26.5039 -0.82064 0 
22.3076 -0.087875 0 
37.2867 0.852425 0 
17.7992 0.361856 0 
22.3076 -0.087875 0 
17.7992 0.361856 0 
22.3076 -0.087875 0 
40.9676 0.0055254 0 
37.2867 0.852425 0 
40.9676 0.0055254 0 
48.5939 1.9206 0 
49.2418 0.630674 0 
47.7876 0.62068 0 
49.2418 0.630674 0 
47.7876 0.62068 0 
48.385 -0.651743 0 
47.0251 -0.64831 0 
48.385 -0.651743 0 
49.2418 0.630674 0 
49.2557 -0.583006 0 
48.385 -0.651743 0 
49.2557 -0.583006 0 
48.385 -0.651743 0 
47.7876 0.62068 0 
49.2418 0.630674 0 
47.7876 0.62068 0 
18.4866 -2.64859 0 
30.1828 -3.2196 0 
13.1207 -1.34928 0 
30.1828 -3.2196 0 
13.1207 -1.34928 0 
23.2366 -1.88989 0 
8.21597 -0.735013 0 
23.2366 -1.88989 0 
30.1828 -3.2196 0 
40.1062 -3.03484 0 
23.2366 -1.88989 0 
40.1062 -3.03484 0 
23.2366 -1.88989 0 
13.1207 -1.34928 0 
30.1828 -3.2196 0 
13.1207 -1.34928 0 
8.21597 -0.735013 0 
16.0548 -0.862825 0 
4.54958 -0.475723 0 
16.0548 -0.862825 0 
4.54958 -0.475723 0 
9.65269 -0.362084 0 
2.24641 -0.272128 0 
9.65269 -0.362084 0 
16.0548 -0.862825 0 
26.5039 -0.82064 0 
9.65269 -0.362084 0 
26.5039 -0.82064 0 
9.65269 -0.362084 0 
4.54958 -0.475723 0 
16.0548 -0.862825 0 
4.54958 -0.475723 0 
40.1062 -3.03484 0 
46.4111 -1.94451 0 
34.3239 -1.81505 0 
46.4111 -1.94451 0 
34.3239 -1.81505 0 
43.3703 -1.02136 0 
26.5039 -0.82064 0 
43.3703 -1.02136 0 
46.4111 -1.94451 0 
49.2557 -0.583006 0 
43.3703 -1.02136 0 
49.2557 -0.583006 0 
43.3703 -1.02136 0 
34.3239 -1.81505 0 
46.4111 -1.94451 0 
34.3239 -1.81505 0 
26.5039 -0.82064 0 
16.0548 -0.862825 0 
34.3239 -1.81505 0 
16.0548 -0.862825 0 
34.3239 -1.81505 0 
23.2366 -1.88989 0 
40.1062 -3.03484 0 
23.2366 -1.88989 0 
16.0548 -0.862825 0 
8.21597 -0.735013 0 
23.2366 -1.88989 0 
8.21597 -0.735013 0 
23.2366 -1.88989 0 
34.3239 -1.81505 0 
16.0548 -0.862825 0 
34.3239 -1.81505 0 
37.6483 -7.70103 0 
40.4721 -7.61937 0 
35.1549 -6.48814 0 
40.4721 -7.61937 0 
35.1549 -6.48814 0 
38.9861 -6.50942 0 
30.9859 -5.13218 0 
38.9861 -6.50942 0 
40.4721 -7.61937 0 
42.3036 -7.21945 0 
38.9861 -6.50942 0 
42.3036 -7.21945 0 
38.9861 -6.50942 0 
35.1549 -6.48814 0 
40.4721 -7.61937 0 
35.1549 -6.48814 0 
30.9859 -5.13218 0 
35.8496 -5.17871 0 
25.2264 -3.58218 0 
35.8496 -5.17871 0 
25.2264 -3.58218 0 
30.5445 -4.10992 0 
18.4866 -2.64859 0 
30.5445 -4.10992 0 
35.8496 -5.17871 0 
39.581 -5.23355 0 
30.5445 -4.10992 0 
39.581 -5.23355 0 
30.5445 -4.10992 0 
25.2264 -3.58218 0 
35.8496 -5.17871 0 
25.2264 -3.58218 0 
42.3036 -7.21945 0 
43.542 -6.60385 0 
41.8057 -6.20531 0 
43.542 -6.60385 0 
41.8057 -6.20531 0 
43.6004 -5.79871 0 
39.581 -5.23355 0 
43.6004 -5.79871 0 
43.542 -6.60385 0 
44.344 -5.9334 0 
43.6004 -5.79871 0 
44.344 -5.9334 0 
43.6004 -5.79871 0 
41.8057 -6.20531 0 
43.542 -6.60385 0 
41.8057 -6.20531 0 
39.581 -5.23355 0 
35.8496 -5.17871 0 
41.8057 -6.20531 0 
35.8496 -5.17871 0 
41.8057 -6.20531 0 
38.9861 -6.50942 0 
42.3036 -7.21945 0 
38.9861 -6.50942 0 
35.8496 -5.17871 0 
30.9859 -5.13218 0 
38.9861 -6.50942 0 
30.9859 -5.13218 0 
38.9861 -6.50942 0 
41.8057 -6.20531 0 
35.8496 -5.17871 0 
41.8057 -6.20531 0 
42.3998 -7.3022 0 
42.9034 -7.36193 0 
42.1459 -7.988 0 
42.9034 -7.36193 0 
42.1459 -7.988 0 
40.4721 -7.61937 0 
37.6483 -7.70103 0 
40.4721 -7.61937 0 
42.9034 -7.36193 0 
42.3036 -7.21945 0 
40.4721 -7.61937 0 
42.3036 -7.21945 0 
40.4721 -7.61937 0 
42.1459 -7.988 0 
42.9034 -7.36193 0 
42.1459 -7.988 0 
43.1266 -5.70667 0 
43.903 -5.8289 0 
43.4612 -6.6307 0 
43.903 -5.8289 0 
43.4612 -6.6307 0 
43.542 -6.60385 0 
42.3036 -7.21945 0 
43.542 -6.60385 0 
43.903 -5.8289 0 
44.344 -5.9334 0 
43.542 -6.60385 0 
44.344 -5.9334 0 
43.542 -6.60385 0 
43.4612 -6.6307 0 
43.903 -5.8289 0 
43.4612 -6.6307 0 
42.3036 -7.21945 0 
42.9034 -7.36193 0 
43.4612 -6.6307 0 
42.9034 -7.36193 0 
43.4612 -6.6307 0 
42.7751 -6.53733 0 
43.1266 -5.70667 0 
42.7751 -6.53733 0 
42.9034 -7.36193 0 
42.3998 -7.3022 0 
42.7751 -6.53733 0 
42.3998 -7.3022 0 
42.7751 -6.53733 0 
43.4612 -6.6307 0 
42.9034 -7.36193 0 
43.4612 -6.6307 0 
44.6562 -3.48327 0 
44.7778 -4.76854 0 
43.8999 -4.62318 0 
44.7778 -4.76854 0 
43.8999 -4.62318 0 
43.903 -5.8289 0 
43.1266 -5.70667 0 
43.903 -5.8289 0 
44.7778 -4.76854 0 
44.344 -5.9334 0 
43.903 -5.8289 0 
44.344 -5.9334 0 
43.903 -5.8289 0 
43.8999 -4.62318 0 
44.7778 -4.76854 0 
43.8999 -4.62318 0 
10.2367 -3.46777 0 
8.08026 -2.95756 0 
17.7125 -5.88727 0 
8.08026 -2.95756 0 
17.7125 -5.88727 0 
14.9509 -5.25305 0 
24.8096 -8.10252 0 
14.9509 -5.25305 0 
8.08026 -2.95756 0 
6.01724 -2.42083 0 
14.9509 -5.25305 0 
6.01724 -2.42083 0 
14.9509 -5.25305 0 
17.7125 -5.88727 0 
8.08026 -2.95756 0 
17.7125 -5.88727 0 
24.8096 -8.10252 0 
22.2548 -7.71587 0 
30.337 -9.76116 0 
22.2548 -7.71587 0 
30.337 -9.76116 0 
28.3191 -9.68403 0 
33.7762 -10.8416 0 
28.3191 -9.68403 0 
22.2548 -7.71587 0 
19.2327 -7.18027 0 
28.3191 -9.68403 0 
19.2327 -7.18027 0 
28.3191 -9.68403 0 
30.337 -9.76116 0 
22.2548 -7.71587 0 
30.337 -9.76116 0 
6.01724 -2.42083 0 
4.17594 -1.88186 0 
12.0436 -4.51683 0 
4.17594 -1.88186 0 
12.0436 -4.51683 0 
9.1969 -3.69043 0 
19.2327 -7.18027 0 
9.1969 -3.69043 0 
4.17594 -1.88186 0 
2.72934 -1.34176 0 
9.1969 -3.69043 0 
2.72934 -1.34176 0 
9.1969 -3.69043 0 
12.0436 -4.51683 0 
4.17594 -1.88186 0 
12.0436 -4.51683 0 
19.2327 -7.18027 0 
22.2548 -7.71587 0 
12.0436 -4.51683 0 
22.2548 -7.71587 0 
12.0436 -4.51683 0 
14.9509 -5.25305 0 
6.01724 -2.42083 0 
14.9509 -5.25305 0 
22.2548 -7.71587 0 
24.8096 -8.10252 0 
14.9509 -5.25305 0 
24.8096 -8.10252 0 
14.9509 -5.25305 0 
12.0436 -4.51683 0 
22.2548 -7.71587 0 
12.0436 -4.51683 0 
33.7762 -10.8416 0 
28.3191 -9.68403 0 
32.0873 -11.0529 0 
28.3191 -9.68403 0 
32.0873 -11.0529 0 
25.6766 -9.60423 0 
29.96 -11.3198 0 
25.6766 -9.60423 0 
28.3191 -9.68403 0 
19.2327 -7.18027 0 
25.6766 -9.60423 0 
19.2327 -7.18027 0 
25.6766 -9.60423 0 
32.0873 -11.0529 0 
28.3191 -9.68403 0 
32.0873 -11.0529 0 
29.96 -11.3198 0 
22.346 -9.23116 0 
27.3275 -11.4183 0 
22.346 -9.23116 0 
27.3275 -11.4183 0 
18.2539 -8.39924 0 
24.0547 -11.0843 0 
18.2539 -8.39924 0 
22.346 -9.23116 0 
11.8469 -5.36058 0 
18.2539 -8.39924 0 
11.8469 -5.36058 0 
18.2539 -8.39924 0 
27.3275 -11.4183 0 
22.346 -9.23116 0 
27.3275 -11.4183 0 
19.2327 -7.18027 0 
9.1969 -3.69043 0 
15.7122 -6.3839 0 
9.1969 -3.69043 0 
15.7122 -6.3839 0 
6.31731 -2.94016 0 
11.8469 -5.36058 0 
6.31731 -2.94016 0 
9.1969 -3.69043 0 
2.72934 -1.34176 0 
6.31731 -2.94016 0 
2.72934 -1.34176 0 
6.31731 -2.94016 0 
15.7122 -6.3839 0 
9.1969 -3.69043 0 
15.7122 -6.3839 0 
11.8469 -5.36058 0 
22.346 -9.23116 0 
15.7122 -6.3839 0 
22.346 -9.23116 0 
15.7122 -6.3839 0 
25.6766 -9.60423 0 
19.2327 -7.18027 0 
25.6766 -9.60423 0 
22.346 -9.23116 0 
29.96 -11.3198 0 
25.6766 -9.60423 0 
29.96 -11.3198 0 
25.6766 -9.60423 0 
15.7122 -6.3839 0 
22.346 -9.23116 0 
15.7122 -6.3839 0 
24.0547 -11.0843 0 
18.2539 -8.39924 0 
13.4356 -6.84794 0 
18.2539 -8.39924 0 
13.4356 -6.84794 0 
8.03908 -4.0215 0 
4.46527 -2.66667 0 
8.03908 -4.0215 0 
18.2539 -8.39924 0 
11.8469 -5.36058 0 
8.03908 -4.0215 0 
11.8469 -5.36058 0 
8.03908 -4.0215 0 
13.4356 -6.84794 0 
18.2539 -8.39924 0 
13.4356 -6.84794 0 
4.46527 -2.66667 0 
1.89518 -1.11099 0 
0.694618 -0.743143 0 
1.89518 -1.11099 0 
0.694618 -0.743143 0 
0.168134 -0.534361 0 
0.018425 -0.402551 0 
0.168134 -0.534361 0 
1.89518 -1.11099 0 
0.456855 -0.541052 0 
0.168134 -0.534361 0 
0.456855 -0.541052 0 
0.168134 -0.534361 0 
0.694618 -0.743143 0 
1.89518 -1.11099 0 
0.694618 -0.743143 0 
11.8469 -5.36058 0 
6.31731 -2.94016 0 
3.78543 -2.00094 0 
6.31731 -2.94016 0 
3.78543 -2.00094 0 
1.32907 -0.846379 0 
0.456855 -0.541052 0 
1.32907 -0.846379 0 
6.31731 -2.94016 0 
2.72934 -1.34176 0 
1.32907 -0.846379 0 
2.72934 -1.34176 0 
1.32907 -0.846379 0 
3.78543 -2.00094 0 
6.31731 -2.94016 0 
3.78543 -2.00094 0 
0.456855 -0.541052 0 
1.89518 -1.11099 0 
3.78543 -2.00094 0 
1.89518 -1.11099 0 
3.78543 -2.00094 0 
8.03908 -4.0215 0 
11.8469 -5.36058 0 
8.03908 -4.0215 0 
1.89518 -1.11099 0 
4.46527 -2.66667 0 
8.03908 -4.0215 0 
4.46527 -2.66667 0 
8.03908 -4.0215 0 
3.78543 -2.00094 0 
1.89518 -1.11099 0 
3.78543 -2.00094 0 
0.018425 -0.402551 0 
0.168134 -0.534361 0 
0.0137847 -0.399357 0 
0.168134 -0.534361 0 
0.0137847 -0.399357 0 
0.110526 -0.428385 0 
0.0130346 -0.397188 0 
0.110526 -0.428385 0 
0.168134 -0.534361 0 
0.456855 -0.541052 0 
0.110526 -0.428385 0 
0.456855 -0.541052 0 
0.110526 -0.428385 0 
0.0137847 -0.399357 0 
0.168134 -0.534361 0 
0.0137847 -0.399357 0 
0.456855 -0.541052 0 
1.32907 -0.846379 0 
0.167252 -0.439021 0 
1.32907 -0.846379 0 
0.167252 -0.439021 0 
0.260632 -0.477718 0 
0.0199438 -0.393696 0 
0.260632 -0.477718 0 
1.32907 -0.846379 0 
2.72934 -1.34176 0 
0.260632 -0.477718 0 
2.72934 -1.34176 0 
0.260632 -0.477718 0 
0.167252 -0.439021 0 
1.32907 -0.846379 0 
0.167252 -0.439021 0 
0.0199438 -0.393696 0 
0.260632 -0.477718 0 
0.0229707 -0.389889 0 
0.260632 -0.477718 0 
0.0229707 -0.389889 0 
0.397595 -0.487809 0 
0.026555 -0.38664 0 
0.397595 -0.487809 0 
0.260632 -0.477718 0 
2.72934 -1.34176 0 
0.397595 -0.487809 0 
2.72934 -1.34176 0 
0.397595 -0.487809 0 
0.0229707 -0.389889 0 
0.260632 -0.477718 0 
0.0229707 -0.389889 0 
0.0371954 -0.382158 0 
0.991361 -0.681181 0 
1.46936 -0.769753 0 
0.991361 -0.681181 0 
1.46936 -0.769753 0 
8.08026 -2.95756 0 
10.2367 -3.46777 0 
8.08026 -2.95756 0 
0.991361 -0.681181 0 
6.01724 -2.42083 0 
8.08026 -2.95756 0 
6.01724 -2.42083 0 
8.08026 -2.95756 0 
1.46936 -0.769753 0 
0.991361 -0.681181 0 
1.46936 -0.769753 0 
0.026555 -0.38664 0 
0.397595 -0.487809 0 
0.604553 -0.573053 0 
0.397595 -0.487809 0 
0.604553 -0.573053 0 
4.17594 -1.88186 0 
6.01724 -2.42083 0 
4.17594 -1.88186 0 
0.397595 -0.487809 0 
2.72934 -1.34176 0 
4.17594 -1.88186 0 
2.72934 -1.34176 0 
4.17594 -1.88186 0 
0.604553 -0.573053 0 
0.397595 -0.487809 0 
0.604553 -0.573053 0 
6.01724 -2.42083 0 
0.991361 -0.681181 0 
0.604553 -0.573053 0 
0.991361 -0.681181 0 
0.604553 -0.573053 0 
0.0301295 -0.385368 0 
0.026555 -0.38664 0 
0.0301295 -0.385368 0 
0.991361 -0.681181 0 
0.0371954 -0.382158 0 
0.0301295 -0.385368 0 
0.0371954 -0.382158 0 
0.0301295 -0.385368 0 
0.604553 -0.573053 0 
0.991361 -0.681181 0 
0.604553 -0.573053 0 
0.167382 0.128387 0 
0.124934 -0.068705 0 
0.454401 0.805704 0 
0.124934 -0.068705 0 
0.454401 0.805704 0 
0.136024 -0.0819324 0 
1.39495 2.04126 0 
0.136024 -0.0819324 0 
0.124934 -0.068705 0 
0.0436128 -0.173588 0 
0.136024 -0.0819324 0 
0.0436128 -0.173588 0 
0.136024 -0.0819324 0 
0.454401 0.805704 0 
0.124934 -0.068705 0 
0.454401 0.805704 0 
1.39495 2.04126 0 
0.233729 0.0961506 0 
3.22777 3.96615 0 
0.233729 0.0961506 0 
3.22777 3.96615 0 
0.472322 0.297317 0 
5.91183 5.17451 0 
0.472322 0.297317 0 
0.233729 0.0961506 0 
0.076229 -0.163449 0 
0.472322 0.297317 0 
0.076229 -0.163449 0 
0.472322 0.297317 0 
3.22777 3.96615 0 
0.233729 0.0961506 0 
3.22777 3.96615 0 
0.076229 -0.163449 0 
0.233729 0.0961506 0 
0.0587566 -0.158166 0 
0.233729 0.0961506 0 
0.0587566 -0.158166 0 
0.136024 -0.0819324 0 
0.0436128 -0.173588 0 
0.136024 -0.0819324 0 
0.233729 0.0961506 0 
1.39495 2.04126 0 
0.136024 -0.0819324 0 
1.39495 2.04126 0 
0.136024 -0.0819324 0 
0.0587566 -0.158166 0 
0.233729 0.0961506 0 
0.0587566 -0.158166 0 
5.91183 5.17451 0 
0.472322 0.297317 0 
0.80487 0.538905 0 
0.472322 0.297317 0 
0.80487 0.538905 0 
0.094581 -0.138394 0 
0.115763 -0.151467 0 
0.094581 -0.138394 0 
0.472322 0.297317 0 
0.076229 -0.163449 0 
0.094581 -0.138394 0 
0.076229 -0.163449 0 
0.094581 -0.138394 0 
0.80487 0.538905 0 
0.472322 0.297317 0 
0.80487 0.538905 0 
45.3682 3.36758 0 
22.4592 2.16952 0 
32.438 1.56117 0 
22.4592 2.16952 0 
32.438 1.56117 0 
10.5757 0.630092 0 
17.7992 0.361856 0 
10.5757 0.630092 0 
22.4592 2.16952 0 
5.01535 0.392774 0 
10.5757 0.630092 0 
5.01535 0.392774 0 
10.5757 0.630092 0 
32.438 1.56117 0 
22.4592 2.16952 0 
32.438 1.56117 0 
17.7992 0.361856 0 
3.68532 -0.0284427 0 
7.3444 -0.0931771 0 
3.68532 -0.0284427 0 
7.3444 -0.0931771 0 
0.736192 -0.245068 0 
2.24641 -0.272128 0 
0.736192 -0.245068 0 
3.68532 -0.0284427 0 
0.167545 -0.280944 0 
0.736192 -0.245068 0 
0.167545 -0.280944 0 
0.736192 -0.245068 0 
7.3444 -0.0931771 0 
3.68532 -0.0284427 0 
7.3444 -0.0931771 0 
5.01535 0.392774 0 
0.360852 -0.292972 0 
1.34463 -0.140484 0 
0.360852 -0.292972 0 
1.34463 -0.140484 0 
0.0880674 -0.282585 0 
0.167545 -0.280944 0 
0.0880674 -0.282585 0 
0.360852 -0.292972 0 
0.0355139 -0.28635 0 
0.0880674 -0.282585 0 
0.0355139 -0.28635 0 
0.0880674 -0.282585 0 
1.34463 -0.140484 0 
0.360852 -0.292972 0 
1.34463 -0.140484 0 
0.167545 -0.280944 0 
3.68532 -0.0284427 0 
1.34463 -0.140484 0 
3.68532 -0.0284427 0 
1.34463 -0.140484 0 
10.5757 0.630092 0 
5.01535 0.392774 0 
10.5757 0.630092 0 
3.68532 -0.0284427 0 
17.7992 0.361856 0 
10.5757 0.630092 0 
17.7992 0.361856 0 
10.5757 0.630092 0 
1.34463 -0.140484 0 
3.68532 -0.0284427 0 
1.34463 -0.140484 0 
2.24641 -0.272128 0 
0.182709 -0.315026 0 
0.331009 -0.316702 0 
0.182709 -0.315026 0 
0.331009 -0.316702 0 
0.0567226 -0.320168 0 
0.0666852 -0.32859 0 
0.0567226 -0.320168 0 
0.182709 -0.315026 0 
0.0475783 -0.313271 0 
0.0567226 -0.320168 0 
0.0475783 -0.313271 0 
0.0567226 -0.320168 0 
0.331009 -0.316702 0 
0.182709 -0.315026 0 
0.331009 -0.316702 0 
0.167545 -0.280944 0 
0.092459 -0.307043 0 
0.736192 -0.245068 0 
0.092459 -0.307043 0 
0.736192 -0.245068 0 
0.182709 -0.315026 0 
2.24641 -0.272128 0 
0.182709 -0.315026 0 
0.092459 -0.307043 0 
0.0475783 -0.313271 0 
0.182709 -0.315026 0 
0.0475783 -0.313271 0 
0.182709 -0.315026 0 
0.736192 -0.245068 0 
0.092459 -0.307043 0 
0.736192 -0.245068 0 
5.91183 5.17451 0 
9.37503 8.50815 0 
21.3057 21.9607 0 
9.37503 8.50815 0 
21.3057 21.9607 0 
30.0152 26.6916 0 
48.9015 53.9076 0 
30.0152 26.6916 0 
9.37503 8.50815 0 
13.7444 10.9583 0 
30.0152 26.6916 0 
13.7444 10.9583 0 
30.0152 26.6916 0 
21.3057 21.9607 0 
9.37503 8.50815 0 
21.3057 21.9607 0 
48.9015 53.9076 0 
58.4394 51.4165 0 
67.2043 83.1393 0 
58.4394 51.4165 0 
67.2043 83.1393 0 
71.7632 63.8138 0 
68.9247 101.723 0 
71.7632 63.8138 0 
58.4394 51.4165 0 
63.6334 47.209 0 
71.7632 63.8138 0 
63.6334 47.209 0 
71.7632 63.8138 0 
67.2043 83.1393 0 
58.4394 51.4165 0 
67.2043 83.1393 0 
13.7444 10.9583 0 
18.5307 13.5264 0 
38.2179 29.2219 0 
18.5307 13.5264 0 
38.2179 29.2219 0 
44.8248 30.5496 0 
63.6334 47.209 0 
44.8248 30.5496 0 
18.5307 13.5264 0 
22.5344 14.3117 0 
44.8248 30.5496 0 
22.5344 14.3117 0 
44.8248 30.5496 0 
38.2179 29.2219 0 
18.5307 13.5264 0 
38.2179 29.2219 0 
63.6334 47.209 0 
58.4394 51.4165 0 
38.2179 29.2219 0 
58.4394 51.4165 0 
38.2179 29.2219 0 
30.0152 26.6916 0 
13.7444 10.9583 0 
30.0152 26.6916 0 
58.4394 51.4165 0 
48.9015 53.9076 0 
30.0152 26.6916 0 
48.9015 53.9076 0 
30.0152 26.6916 0 
38.2179 29.2219 0 
58.4394 51.4165 0 
38.2179 29.2219 0 
0.165177 -0.154039 0 
0.586333 0.0511393 0 
0.0867039 -0.199633 0 
0.586333 0.0511393 0 
0.0867039 -0.199633 0 
0.209273 -0.109318 0 
0.0526925 -0.210018 0 
0.209273 -0.109318 0 
0.586333 0.0511393 0 
2.67399 1.00679 0 
0.209273 -0.109318 0 
2.67399 1.00679 0 
0.209273 -0.109318 0 
0.0867039 -0.199633 0 
0.586333 0.0511393 0 
0.0867039 -0.199633 0 
2.67399 1.00679 0 
9.40362 5.01372 0 
0.913488 0.337766 0 
9.40362 5.01372 0 
0.913488 0.337766 0 
3.58238 2.01932 0 
0.183256 -0.0764972 0 
3.58238 2.01932 0 
9.40362 5.01372 0 
22.5344 14.3117 0 
3.58238 2.01932 0 
22.5344 14.3117 0 
3.58238 2.01932 0 
0.913488 0.337766 0 
9.40362 5.01372 0 
0.913488 0.337766 0 
0.183256 -0.0764972 0 
0.114086 -0.172748 0 
0.913488 0.337766 0 
0.114086 -0.172748 0 
0.913488 0.337766 0 
0.209273 -0.109318 0 
2.67399 1.00679 0 
0.209273 -0.109318 0 
0.114086 -0.172748 0 
0.0526925 -0.210018 0 
0.209273 -0.109318 0 
0.0526925 -0.210018 0 
0.209273 -0.109318 0 
0.913488 0.337766 0 
0.114086 -0.172748 0 
0.913488 0.337766 0 
0.115763 -0.151467 0 
1.4512 1.14661 0 
0.80487 0.538905 0 
1.4512 1.14661 0 
0.80487 0.538905 0 
9.37503 8.50815 0 
5.91183 5.17451 0 
9.37503 8.50815 0 
1.4512 1.14661 0 
13.7444 10.9583 0 
9.37503 8.50815 0 
13.7444 10.9583 0 
9.37503 8.50815 0 
0.80487 0.538905 0 
1.4512 1.14661 0 
0.80487 0.538905 0 
0.183256 -0.0764972 0 
3.58238 2.01932 0 
2.50219 1.92964 0 
3.58238 2.01932 0 
2.50219 1.92964 0 
18.5307 13.5264 0 
13.7444 10.9583 0 
18.5307 13.5264 0 
3.58238 2.01932 0 
22.5344 14.3117 0 
18.5307 13.5264 0 
22.5344 14.3117 0 
18.5307 13.5264 0 
2.50219 1.92964 0 
3.58238 2.01932 0 
2.50219 1.92964 0 
13.7444 10.9583 0 
1.4512 1.14661 0 
2.50219 1.92964 0 
1.4512 1.14661 0 
2.50219 1.92964 0 
0.146941 -0.115174 0 
0.183256 -0.0764972 0 
0.146941 -0.115174 0 
1.4512 1.14661 0 
0.115763 -0.151467 0 
0.146941 -0.115174 0 
0.115763 -0.151467 0 
0.146941 -0.115174 0 
2.50219 1.92964 0 
1.4512 1.14661 0 
2.50219 1.92964 0 
48.5939 1.9206 0 
49.4986 1.82281 0 
49.2418 0.630674 0 
49.4986 1.82281 0 
49.2418 0.630674 0 
49.868 0.539652 0 
49.2557 -0.583006 0 
49.868 0.539652 0 
49.4986 1.82281 0 
50.3226 1.7456 0 
49.868 0.539652 0 
50.3226 1.7456 0 
49.868 0.539652 0 
49.2418 0.630674 0 
49.4986 1.82281 0 
49.2418 0.630674 0 
49.2557 -0.583006 0 
49.868 0.539652 0 
49.7984 0.500737 0 
49.868 0.539652 0 
49.7984 0.500737 0 
50.8344 1.6923 0 
49.6394 1.62138 0 
50.8344 1.6923 0 
49.868 0.539652 0 
50.3226 1.7456 0 
50.8344 1.6923 0 
50.3226 1.7456 0 
50.8344 1.6923 0 
49.7984 0.500737 0 
49.868 0.539652 0 
49.7984 0.500737 0 
49.6394 1.62138 0 
51.5796 2.90284 0 
48.356 2.76436 0 
51.5796 2.90284 0 
48.356 2.76436 0 
51.3802 4.01561 0 
45.3682 3.36758 0 
51.3802 4.01561 0 
51.5796 2.90284 0 
52.4363 4.22847 0 
51.3802 4.01561 0 
52.4363 4.22847 0 
51.3802 4.01561 0 
48.356 2.76436 0 
51.5796 2.90284 0 
48.356 2.76436 0 
50.3226 1.7456 0 
50.7022 3.00717 0 
51.4843 2.9648 0 
50.7022 3.00717 0 
51.4843 2.9648 0 
51.9247 4.28111 0 
52.4363 4.22847 0 
51.9247 4.28111 0 
50.7022 3.00717 0 
51.0532 4.3529 0 
51.9247 4.28111 0 
51.0532 4.3529 0 
51.9247 4.28111 0 
51.4843 2.9648 0 
50.7022 3.00717 0 
51.4843 2.9648 0 
52.4363 4.22847 0 
51.5796 2.90284 0 
51.4843 2.9648 0 
51.5796 2.90284 0 
51.4843 2.9648 0 
50.8344 1.6923 0 
50.3226 1.7456 0 
50.8344 1.6923 0 
51.5796 2.90284 0 
49.6394 1.62138 0 
50.8344 1.6923 0 
49.6394 1.62138 0 
50.8344 1.6923 0 
51.4843 2.9648 0 
51.5796 2.90284 0 
51.4843 2.9648 0 
44.6562 -3.48327 0 
45.2483 -4.00339 0 
44.7778 -4.76854 0 
45.2483 -4.00339 0 
44.7778 -4.76854 0 
45.0954 -5.20997 0 
44.344 -5.9334 0 
45.0954 -5.20997 0 
45.2483 -4.00339 0 
45.7057 -4.47323 0 
45.0954 -5.20997 0 
45.7057 -4.47323 0 
45.0954 -5.20997 0 
44.7778 -4.76854 0 
45.2483 -4.00339 0 
44.7778 -4.76854 0 
49.2557 -0.583006 0 
48.7307 -1.17645 0 
48.385 -0.651743 0 
48.7307 -1.17645 0 
48.385 -0.651743 0 
47.6554 -1.21492 0 
47.0251 -0.64831 0 
47.6554 -1.21492 0 
48.7307 -1.17645 0 
48.1191 -1.74408 0 
47.6554 -1.21492 0 
48.1191 -1.74408 0 
47.6554 -1.21492 0 
48.385 -0.651743 0 
48.7307 -1.17645 0 
48.385 -0.651743 0 
44.344 -5.9334 0 
45.0954 -5.20997 0 
43.6004 -5.79871 0 
45.0954 -5.20997 0 
43.6004 -5.79871 0 
44.7054 -5.13123 0 
39.581 -5.23355 0 
44.7054 -5.13123 0 
45.0954 -5.20997 0 
45.7057 -4.47323 0 
44.7054 -5.13123 0 
45.7057 -4.47323 0 
44.7054 -5.13123 0 
43.6004 -5.79871 0 
45.0954 -5.20997 0 
43.6004 -5.79871 0 
39.581 -5.23355 0 
41.5197 -4.72309 0 
30.5445 -4.10992 0 
41.5197 -4.72309 0 
30.5445 -4.10992 0 
33.2232 -3.90351 0 
18.4866 -2.64859 0 
33.2232 -3.90351 0 
41.5197 -4.72309 0 
43.2892 -4.22889 0 
33.2232 -3.90351 0 
43.2892 -4.22889 0 
33.2232 -3.90351 0 
30.5445 -4.10992 0 
41.5197 -4.72309 0 
30.5445 -4.10992 0 
45.7057 -4.47323 0 
46.1839 -3.70293 0 
45.6417 -4.43212 0 
46.1839 -3.70293 0 
45.6417 -4.43212 0 
46.5176 -3.71554 0 
43.2892 -4.22889 0 
46.5176 -3.71554 0 
46.1839 -3.70293 0 
46.6913 -2.8975 0 
46.5176 -3.71554 0 
46.6913 -2.8975 0 
46.5176 -3.71554 0 
45.6417 -4.43212 0 
46.1839 -3.70293 0 
45.6417 -4.43212 0 
43.2892 -4.22889 0 
41.5197 -4.72309 0 
45.6417 -4.43212 0 
41.5197 -4.72309 0 
45.6417 -4.43212 0 
44.7054 -5.13123 0 
45.7057 -4.47323 0 
44.7054 -5.13123 0 
41.5197 -4.72309 0 
39.581 -5.23355 0 
44.7054 -5.13123 0 
39.581 -5.23355 0 
44.7054 -5.13123 0 
45.6417 -4.43212 0 
41.5197 -4.72309 0 
45.6417 -4.43212 0 
18.4866 -2.64859 0 
33.2232 -3.90351 0 
30.1828 -3.2196 0 
33.2232 -3.90351 0 
30.1828 -3.2196 0 
42.0413 -3.63341 0 
40.1062 -3.03484 0 
42.0413 -3.63341 0 
33.2232 -3.90351 0 
43.2892 -4.22889 0 
42.0413 -3.63341 0 
43.2892 -4.22889 0 
42.0413 -3.63341 0 
30.1828 -3.2196 0 
33.2232 -3.90351 0 
30.1828 -3.2196 0 
40.1062 -3.03484 0 
46.8468 -2.55339 0 
46.4111 -1.94451 0 
46.8468 -2.55339 0 
46.4111 -1.94451 0 
48.7307 -1.17645 0 
49.2557 -0.583006 0 
48.7307 -1.17645 0 
46.8468 -2.55339 0 
48.1191 -1.74408 0 
48.7307 -1.17645 0 
48.1191 -1.74408 0 
48.7307 -1.17645 0 
46.4111 -1.94451 0 
46.8468 -2.55339 0 
46.4111 -1.94451 0 
43.2892 -4.22889 0 
46.5176 -3.71554 0 
46.8249 -3.14026 0 
46.5176 -3.71554 0 
46.8249 -3.14026 0 
47.4008 -2.32885 0 
48.1191 -1.74408 0 
47.4008 -2.32885 0 
46.5176 -3.71554 0 
46.6913 -2.8975 0 
47.4008 -2.32885 0 
46.6913 -2.8975 0 
47.4008 -2.32885 0 
46.8249 -3.14026 0 
46.5176 -3.71554 0 
46.8249 -3.14026 0 
48.1191 -1.74408 0 
46.8468 -2.55339 0 
46.8249 -3.14026 0 
46.8468 -2.55339 0 
46.8249 -3.14026 0 
42.0413 -3.63341 0 
43.2892 -4.22889 0 
42.0413 -3.63341 0 
46.8468 -2.55339 0 
40.1062 -3.03484 0 
42.0413 -3.63341 0 
40.1062 -3.03484 0 
42.0413 -3.63341 0 
46.8249 -3.14026 0 
46.8468 -2.55339 0 
46.8249 -3.14026 0 
2.00208 0.398461 0 
3.13697 0.632095 0 
8.38407 2.27848 0 
3.13697 0.632095 0 
8.38407 2.27848 0 
11.3781 2.64846 0 
24.7354 6.41873 0 
11.3781 2.64846 0 
3.13697 0.632095 0 
4.56857 0.966903 0 
11.3781 2.64846 0 
4.56857 0.966903 0 
11.3781 2.64846 0 
8.38407 2.27848 0 
3.13697 0.632095 0 
8.38407 2.27848 0 
24.7354 6.41873 0 
29.5871 6.50852 0 
45.679 11.2967 0 
29.5871 6.50852 0 
45.679 11.2967 0 
48.1985 10.0966 0 
56.6243 13.2594 0 
48.1985 10.0966 0 
29.5871 6.50852 0 
33.6032 6.47692 0 
48.1985 10.0966 0 
33.6032 6.47692 0 
48.1985 10.0966 0 
45.679 11.2967 0 
29.5871 6.50852 0 
45.679 11.2967 0 
4.56857 0.966903 0 
6.19553 1.37757 0 
14.4383 3.00483 0 
6.19553 1.37757 0 
14.4383 3.00483 0 
17.2669 3.24076 0 
33.6032 6.47692 0 
17.2669 3.24076 0 
6.19553 1.37757 0 
7.36909 1.06449 0 
17.2669 3.24076 0 
7.36909 1.06449 0 
17.2669 3.24076 0 
14.4383 3.00483 0 
6.19553 1.37757 0 
14.4383 3.00483 0 
33.6032 6.47692 0 
29.5871 6.50852 0 
14.4383 3.00483 0 
29.5871 6.50852 0 
14.4383 3.00483 0 
11.3781 2.64846 0 
4.56857 0.966903 0 
11.3781 2.64846 0 
29.5871 6.50852 0 
24.7354 6.41873 0 
11.3781 2.64846 0 
24.7354 6.41873 0 
11.3781 2.64846 0 
14.4383 3.00483 0 
29.5871 6.50852 0 
14.4383 3.00483 0 
0.0714021 -0.24724 0 
0.49205 -0.0969312 0 
0.279044 -0.172582 0 
0.49205 -0.0969312 0 
0.279044 -0.172582 0 
3.13697 0.632095 0 
2.00208 0.398461 0 
3.13697 0.632095 0 
0.49205 -0.0969312 0 
4.56857 0.966903 0 
3.13697 0.632095 0 
4.56857 0.966903 0 
3.13697 0.632095 0 
0.279044 -0.172582 0 
0.49205 -0.0969312 0 
0.279044 -0.172582 0 
0.114062 -0.241137 0 
1.09643 -0.0823591 0 
0.823152 0.0079209 0 
1.09643 -0.0823591 0 
0.823152 0.0079209 0 
6.19553 1.37757 0 
4.56857 0.966903 0 
6.19553 1.37757 0 
1.09643 -0.0823591 0 
7.36909 1.06449 0 
6.19553 1.37757 0 
7.36909 1.06449 0 
6.19553 1.37757 0 
0.823152 0.0079209 0 
1.09643 -0.0823591 0 
0.823152 0.0079209 0 
4.56857 0.966903 0 
0.49205 -0.0969312 0 
0.823152 0.0079209 0 
0.49205 -0.0969312 0 
0.823152 0.0079209 0 
0.0901721 -0.24541 0 
0.114062 -0.241137 0 
0.0901721 -0.24541 0 
0.49205 -0.0969312 0 
0.0714021 -0.24724 0 
0.0901721 -0.24541 0 
0.0714021 -0.24724 0 
0.0901721 -0.24541 0 
0.823152 0.0079209 0 
0.49205 -0.0969312 0 
0.823152 0.0079209 0 
0.576155 -0.283738 0 
2.45886 -0.0463195 0 
0.369486 -0.152687 0 
2.45886 -0.0463195 0 
0.369486 -0.152687 0 
1.09643 -0.0823591 0 
0.114062 -0.241137 0 
1.09643 -0.0823591 0 
2.45886 -0.0463195 0 
7.36909 1.06449 0 
1.09643 -0.0823591 0 
7.36909 1.06449 0 
1.09643 -0.0823591 0 
0.369486 -0.152687 0 
2.45886 -0.0463195 0 
0.369486 -0.152687 0 
0.114062 -0.241137 0 
0.065355 -0.267561 0 
0.369486 -0.152687 0 
0.065355 -0.267561 0 
0.369486 -0.152687 0 
0.133421 -0.265418 0 
0.576155 -0.283738 0 
0.133421 -0.265418 0 
0.065355 -0.267561 0 
0.0342329 -0.273258 0 
0.133421 -0.265418 0 
0.0342329 -0.273258 0 
0.133421 -0.265418 0 
0.369486 -0.152687 0 
0.065355 -0.267561 0 
0.369486 -0.152687 0 
45.3682 3.36758 0 
36.983 3.55523 0 
22.4592 2.16952 0 
36.983 3.55523 0 
22.4592 2.16952 0 
13.2308 1.60329 0 
5.01535 0.392774 0 
13.2308 1.60329 0 
36.983 3.55523 0 
26.3669 4.23286 0 
13.2308 1.60329 0 
26.3669 4.23286 0 
13.2308 1.60329 0 
22.4592 2.16952 0 
36.983 3.55523 0 
22.4592 2.16952 0 
5.01535 0.392774 0 
1.91542 0.0604565 0 
0.360852 -0.292972 0 
1.91542 0.0604565 0 
0.360852 -0.292972 0 
0.185782 -0.2884 0 
0.0355139 -0.28635 0 
0.185782 -0.2884 0 
1.91542 0.0604565 0 
0.576155 -0.283738 0 
0.185782 -0.2884 0 
0.576155 -0.283738 0 
0.185782 -0.2884 0 
0.360852 -0.292972 0 
1.91542 0.0604565 0 
0.360852 -0.292972 0 
26.3669 4.23286 0 
15.6424 3.38456 0 
6.39414 0.687979 0 
15.6424 3.38456 0 
6.39414 0.687979 0 
2.45886 -0.0463195 0 
0.576155 -0.283738 0 
2.45886 -0.0463195 0 
15.6424 3.38456 0 
7.36909 1.06449 0 
2.45886 -0.0463195 0 
7.36909 1.06449 0 
2.45886 -0.0463195 0 
6.39414 0.687979 0 
15.6424 3.38456 0 
6.39414 0.687979 0 
0.576155 -0.283738 0 
1.91542 0.0604565 0 
6.39414 0.687979 0 
1.91542 0.0604565 0 
6.39414 0.687979 0 
13.2308 1.60329 0 
26.3669 4.23286 0 
13.2308 1.60329 0 
1.91542 0.0604565 0 
5.01535 0.392774 0 
13.2308 1.60329 0 
5.01535 0.392774 0 
13.2308 1.60329 0 
6.39414 0.687979 0 
1.91542 0.0604565 0 
6.39414 0.687979 0 
22.5344 14.3117 0 
52.3347 32.6096 0 
44.8248 30.5496 0 
52.3347 32.6096 0 
44.8248 30.5496 0 
67.1911 46.6481 0 
63.6334 47.209 0 
67.1911 46.6481 0 
52.3347 32.6096 0 
68.9882 44.8648 0 
67.1911 46.6481 0 
68.9882 44.8648 0 
67.1911 46.6481 0 
44.8248 30.5496 0 
52.3347 32.6096 0 
44.8248 30.5496 0 
63.6334 47.209 0 
72.1492 58.508 0 
71.7632 63.8138 0 
72.1492 58.508 0 
71.7632 63.8138 0 
70.9246 86.8639 0 
68.9247 101.723 0 
70.9246 86.8639 0 
72.1492 58.508 0 
68.8414 69.1097 0 
70.9246 86.8639 0 
68.8414 69.1097 0 
70.9246 86.8639 0 
71.7632 63.8138 0 
72.1492 58.508 0 
71.7632 63.8138 0 
68.9882 44.8648 0 
69.7097 48.5254 0 
71.3004 53.1257 0 
69.7097 48.5254 0 
71.3004 53.1257 0 
66.1068 56.9614 0 
68.8414 69.1097 0 
66.1068 56.9614 0 
69.7097 48.5254 0 
63.0885 49.0858 0 
66.1068 56.9614 0 
63.0885 49.0858 0 
66.1068 56.9614 0 
71.3004 53.1257 0 
69.7097 48.5254 0 
71.3004 53.1257 0 
68.8414 69.1097 0 
72.1492 58.508 0 
71.3004 53.1257 0 
72.1492 58.508 0 
71.3004 53.1257 0 
67.1911 46.6481 0 
68.9882 44.8648 0 
67.1911 46.6481 0 
72.1492 58.508 0 
63.6334 47.209 0 
67.1911 46.6481 0 
63.6334 47.209 0 
67.1911 46.6481 0 
71.3004 53.1257 0 
72.1492 58.508 0 
71.3004 53.1257 0 
56.6243 13.2594 0 
56.7118 15.4735 0 
45.679 11.2967 0 
56.7118 15.4735 0 
45.679 11.2967 0 
42.2147 11.9966 0 
24.7354 6.41873 0 
42.2147 11.9966 0 
56.7118 15.4735 0 
55.7501 17.261 0 
42.2147 11.9966 0 
55.7501 17.261 0 
42.2147 11.9966 0 
45.679 11.2967 0 
56.7118 15.4735 0 
45.679 11.2967 0 
24.7354 6.41873 0 
20.1707 6.07316 0 
8.38407 2.27848 0 
20.1707 6.07316 0 
8.38407 2.27848 0 
6.06087 1.83661 0 
2.00208 0.398461 0 
6.06087 1.83661 0 
20.1707 6.07316 0 
15.4508 5.34848 0 
6.06087 1.83661 0 
15.4508 5.34848 0 
6.06087 1.83661 0 
8.38407 2.27848 0 
20.1707 6.07316 0 
8.38407 2.27848 0 
55.7501 17.261 0 
53.3256 18.604 0 
37.3331 12.0925 0 
53.3256 18.604 0 
37.3331 12.0925 0 
31.1954 11.6022 0 
15.4508 5.34848 0 
31.1954 11.6022 0 
53.3256 18.604 0 
48.9093 19.0719 0 
31.1954 11.6022 0 
48.9093 19.0719 0 
31.1954 11.6022 0 
37.3331 12.0925 0 
53.3256 18.604 0 
37.3331 12.0925 0 
15.4508 5.34848 0 
20.1707 6.07316 0 
37.3331 12.0925 0 
20.1707 6.07316 0 
37.3331 12.0925 0 
42.2147 11.9966 0 
55.7501 17.261 0 
42.2147 11.9966 0 
20.1707 6.07316 0 
24.7354 6.41873 0 
42.2147 11.9966 0 
24.7354 6.41873 0 
42.2147 11.9966 0 
37.3331 12.0925 0 
20.1707 6.07316 0 
37.3331 12.0925 0 
2.00208 0.398461 0 
6.06087 1.83661 0 
1.15761 0.211115 0 
6.06087 1.83661 0 
1.15761 0.211115 0 
3.98134 1.40923 0 
0.610498 0.0509999 0 
3.98134 1.40923 0 
6.06087 1.83661 0 
15.4508 5.34848 0 
3.98134 1.40923 0 
15.4508 5.34848 0 
3.98134 1.40923 0 
1.15761 0.211115 0 
6.06087 1.83661 0 
1.15761 0.211115 0 
0.610498 0.0509999 0 
2.25268 0.834501 0 
0.304645 -0.0981148 0 
2.25268 0.834501 0 
0.304645 -0.0981148 0 
1.02748 0.329516 0 
0.165177 -0.154039 0 
1.02748 0.329516 0 
2.25268 0.834501 0 
6.75985 2.95531 0 
1.02748 0.329516 0 
6.75985 2.95531 0 
1.02748 0.329516 0 
0.304645 -0.0981148 0 
2.25268 0.834501 0 
0.304645 -0.0981148 0 
15.4508 5.34848 0 
31.1954 11.6022 0 
10.9076 4.35146 0 
31.1954 11.6022 0 
10.9076 4.35146 0 
24.0573 10.1333 0 
6.75985 2.95531 0 
24.0573 10.1333 0 
31.1954 11.6022 0 
48.9093 19.0719 0 
24.0573 10.1333 0 
48.9093 19.0719 0 
24.0573 10.1333 0 
10.9076 4.35146 0 
31.1954 11.6022 0 
10.9076 4.35146 0 
6.75985 2.95531 0 
2.25268 0.834501 0 
10.9076 4.35146 0 
2.25268 0.834501 0 
10.9076 4.35146 0 
3.98134 1.40923 0 
15.4508 5.34848 0 
3.98134 1.40923 0 
2.25268 0.834501 0 
0.610498 0.0509999 0 
3.98134 1.40923 0 
0.610498 0.0509999 0 
3.98134 1.40923 0 
10.9076 4.35146 0 
2.25268 0.834501 0 
10.9076 4.35146 0 
0.165177 -0.154039 0 
1.02748 0.329516 0 
0.586333 0.0511393 0 
1.02748 0.329516 0 
0.586333 0.0511393 0 
4.56806 2.16476 0 
2.67399 1.00679 0 
4.56806 2.16476 0 
1.02748 0.329516 0 
6.75985 2.95531 0 
4.56806 2.16476 0 
6.75985 2.95531 0 
4.56806 2.16476 0 
0.586333 0.0511393 0 
1.02748 0.329516 0 
0.586333 0.0511393 0 
2.67399 1.00679 0 
14.0216 7.00457 0 
9.40362 5.01372 0 
14.0216 7.00457 0 
9.40362 5.01372 0 
30.5318 17.6172 0 
22.5344 14.3117 0 
30.5318 17.6172 0 
14.0216 7.00457 0 
38.3223 19.101 0 
30.5318 17.6172 0 
38.3223 19.101 0 
30.5318 17.6172 0 
9.40362 5.01372 0 
14.0216 7.00457 0 
9.40362 5.01372 0 
6.75985 2.95531 0 
24.0573 10.1333 0 
19.042 8.91267 0 
24.0573 10.1333 0 
19.042 8.91267 0 
44.5775 19.5769 0 
38.3223 19.101 0 
44.5775 19.5769 0 
24.0573 10.1333 0 
48.9093 19.0719 0 
44.5775 19.5769 0 
48.9093 19.0719 0 
44.5775 19.5769 0 
19.042 8.91267 0 
24.0573 10.1333 0 
19.042 8.91267 0 
38.3223 19.101 0 
14.0216 7.00457 0 
19.042 8.91267 0 
14.0216 7.00457 0 
19.042 8.91267 0 
4.56806 2.16476 0 
6.75985 2.95531 0 
4.56806 2.16476 0 
14.0216 7.00457 0 
2.67399 1.00679 0 
4.56806 2.16476 0 
2.67399 1.00679 0 
4.56806 2.16476 0 
19.042 8.91267 0 
14.0216 7.00457 0 
19.042 8.91267 0 
22.5344 14.3117 0 
30.5318 17.6172 0 
52.3347 32.6096 0 
30.5318 17.6172 0 
52.3347 32.6096 0 
58.8042 32.078 0 
68.9882 44.8648 0 
58.8042 32.078 0 
30.5318 17.6172 0 
38.3223 19.101 0 
58.8042 32.078 0 
38.3223 19.101 0 
58.8042 32.078 0 
52.3347 32.6096 0 
30.5318 17.6172 0 
52.3347 32.6096 0 
68.9882 44.8648 0 
69.0934 38.8918 0 
69.7097 48.5254 0 
69.0934 38.8918 0 
69.7097 48.5254 0 
67.1088 39.9978 0 
63.0885 49.0858 0 
67.1088 39.9978 0 
69.0934 38.8918 0 
67.3976 33.0772 0 
67.1088 39.9978 0 
67.3976 33.0772 0 
67.1088 39.9978 0 
69.7097 48.5254 0 
69.0934 38.8918 0 
69.7097 48.5254 0 
38.3223 19.101 0 
44.5775 19.5769 0 
61.9128 29.9901 0 
44.5775 19.5769 0 
61.9128 29.9901 0 
62.8112 26.8189 0 
67.3976 33.0772 0 
62.8112 26.8189 0 
44.5775 19.5769 0 
48.9093 19.0719 0 
62.8112 26.8189 0 
48.9093 19.0719 0 
62.8112 26.8189 0 
61.9128 29.9901 0 
44.5775 19.5769 0 
61.9128 29.9901 0 
67.3976 33.0772 0 
69.0934 38.8918 0 
61.9128 29.9901 0 
69.0934 38.8918 0 
61.9128 29.9901 0 
58.8042 32.078 0 
38.3223 19.101 0 
58.8042 32.078 0 
69.0934 38.8918 0 
68.9882 44.8648 0 
58.8042 32.078 0 
68.9882 44.8648 0 
58.8042 32.078 0 
61.9128 29.9901 0 
69.0934 38.8918 0 
61.9128 29.9901 0 
63.0885 49.0858 0 
67.1088 39.9978 0 
61.2811 44.7308 0 
67.1088 39.9978 0 
61.2811 44.7308 0 
65.1494 35.7874 0 
59.7042 39.9718 0 
65.1494 35.7874 0 
67.1088 39.9978 0 
67.3976 33.0772 0 
65.1494 35.7874 0 
67.3976 33.0772 0 
65.1494 35.7874 0 
61.2811 44.7308 0 
67.1088 39.9978 0 
61.2811 44.7308 0 
59.7042 39.9718 0 
63.2245 32.0489 0 
58.3986 35.6182 0 
63.2245 32.0489 0 
58.3986 35.6182 0 
61.4824 28.919 0 
57.1818 31.8464 0 
61.4824 28.919 0 
63.2245 32.0489 0 
64.742 27.4195 0 
61.4824 28.919 0 
64.742 27.4195 0 
61.4824 28.919 0 
58.3986 35.6182 0 
63.2245 32.0489 0 
58.3986 35.6182 0 
67.3976 33.0772 0 
62.8112 26.8189 0 
66.1705 30.2329 0 
62.8112 26.8189 0 
66.1705 30.2329 0 
63.1844 24.972 0 
64.742 27.4195 0 
63.1844 24.972 0 
62.8112 26.8189 0 
48.9093 19.0719 0 
63.1844 24.972 0 
48.9093 19.0719 0 
63.1844 24.972 0 
66.1705 30.2329 0 
62.8112 26.8189 0 
66.1705 30.2329 0 
64.742 27.4195 0 
63.2245 32.0489 0 
66.1705 30.2329 0 
63.2245 32.0489 0 
66.1705 30.2329 0 
65.1494 35.7874 0 
67.3976 33.0772 0 
65.1494 35.7874 0 
63.2245 32.0489 0 
59.7042 39.9718 0 
65.1494 35.7874 0 
59.7042 39.9718 0 
65.1494 35.7874 0 
66.1705 30.2329 0 
63.2245 32.0489 0 
66.1705 30.2329 0 
57.1818 31.8464 0 
61.4824 28.919 0 
59.0558 24.5308 0 
61.4824 28.919 0 
59.0558 24.5308 0 
62.574 23.4726 0 
60.7024 20.3843 0 
62.574 23.4726 0 
61.4824 28.919 0 
64.742 27.4195 0 
62.574 23.4726 0 
64.742 27.4195 0 
62.574 23.4726 0 
59.0558 24.5308 0 
61.4824 28.919 0 
59.0558 24.5308 0 
60.7024 20.3843 0 
61.7794 19.5222 0 
60.4348 16.9567 0 
61.7794 19.5222 0 
60.4348 16.9567 0 
56.7118 15.4735 0 
56.6243 13.2594 0 
56.7118 15.4735 0 
61.7794 19.5222 0 
55.7501 17.261 0 
56.7118 15.4735 0 
55.7501 17.261 0 
56.7118 15.4735 0 
60.4348 16.9567 0 
61.7794 19.5222 0 
60.4348 16.9567 0 
64.742 27.4195 0 
63.1844 24.972 0 
62.8491 22.1904 0 
63.1844 24.972 0 
62.8491 22.1904 0 
53.3256 18.604 0 
55.7501 17.261 0 
53.3256 18.604 0 
63.1844 24.972 0 
48.9093 19.0719 0 
53.3256 18.604 0 
48.9093 19.0719 0 
53.3256 18.604 0 
62.8491 22.1904 0 
63.1844 24.972 0 
62.8491 22.1904 0 
55.7501 17.261 0 
61.7794 19.5222 0 
62.8491 22.1904 0 
61.7794 19.5222 0 
62.8491 22.1904 0 
62.574 23.4726 0 
64.742 27.4195 0 
62.574 23.4726 0 
61.7794 19.5222 0 
60.7024 20.3843 0 
62.574 23.4726 0 
60.7024 20.3843 0 
62.574 23.4726 0 
62.8491 22.1904 0 
61.7794 19.5222 0 
62.8491 22.1904 0 
56.6243 13.2594 0 
57.5142 12.6359 0 
58.4935 13.8463 0 
57.5142 12.6359 0 
58.4935 13.8463 0 
57.3988 12.6713 0 
56.7927 13.8097 0 
57.3988 12.6713 0 
57.5142 12.6359 0 
57.1471 11.5132 0 
57.3988 12.6713 0 
57.1471 11.5132 0 
57.3988 12.6713 0 
58.4935 13.8463 0 
57.5142 12.6359 0 
58.4935 13.8463 0 
57.1471 11.5132 0 
56.1781 10.3164 0 
55.9324 11.3516 0 
56.1781 10.3164 0 
55.9324 11.3516 0 
54.3574 10.0524 0 
53.3231 11.254 0 
54.3574 10.0524 0 
56.1781 10.3164 0 
54.8491 9.12394 0 
54.3574 10.0524 0 
54.8491 9.12394 0 
54.3574 10.0524 0 
55.9324 11.3516 0 
56.1781 10.3164 0 
55.9324 11.3516 0 
53.3231 11.254 0 
55.0045 12.4965 0 
55.9324 11.3516 0 
55.0045 12.4965 0 
55.9324 11.3516 0 
57.3988 12.6713 0 
57.1471 11.5132 0 
57.3988 12.6713 0 
55.0045 12.4965 0 
56.7927 13.8097 0 
57.3988 12.6713 0 
56.7927 13.8097 0 
57.3988 12.6713 0 
55.9324 11.3516 0 
55.0045 12.4965 0 
55.9324 11.3516 0 
51.7969 8.67076 0 
53.4469 8.8134 0 
52.3831 7.49204 0 
53.4469 8.8134 0 
52.3831 7.49204 0 
53.8266 7.7403 0 
52.8395 6.47479 0 
53.8266 7.7403 0 
53.4469 8.8134 0 
54.8491 9.12394 0 
53.8266 7.7403 0 
54.8491 9.12394 0 
53.8266 7.7403 0 
52.3831 7.49204 0 
53.4469 8.8134 0 
52.3831 7.49204 0 
53.3231 11.254 0 
54.3574 10.0524 0 
52.5285 9.90589 0 
54.3574 10.0524 0 
52.5285 9.90589 0 
53.4469 8.8134 0 
51.7969 8.67076 0 
53.4469 8.8134 0 
54.3574 10.0524 0 
54.8491 9.12394 0 
53.4469 8.8134 0 
54.8491 9.12394 0 
53.4469 8.8134 0 
52.5285 9.90589 0 
54.3574 10.0524 0 
52.5285 9.90589 0 
51.0532 4.3529 0 
51.8736 5.35495 0 
51.9247 4.28111 0 
51.8736 5.35495 0 
51.9247 4.28111 0 
52.7973 5.32377 0 
52.4363 4.22847 0 
52.7973 5.32377 0 
51.8736 5.35495 0 
52.8395 6.47479 0 
52.7973 5.32377 0 
52.8395 6.47479 0 
52.7973 5.32377 0 
51.9247 4.28111 0 
51.8736 5.35495 0 
51.9247 4.28111 0 
52.4363 4.22847 0 
53.2143 5.31176 0 
51.3802 4.01561 0 
53.2143 5.31176 0 
51.3802 4.01561 0 
51.4828 5.08608 0 
45.3682 3.36758 0 
51.4828 5.08608 0 
53.2143 5.31176 0 
53.8863 6.40532 0 
51.4828 5.08608 0 
53.8863 6.40532 0 
51.4828 5.08608 0 
51.3802 4.01561 0 
53.2143 5.31176 0 
51.3802 4.01561 0 
52.8395 6.47479 0 
53.8266 7.7403 0 
53.7063 6.43532 0 
53.8266 7.7403 0 
53.7063 6.43532 0 
54.7609 7.70788 0 
53.8863 6.40532 0 
54.7609 7.70788 0 
53.8266 7.7403 0 
54.8491 9.12394 0 
54.7609 7.70788 0 
54.8491 9.12394 0 
54.7609 7.70788 0 
53.7063 6.43532 0 
53.8266 7.7403 0 
53.7063 6.43532 0 
53.8863 6.40532 0 
53.2143 5.31176 0 
53.7063 6.43532 0 
53.2143 5.31176 0 
53.7063 6.43532 0 
52.7973 5.32377 0 
52.8395 6.47479 0 
52.7973 5.32377 0 
53.2143 5.31176 0 
52.4363 4.22847 0 
52.7973 5.32377 0 
52.4363 4.22847 0 
52.7973 5.32377 0 
53.7063 6.43532 0 
53.2143 5.31176 0 
53.7063 6.43532 0 
45.3682 3.36758 0 
51.4828 5.08608 0 
36.983 3.55523 0 
51.4828 5.08608 0 
36.983 3.55523 0 
45.6157 4.17817 0 
26.3669 4.23286 0 
45.6157 4.17817 0 
51.4828 5.08608 0 
53.8863 6.40532 0 
45.6157 4.17817 0 
53.8863 6.40532 0 
45.6157 4.17817 0 
36.983 3.55523 0 
51.4828 5.08608 0 
36.983 3.55523 0 
26.3669 4.23286 0 
36.2965 4.22737 0 
15.6424 3.38456 0 
36.2965 4.22737 0 
15.6424 3.38456 0 
24.564 4.17216 0 
7.36909 1.06449 0 
24.564 4.17216 0 
36.2965 4.22737 0 
45.699 6.19353 0 
24.564 4.17216 0 
45.699 6.19353 0 
24.564 4.17216 0 
15.6424 3.38456 0 
36.2965 4.22737 0 
15.6424 3.38456 0 
53.8863 6.40532 0 
54.7609 7.70788 0 
51.7458 6.41578 0 
54.7609 7.70788 0 
51.7458 6.41578 0 
54.8641 8.39199 0 
45.699 6.19353 0 
54.8641 8.39199 0 
54.7609 7.70788 0 
54.8491 9.12394 0 
54.8641 8.39199 0 
54.8491 9.12394 0 
54.8641 8.39199 0 
51.7458 6.41578 0 
54.7609 7.70788 0 
51.7458 6.41578 0 
45.699 6.19353 0 
36.2965 4.22737 0 
51.7458 6.41578 0 
36.2965 4.22737 0 
51.7458 6.41578 0 
45.6157 4.17817 0 
53.8863 6.40532 0 
45.6157 4.17817 0 
36.2965 4.22737 0 
26.3669 4.23286 0 
45.6157 4.17817 0 
26.3669 4.23286 0 
45.6157 4.17817 0 
51.7458 6.41578 0 
36.2965 4.22737 0 
51.7458 6.41578 0 
7.36909 1.06449 0 
24.564 4.17216 0 
17.2669 3.24076 0 
24.564 4.17216 0 
17.2669 3.24076 0 
40.3713 6.38023 0 
33.6032 6.47692 0 
40.3713 6.38023 0 
24.564 4.17216 0 
45.699 6.19353 0 
40.3713 6.38023 0 
45.699 6.19353 0 
40.3713 6.38023 0 
17.2669 3.24076 0 
24.564 4.17216 0 
17.2669 3.24076 0 
33.6032 6.47692 0 
52.1226 9.66895 0 
48.1985 10.0966 0 
52.1226 9.66895 0 
48.1985 10.0966 0 
57.5142 12.6359 0 
56.6243 13.2594 0 
57.5142 12.6359 0 
52.1226 9.66895 0 
57.1471 11.5132 0 
57.5142 12.6359 0 
57.1471 11.5132 0 
57.5142 12.6359 0 
48.1985 10.0966 0 
52.1226 9.66895 0 
48.1985 10.0966 0 
45.699 6.19353 0 
54.8641 8.39199 0 
54.2164 9.15045 0 
54.8641 8.39199 0 
54.2164 9.15045 0 
56.1781 10.3164 0 
57.1471 11.5132 0 
56.1781 10.3164 0 
54.8641 8.39199 0 
54.8491 9.12394 0 
56.1781 10.3164 0 
54.8491 9.12394 0 
56.1781 10.3164 0 
54.2164 9.15045 0 
54.8641 8.39199 0 
54.2164 9.15045 0 
57.1471 11.5132 0 
52.1226 9.66895 0 
54.2164 9.15045 0 
52.1226 9.66895 0 
54.2164 9.15045 0 
40.3713 6.38023 0 
45.699 6.19353 0 
40.3713 6.38023 0 
52.1226 9.66895 0 
33.6032 6.47692 0 
40.3713 6.38023 0 
33.6032 6.47692 0 
40.3713 6.38023 0 
54.2164 9.15045 0 
52.1226 9.66895 0 
54.2164 9.15045 0 
0.165177 -0.154039 0 
0.0682589 -0.21866 0 
0.304645 -0.0981148 0 
0.0682589 -0.21866 0 
0.304645 -0.0981148 0 
0.0873363 -0.216775 0 
0.610498 0.0509999 0 
0.0873363 -0.216775 0 
0.0682589 -0.21866 0 
0.0403951 -0.236215 0 
0.0873363 -0.216775 0 
0.0403951 -0.236215 0 
0.0873363 -0.216775 0 
0.304645 -0.0981148 0 
0.0682589 -0.21866 0 
0.304645 -0.0981148 0 
0.610498 0.0509999 0 
0.118676 -0.212418 0 
1.15761 0.211115 0 
0.118676 -0.212418 0 
1.15761 0.211115 0 
0.189136 -0.192912 0 
2.00208 0.398461 0 
0.189136 -0.192912 0 
0.118676 -0.212418 0 
0.0532672 -0.240866 0 
0.189136 -0.192912 0 
0.0532672 -0.240866 0 
0.189136 -0.192912 0 
1.15761 0.211115 0 
0.118676 -0.212418 0 
1.15761 0.211115 0 
0.0532672 -0.240866 0 
0.118676 -0.212418 0 
0.0459172 -0.239259 0 
0.118676 -0.212418 0 
0.0459172 -0.239259 0 
0.0873363 -0.216775 0 
0.0403951 -0.236215 0 
0.0873363 -0.216775 0 
0.118676 -0.212418 0 
0.610498 0.0509999 0 
0.0873363 -0.216775 0 
0.610498 0.0509999 0 
0.0873363 -0.216775 0 
0.0459172 -0.239259 0 
0.118676 -0.212418 0 
0.0459172 -0.239259 0 
2.00208 0.398461 0 
0.189136 -0.192912 0 
0.279044 -0.172582 0 
0.189136 -0.192912 0 
0.279044 -0.172582 0 
0.0618053 -0.243609 0 
0.0714021 -0.24724 0 
0.0618053 -0.243609 0 
0.189136 -0.192912 0 
0.0532672 -0.240866 0 
0.0618053 -0.243609 0 
0.0532672 -0.240866 0 
0.0618053 -0.243609 0 
0.279044 -0.172582 0 
0.189136 -0.192912 0 
0.279044 -0.172582 0 
0.00581727 -0.406146 0 
0.0121338 -0.405186 0 
0.00803629 -0.406367 0 
0.0121338 -0.405186 0 
0.00803629 -0.406367 0 
0.0104046 -0.403003 0 
0.0111231 -0.406454 0 
0.0104046 -0.403003 0 
0.0121338 -0.405186 0 
0.018425 -0.402551 0 
0.0104046 -0.403003 0 
0.018425 -0.402551 0 
0.0104046 -0.403003 0 
0.00803629 -0.406367 0 
0.0121338 -0.405186 0 
0.00803629 -0.406367 0 
0.0111231 -0.406454 0 
0.0104046 -0.403003 0 
0.0131715 -0.400314 0 
0.0104046 -0.403003 0 
0.0131715 -0.400314 0 
0.0130346 -0.397188 0 
0.0155041 -0.392723 0 
0.0130346 -0.397188 0 
0.0104046 -0.403003 0 
0.018425 -0.402551 0 
0.0130346 -0.397188 0 
0.018425 -0.402551 0 
0.0130346 -0.397188 0 
0.0131715 -0.400314 0 
0.0104046 -0.403003 0 
0.0131715 -0.400314 0 
0.0290765 -0.338023 0 
0.0291466 -0.351323 0 
0.0340393 -0.348446 0 
0.0291466 -0.351323 0 
0.0340393 -0.348446 0 
0.0252579 -0.361739 0 
0.0492803 -0.360355 0 
0.0252579 -0.361739 0 
0.0291466 -0.351323 0 
0.0289203 -0.363018 0 
0.0252579 -0.361739 0 
0.0289203 -0.363018 0 
0.0252579 -0.361739 0 
0.0340393 -0.348446 0 
0.0291466 -0.351323 0 
0.0340393 -0.348446 0 
0.0492803 -0.360355 0 
0.0252579 -0.361739 0 
0.0284339 -0.368327 0 
0.0252579 -0.361739 0 
0.0284339 -0.368327 0 
0.0242222 -0.370716 0 
0.0204482 -0.377852 0 
0.0242222 -0.370716 0 
0.0252579 -0.361739 0 
0.0289203 -0.363018 0 
0.0242222 -0.370716 0 
0.0289203 -0.363018 0 
0.0242222 -0.370716 0 
0.0284339 -0.368327 0 
0.0252579 -0.361739 0 
0.0284339 -0.368327 0 

