# vtk DataFile Version 3.0
TPZGeoMesh VTK Visualization
ASCII

DATASET UNSTRUCTURED_GRID
POINTS 8360 float
18.6603 -23.6603 0 
18.6603 -19.4817 0 
16.3277 -23.6603 0 
18.6603 -5 0 
15.7014 -5 0 
18.6603 -6.58405 0 
4.66506 -23.6603 0 
9.33013 -23.6603 0 
6.9976 -19.3249 0 
13.9952 -23.6603 0 
16.3277 -23.6603 0 
15.1615 -20.2689 0 
16.3277 -23.6603 0 
18.6603 -19.4817 0 
15.1615 -20.2689 0 
18.6603 -8.1681 0 
18.6603 -6.58405 0 
16.3328 -7.37607 0 
18.6603 -6.58405 0 
15.7014 -5 0 
16.3328 -7.37607 0 
18.6603 -11.5401 0 
18.6603 -8.1681 0 
16.8566 -9.85408 0 
18.6603 -8.1681 0 
16.3328 -7.37607 0 
16.8566 -9.85408 0 
16.3328 -7.37607 0 
14.5138 -9.07496 0 
16.8566 -9.85408 0 
-1.25652 0 0 
-2.82882 0 0 
-2.04267 -1.46473 0 
-18.6603 -2.36603 0 
-18.6603 -4.73205 0 
-15.1735 -3.54904 0 
-18.6603 0 0 
-18.6603 -2.36603 0 
-16.4267 0 0 
-18.6603 -2.36603 0 
-15.1735 -3.54904 0 
-16.4267 0 0 
-15.1735 -3.54904 0 
-14.1932 0 0 
-16.4267 0 0 
-18.6603 -18.9282 0 
-18.6603 -21.2942 0 
-15.1277 -20.1112 0 
-18.6603 -21.2942 0 
-18.6603 -23.6603 0 
-16.3277 -23.6603 0 
-13.9952 -23.6603 0 
-15.1277 -20.1112 0 
-16.3277 -23.6603 0 
-15.1277 -20.1112 0 
-18.6603 -21.2942 0 
-16.3277 -23.6603 0 
4.66506 -23.6603 0 
6.9976 -19.3249 0 
2.33253 -19.6101 0 
7.31859e-13 -23.6603 0 
4.66506 -23.6603 0 
2.33253 -19.6101 0 
15.1615 -20.2689 0 
18.6603 -19.4817 0 
16.3538 -17.3994 0 
18.6603 -19.4817 0 
18.6603 -15.3171 0 
16.3538 -17.3994 0 
6.9976 -19.3249 0 
9.33013 -23.6603 0 
11.0639 -19.9323 0 
13.9952 -23.6603 0 
15.1615 -20.2689 0 
11.0639 -19.9323 0 
9.33013 -23.6603 0 
13.9952 -23.6603 0 
11.0639 -19.9323 0 
14.5138 -9.07496 0 
16.3328 -7.37607 0 
14.5138 -6.58752 0 
16.3328 -7.37607 0 
15.7014 -5 0 
14.5138 -6.58752 0 
15.7014 -5 0 
13.3262 -5 0 
14.5138 -6.58752 0 
12.3728 -7.48838 0 
14.5138 -6.58752 0 
12.3728 -6.06157 0 
14.5138 -6.58752 0 
13.3262 -5 0 
12.3728 -6.06157 0 
18.6603 -15.3171 0 
18.6603 -11.5401 0 
15.9227 -13.4286 0 
12.8428 -14.6832 0 
16.3538 -17.3994 0 
15.9227 -13.4286 0 
16.3538 -17.3994 0 
18.6603 -15.3171 0 
15.9227 -13.4286 0 
-4.79624 0 0 
-7.25807 0 0 
-6.02715 -2.10658 0 
-2.82882 0 0 
-4.79624 0 0 
-3.81253 -1.41064 0 
-4.79624 0 0 
-6.02715 -2.10658 0 
-3.81253 -1.41064 0 
-6.02715 -2.10658 0 
-3.81253 -3.13041 0 
-3.81253 -1.41064 0 
-3.81253 -3.13041 0 
-2.04267 -1.46473 0 
-3.81253 -1.41064 0 
-2.04267 -1.46473 0 
-2.82882 0 0 
-3.81253 -1.41064 0 
-0.628262 -2.33818 0 
-2.04267 -1.46473 0 
-2.11396 -3.1621 0 
-2.04267 -1.46473 0 
-3.81253 -3.13041 0 
-2.11396 -3.1621 0 
-12.2659 -6.29381 0 
-15.1735 -3.54904 0 
-15.8241 -7.15071 0 
-15.1735 -3.54904 0 
-18.6603 -4.73205 0 
-15.8241 -7.15071 0 
-18.6603 -4.73205 0 
-18.6603 -9.4641 0 
-15.8241 -7.15071 0 
-12.2659 -6.29381 0 
-8.79833 -3.91367 0 
-12.2659 -2.44227 0 
-15.1735 -3.54904 0 
-12.2659 -6.29381 0 
-12.2659 -2.44227 0 
-14.1932 0 0 
-15.1735 -3.54904 0 
-12.2659 -2.44227 0 
-10.3386 0 0 
-14.1932 0 0 
-12.2659 -2.44227 0 
-7.25807 0 0 
-10.3386 0 0 
-8.79833 -1.65375 0 
-10.3386 0 0 
-12.2659 -2.44227 0 
-8.79833 -1.65375 0 
-12.2659 -2.44227 0 
-8.79833 -3.91367 0 
-8.79833 -1.65375 0 
-8.79833 -3.91367 0 
-6.02715 -2.10658 0 
-8.79833 -1.65375 0 
-6.02715 -2.10658 0 
-7.25807 0 0 
-8.79833 -1.65375 0 
-11.5952 -16.5622 0 
-15.1277 -20.1112 0 
-11.3077 -20.3809 0 
-15.1277 -20.1112 0 
-13.9952 -23.6603 0 
-11.3077 -20.3809 0 
-13.9952 -23.6603 0 
-9.33013 -23.6603 0 
-11.3077 -20.3809 0 
-9.33013 -23.6603 0 
-6.9976 -19.0055 0 
-11.3077 -20.3809 0 
-6.9976 -19.0055 0 
-11.5952 -16.5622 0 
-11.3077 -20.3809 0 
-15.1277 -20.1112 0 
-11.5952 -16.5622 0 
-15.429 -16.2788 0 
-18.6603 -18.9282 0 
-15.1277 -20.1112 0 
-15.429 -16.2788 0 
-18.6603 -14.1962 0 
-18.6603 -18.9282 0 
-15.429 -16.2788 0 
7.31859e-13 -23.6603 0 
2.33253 -19.6101 0 
-2.33193 -19.2985 0 
-4.66506 -23.6603 0 
7.31859e-13 -23.6603 0 
-2.33193 -19.2985 0 
16.3538 -17.3994 0 
12.8428 -14.6832 0 
13.3006 -17.8132 0 
11.0639 -19.9323 0 
15.1615 -20.2689 0 
13.3006 -17.8132 0 
15.1615 -20.2689 0 
16.3538 -17.3994 0 
13.3006 -17.8132 0 
9.98828 -13.1279 0 
6.9976 -14.4018 0 
9.4438 -16.8634 0 
12.8428 -14.6832 0 
9.98828 -13.1279 0 
9.4438 -16.8634 0 
6.9976 -19.3249 0 
11.0639 -19.9323 0 
9.4438 -16.8634 0 
11.0639 -19.9323 0 
13.3006 -17.8132 0 
9.4438 -16.8634 0 
13.3006 -17.8132 0 
12.8428 -14.6832 0 
9.4438 -16.8634 0 
12.0116 -10.2136 0 
14.5138 -9.07496 0 
12.9472 -8.95107 0 
14.5138 -9.07496 0 
14.5138 -6.58752 0 
12.9472 -8.95107 0 
14.5138 -6.58752 0 
12.3728 -7.48838 0 
12.9472 -8.95107 0 
12.0116 -10.2136 0 
12.9472 -8.95107 0 
10.805 -8.66713 0 
12.9472 -8.95107 0 
12.3728 -7.48838 0 
10.805 -8.66713 0 
14.5138 -9.07496 0 
12.0116 -10.2136 0 
15.0754 -11.298 0 
16.8566 -9.85408 0 
14.5138 -9.07496 0 
15.0754 -11.298 0 
15.9227 -13.4286 0 
18.6603 -11.5401 0 
15.0754 -11.298 0 
18.6603 -11.5401 0 
16.8566 -9.85408 0 
15.0754 -11.298 0 
6.9976 -14.4018 0 
9.98828 -13.1279 0 
7.7286 -11.9705 0 
9.98828 -13.1279 0 
12.8428 -14.6832 0 
12.1849 -12.4935 0 
15.0754 -11.298 0 
12.0116 -10.2136 0 
12.1849 -12.4935 0 
15.9227 -13.4286 0 
15.0754 -11.298 0 
12.1849 -12.4935 0 
12.8428 -14.6832 0 
15.9227 -13.4286 0 
12.1849 -12.4935 0 
7.7286 -11.9705 0 
9.98828 -13.1279 0 
10.5251 -11.3411 0 
9.98828 -13.1279 0 
12.1849 -12.4935 0 
10.5251 -11.3411 0 
12.1849 -12.4935 0 
12.0116 -10.2136 0 
10.5251 -11.3411 0 
12.0116 -10.2136 0 
10.805 -8.66713 0 
10.5251 -11.3411 0 
10.805 -8.66713 0 
9.27458 -9.95657 0 
10.5251 -11.3411 0 
-3.81253 -3.13041 0 
-6.02715 -2.10658 0 
-6.05995 -5.08463 0 
-6.02715 -2.10658 0 
-8.79833 -3.91367 0 
-6.05995 -5.08463 0 
-3.81253 -3.13041 0 
-6.05995 -5.08463 0 
-2.99544 -4.87202 0 
-2.11396 -3.1621 0 
-3.81253 -3.13041 0 
-2.99544 -4.87202 0 
0.256922 -3.28283 0 
-0.628262 -2.33818 0 
-0.943712 -3.52083 0 
-0.628262 -2.33818 0 
-2.11396 -3.1621 0 
-0.943712 -3.52083 0 
-2.11396 -3.1621 0 
-2.99544 -4.87202 0 
-0.943712 -3.52083 0 
-2.99544 -4.87202 0 
-1.41548 -5.96954 0 
-0.943712 -3.52083 0 
-8.79833 -3.91367 0 
-12.2659 -6.29381 0 
-8.99764 -7.33931 0 
-6.05995 -5.08463 0 
-8.79833 -3.91367 0 
-8.99764 -7.33931 0 
-13.6479 -11.5402 0 
-11.5952 -16.5622 0 
-9.91663 -12.9456 0 
-18.6603 -14.1962 0 
-15.429 -16.2788 0 
-15.8669 -13.4101 0 
-15.429 -16.2788 0 
-11.5952 -16.5622 0 
-15.8669 -13.4101 0 
-11.5952 -16.5622 0 
-13.6479 -11.5402 0 
-15.8669 -13.4101 0 
-18.6603 -11.8301 0 
-18.6603 -14.1962 0 
-15.8669 -13.4101 0 
-6.9976 -23.6603 0 
-4.66506 -23.6603 0 
-5.83133 -21.3329 0 
-9.33013 -23.6603 0 
-6.9976 -23.6603 0 
-5.83133 -21.3329 0 
-6.9976 -19.0055 0 
-9.33013 -23.6603 0 
-5.83133 -21.3329 0 
-4.66506 -23.6603 0 
-2.33193 -19.2985 0 
-5.83133 -21.3329 0 
-18.6603 -9.4641 0 
-18.6603 -11.8301 0 
-16.2141 -10.6471 0 
-18.6603 -11.8301 0 
-15.8669 -13.4101 0 
-16.2141 -10.6471 0 
-15.8669 -13.4101 0 
-13.6479 -11.5402 0 
-16.2141 -10.6471 0 
-13.6479 -11.5402 0 
-15.8241 -7.15071 0 
-16.2141 -10.6471 0 
-15.8241 -7.15071 0 
-18.6603 -9.4641 0 
-16.2141 -10.6471 0 
2.33253 -19.6101 0 
6.9976 -19.3249 0 
4.53084 -17.2724 0 
-2.33193 -19.2985 0 
-2.33253 -14.6237 0 
-4.52717 -16.9614 0 
-6.9976 -19.0055 0 
-5.83133 -21.3329 0 
-4.52717 -16.9614 0 
-5.83133 -21.3329 0 
-2.33193 -19.2985 0 
-4.52717 -16.9614 0 
-2.33193 -19.2985 0 
2.33253 -19.6101 0 
0.146672 -17.2632 0 
-2.33253 -14.6237 0 
-2.33193 -19.2985 0 
0.146672 -17.2632 0 
2.34235 -14.9255 0 
-2.33253 -14.6237 0 
0.146672 -17.2632 0 
2.33253 -19.6101 0 
4.53084 -17.2724 0 
0.146672 -17.2632 0 
4.53084 -17.2724 0 
2.34235 -14.9255 0 
0.146672 -17.2632 0 
4.53084 -17.2724 0 
6.9976 -19.3249 0 
6.98224 -16.8634 0 
6.9976 -19.3249 0 
9.4438 -16.8634 0 
6.98224 -16.8634 0 
9.4438 -16.8634 0 
6.9976 -14.4018 0 
6.98224 -16.8634 0 
9.27458 -9.95657 0 
10.805 -8.66713 0 
9.52293 -8.6984 0 
-1.41548 -5.96954 0 
1.33282 -6.44432 0 
0.153004 -5.08201 0 
1.33282 -6.44432 0 
2.11203 -5.09291 0 
0.153004 -5.08201 0 
0.256922 -3.28283 0 
-0.943712 -3.52083 0 
0.153004 -5.08201 0 
-0.943712 -3.52083 0 
-1.41548 -5.96954 0 
0.153004 -5.08201 0 
-8.99764 -7.33931 0 
-12.2659 -6.29381 0 
-11.4322 -9.31862 0 
-13.6479 -11.5402 0 
-9.91663 -12.9456 0 
-11.4322 -9.31862 0 
-12.2659 -6.29381 0 
-15.8241 -7.15071 0 
-11.4322 -9.31862 0 
-15.8241 -7.15071 0 
-13.6479 -11.5402 0 
-11.4322 -9.31862 0 
-9.91663 -12.9456 0 
-7.05575 -10.1684 0 
-11.4322 -9.31862 0 
-7.05575 -10.1684 0 
-8.99764 -7.33931 0 
-11.4322 -9.31862 0 
-6.05995 -5.08463 0 
-8.99764 -7.33931 0 
-6.42282 -7.65296 0 
-8.99764 -7.33931 0 
-7.05575 -10.1684 0 
-6.42282 -7.65296 0 
-4.52717 -16.9614 0 
-2.33253 -14.6237 0 
-4.87224 -12.5848 0 
-7.05575 -10.1684 0 
-9.91663 -12.9456 0 
-4.87224 -12.5848 0 
-2.33253 -14.6237 0 
-2.6375 -10.2157 0 
-4.87224 -12.5848 0 
1.33282 -6.44432 0 
-1.41548 -5.96954 0 
-0.44568 -8.54757 0 
-2.6375 -10.2157 0 
-2.33253 -14.6237 0 
0.168818 -12.2361 0 
-2.33253 -14.6237 0 
2.34235 -14.9255 0 
0.168818 -12.2361 0 
-6.9976 -19.0055 0 
-4.52717 -16.9614 0 
-8.29353 -15.8967 0 
-4.52717 -16.9614 0 
-4.87224 -12.5848 0 
-8.29353 -15.8967 0 
-4.87224 -12.5848 0 
-9.91663 -12.9456 0 
-8.29353 -15.8967 0 
-9.91663 -12.9456 0 
-11.5952 -16.5622 0 
-8.29353 -15.8967 0 
-11.5952 -16.5622 0 
-6.9976 -19.0055 0 
-8.29353 -15.8967 0 
2.34235 -14.9255 0 
4.53084 -17.2724 0 
4.699 -14.9218 0 
4.53084 -17.2724 0 
6.98224 -16.8634 0 
4.699 -14.9218 0 
6.98224 -16.8634 0 
6.9976 -14.4018 0 
4.699 -14.9218 0 
6.9976 -14.4018 0 
4.40366 -12.2964 0 
4.699 -14.9218 0 
4.40366 -12.2964 0 
2.34235 -14.9255 0 
4.699 -14.9218 0 
10.805 -8.66713 0 
12.3728 -7.48838 0 
10.5491 -7.41832 0 
9.27458 -7.44022 0 
9.52293 -8.6984 0 
10.5491 -7.41832 0 
9.52293 -8.6984 0 
10.805 -8.66713 0 
10.5491 -7.41832 0 
3.5743 -7.31012 0 
5.97672 -7.26358 0 
4.75497 -6.22652 0 
1.33282 -6.44432 0 
3.5743 -7.31012 0 
3.01573 -6.08771 0 
2.11203 -5.09291 0 
1.33282 -6.44432 0 
3.01573 -6.08771 0 
3.5743 -7.31012 0 
4.75497 -6.22652 0 
3.01573 -6.08771 0 
4.40366 -12.2964 0 
6.9976 -14.4018 0 
5.98669 -11.323 0 
6.9976 -14.4018 0 
7.7286 -11.9705 0 
5.98669 -11.323 0 
5.98669 -11.323 0 
6.78187 -9.64338 0 
4.80841 -8.98495 0 
5.97672 -7.26358 0 
3.5743 -7.31012 0 
4.80841 -8.98495 0 
9.27458 -9.95657 0 
9.52293 -8.6984 0 
8.11932 -9.07494 0 
-6.42282 -7.65296 0 
-7.05575 -10.1684 0 
-4.83803 -9.38907 0 
-7.05575 -10.1684 0 
-4.87224 -12.5848 0 
-4.83803 -9.38907 0 
-4.87224 -12.5848 0 
-2.6375 -10.2157 0 
-4.83803 -9.38907 0 
-6.42282 -7.65296 0 
-4.83803 -9.38907 0 
-4.41331 -6.62708 0 
-1.41548 -5.96954 0 
-2.99544 -4.87202 0 
-4.41331 -6.62708 0 
-6.05995 -5.08463 0 
-6.42282 -7.65296 0 
-4.41331 -6.62708 0 
-2.99544 -4.87202 0 
-6.05995 -5.08463 0 
-4.41331 -6.62708 0 
1.33282 -6.44432 0 
-0.44568 -8.54757 0 
1.77853 -8.62479 0 
3.5743 -7.31012 0 
1.33282 -6.44432 0 
1.77853 -8.62479 0 
8.11932 -9.07494 0 
9.52293 -8.6984 0 
8.15975 -7.87794 0 
9.52293 -8.6984 0 
9.27458 -7.44022 0 
8.15975 -7.87794 0 
9.27458 -9.95657 0 
8.11932 -9.07494 0 
7.93917 -10.5087 0 
8.11932 -9.07494 0 
6.78187 -9.64338 0 
7.93917 -10.5087 0 
6.78187 -9.64338 0 
5.98669 -11.323 0 
7.93917 -10.5087 0 
5.98669 -11.323 0 
7.7286 -11.9705 0 
7.93917 -10.5087 0 
7.7286 -11.9705 0 
10.5251 -11.3411 0 
7.93917 -10.5087 0 
10.5251 -11.3411 0 
9.27458 -9.95657 0 
7.93917 -10.5087 0 
-2.6375 -10.2157 0 
-0.44568 -8.54757 0 
-2.6152 -7.97098 0 
-1.41548 -5.96954 0 
-4.41331 -6.62708 0 
-2.6152 -7.97098 0 
-0.44568 -8.54757 0 
-1.41548 -5.96954 0 
-2.6152 -7.97098 0 
-4.41331 -6.62708 0 
-4.83803 -9.38907 0 
-2.6152 -7.97098 0 
-4.83803 -9.38907 0 
-2.6375 -10.2157 0 
-2.6152 -7.97098 0 
3.5743 -7.31012 0 
1.77853 -8.62479 0 
3.29291 -8.80956 0 
4.80841 -8.98495 0 
3.5743 -7.31012 0 
3.29291 -8.80956 0 
1.77853 -8.62479 0 
-0.44568 -8.54757 0 
0.608059 -10.2675 0 
-2.6375 -10.2157 0 
0.168818 -12.2361 0 
0.608059 -10.2675 0 
-0.44568 -8.54757 0 
-2.6375 -10.2157 0 
0.608059 -10.2675 0 
8.11932 -9.07494 0 
8.15975 -7.87794 0 
7.01856 -7.74726 0 
6.78187 -9.64338 0 
8.11932 -9.07494 0 
7.01856 -7.74726 0 
4.80841 -8.98495 0 
3.29291 -8.80956 0 
3.85946 -10.5494 0 
5.98669 -11.323 0 
4.80841 -8.98495 0 
3.85946 -10.5494 0 
4.40366 -12.2964 0 
5.98669 -11.323 0 
3.85946 -10.5494 0 
3.29291 -8.80956 0 
1.77853 -8.62479 0 
3.85946 -10.5494 0 
6.78187 -9.64338 0 
7.01856 -7.74726 0 
6.0144 -8.54631 0 
4.80841 -8.98495 0 
6.78187 -9.64338 0 
6.0144 -8.54631 0 
7.01856 -7.74726 0 
5.97672 -7.26358 0 
6.0144 -8.54631 0 
5.97672 -7.26358 0 
4.80841 -8.98495 0 
6.0144 -8.54631 0 
4.40366 -12.2964 0 
3.85946 -10.5494 0 
2.12699 -11.6397 0 
0.608059 -10.2675 0 
0.168818 -12.2361 0 
2.12699 -11.6397 0 
0.168818 -12.2361 0 
2.34235 -14.9255 0 
2.12699 -11.6397 0 
2.34235 -14.9255 0 
4.40366 -12.2964 0 
2.12699 -11.6397 0 
3.85946 -10.5494 0 
1.77853 -8.62479 0 
2.12699 -11.6397 0 
1.77853 -8.62479 0 
0.608059 -10.2675 0 
2.12699 -11.6397 0 
18.6603 -23.6603 0 
18.6603 -19.4817 0 
18.6603 -19.4817 0 
18.6603 -15.3171 0 
16.3277 -23.6603 0 
18.6603 -23.6603 0 
18.6603 -5 0 
15.7014 -5 0 
15.7014 -5 0 
13.3262 -5 0 
18.6603 -6.58405 0 
18.6603 -5 0 
4.66506 -23.6603 0 
9.33013 -23.6603 0 
9.33013 -23.6603 0 
13.9952 -23.6603 0 
13.9952 -23.6603 0 
16.3277 -23.6603 0 
18.6603 -8.1681 0 
18.6603 -6.58405 0 
18.6603 -11.5401 0 
18.6603 -8.1681 0 
-1.25652 0 0 
-2.82882 0 0 
-2.82882 0 0 
-4.79624 0 0 
0 0 0 
-1.25652 0 0 
-18.6603 -2.36603 0 
-18.6603 -4.73205 0 
-18.6603 -4.73205 0 
-18.6603 -9.4641 0 
-18.6603 0 0 
-18.6603 -2.36603 0 
-16.4267 0 0 
-18.6603 0 0 
-14.1932 0 0 
-16.4267 0 0 
-18.6603 -18.9282 0 
-18.6603 -21.2942 0 
-18.6603 -21.2942 0 
-18.6603 -23.6603 0 
-18.6603 -23.6603 0 
-16.3277 -23.6603 0 
-16.3277 -23.6603 0 
-13.9952 -23.6603 0 
-13.9952 -23.6603 0 
-9.33013 -23.6603 0 
7.31859e-13 -23.6603 0 
4.66506 -23.6603 0 
18.6603 -15.3171 0 
18.6603 -11.5401 0 
13.3262 -5 0 
11.4195 -5 0 
11.4195 -5 0 
9.88891 -5 0 
-4.79624 0 0 
-7.25807 0 0 
-7.25807 0 0 
-10.3386 0 0 
2.16506 -1.25 0 
1.6238 -0.9375 0 
3.2476 -1.875 0 
2.16506 -1.25 0 
1.08253 -0.625 0 
0 0 0 
-18.6603 -9.4641 0 
-18.6603 -11.8301 0 
-10.3386 0 0 
-14.1932 0 0 
-9.33013 -23.6603 0 
-6.9976 -23.6603 0 
-18.6603 -14.1962 0 
-18.6603 -18.9282 0 
-4.66506 -23.6603 0 
7.31859e-13 -23.6603 0 
9.88891 -5 0 
8.66025 -5 0 
8.66025 -5 0 
8.11899 -4.6875 0 
1.6238 -0.9375 0 
1.08253 -0.625 0 
-18.6603 -11.8301 0 
-18.6603 -14.1962 0 
-6.9976 -23.6603 0 
-4.66506 -23.6603 0 
7.57772 -4.375 0 
6.49519 -3.75 0 
6.49519 -3.75 0 
5.95392 -3.4375 0 
5.41266 -3.125 0 
4.33013 -2.5 0 
4.33013 -2.5 0 
3.2476 -1.875 0 
5.95392 -3.4375 0 
5.41266 -3.125 0 
8.11899 -4.6875 0 
7.57772 -4.375 0 
13.3262 -5 0 
12.3728 -5 0 
12.8495 -5.53078 0 
12.8495 -5.53078 0 
11.8962 -5.53078 0 
12.3728 -6.06157 0 
11.8962 -5.53078 0 
12.8495 -5.53078 0 
12.3728 -5 0 
0.876117 -3.47144 0 
0.585352 -2.72505 0 
0.256922 -3.28283 0 
3.2476 -1.875 0 
2.70633 -1.5625 0 
2.69705 -2.21085 0 
2.70633 -1.5625 0 
2.16506 -1.25 0 
2.15579 -1.89835 0 
2.15579 -1.89835 0 
2.69705 -2.21085 0 
2.70633 -1.5625 0 
1.6238 -0.9375 0 
1.35316 -0.78125 0 
1.31098 -1.16682 0 
1.35316 -0.78125 0 
1.08253 -0.625 0 
1.04034 -1.01057 0 
2.16506 -1.25 0 
1.89443 -1.09375 0 
1.58161 -1.32307 0 
1.89443 -1.09375 0 
1.6238 -0.9375 0 
1.31098 -1.16682 0 
1.31098 -1.16682 0 
1.58161 -1.32307 0 
1.89443 -1.09375 0 
12.3728 -7.48838 0 
12.3728 -6.77498 0 
11.5135 -6.81815 0 
12.3728 -6.77498 0 
12.3728 -6.06157 0 
11.5135 -6.10474 0 
11.5135 -6.81815 0 
11.5135 -6.10474 0 
10.6542 -6.14791 0 
11.5135 -6.10474 0 
11.5135 -6.81815 0 
12.3728 -6.77498 0 
12.3728 -6.06157 0 
11.8962 -5.53078 0 
11.5135 -6.10474 0 
2.88656 -5.00086 0 
2.50424 -4.41269 0 
2.11203 -5.09291 0 
2.50424 -4.41269 0 
1.80367 -4.37648 0 
2.11203 -5.09291 0 
7.03646 -4.0625 0 
6.49519 -3.75 0 
6.48342 -4.39539 0 
5.41266 -3.125 0 
4.87139 -2.8125 0 
4.85962 -3.45789 0 
4.87139 -2.8125 0 
4.33013 -2.5 0 
4.31835 -3.14539 0 
4.31835 -3.14539 0 
4.85962 -3.45789 0 
4.87139 -2.8125 0 
3.2476 -1.875 0 
2.69705 -2.21085 0 
3.1523 -2.33795 0 
4.33013 -2.5 0 
3.78886 -2.1875 0 
3.69356 -2.65045 0 
3.78886 -2.1875 0 
3.2476 -1.875 0 
3.1523 -2.33795 0 
3.1523 -2.33795 0 
3.69356 -2.65045 0 
3.78886 -2.1875 0 
-0.628262 -1.71143 0 
-0.628262 -2.33818 0 
-0.208877 -2.01916 0 
-0.208877 -2.01916 0 
-0.208877 -1.39242 0 
-0.628262 -1.71143 0 
-0.628262 -2.33818 0 
-0.18567 -2.8105 0 
-0.208877 -2.01916 0 
-0.18567 -2.8105 0 
0.256922 -3.28283 0 
0.233715 -2.49149 0 
0.233715 -2.49149 0 
-0.208877 -2.01916 0 
-0.18567 -2.8105 0 
0.256922 -3.28283 0 
0.585352 -2.72505 0 
0.233715 -2.49149 0 
12.3728 -7.48838 0 
11.5135 -6.81815 0 
11.461 -7.45335 0 
11.5135 -6.81815 0 
10.6542 -6.14791 0 
10.6017 -6.78312 0 
11.461 -7.45335 0 
10.6017 -6.78312 0 
10.5491 -7.41832 0 
10.6017 -6.78312 0 
11.461 -7.45335 0 
11.5135 -6.81815 0 
10.6017 -6.78312 0 
9.91186 -6.78055 0 
10.5491 -7.41832 0 
9.27458 -6.7915 0 
9.27458 -7.44022 0 
9.91186 -7.42927 0 
9.91186 -6.78055 0 
9.91186 -7.42927 0 
10.5491 -7.41832 0 
9.91186 -7.42927 0 
9.91186 -6.78055 0 
9.27458 -6.7915 0 
2.88656 -5.00086 0 
2.11203 -5.09291 0 
2.56388 -5.59031 0 
3.33841 -5.49826 0 
2.56388 -5.59031 0 
3.01573 -6.08771 0 
2.56388 -5.59031 0 
3.33841 -5.49826 0 
2.88656 -5.00086 0 
4.75497 -6.22652 0 
4.20803 -5.56767 0 
3.88535 -6.15712 0 
3.88535 -6.15712 0 
3.33841 -5.49826 0 
3.01573 -6.08771 0 
3.33841 -5.49826 0 
3.88535 -6.15712 0 
4.20803 -5.56767 0 
8.46512 -7.11586 0 
9.27458 -7.44022 0 
8.7667 -6.69626 0 
5.41266 -3.125 0 
4.85962 -3.45789 0 
5.36643 -3.51757 0 
5.36643 -3.51757 0 
4.81339 -3.85046 0 
5.3202 -3.91014 0 
4.81339 -3.85046 0 
5.36643 -3.51757 0 
4.85962 -3.45789 0 
5.95392 -3.4375 0 
5.68329 -3.28125 0 
5.63706 -3.67382 0 
5.68329 -3.28125 0 
5.41266 -3.125 0 
5.36643 -3.51757 0 
5.63706 -3.67382 0 
5.36643 -3.51757 0 
5.3202 -3.91014 0 
5.36643 -3.51757 0 
5.63706 -3.67382 0 
5.68329 -3.28125 0 
4.33013 -2.5 0 
3.69356 -2.65045 0 
4.06923 -2.81804 0 
4.06923 -2.81804 0 
3.43267 -2.96849 0 
3.80834 -3.13609 0 
3.43267 -2.96849 0 
4.06923 -2.81804 0 
3.69356 -2.65045 0 
4.31835 -3.14539 0 
4.33013 -2.5 0 
4.06923 -2.81804 0 
4.05746 -3.46343 0 
4.06923 -2.81804 0 
3.80834 -3.13609 0 
4.06923 -2.81804 0 
4.05746 -3.46343 0 
4.31835 -3.14539 0 
5.97672 -7.26358 0 
6.28494 -6.74896 0 
5.80348 -6.46087 0 
4.75497 -6.22652 0 
5.36584 -6.74505 0 
5.1926 -5.94234 0 
5.36584 -6.74505 0 
5.97672 -7.26358 0 
5.80348 -6.46087 0 
9.27458 -7.44022 0 
8.46512 -7.11586 0 
8.71717 -7.65908 0 
8.46512 -7.11586 0 
7.65567 -6.7915 0 
7.90771 -7.33472 0 
8.71717 -7.65908 0 
7.90771 -7.33472 0 
8.15975 -7.87794 0 
7.90771 -7.33472 0 
8.71717 -7.65908 0 
8.46512 -7.11586 0 
6.48342 -4.39539 0 
6.49519 -3.75 0 
6.23935 -4.06814 0 
5.95392 -3.4375 0 
5.63706 -3.67382 0 
5.96871 -3.91189 0 
5.63706 -3.67382 0 
5.3202 -3.91014 0 
5.65185 -4.14821 0 
5.65185 -4.14821 0 
5.96871 -3.91189 0 
5.63706 -3.67382 0 
6.49519 -3.75 0 
6.22456 -3.59375 0 
6.23935 -4.06814 0 
6.22456 -3.59375 0 
5.95392 -3.4375 0 
5.96871 -3.91189 0 
5.96871 -3.91189 0 
6.23935 -4.06814 0 
6.22456 -3.59375 0 
8.15975 -7.87794 0 
7.90771 -7.33472 0 
7.58916 -7.8126 0 
7.90771 -7.33472 0 
7.65567 -6.7915 0 
7.33712 -7.26938 0 
7.58916 -7.8126 0 
7.33712 -7.26938 0 
7.01856 -7.74726 0 
7.33712 -7.26938 0 
7.58916 -7.8126 0 
7.90771 -7.33472 0 
7.33712 -7.26938 0 
6.80586 -6.9908 0 
7.01856 -7.74726 0 
6.28494 -6.74896 0 
5.97672 -7.26358 0 
6.49764 -7.50542 0 
6.80586 -6.9908 0 
6.49764 -7.50542 0 
7.01856 -7.74726 0 
6.49764 -7.50542 0 
6.80586 -6.9908 0 
6.28494 -6.74896 0 
-0.942394 0 0 
-1.25652 0 0 
-1.09946 -0.271171 0 
-0.785328 -0.271171 0 
-1.09946 -0.271171 0 
-0.942394 -0.542343 0 
-1.09946 -0.271171 0 
-0.785328 -0.271171 0 
-0.942394 0 0 
-0.628262 -0.542343 0 
-0.942394 -0.542343 0 
-0.785328 -0.813514 0 
-0.471197 -0.813514 0 
-0.785328 -0.813514 0 
-0.628262 -1.08469 0 
-0.785328 -0.813514 0 
-0.471197 -0.813514 0 
-0.628262 -0.542343 0 
-0.942394 -0.542343 0 
-0.628262 -0.542343 0 
-0.785328 -0.271171 0 
12.3728 -5 0 
11.8962 -5 0 
12.1345 -5.26539 0 
12.1345 -5.26539 0 
11.6578 -5.26539 0 
11.8962 -5.53078 0 
11.6578 -5.26539 0 
12.1345 -5.26539 0 
11.8962 -5 0 
1.49531 -3.66005 0 
1.34993 -3.28685 0 
1.18571 -3.56574 0 
1.34993 -3.28685 0 
1.20455 -2.91366 0 
1.04033 -3.19255 0 
1.18571 -3.56574 0 
1.04033 -3.19255 0 
0.876117 -3.47144 0 
1.04033 -3.19255 0 
1.18571 -3.56574 0 
1.34993 -3.28685 0 
0.89495 -2.81936 0 
0.749568 -2.44617 0 
0.585352 -2.72505 0 
0.585352 -2.72505 0 
0.730735 -3.09824 0 
0.89495 -2.81936 0 
0.730735 -3.09824 0 
0.876117 -3.47144 0 
1.04033 -3.19255 0 
0.89495 -2.81936 0 
1.04033 -3.19255 0 
1.20455 -2.91366 0 
1.04033 -3.19255 0 
0.89495 -2.81936 0 
0.730735 -3.09824 0 
1.34993 -3.28685 0 
1.49531 -3.66005 0 
1.65811 -3.38171 0 
2.16506 -1.25 0 
1.85224 -1.47932 0 
2.16043 -1.57418 0 
1.85224 -1.47932 0 
1.53942 -1.70864 0 
1.8476 -1.8035 0 
2.16043 -1.57418 0 
1.8476 -1.8035 0 
2.15579 -1.89835 0 
1.8476 -1.8035 0 
2.16043 -1.57418 0 
1.85224 -1.47932 0 
2.69705 -2.21085 0 
2.42642 -2.0546 0 
2.42178 -2.37878 0 
2.42642 -2.0546 0 
2.15579 -1.89835 0 
2.15115 -2.22253 0 
2.15115 -2.22253 0 
2.42178 -2.37878 0 
2.42642 -2.0546 0 
-0.471197 -0.813514 0 
-0.628262 -1.08469 0 
-0.414333 -1.02752 0 
1.08253 -0.625 0 
0.811899 -0.46875 0 
0.868763 -0.682759 0 
0.811899 -0.46875 0 
0.541266 -0.3125 0 
0.59813 -0.526509 0 
0.59813 -0.526509 0 
0.868763 -0.682759 0 
0.811899 -0.46875 0 
0.270633 -0.15625 0 
0 0 0 
0.0568638 -0.214009 0 
1.65811 -3.38171 0 
1.49531 -3.66005 0 
1.8456 -3.67815 0 
1.31098 -1.16682 0 
1.17566 -1.0887 0 
1.15457 -1.28148 0 
1.58161 -1.32307 0 
1.44629 -1.24495 0 
1.28988 -1.35961 0 
1.44629 -1.24495 0 
1.31098 -1.16682 0 
1.15457 -1.28148 0 
1.15457 -1.28148 0 
1.28988 -1.35961 0 
1.44629 -1.24495 0 
1.53942 -1.70864 0 
1.85224 -1.47932 0 
1.56052 -1.51586 0 
1.85224 -1.47932 0 
2.16506 -1.25 0 
1.87334 -1.28654 0 
1.56052 -1.51586 0 
1.87334 -1.28654 0 
1.58161 -1.32307 0 
1.87334 -1.28654 0 
1.56052 -1.51586 0 
1.85224 -1.47932 0 
1.08253 -0.625 0 
0.868763 -0.682759 0 
1.06144 -0.817785 0 
1.06144 -0.817785 0 
0.847669 -0.875544 0 
1.04034 -1.01057 0 
0.847669 -0.875544 0 
1.06144 -0.817785 0 
0.868763 -0.682759 0 
11.8962 -5.53078 0 
11.6578 -5.26539 0 
11.4665 -5.55237 0 
11.5135 -6.10474 0 
11.2752 -5.83935 0 
11.0839 -6.12633 0 
11.2752 -5.83935 0 
11.0368 -5.57396 0 
10.8455 -5.86093 0 
11.0839 -6.12633 0 
10.8455 -5.86093 0 
10.6542 -6.14791 0 
10.8455 -5.86093 0 
11.0839 -6.12633 0 
11.2752 -5.83935 0 
11.0368 -5.57396 0 
11.2752 -5.83935 0 
11.4665 -5.55237 0 
11.2752 -5.83935 0 
11.5135 -6.10474 0 
11.7048 -5.81776 0 
11.4665 -5.55237 0 
11.7048 -5.81776 0 
11.8962 -5.53078 0 
11.7048 -5.81776 0 
11.4665 -5.55237 0 
11.2752 -5.83935 0 
3.27382 -4.95484 0 
3.08266 -4.66075 0 
2.88656 -5.00086 0 
2.50424 -4.41269 0 
2.6954 -4.70678 0 
2.89151 -4.36667 0 
2.6954 -4.70678 0 
2.88656 -5.00086 0 
3.08266 -4.66075 0 
3.08266 -4.66075 0 
2.89151 -4.36667 0 
2.6954 -4.70678 0 
1.8456 -3.67815 0 
1.49531 -3.66005 0 
1.64949 -4.01826 0 
1.99978 -4.03637 0 
1.64949 -4.01826 0 
1.80367 -4.37648 0 
1.64949 -4.01826 0 
1.99978 -4.03637 0 
1.8456 -3.67815 0 
1.80367 -4.37648 0 
2.15396 -4.39459 0 
1.99978 -4.03637 0 
2.15396 -4.39459 0 
2.50424 -4.41269 0 
2.35006 -4.05447 0 
2.35006 -4.05447 0 
1.99978 -4.03637 0 
2.15396 -4.39459 0 
7.3012 -4.54144 0 
7.03057 -4.38519 0 
7.02468 -4.70789 0 
7.02468 -4.70789 0 
6.75405 -4.55164 0 
6.74817 -4.87433 0 
6.75405 -4.55164 0 
6.48342 -4.39539 0 
6.47753 -4.71808 0 
6.47753 -4.71808 0 
6.74817 -4.87433 0 
6.75405 -4.55164 0 
4.85962 -3.45789 0 
4.58899 -3.30164 0 
4.5831 -3.62433 0 
4.58899 -3.30164 0 
4.31835 -3.14539 0 
4.31247 -3.46808 0 
4.5831 -3.62433 0 
4.31247 -3.46808 0 
4.30658 -3.79078 0 
4.31247 -3.46808 0 
4.5831 -3.62433 0 
4.58899 -3.30164 0 
2.82938 -2.73735 0 
3.01687 -3.03379 0 
3.057 -2.80089 0 
2.69705 -2.21085 0 
2.42178 -2.37878 0 
2.6494 -2.44233 0 
3.1523 -2.33795 0 
2.87703 -2.50587 0 
3.10465 -2.56942 0 
2.87703 -2.50587 0 
2.60176 -2.6738 0 
2.82938 -2.73735 0 
3.10465 -2.56942 0 
2.82938 -2.73735 0 
3.057 -2.80089 0 
2.82938 -2.73735 0 
3.10465 -2.56942 0 
2.87703 -2.50587 0 
2.60176 -2.6738 0 
2.87703 -2.50587 0 
2.6494 -2.44233 0 
2.87703 -2.50587 0 
3.1523 -2.33795 0 
2.92468 -2.2744 0 
2.6494 -2.44233 0 
2.92468 -2.2744 0 
2.69705 -2.21085 0 
2.92468 -2.2744 0 
2.6494 -2.44233 0 
2.87703 -2.50587 0 
3.69356 -2.65045 0 
3.42293 -2.4942 0 
3.37528 -2.72567 0 
3.42293 -2.4942 0 
3.1523 -2.33795 0 
3.10465 -2.56942 0 
3.37528 -2.72567 0 
3.10465 -2.56942 0 
3.057 -2.80089 0 
3.10465 -2.56942 0 
3.37528 -2.72567 0 
3.42293 -2.4942 0 
-0.414333 -1.02752 0 
-0.628262 -1.08469 0 
-0.41857 -1.23855 0 
-0.628262 -1.08469 0 
-0.628262 -1.39806 0 
-0.41857 -1.23855 0 
-0.628262 -1.39806 0 
-0.628262 -1.71143 0 
-0.41857 -1.55192 0 
-0.41857 -1.23855 0 
-0.41857 -1.55192 0 
-0.208877 -1.39242 0 
-0.41857 -1.55192 0 
-0.41857 -1.23855 0 
-0.628262 -1.39806 0 
-0.208877 -1.39242 0 
-0.208877 -1.70579 0 
0.000815613 -1.54628 0 
-0.208877 -1.70579 0 
-0.208877 -2.01916 0 
0.000815613 -1.85966 0 
0.000815613 -1.85966 0 
0.000815613 -1.54628 0 
-0.208877 -1.70579 0 
-0.208877 -2.01916 0 
0.0124191 -2.25533 0 
0.000815613 -1.85966 0 
0.0124191 -2.25533 0 
0.233715 -2.49149 0 
0.222112 -2.09582 0 
0.222112 -2.09582 0 
0.000815613 -1.85966 0 
0.0124191 -2.25533 0 
0.585352 -2.72505 0 
0.749568 -2.44617 0 
0.573749 -2.32938 0 
0.233715 -2.49149 0 
0.39793 -2.2126 0 
0.222112 -2.09582 0 
0.39793 -2.2126 0 
0.233715 -2.49149 0 
0.409534 -2.60827 0 
0.573749 -2.32938 0 
0.409534 -2.60827 0 
0.585352 -2.72505 0 
0.409534 -2.60827 0 
0.573749 -2.32938 0 
0.39793 -2.2126 0 
10.6542 -6.14791 0 
10.3093 -6.14663 0 
10.6279 -6.46551 0 
10.6279 -6.46551 0 
10.283 -6.46423 0 
10.6017 -6.78312 0 
10.283 -6.46423 0 
10.6279 -6.46551 0 
10.3093 -6.14663 0 
9.93812 -6.46295 0 
9.59322 -6.46166 0 
9.91186 -6.78055 0 
9.91186 -6.78055 0 
10.2568 -6.78183 0 
9.93812 -6.46295 0 
10.2568 -6.78183 0 
10.6017 -6.78312 0 
10.283 -6.46423 0 
10.283 -6.46423 0 
9.93812 -6.46295 0 
10.2568 -6.78183 0 
9.27458 -6.46714 0 
9.27458 -6.7915 0 
9.59322 -6.78602 0 
9.59322 -6.46166 0 
9.59322 -6.78602 0 
9.91186 -6.78055 0 
9.59322 -6.78602 0 
9.59322 -6.46166 0 
9.27458 -6.46714 0 
4.59969 -5.51428 0 
4.20803 -5.56767 0 
4.4815 -5.89709 0 
4.87316 -5.84371 0 
4.4815 -5.89709 0 
4.75497 -6.22652 0 
4.4815 -5.89709 0 
4.87316 -5.84371 0 
4.59969 -5.51428 0 
3.66109 -4.90881 0 
3.27382 -4.95484 0 
3.49975 -5.20354 0 
3.27382 -4.95484 0 
2.88656 -5.00086 0 
3.11248 -5.24956 0 
3.49975 -5.20354 0 
3.11248 -5.24956 0 
3.33841 -5.49826 0 
3.11248 -5.24956 0 
3.49975 -5.20354 0 
3.27382 -4.95484 0 
4.20803 -5.56767 0 
3.93456 -5.23824 0 
3.77322 -5.53296 0 
3.93456 -5.23824 0 
3.66109 -4.90881 0 
3.49975 -5.20354 0 
3.77322 -5.53296 0 
3.49975 -5.20354 0 
3.33841 -5.49826 0 
3.49975 -5.20354 0 
3.77322 -5.53296 0 
3.93456 -5.23824 0 
7.65567 -6.7915 0 
8.0604 -6.95368 0 
7.80646 -6.5817 0 
8.0604 -6.95368 0 
8.46512 -7.11586 0 
8.21119 -6.74388 0 
8.21119 -6.74388 0 
7.80646 -6.5817 0 
8.0604 -6.95368 0 
8.7667 -6.69626 0 
8.36198 -6.53408 0 
8.61591 -6.90606 0 
8.61591 -6.90606 0 
8.21119 -6.74388 0 
8.46512 -7.11586 0 
8.21119 -6.74388 0 
8.61591 -6.90606 0 
8.36198 -6.53408 0 
9.27458 -6.7915 0 
9.27458 -6.46714 0 
9.02064 -6.41952 0 
9.02064 -6.41952 0 
9.02064 -6.74388 0 
9.27458 -6.7915 0 
4.85962 -3.45789 0 
4.5831 -3.62433 0 
4.83651 -3.65418 0 
4.5831 -3.62433 0 
4.30658 -3.79078 0 
4.55999 -3.82062 0 
4.83651 -3.65418 0 
4.55999 -3.82062 0 
4.81339 -3.85046 0 
4.55999 -3.82062 0 
4.83651 -3.65418 0 
4.5831 -3.62433 0 
4.30658 -3.79078 0 
4.53687 -4.01691 0 
4.55999 -3.82062 0 
4.55999 -3.82062 0 
4.79028 -4.04675 0 
4.81339 -3.85046 0 
4.79028 -4.04675 0 
4.55999 -3.82062 0 
4.53687 -4.01691 0 
4.81339 -3.85046 0 
5.04368 -4.07659 0 
5.0668 -3.8803 0 
5.04368 -4.07659 0 
5.27397 -4.30272 0 
5.29708 -4.10643 0 
5.0668 -3.8803 0 
5.29708 -4.10643 0 
5.3202 -3.91014 0 
5.29708 -4.10643 0 
5.0668 -3.8803 0 
5.04368 -4.07659 0 
5.27397 -4.30272 0 
5.04368 -4.07659 0 
5.02057 -4.27288 0 
5.04368 -4.07659 0 
4.81339 -3.85046 0 
4.79028 -4.04675 0 
4.79028 -4.04675 0 
5.02057 -4.27288 0 
5.04368 -4.07659 0 
3.69356 -2.65045 0 
3.37528 -2.72567 0 
3.56312 -2.80947 0 
3.37528 -2.72567 0 
3.057 -2.80089 0 
3.24484 -2.88469 0 
3.56312 -2.80947 0 
3.24484 -2.88469 0 
3.43267 -2.96849 0 
3.24484 -2.88469 0 
3.56312 -2.80947 0 
3.37528 -2.72567 0 
4.30658 -3.79078 0 
4.31247 -3.46808 0 
4.18202 -3.62711 0 
4.31247 -3.46808 0 
4.31835 -3.14539 0 
4.18791 -3.30441 0 
4.18202 -3.62711 0 
4.18791 -3.30441 0 
4.05746 -3.46343 0 
4.18791 -3.30441 0 
4.18202 -3.62711 0 
4.31247 -3.46808 0 
3.24484 -2.88469 0 
3.2047 -3.11759 0 
3.43267 -2.96849 0 
3.43267 -2.96849 0 
3.39254 -3.20138 0 
3.62051 -3.05229 0 
3.62051 -3.05229 0 
3.58037 -3.28518 0 
3.80834 -3.13609 0 
3.58037 -3.28518 0 
3.62051 -3.05229 0 
3.39254 -3.20138 0 
3.39254 -3.20138 0 
3.43267 -2.96849 0 
3.2047 -3.11759 0 
3.82949 -3.61253 0 
4.18202 -3.62711 0 
4.05746 -3.46343 0 
3.70493 -3.44886 0 
4.05746 -3.46343 0 
3.9329 -3.29976 0 
3.58037 -3.28518 0 
3.9329 -3.29976 0 
3.80834 -3.13609 0 
3.9329 -3.29976 0 
3.58037 -3.28518 0 
3.70493 -3.44886 0 
4.05746 -3.46343 0 
3.70493 -3.44886 0 
3.82949 -3.61253 0 
6.28494 -6.74896 0 
6.43905 -6.49165 0 
6.19832 -6.3476 0 
5.80348 -6.46087 0 
5.95759 -6.20356 0 
5.71686 -6.05952 0 
5.95759 -6.20356 0 
5.80348 -6.46087 0 
6.04421 -6.60491 0 
6.19832 -6.3476 0 
6.04421 -6.60491 0 
6.28494 -6.74896 0 
6.04421 -6.60491 0 
6.19832 -6.3476 0 
5.95759 -6.20356 0 
5.1926 -5.94234 0 
5.49804 -6.2016 0 
5.41142 -5.80025 0 
5.49804 -6.2016 0 
5.80348 -6.46087 0 
5.71686 -6.05952 0 
5.80348 -6.46087 0 
5.49804 -6.2016 0 
5.58466 -6.60296 0 
5.49804 -6.2016 0 
5.1926 -5.94234 0 
5.27922 -6.34369 0 
5.58466 -6.60296 0 
5.27922 -6.34369 0 
5.36584 -6.74505 0 
5.27922 -6.34369 0 
5.58466 -6.60296 0 
5.49804 -6.2016 0 
4.87316 -5.84371 0 
4.75497 -6.22652 0 
4.97378 -6.08443 0 
5.09198 -5.70162 0 
4.97378 -6.08443 0 
5.1926 -5.94234 0 
7.39004 -6.65221 0 
7.65567 -6.7915 0 
7.5755 -6.48258 0 
7.65567 -6.7915 0 
7.80646 -6.5817 0 
7.5755 -6.48258 0 
7.3012 -4.54144 0 
7.02468 -4.70789 0 
7.24052 -4.83666 0 
7.51704 -4.67021 0 
7.24052 -4.83666 0 
7.45636 -4.96542 0 
7.24052 -4.83666 0 
7.51704 -4.67021 0 
7.3012 -4.54144 0 
6.47753 -4.71808 0 
6.48342 -4.39539 0 
6.3555 -4.55446 0 
6.22757 -4.71353 0 
6.23346 -4.39083 0 
6.10554 -4.5499 0 
6.23346 -4.39083 0 
6.23935 -4.06814 0 
6.11142 -4.2272 0 
6.10554 -4.5499 0 
6.11142 -4.2272 0 
5.9835 -4.38627 0 
6.11142 -4.2272 0 
6.10554 -4.5499 0 
6.23346 -4.39083 0 
6.23935 -4.06814 0 
6.23346 -4.39083 0 
6.36138 -4.23176 0 
6.36138 -4.23176 0 
6.3555 -4.55446 0 
6.48342 -4.39539 0 
6.3555 -4.55446 0 
6.36138 -4.23176 0 
6.23346 -4.39083 0 
5.96871 -3.91189 0 
5.81028 -4.03005 0 
5.97611 -4.14908 0 
5.81028 -4.03005 0 
5.65185 -4.14821 0 
5.81768 -4.26724 0 
5.97611 -4.14908 0 
5.81768 -4.26724 0 
5.9835 -4.38627 0 
5.81768 -4.26724 0 
5.97611 -4.14908 0 
5.81028 -4.03005 0 
6.23935 -4.06814 0 
6.10403 -3.99001 0 
6.11142 -4.2272 0 
6.10403 -3.99001 0 
5.96871 -3.91189 0 
5.97611 -4.14908 0 
6.11142 -4.2272 0 
5.97611 -4.14908 0 
5.9835 -4.38627 0 
5.97611 -4.14908 0 
6.11142 -4.2272 0 
6.10403 -3.99001 0 
5.3202 -3.91014 0 
5.29708 -4.10643 0 
5.48603 -4.02918 0 
5.29708 -4.10643 0 
5.27397 -4.30272 0 
5.46291 -4.22546 0 
5.48603 -4.02918 0 
5.46291 -4.22546 0 
5.65185 -4.14821 0 
5.46291 -4.22546 0 
5.48603 -4.02918 0 
5.29708 -4.10643 0 
5.65185 -4.14821 0 
5.62874 -4.34449 0 
5.81768 -4.26724 0 
5.62874 -4.34449 0 
5.60562 -4.54078 0 
5.79456 -4.46353 0 
5.81768 -4.26724 0 
5.79456 -4.46353 0 
5.9835 -4.38627 0 
5.79456 -4.46353 0 
5.81768 -4.26724 0 
5.62874 -4.34449 0 
5.60562 -4.54078 0 
5.62874 -4.34449 0 
5.4398 -4.42175 0 
5.62874 -4.34449 0 
5.65185 -4.14821 0 
5.46291 -4.22546 0 
5.4398 -4.42175 0 
5.46291 -4.22546 0 
5.27397 -4.30272 0 
5.46291 -4.22546 0 
5.4398 -4.42175 0 
5.62874 -4.34449 0 
7.65567 -6.7915 0 
7.39004 -6.65221 0 
7.49639 -7.03044 0 
7.39004 -6.65221 0 
7.12442 -6.51292 0 
7.23077 -6.89115 0 
7.49639 -7.03044 0 
7.23077 -6.89115 0 
7.33712 -7.26938 0 
7.23077 -6.89115 0 
7.49639 -7.03044 0 
7.39004 -6.65221 0 
7.12442 -6.51292 0 
6.85879 -6.37363 0 
6.96514 -6.75186 0 
6.85879 -6.37363 0 
6.59317 -6.23434 0 
6.69951 -6.61257 0 
6.96514 -6.75186 0 
6.69951 -6.61257 0 
6.80586 -6.9908 0 
6.69951 -6.61257 0 
6.96514 -6.75186 0 
6.85879 -6.37363 0 
6.80586 -6.9908 0 
7.07149 -7.13009 0 
6.96514 -6.75186 0 
7.07149 -7.13009 0 
7.33712 -7.26938 0 
7.23077 -6.89115 0 
6.96514 -6.75186 0 
7.23077 -6.89115 0 
7.12442 -6.51292 0 
7.23077 -6.89115 0 
6.96514 -6.75186 0 
7.07149 -7.13009 0 
6.59317 -6.23434 0 
6.43905 -6.49165 0 
6.69951 -6.61257 0 
6.43905 -6.49165 0 
6.28494 -6.74896 0 
6.5454 -6.86988 0 
6.69951 -6.61257 0 
6.5454 -6.86988 0 
6.80586 -6.9908 0 
6.5454 -6.86988 0 
6.69951 -6.61257 0 
6.43905 -6.49165 0 
-1.25652 0 0 
-1.6496 -0.732366 0 
-0.942394 -0.542343 0 
-1.6496 -0.732366 0 
-2.04267 -1.46473 0 
-1.33547 -1.27471 0 
-0.942394 -0.542343 0 
-1.33547 -1.27471 0 
-0.628262 -1.08469 0 
-1.33547 -1.27471 0 
-0.942394 -0.542343 0 
-1.6496 -0.732366 0 
-2.04267 -1.46473 0 
-1.33547 -1.90146 0 
-1.33547 -1.27471 0 
-1.33547 -1.90146 0 
-0.628262 -2.33818 0 
-0.628262 -1.71143 0 
-1.33547 -1.27471 0 
-0.628262 -1.71143 0 
-0.628262 -1.08469 0 
-0.628262 -1.71143 0 
-1.33547 -1.27471 0 
-1.33547 -1.90146 0 
2.11203 -5.09291 0 
1.80367 -4.37648 0 
1.13252 -5.08746 0 
1.80367 -4.37648 0 
1.49531 -3.66005 0 
0.824158 -4.37103 0 
1.13252 -5.08746 0 
0.824158 -4.37103 0 
0.153004 -5.08201 0 
0.824158 -4.37103 0 
1.13252 -5.08746 0 
1.80367 -4.37648 0 
1.49531 -3.66005 0 
0.876117 -3.47144 0 
0.824158 -4.37103 0 
0.876117 -3.47144 0 
0.256922 -3.28283 0 
0.204963 -4.18242 0 
0.824158 -4.37103 0 
0.204963 -4.18242 0 
0.153004 -5.08201 0 
0.204963 -4.18242 0 
0.824158 -4.37103 0 
0.876117 -3.47144 0 
0 0 0 
-0.157066 0 0 
-0.0785328 -0.135586 0 
-0.157066 0 0 
-0.314131 0 0 
-0.235598 -0.135586 0 
-0.0785328 -0.135586 0 
-0.235598 -0.135586 0 
-0.157066 -0.271171 0 
-0.235598 -0.135586 0 
-0.0785328 -0.135586 0 
-0.157066 0 0 
-0.314131 0 0 
-0.471197 0 0 
-0.392664 -0.135586 0 
-0.471197 0 0 
-0.628262 0 0 
-0.54973 -0.135586 0 
-0.392664 -0.135586 0 
-0.54973 -0.135586 0 
-0.471197 -0.271171 0 
-0.54973 -0.135586 0 
-0.392664 -0.135586 0 
-0.471197 0 0 
-0.157066 -0.271171 0 
-0.314131 -0.271171 0 
-0.235598 -0.406757 0 
-0.314131 -0.271171 0 
-0.471197 -0.271171 0 
-0.392664 -0.406757 0 
-0.235598 -0.406757 0 
-0.392664 -0.406757 0 
-0.314131 -0.542343 0 
-0.392664 -0.406757 0 
-0.235598 -0.406757 0 
-0.314131 -0.271171 0 
-0.471197 -0.271171 0 
-0.314131 -0.271171 0 
-0.392664 -0.135586 0 
-0.314131 -0.271171 0 
-0.157066 -0.271171 0 
-0.235598 -0.135586 0 
-0.392664 -0.135586 0 
-0.235598 -0.135586 0 
-0.314131 0 0 
-0.235598 -0.135586 0 
-0.392664 -0.135586 0 
-0.314131 -0.271171 0 
-0.628262 0 0 
-0.785328 0 0 
-0.706795 -0.135586 0 
-0.785328 0 0 
-0.942394 0 0 
-0.863861 -0.135586 0 
-0.706795 -0.135586 0 
-0.863861 -0.135586 0 
-0.785328 -0.271171 0 
-0.863861 -0.135586 0 
-0.706795 -0.135586 0 
-0.785328 0 0 
-0.314131 -0.542343 0 
-0.471197 -0.542343 0 
-0.392664 -0.677928 0 
-0.471197 -0.542343 0 
-0.628262 -0.542343 0 
-0.54973 -0.677928 0 
-0.392664 -0.677928 0 
-0.54973 -0.677928 0 
-0.471197 -0.813514 0 
-0.54973 -0.677928 0 
-0.392664 -0.677928 0 
-0.471197 -0.542343 0 
-0.628262 -0.542343 0 
-0.471197 -0.542343 0 
-0.54973 -0.406757 0 
-0.471197 -0.542343 0 
-0.314131 -0.542343 0 
-0.392664 -0.406757 0 
-0.54973 -0.406757 0 
-0.392664 -0.406757 0 
-0.471197 -0.271171 0 
-0.392664 -0.406757 0 
-0.54973 -0.406757 0 
-0.471197 -0.542343 0 
-0.785328 -0.271171 0 
-0.628262 -0.271171 0 
-0.706795 -0.135586 0 
-0.628262 -0.271171 0 
-0.471197 -0.271171 0 
-0.54973 -0.135586 0 
-0.706795 -0.135586 0 
-0.54973 -0.135586 0 
-0.628262 0 0 
-0.54973 -0.135586 0 
-0.706795 -0.135586 0 
-0.628262 -0.271171 0 
-0.471197 -0.271171 0 
-0.628262 -0.271171 0 
-0.54973 -0.406757 0 
-0.628262 -0.271171 0 
-0.785328 -0.271171 0 
-0.706795 -0.406757 0 
-0.54973 -0.406757 0 
-0.706795 -0.406757 0 
-0.628262 -0.542343 0 
-0.706795 -0.406757 0 
-0.54973 -0.406757 0 
-0.628262 -0.271171 0 
11.8962 -5 0 
11.6578 -5 0 
11.777 -5.1327 0 
11.6578 -5 0 
11.4195 -5 0 
11.5386 -5.1327 0 
11.777 -5.1327 0 
11.5386 -5.1327 0 
11.6578 -5.26539 0 
11.5386 -5.1327 0 
11.777 -5.1327 0 
11.6578 -5 0 
1.20455 -2.91366 0 
1.13186 -2.72707 0 
1.04975 -2.86651 0 
1.13186 -2.72707 0 
1.05916 -2.54047 0 
0.977057 -2.67992 0 
1.04975 -2.86651 0 
0.977057 -2.67992 0 
0.89495 -2.81936 0 
0.977057 -2.67992 0 
1.04975 -2.86651 0 
1.13186 -2.72707 0 
1.05916 -2.54047 0 
0.986474 -2.35388 0 
0.904366 -2.49332 0 
0.986474 -2.35388 0 
0.913783 -2.16728 0 
0.831675 -2.30672 0 
0.904366 -2.49332 0 
0.831675 -2.30672 0 
0.749568 -2.44617 0 
0.831675 -2.30672 0 
0.904366 -2.49332 0 
0.986474 -2.35388 0 
0.749568 -2.44617 0 
0.822259 -2.63276 0 
0.904366 -2.49332 0 
0.822259 -2.63276 0 
0.89495 -2.81936 0 
0.977057 -2.67992 0 
0.904366 -2.49332 0 
0.977057 -2.67992 0 
1.05916 -2.54047 0 
0.977057 -2.67992 0 
0.904366 -2.49332 0 
0.822259 -2.63276 0 
0.913783 -2.16728 0 
0.986474 -2.35388 0 
1.06787 -2.21471 0 
0.986474 -2.35388 0 
1.05916 -2.54047 0 
1.14056 -2.40131 0 
1.06787 -2.21471 0 
1.14056 -2.40131 0 
1.22196 -2.26214 0 
1.14056 -2.40131 0 
1.06787 -2.21471 0 
0.986474 -2.35388 0 
1.05916 -2.54047 0 
1.13186 -2.72707 0 
1.21326 -2.5879 0 
1.13186 -2.72707 0 
1.20455 -2.91366 0 
1.28595 -2.7745 0 
1.21326 -2.5879 0 
1.28595 -2.7745 0 
1.36735 -2.63533 0 
1.28595 -2.7745 0 
1.21326 -2.5879 0 
1.13186 -2.72707 0 
1.22196 -2.26214 0 
1.29466 -2.44873 0 
1.37606 -2.30957 0 
1.29466 -2.44873 0 
1.36735 -2.63533 0 
1.44875 -2.49616 0 
1.37606 -2.30957 0 
1.44875 -2.49616 0 
1.53015 -2.35699 0 
1.44875 -2.49616 0 
1.37606 -2.30957 0 
1.29466 -2.44873 0 
1.36735 -2.63533 0 
1.29466 -2.44873 0 
1.21326 -2.5879 0 
1.29466 -2.44873 0 
1.22196 -2.26214 0 
1.14056 -2.40131 0 
1.21326 -2.5879 0 
1.14056 -2.40131 0 
1.05916 -2.54047 0 
1.14056 -2.40131 0 
1.21326 -2.5879 0 
1.29466 -2.44873 0 
1.20455 -2.91366 0 
1.27724 -3.10026 0 
1.35864 -2.96109 0 
1.27724 -3.10026 0 
1.34993 -3.28685 0 
1.43133 -3.14769 0 
1.35864 -2.96109 0 
1.43133 -3.14769 0 
1.51273 -3.00852 0 
1.43133 -3.14769 0 
1.35864 -2.96109 0 
1.27724 -3.10026 0 
1.51273 -3.00852 0 
1.58542 -3.19512 0 
1.66682 -3.05595 0 
1.58542 -3.19512 0 
1.65811 -3.38171 0 
1.73951 -3.24254 0 
1.66682 -3.05595 0 
1.73951 -3.24254 0 
1.82091 -3.10338 0 
1.73951 -3.24254 0 
1.66682 -3.05595 0 
1.58542 -3.19512 0 
1.65811 -3.38171 0 
1.58542 -3.19512 0 
1.50402 -3.33428 0 
1.58542 -3.19512 0 
1.51273 -3.00852 0 
1.43133 -3.14769 0 
1.50402 -3.33428 0 
1.43133 -3.14769 0 
1.34993 -3.28685 0 
1.43133 -3.14769 0 
1.50402 -3.33428 0 
1.58542 -3.19512 0 
1.53015 -2.35699 0 
1.60284 -2.54359 0 
1.68424 -2.40442 0 
1.60284 -2.54359 0 
1.67553 -2.73019 0 
1.75693 -2.59102 0 
1.68424 -2.40442 0 
1.75693 -2.59102 0 
1.83833 -2.45185 0 
1.75693 -2.59102 0 
1.68424 -2.40442 0 
1.60284 -2.54359 0 
1.67553 -2.73019 0 
1.74822 -2.91678 0 
1.82962 -2.77761 0 
1.74822 -2.91678 0 
1.82091 -3.10338 0 
1.90231 -2.96421 0 
1.82962 -2.77761 0 
1.90231 -2.96421 0 
1.98371 -2.82504 0 
1.90231 -2.96421 0 
1.82962 -2.77761 0 
1.74822 -2.91678 0 
1.83833 -2.45185 0 
1.91102 -2.63845 0 
1.99242 -2.49928 0 
1.91102 -2.63845 0 
1.98371 -2.82504 0 
2.06511 -2.68587 0 
1.99242 -2.49928 0 
2.06511 -2.68587 0 
2.14651 -2.54671 0 
2.06511 -2.68587 0 
1.99242 -2.49928 0 
1.91102 -2.63845 0 
1.98371 -2.82504 0 
1.91102 -2.63845 0 
1.82962 -2.77761 0 
1.91102 -2.63845 0 
1.83833 -2.45185 0 
1.75693 -2.59102 0 
1.82962 -2.77761 0 
1.75693 -2.59102 0 
1.67553 -2.73019 0 
1.75693 -2.59102 0 
1.82962 -2.77761 0 
1.91102 -2.63845 0 
1.82091 -3.10338 0 
1.74822 -2.91678 0 
1.66682 -3.05595 0 
1.74822 -2.91678 0 
1.67553 -2.73019 0 
1.59413 -2.86935 0 
1.66682 -3.05595 0 
1.59413 -2.86935 0 
1.51273 -3.00852 0 
1.59413 -2.86935 0 
1.66682 -3.05595 0 
1.74822 -2.91678 0 
1.67553 -2.73019 0 
1.60284 -2.54359 0 
1.52144 -2.68276 0 
1.60284 -2.54359 0 
1.53015 -2.35699 0 
1.44875 -2.49616 0 
1.52144 -2.68276 0 
1.44875 -2.49616 0 
1.36735 -2.63533 0 
1.44875 -2.49616 0 
1.52144 -2.68276 0 
1.60284 -2.54359 0 
1.51273 -3.00852 0 
1.44004 -2.82192 0 
1.35864 -2.96109 0 
1.44004 -2.82192 0 
1.36735 -2.63533 0 
1.28595 -2.7745 0 
1.35864 -2.96109 0 
1.28595 -2.7745 0 
1.20455 -2.91366 0 
1.28595 -2.7745 0 
1.35864 -2.96109 0 
1.44004 -2.82192 0 
1.36735 -2.63533 0 
1.44004 -2.82192 0 
1.52144 -2.68276 0 
1.44004 -2.82192 0 
1.51273 -3.00852 0 
1.59413 -2.86935 0 
1.52144 -2.68276 0 
1.59413 -2.86935 0 
1.67553 -2.73019 0 
1.59413 -2.86935 0 
1.52144 -2.68276 0 
1.44004 -2.82192 0 
1.53942 -1.70864 0 
1.38301 -1.8233 0 
1.5371 -1.87073 0 
1.38301 -1.8233 0 
1.2266 -1.93796 0 
1.38069 -1.98539 0 
1.5371 -1.87073 0 
1.38069 -1.98539 0 
1.53478 -2.03282 0 
1.38069 -1.98539 0 
1.5371 -1.87073 0 
1.38301 -1.8233 0 
1.2266 -1.93796 0 
1.07019 -2.05262 0 
1.22428 -2.10005 0 
1.07019 -2.05262 0 
0.913783 -2.16728 0 
1.06787 -2.21471 0 
1.22428 -2.10005 0 
1.06787 -2.21471 0 
1.22196 -2.26214 0 
1.06787 -2.21471 0 
1.22428 -2.10005 0 
1.07019 -2.05262 0 
1.53478 -2.03282 0 
1.37837 -2.14748 0 
1.53247 -2.19491 0 
1.37837 -2.14748 0 
1.22196 -2.26214 0 
1.37606 -2.30957 0 
1.53247 -2.19491 0 
1.37606 -2.30957 0 
1.53015 -2.35699 0 
1.37606 -2.30957 0 
1.53247 -2.19491 0 
1.37837 -2.14748 0 
1.22196 -2.26214 0 
1.37837 -2.14748 0 
1.22428 -2.10005 0 
1.37837 -2.14748 0 
1.53478 -2.03282 0 
1.38069 -1.98539 0 
1.22428 -2.10005 0 
1.38069 -1.98539 0 
1.2266 -1.93796 0 
1.38069 -1.98539 0 
1.22428 -2.10005 0 
1.37837 -2.14748 0 
2.15579 -1.89835 0 
1.99938 -2.01301 0 
2.15347 -2.06044 0 
1.99938 -2.01301 0 
1.84297 -2.12767 0 
1.99706 -2.1751 0 
2.15347 -2.06044 0 
1.99706 -2.1751 0 
2.15115 -2.22253 0 
1.99706 -2.1751 0 
2.15347 -2.06044 0 
1.99938 -2.01301 0 
1.84297 -2.12767 0 
1.68656 -2.24233 0 
1.84065 -2.28976 0 
1.68656 -2.24233 0 
1.53015 -2.35699 0 
1.68424 -2.40442 0 
1.84065 -2.28976 0 
1.68424 -2.40442 0 
1.83833 -2.45185 0 
1.68424 -2.40442 0 
1.84065 -2.28976 0 
1.68656 -2.24233 0 
2.15115 -2.22253 0 
1.99474 -2.33719 0 
2.14883 -2.38462 0 
1.99474 -2.33719 0 
1.83833 -2.45185 0 
1.99242 -2.49928 0 
2.14883 -2.38462 0 
1.99242 -2.49928 0 
2.14651 -2.54671 0 
1.99242 -2.49928 0 
2.14883 -2.38462 0 
1.99474 -2.33719 0 
1.83833 -2.45185 0 
1.99474 -2.33719 0 
1.84065 -2.28976 0 
1.99474 -2.33719 0 
2.15115 -2.22253 0 
1.99706 -2.1751 0 
1.84065 -2.28976 0 
1.99706 -2.1751 0 
1.84297 -2.12767 0 
1.99706 -2.1751 0 
1.84065 -2.28976 0 
1.99474 -2.33719 0 
1.53015 -2.35699 0 
1.68656 -2.24233 0 
1.53247 -2.19491 0 
1.68656 -2.24233 0 
1.84297 -2.12767 0 
1.68888 -2.08025 0 
1.53247 -2.19491 0 
1.68888 -2.08025 0 
1.53478 -2.03282 0 
1.68888 -2.08025 0 
1.53247 -2.19491 0 
1.68656 -2.24233 0 
1.84297 -2.12767 0 
1.99938 -2.01301 0 
1.84529 -1.96559 0 
1.99938 -2.01301 0 
2.15579 -1.89835 0 
2.0017 -1.85093 0 
1.84529 -1.96559 0 
2.0017 -1.85093 0 
1.8476 -1.8035 0 
2.0017 -1.85093 0 
1.84529 -1.96559 0 
1.99938 -2.01301 0 
1.53478 -2.03282 0 
1.69119 -1.91816 0 
1.5371 -1.87073 0 
1.69119 -1.91816 0 
1.8476 -1.8035 0 
1.69351 -1.75607 0 
1.5371 -1.87073 0 
1.69351 -1.75607 0 
1.53942 -1.70864 0 
1.69351 -1.75607 0 
1.5371 -1.87073 0 
1.69119 -1.91816 0 
1.8476 -1.8035 0 
1.69119 -1.91816 0 
1.84529 -1.96559 0 
1.69119 -1.91816 0 
1.53478 -2.03282 0 
1.68888 -2.08025 0 
1.84529 -1.96559 0 
1.68888 -2.08025 0 
1.84297 -2.12767 0 
1.68888 -2.08025 0 
1.84529 -1.96559 0 
1.69119 -1.91816 0 
2.42178 -2.37878 0 
2.28646 -2.30066 0 
2.28415 -2.46274 0 
2.28646 -2.30066 0 
2.15115 -2.22253 0 
2.14883 -2.38462 0 
2.28415 -2.46274 0 
2.14883 -2.38462 0 
2.14651 -2.54671 0 
2.14883 -2.38462 0 
2.28415 -2.46274 0 
2.28646 -2.30066 0 
0 0 0 
-0.0785328 -0.135586 0 
0.0284319 -0.107004 0 
-0.0785328 -0.135586 0 
-0.157066 -0.271171 0 
-0.0501009 -0.24259 0 
0.0284319 -0.107004 0 
-0.0501009 -0.24259 0 
0.0568638 -0.214009 0 
-0.0501009 -0.24259 0 
0.0284319 -0.107004 0 
-0.0785328 -0.135586 0 
-0.157066 -0.271171 0 
-0.235598 -0.406757 0 
-0.128634 -0.378176 0 
-0.235598 -0.406757 0 
-0.314131 -0.542343 0 
-0.207167 -0.513761 0 
-0.128634 -0.378176 0 
-0.207167 -0.513761 0 
-0.100202 -0.48518 0 
-0.207167 -0.513761 0 
-0.128634 -0.378176 0 
-0.235598 -0.406757 0 
0.0568638 -0.214009 0 
-0.021669 -0.349595 0 
0.0852957 -0.321013 0 
-0.021669 -0.349595 0 
-0.100202 -0.48518 0 
0.00676292 -0.456599 0 
0.0852957 -0.321013 0 
0.00676292 -0.456599 0 
0.113728 -0.428018 0 
0.00676292 -0.456599 0 
0.0852957 -0.321013 0 
-0.021669 -0.349595 0 
-0.100202 -0.48518 0 
-0.021669 -0.349595 0 
-0.128634 -0.378176 0 
-0.021669 -0.349595 0 
0.0568638 -0.214009 0 
-0.0501009 -0.24259 0 
-0.128634 -0.378176 0 
-0.0501009 -0.24259 0 
-0.157066 -0.271171 0 
-0.0501009 -0.24259 0 
-0.128634 -0.378176 0 
-0.021669 -0.349595 0 
-0.314131 -0.542343 0 
-0.392664 -0.677928 0 
-0.285699 -0.649347 0 
-0.392664 -0.677928 0 
-0.471197 -0.813514 0 
-0.364232 -0.784933 0 
-0.285699 -0.649347 0 
-0.364232 -0.784933 0 
-0.257267 -0.756352 0 
-0.364232 -0.784933 0 
-0.285699 -0.649347 0 
-0.392664 -0.677928 0 
-0.257267 -0.756352 0 
-0.3358 -0.891937 0 
-0.228836 -0.863356 0 
-0.3358 -0.891937 0 
-0.414333 -1.02752 0 
-0.307368 -0.998942 0 
-0.228836 -0.863356 0 
-0.307368 -0.998942 0 
-0.200404 -0.970361 0 
-0.307368 -0.998942 0 
-0.228836 -0.863356 0 
-0.3358 -0.891937 0 
-0.414333 -1.02752 0 
-0.3358 -0.891937 0 
-0.442765 -0.920518 0 
-0.3358 -0.891937 0 
-0.257267 -0.756352 0 
-0.364232 -0.784933 0 
-0.442765 -0.920518 0 
-0.364232 -0.784933 0 
-0.471197 -0.813514 0 
-0.364232 -0.784933 0 
-0.442765 -0.920518 0 
-0.3358 -0.891937 0 
0.113728 -0.428018 0 
0.0351948 -0.563604 0 
0.14216 -0.535022 0 
0.0351948 -0.563604 0 
-0.043338 -0.699189 0 
0.0636267 -0.670608 0 
0.14216 -0.535022 0 
0.0636267 -0.670608 0 
0.170591 -0.642027 0 
0.0636267 -0.670608 0 
0.14216 -0.535022 0 
0.0351948 -0.563604 0 
-0.043338 -0.699189 0 
-0.121871 -0.834775 0 
-0.0149061 -0.806194 0 
-0.121871 -0.834775 0 
-0.200404 -0.970361 0 
-0.0934389 -0.941779 0 
-0.0149061 -0.806194 0 
-0.0934389 -0.941779 0 
0.0135258 -0.913198 0 
-0.0934389 -0.941779 0 
-0.0149061 -0.806194 0 
-0.121871 -0.834775 0 
0.170591 -0.642027 0 
0.0920587 -0.777613 0 
0.199023 -0.749031 0 
0.0920587 -0.777613 0 
0.0135258 -0.913198 0 
0.120491 -0.884617 0 
0.199023 -0.749031 0 
0.120491 -0.884617 0 
0.227455 -0.856036 0 
0.120491 -0.884617 0 
0.199023 -0.749031 0 
0.0920587 -0.777613 0 
0.0135258 -0.913198 0 
0.0920587 -0.777613 0 
-0.0149061 -0.806194 0 
0.0920587 -0.777613 0 
0.170591 -0.642027 0 
0.0636267 -0.670608 0 
-0.0149061 -0.806194 0 
0.0636267 -0.670608 0 
-0.043338 -0.699189 0 
0.0636267 -0.670608 0 
-0.0149061 -0.806194 0 
0.0920587 -0.777613 0 
-0.200404 -0.970361 0 
-0.121871 -0.834775 0 
-0.228836 -0.863356 0 
-0.121871 -0.834775 0 
-0.043338 -0.699189 0 
-0.150303 -0.72777 0 
-0.228836 -0.863356 0 
-0.150303 -0.72777 0 
-0.257267 -0.756352 0 
-0.150303 -0.72777 0 
-0.228836 -0.863356 0 
-0.121871 -0.834775 0 
-0.043338 -0.699189 0 
0.0351948 -0.563604 0 
-0.0717699 -0.592185 0 
0.0351948 -0.563604 0 
0.113728 -0.428018 0 
0.00676292 -0.456599 0 
-0.0717699 -0.592185 0 
0.00676292 -0.456599 0 
-0.100202 -0.48518 0 
0.00676292 -0.456599 0 
-0.0717699 -0.592185 0 
0.0351948 -0.563604 0 
-0.257267 -0.756352 0 
-0.178735 -0.620766 0 
-0.285699 -0.649347 0 
-0.178735 -0.620766 0 
-0.100202 -0.48518 0 
-0.207167 -0.513761 0 
-0.285699 -0.649347 0 
-0.207167 -0.513761 0 
-0.314131 -0.542343 0 
-0.207167 -0.513761 0 
-0.285699 -0.649347 0 
-0.178735 -0.620766 0 
-0.100202 -0.48518 0 
-0.178735 -0.620766 0 
-0.0717699 -0.592185 0 
-0.178735 -0.620766 0 
-0.257267 -0.756352 0 
-0.150303 -0.72777 0 
-0.0717699 -0.592185 0 
-0.150303 -0.72777 0 
-0.043338 -0.699189 0 
-0.150303 -0.72777 0 
-0.0717699 -0.592185 0 
-0.178735 -0.620766 0 
0.868763 -0.682759 0 
0.733446 -0.604634 0 
0.761878 -0.711638 0 
0.733446 -0.604634 0 
0.59813 -0.526509 0 
0.626562 -0.633513 0 
0.761878 -0.711638 0 
0.626562 -0.633513 0 
0.654994 -0.740518 0 
0.626562 -0.633513 0 
0.761878 -0.711638 0 
0.733446 -0.604634 0 
0.541266 -0.3125 0 
0.405949 -0.234375 0 
0.434381 -0.341379 0 
0.405949 -0.234375 0 
0.270633 -0.15625 0 
0.299065 -0.263254 0 
0.434381 -0.341379 0 
0.299065 -0.263254 0 
0.327497 -0.370259 0 
0.299065 -0.263254 0 
0.434381 -0.341379 0 
0.405949 -0.234375 0 
0.327497 -0.370259 0 
0.19218 -0.292134 0 
0.220612 -0.399138 0 
0.19218 -0.292134 0 
0.0568638 -0.214009 0 
0.0852957 -0.321013 0 
0.220612 -0.399138 0 
0.0852957 -0.321013 0 
0.113728 -0.428018 0 
0.0852957 -0.321013 0 
0.220612 -0.399138 0 
0.19218 -0.292134 0 
0.0568638 -0.214009 0 
0.19218 -0.292134 0 
0.163748 -0.185129 0 
0.19218 -0.292134 0 
0.327497 -0.370259 0 
0.299065 -0.263254 0 
0.163748 -0.185129 0 
0.299065 -0.263254 0 
0.270633 -0.15625 0 
0.299065 -0.263254 0 
0.163748 -0.185129 0 
0.19218 -0.292134 0 
0.654994 -0.740518 0 
0.519677 -0.662393 0 
0.548109 -0.769397 0 
0.519677 -0.662393 0 
0.384361 -0.584268 0 
0.412792 -0.691272 0 
0.548109 -0.769397 0 
0.412792 -0.691272 0 
0.441224 -0.798277 0 
0.412792 -0.691272 0 
0.548109 -0.769397 0 
0.519677 -0.662393 0 
0.384361 -0.584268 0 
0.249044 -0.506143 0 
0.277476 -0.613147 0 
0.249044 -0.506143 0 
0.113728 -0.428018 0 
0.14216 -0.535022 0 
0.277476 -0.613147 0 
0.14216 -0.535022 0 
0.170591 -0.642027 0 
0.14216 -0.535022 0 
0.277476 -0.613147 0 
0.249044 -0.506143 0 
0.441224 -0.798277 0 
0.305908 -0.720152 0 
0.33434 -0.827156 0 
0.305908 -0.720152 0 
0.170591 -0.642027 0 
0.199023 -0.749031 0 
0.33434 -0.827156 0 
0.199023 -0.749031 0 
0.227455 -0.856036 0 
0.199023 -0.749031 0 
0.33434 -0.827156 0 
0.305908 -0.720152 0 
0.170591 -0.642027 0 
0.305908 -0.720152 0 
0.277476 -0.613147 0 
0.305908 -0.720152 0 
0.441224 -0.798277 0 
0.412792 -0.691272 0 
0.277476 -0.613147 0 
0.412792 -0.691272 0 
0.384361 -0.584268 0 
0.412792 -0.691272 0 
0.277476 -0.613147 0 
0.305908 -0.720152 0 
0.113728 -0.428018 0 
0.249044 -0.506143 0 
0.220612 -0.399138 0 
0.249044 -0.506143 0 
0.384361 -0.584268 0 
0.355929 -0.477263 0 
0.220612 -0.399138 0 
0.355929 -0.477263 0 
0.327497 -0.370259 0 
0.355929 -0.477263 0 
0.220612 -0.399138 0 
0.249044 -0.506143 0 
0.384361 -0.584268 0 
0.519677 -0.662393 0 
0.491245 -0.555388 0 
0.519677 -0.662393 0 
0.654994 -0.740518 0 
0.626562 -0.633513 0 
0.491245 -0.555388 0 
0.626562 -0.633513 0 
0.59813 -0.526509 0 
0.626562 -0.633513 0 
0.491245 -0.555388 0 
0.519677 -0.662393 0 
0.327497 -0.370259 0 
0.462813 -0.448384 0 
0.434381 -0.341379 0 
0.462813 -0.448384 0 
0.59813 -0.526509 0 
0.569698 -0.419504 0 
0.434381 -0.341379 0 
0.569698 -0.419504 0 
0.541266 -0.3125 0 
0.569698 -0.419504 0 
0.434381 -0.341379 0 
0.462813 -0.448384 0 
0.59813 -0.526509 0 
0.462813 -0.448384 0 
0.491245 -0.555388 0 
0.462813 -0.448384 0 
0.327497 -0.370259 0 
0.355929 -0.477263 0 
0.491245 -0.555388 0 
0.355929 -0.477263 0 
0.384361 -0.584268 0 
0.355929 -0.477263 0 
0.491245 -0.555388 0 
0.462813 -0.448384 0 
9.88891 -5 0 
9.73533 -5 0 
9.81212 -5.14285 0 
9.73533 -5 0 
9.58175 -5 0 
9.65854 -5.14285 0 
9.81212 -5.14285 0 
9.65854 -5.14285 0 
9.73533 -5.28569 0 
9.65854 -5.14285 0 
9.81212 -5.14285 0 
9.73533 -5 0 
9.58175 -5 0 
9.42816 -5 0 
9.50495 -5.14285 0 
9.42816 -5 0 
9.27458 -5 0 
9.35137 -5.14285 0 
9.50495 -5.14285 0 
9.35137 -5.14285 0 
9.42816 -5.28569 0 
9.35137 -5.14285 0 
9.50495 -5.14285 0 
9.42816 -5 0 
9.73533 -5.28569 0 
9.58175 -5.28569 0 
9.65854 -5.42854 0 
9.58175 -5.28569 0 
9.42816 -5.28569 0 
9.50495 -5.42854 0 
9.65854 -5.42854 0 
9.50495 -5.42854 0 
9.58175 -5.57139 0 
9.50495 -5.42854 0 
9.65854 -5.42854 0 
9.58175 -5.28569 0 
9.42816 -5.28569 0 
9.58175 -5.28569 0 
9.50495 -5.14285 0 
9.58175 -5.28569 0 
9.73533 -5.28569 0 
9.65854 -5.14285 0 
9.50495 -5.14285 0 
9.65854 -5.14285 0 
9.58175 -5 0 
9.65854 -5.14285 0 
9.50495 -5.14285 0 
9.58175 -5.28569 0 
9.27458 -5 0 
9.121 -5 0 
9.19779 -5.14285 0 
9.121 -5 0 
8.96742 -5 0 
9.04421 -5.14285 0 
9.19779 -5.14285 0 
9.04421 -5.14285 0 
9.121 -5.28569 0 
9.04421 -5.14285 0 
9.19779 -5.14285 0 
9.121 -5 0 
8.96742 -5 0 
8.81384 -5 0 
8.89063 -5.14285 0 
8.81384 -5 0 
8.66025 -5 0 
8.73704 -5.14285 0 
8.89063 -5.14285 0 
8.73704 -5.14285 0 
8.81384 -5.28569 0 
8.73704 -5.14285 0 
8.89063 -5.14285 0 
8.81384 -5 0 
9.121 -5.28569 0 
8.96742 -5.28569 0 
9.04421 -5.42854 0 
8.96742 -5.28569 0 
8.81384 -5.28569 0 
8.89063 -5.42854 0 
9.04421 -5.42854 0 
8.89063 -5.42854 0 
8.96742 -5.57139 0 
8.89063 -5.42854 0 
9.04421 -5.42854 0 
8.96742 -5.28569 0 
8.81384 -5.28569 0 
8.96742 -5.28569 0 
8.89063 -5.14285 0 
8.96742 -5.28569 0 
9.121 -5.28569 0 
9.04421 -5.14285 0 
8.89063 -5.14285 0 
9.04421 -5.14285 0 
8.96742 -5 0 
9.04421 -5.14285 0 
8.89063 -5.14285 0 
8.96742 -5.28569 0 
9.58175 -5.57139 0 
9.42816 -5.57139 0 
9.50495 -5.71424 0 
9.42816 -5.57139 0 
9.27458 -5.57139 0 
9.35137 -5.71424 0 
9.50495 -5.71424 0 
9.35137 -5.71424 0 
9.42816 -5.85708 0 
9.35137 -5.71424 0 
9.50495 -5.71424 0 
9.42816 -5.57139 0 
9.27458 -5.57139 0 
9.121 -5.57139 0 
9.19779 -5.71424 0 
9.121 -5.57139 0 
8.96742 -5.57139 0 
9.04421 -5.71424 0 
9.19779 -5.71424 0 
9.04421 -5.71424 0 
9.121 -5.85708 0 
9.04421 -5.71424 0 
9.19779 -5.71424 0 
9.121 -5.57139 0 
9.42816 -5.85708 0 
9.27458 -5.85708 0 
9.35137 -5.99993 0 
9.27458 -5.85708 0 
9.121 -5.85708 0 
9.19779 -5.99993 0 
9.35137 -5.99993 0 
9.19779 -5.99993 0 
9.27458 -6.14278 0 
9.19779 -5.99993 0 
9.35137 -5.99993 0 
9.27458 -5.85708 0 
9.121 -5.85708 0 
9.27458 -5.85708 0 
9.19779 -5.71424 0 
9.27458 -5.85708 0 
9.42816 -5.85708 0 
9.35137 -5.71424 0 
9.19779 -5.71424 0 
9.35137 -5.71424 0 
9.27458 -5.57139 0 
9.35137 -5.71424 0 
9.19779 -5.71424 0 
9.27458 -5.85708 0 
8.96742 -5.57139 0 
9.121 -5.57139 0 
9.04421 -5.42854 0 
9.121 -5.57139 0 
9.27458 -5.57139 0 
9.19779 -5.42854 0 
9.04421 -5.42854 0 
9.19779 -5.42854 0 
9.121 -5.28569 0 
9.19779 -5.42854 0 
9.04421 -5.42854 0 
9.121 -5.57139 0 
9.27458 -5.57139 0 
9.42816 -5.57139 0 
9.35137 -5.42854 0 
9.42816 -5.57139 0 
9.58175 -5.57139 0 
9.50495 -5.42854 0 
9.35137 -5.42854 0 
9.50495 -5.42854 0 
9.42816 -5.28569 0 
9.50495 -5.42854 0 
9.35137 -5.42854 0 
9.42816 -5.57139 0 
9.121 -5.28569 0 
9.27458 -5.28569 0 
9.19779 -5.14285 0 
9.27458 -5.28569 0 
9.42816 -5.28569 0 
9.35137 -5.14285 0 
9.19779 -5.14285 0 
9.35137 -5.14285 0 
9.27458 -5 0 
9.35137 -5.14285 0 
9.19779 -5.14285 0 
9.27458 -5.28569 0 
9.42816 -5.28569 0 
9.27458 -5.28569 0 
9.35137 -5.42854 0 
9.27458 -5.28569 0 
9.121 -5.28569 0 
9.19779 -5.42854 0 
9.35137 -5.42854 0 
9.19779 -5.42854 0 
9.27458 -5.57139 0 
9.19779 -5.42854 0 
9.35137 -5.42854 0 
9.27458 -5.28569 0 
2.14651 -2.54671 0 
2.06511 -2.68587 0 
2.24025 -2.69493 0 
2.06511 -2.68587 0 
1.98371 -2.82504 0 
2.15885 -2.8341 0 
2.24025 -2.69493 0 
2.15885 -2.8341 0 
2.334 -2.84315 0 
2.15885 -2.8341 0 
2.24025 -2.69493 0 
2.06511 -2.68587 0 
1.98371 -2.82504 0 
1.90231 -2.96421 0 
2.07745 -2.97326 0 
1.90231 -2.96421 0 
1.82091 -3.10338 0 
1.99605 -3.11243 0 
2.07745 -2.97326 0 
1.99605 -3.11243 0 
2.1712 -3.12148 0 
1.99605 -3.11243 0 
2.07745 -2.97326 0 
1.90231 -2.96421 0 
2.334 -2.84315 0 
2.2526 -2.98232 0 
2.42774 -2.99137 0 
2.2526 -2.98232 0 
2.1712 -3.12148 0 
2.34634 -3.13054 0 
2.42774 -2.99137 0 
2.34634 -3.13054 0 
2.52148 -3.13959 0 
2.34634 -3.13054 0 
2.42774 -2.99137 0 
2.2526 -2.98232 0 
2.1712 -3.12148 0 
2.2526 -2.98232 0 
2.07745 -2.97326 0 
2.2526 -2.98232 0 
2.334 -2.84315 0 
2.15885 -2.8341 0 
2.07745 -2.97326 0 
2.15885 -2.8341 0 
1.98371 -2.82504 0 
2.15885 -2.8341 0 
2.07745 -2.97326 0 
2.2526 -2.98232 0 
1.82091 -3.10338 0 
1.73951 -3.24254 0 
1.91465 -3.2516 0 
1.73951 -3.24254 0 
1.65811 -3.38171 0 
1.83325 -3.39076 0 
1.91465 -3.2516 0 
1.83325 -3.39076 0 
2.0084 -3.39982 0 
1.83325 -3.39076 0 
1.91465 -3.2516 0 
1.73951 -3.24254 0 
2.0084 -3.39982 0 
1.927 -3.53898 0 
2.10214 -3.54804 0 
1.927 -3.53898 0 
1.8456 -3.67815 0 
2.02074 -3.6872 0 
2.10214 -3.54804 0 
2.02074 -3.6872 0 
2.19588 -3.69626 0 
2.02074 -3.6872 0 
2.10214 -3.54804 0 
1.927 -3.53898 0 
1.8456 -3.67815 0 
1.927 -3.53898 0 
1.75185 -3.52993 0 
1.927 -3.53898 0 
2.0084 -3.39982 0 
1.83325 -3.39076 0 
1.75185 -3.52993 0 
1.83325 -3.39076 0 
1.65811 -3.38171 0 
1.83325 -3.39076 0 
1.75185 -3.52993 0 
1.927 -3.53898 0 
2.52148 -3.13959 0 
2.44008 -3.27876 0 
2.61523 -3.28781 0 
2.44008 -3.27876 0 
2.35868 -3.41792 0 
2.53383 -3.42698 0 
2.61523 -3.28781 0 
2.53383 -3.42698 0 
2.70897 -3.43603 0 
2.53383 -3.42698 0 
2.61523 -3.28781 0 
2.44008 -3.27876 0 
2.35868 -3.41792 0 
2.27728 -3.55709 0 
2.45243 -3.56614 0 
2.27728 -3.55709 0 
2.19588 -3.69626 0 
2.37103 -3.70531 0 
2.45243 -3.56614 0 
2.37103 -3.70531 0 
2.54617 -3.71436 0 
2.37103 -3.70531 0 
2.45243 -3.56614 0 
2.27728 -3.55709 0 
2.70897 -3.43603 0 
2.62757 -3.5752 0 
2.80271 -3.58425 0 
2.62757 -3.5752 0 
2.54617 -3.71436 0 
2.72131 -3.72342 0 
2.80271 -3.58425 0 
2.72131 -3.72342 0 
2.89645 -3.73247 0 
2.72131 -3.72342 0 
2.80271 -3.58425 0 
2.62757 -3.5752 0 
2.54617 -3.71436 0 
2.62757 -3.5752 0 
2.45243 -3.56614 0 
2.62757 -3.5752 0 
2.70897 -3.43603 0 
2.53383 -3.42698 0 
2.45243 -3.56614 0 
2.53383 -3.42698 0 
2.35868 -3.41792 0 
2.53383 -3.42698 0 
2.45243 -3.56614 0 
2.62757 -3.5752 0 
2.19588 -3.69626 0 
2.27728 -3.55709 0 
2.10214 -3.54804 0 
2.27728 -3.55709 0 
2.35868 -3.41792 0 
2.18354 -3.40887 0 
2.10214 -3.54804 0 
2.18354 -3.40887 0 
2.0084 -3.39982 0 
2.18354 -3.40887 0 
2.10214 -3.54804 0 
2.27728 -3.55709 0 
2.35868 -3.41792 0 
2.44008 -3.27876 0 
2.26494 -3.2697 0 
2.44008 -3.27876 0 
2.52148 -3.13959 0 
2.34634 -3.13054 0 
2.26494 -3.2697 0 
2.34634 -3.13054 0 
2.1712 -3.12148 0 
2.34634 -3.13054 0 
2.26494 -3.2697 0 
2.44008 -3.27876 0 
2.0084 -3.39982 0 
2.0898 -3.26065 0 
1.91465 -3.2516 0 
2.0898 -3.26065 0 
2.1712 -3.12148 0 
1.99605 -3.11243 0 
1.91465 -3.2516 0 
1.99605 -3.11243 0 
1.82091 -3.10338 0 
1.99605 -3.11243 0 
1.91465 -3.2516 0 
2.0898 -3.26065 0 
2.1712 -3.12148 0 
2.0898 -3.26065 0 
2.26494 -3.2697 0 
2.0898 -3.26065 0 
2.0084 -3.39982 0 
2.18354 -3.40887 0 
2.26494 -3.2697 0 
2.18354 -3.40887 0 
2.35868 -3.41792 0 
2.18354 -3.40887 0 
2.26494 -3.2697 0 
2.0898 -3.26065 0 
1.17566 -1.0887 0 
1.108 -1.04963 0 
1.09746 -1.14603 0 
1.108 -1.04963 0 
1.04034 -1.01057 0 
1.0298 -1.10696 0 
1.09746 -1.14603 0 
1.0298 -1.10696 0 
1.01925 -1.20336 0 
1.0298 -1.10696 0 
1.09746 -1.14603 0 
1.108 -1.04963 0 
1.15457 -1.28148 0 
1.08691 -1.24242 0 
1.07636 -1.33881 0 
1.08691 -1.24242 0 
1.01925 -1.20336 0 
1.0087 -1.29975 0 
1.07636 -1.33881 0 
1.0087 -1.29975 0 
0.998157 -1.39614 0 
1.0087 -1.29975 0 
1.07636 -1.33881 0 
1.08691 -1.24242 0 
1.01925 -1.20336 0 
1.08691 -1.24242 0 
1.09746 -1.14603 0 
1.08691 -1.24242 0 
1.15457 -1.28148 0 
1.16511 -1.18509 0 
1.09746 -1.14603 0 
1.16511 -1.18509 0 
1.17566 -1.0887 0 
1.16511 -1.18509 0 
1.09746 -1.14603 0 
1.08691 -1.24242 0 
1.28988 -1.35961 0 
1.22223 -1.32054 0 
1.14402 -1.37787 0 
1.22223 -1.32054 0 
1.15457 -1.28148 0 
1.07636 -1.33881 0 
1.14402 -1.37787 0 
1.07636 -1.33881 0 
0.998157 -1.39614 0 
1.07636 -1.33881 0 
1.14402 -1.37787 0 
1.22223 -1.32054 0 
0.913783 -2.16728 0 
1.07019 -2.05262 0 
0.924329 -2.07089 0 
1.07019 -2.05262 0 
1.2266 -1.93796 0 
1.08074 -1.95623 0 
0.924329 -2.07089 0 
1.08074 -1.95623 0 
0.934876 -1.9745 0 
1.08074 -1.95623 0 
0.924329 -2.07089 0 
1.07019 -2.05262 0 
1.2266 -1.93796 0 
1.38301 -1.8233 0 
1.23715 -1.84157 0 
1.38301 -1.8233 0 
1.53942 -1.70864 0 
1.39356 -1.72691 0 
1.23715 -1.84157 0 
1.39356 -1.72691 0 
1.2477 -1.74518 0 
1.39356 -1.72691 0 
1.23715 -1.84157 0 
1.38301 -1.8233 0 
0.934876 -1.9745 0 
1.09129 -1.85984 0 
0.945423 -1.8781 0 
1.09129 -1.85984 0 
1.2477 -1.74518 0 
1.10183 -1.76344 0 
0.945423 -1.8781 0 
1.10183 -1.76344 0 
0.95597 -1.78171 0 
1.10183 -1.76344 0 
0.945423 -1.8781 0 
1.09129 -1.85984 0 
1.2477 -1.74518 0 
1.09129 -1.85984 0 
1.23715 -1.84157 0 
1.09129 -1.85984 0 
0.934876 -1.9745 0 
1.08074 -1.95623 0 
1.23715 -1.84157 0 
1.08074 -1.95623 0 
1.2266 -1.93796 0 
1.08074 -1.95623 0 
1.23715 -1.84157 0 
1.09129 -1.85984 0 
0.95597 -1.78171 0 
1.11238 -1.66705 0 
0.966517 -1.68532 0 
1.11238 -1.66705 0 
1.26879 -1.55239 0 
1.12293 -1.57066 0 
0.966517 -1.68532 0 
1.12293 -1.57066 0 
0.977064 -1.58893 0 
1.12293 -1.57066 0 
0.966517 -1.68532 0 
1.11238 -1.66705 0 
1.26879 -1.55239 0 
1.4252 -1.43773 0 
1.27934 -1.456 0 
1.4252 -1.43773 0 
1.58161 -1.32307 0 
1.43575 -1.34134 0 
1.27934 -1.456 0 
1.43575 -1.34134 0 
1.28988 -1.35961 0 
1.43575 -1.34134 0 
1.27934 -1.456 0 
1.4252 -1.43773 0 
0.977064 -1.58893 0 
1.13347 -1.47427 0 
0.98761 -1.49253 0 
1.13347 -1.47427 0 
1.28988 -1.35961 0 
1.14402 -1.37787 0 
0.98761 -1.49253 0 
1.14402 -1.37787 0 
0.998157 -1.39614 0 
1.14402 -1.37787 0 
0.98761 -1.49253 0 
1.13347 -1.47427 0 
1.28988 -1.35961 0 
1.13347 -1.47427 0 
1.27934 -1.456 0 
1.13347 -1.47427 0 
0.977064 -1.58893 0 
1.12293 -1.57066 0 
1.27934 -1.456 0 
1.12293 -1.57066 0 
1.26879 -1.55239 0 
1.12293 -1.57066 0 
1.27934 -1.456 0 
1.13347 -1.47427 0 
1.58161 -1.32307 0 
1.4252 -1.43773 0 
1.57106 -1.41946 0 
1.4252 -1.43773 0 
1.26879 -1.55239 0 
1.41465 -1.53412 0 
1.57106 -1.41946 0 
1.41465 -1.53412 0 
1.56052 -1.51586 0 
1.41465 -1.53412 0 
1.57106 -1.41946 0 
1.4252 -1.43773 0 
1.26879 -1.55239 0 
1.11238 -1.66705 0 
1.25824 -1.64878 0 
1.11238 -1.66705 0 
0.95597 -1.78171 0 
1.10183 -1.76344 0 
1.25824 -1.64878 0 
1.10183 -1.76344 0 
1.2477 -1.74518 0 
1.10183 -1.76344 0 
1.25824 -1.64878 0 
1.11238 -1.66705 0 
1.56052 -1.51586 0 
1.40411 -1.63052 0 
1.54997 -1.61225 0 
1.40411 -1.63052 0 
1.2477 -1.74518 0 
1.39356 -1.72691 0 
1.54997 -1.61225 0 
1.39356 -1.72691 0 
1.53942 -1.70864 0 
1.39356 -1.72691 0 
1.54997 -1.61225 0 
1.40411 -1.63052 0 
1.2477 -1.74518 0 
1.40411 -1.63052 0 
1.25824 -1.64878 0 
1.40411 -1.63052 0 
1.56052 -1.51586 0 
1.41465 -1.53412 0 
1.25824 -1.64878 0 
1.41465 -1.53412 0 
1.26879 -1.55239 0 
1.41465 -1.53412 0 
1.25824 -1.64878 0 
1.40411 -1.63052 0 
0.868763 -0.682759 0 
0.761878 -0.711638 0 
0.858216 -0.779152 0 
0.761878 -0.711638 0 
0.654994 -0.740518 0 
0.751331 -0.808031 0 
0.858216 -0.779152 0 
0.751331 -0.808031 0 
0.847669 -0.875544 0 
0.751331 -0.808031 0 
0.858216 -0.779152 0 
0.761878 -0.711638 0 
0.654994 -0.740518 0 
0.548109 -0.769397 0 
0.644447 -0.836911 0 
0.548109 -0.769397 0 
0.441224 -0.798277 0 
0.537562 -0.86579 0 
0.644447 -0.836911 0 
0.537562 -0.86579 0 
0.6339 -0.933303 0 
0.537562 -0.86579 0 
0.644447 -0.836911 0 
0.548109 -0.769397 0 
0.441224 -0.798277 0 
0.33434 -0.827156 0 
0.430678 -0.89467 0 
0.33434 -0.827156 0 
0.227455 -0.856036 0 
0.323793 -0.923549 0 
0.430678 -0.89467 0 
0.323793 -0.923549 0 
0.420131 -0.991062 0 
0.323793 -0.923549 0 
0.430678 -0.89467 0 
0.33434 -0.827156 0 
0.6339 -0.933303 0 
0.527015 -0.962183 0 
0.623353 -1.0297 0 
0.527015 -0.962183 0 
0.420131 -0.991062 0 
0.516468 -1.05858 0 
0.623353 -1.0297 0 
0.516468 -1.05858 0 
0.612806 -1.12609 0 
0.516468 -1.05858 0 
0.623353 -1.0297 0 
0.527015 -0.962183 0 
0.420131 -0.991062 0 
0.527015 -0.962183 0 
0.430678 -0.89467 0 
0.527015 -0.962183 0 
0.6339 -0.933303 0 
0.537562 -0.86579 0 
0.430678 -0.89467 0 
0.537562 -0.86579 0 
0.441224 -0.798277 0 
0.537562 -0.86579 0 
0.430678 -0.89467 0 
0.527015 -0.962183 0 
1.04034 -1.01057 0 
0.93346 -1.03945 0 
1.0298 -1.10696 0 
0.93346 -1.03945 0 
0.826575 -1.06833 0 
0.922913 -1.13584 0 
1.0298 -1.10696 0 
0.922913 -1.13584 0 
1.01925 -1.20336 0 
0.922913 -1.13584 0 
1.0298 -1.10696 0 
0.93346 -1.03945 0 
0.826575 -1.06833 0 
0.719691 -1.09721 0 
0.816029 -1.16472 0 
0.719691 -1.09721 0 
0.612806 -1.12609 0 
0.709144 -1.1936 0 
0.816029 -1.16472 0 
0.709144 -1.1936 0 
0.805482 -1.26111 0 
0.709144 -1.1936 0 
0.816029 -1.16472 0 
0.719691 -1.09721 0 
1.01925 -1.20336 0 
0.912366 -1.23224 0 
1.0087 -1.29975 0 
0.912366 -1.23224 0 
0.805482 -1.26111 0 
0.901819 -1.32863 0 
1.0087 -1.29975 0 
0.901819 -1.32863 0 
0.998157 -1.39614 0 
0.901819 -1.32863 0 
1.0087 -1.29975 0 
0.912366 -1.23224 0 
0.805482 -1.26111 0 
0.912366 -1.23224 0 
0.816029 -1.16472 0 
0.912366 -1.23224 0 
1.01925 -1.20336 0 
0.922913 -1.13584 0 
0.816029 -1.16472 0 
0.922913 -1.13584 0 
0.826575 -1.06833 0 
0.922913 -1.13584 0 
0.816029 -1.16472 0 
0.912366 -1.23224 0 
0.612806 -1.12609 0 
0.719691 -1.09721 0 
0.623353 -1.0297 0 
0.719691 -1.09721 0 
0.826575 -1.06833 0 
0.730238 -1.00082 0 
0.623353 -1.0297 0 
0.730238 -1.00082 0 
0.6339 -0.933303 0 
0.730238 -1.00082 0 
0.623353 -1.0297 0 
0.719691 -1.09721 0 
0.826575 -1.06833 0 
0.93346 -1.03945 0 
0.837122 -0.971937 0 
0.93346 -1.03945 0 
1.04034 -1.01057 0 
0.944007 -0.943057 0 
0.837122 -0.971937 0 
0.944007 -0.943057 0 
0.847669 -0.875544 0 
0.944007 -0.943057 0 
0.837122 -0.971937 0 
0.93346 -1.03945 0 
0.6339 -0.933303 0 
0.740784 -0.904424 0 
0.644447 -0.836911 0 
0.740784 -0.904424 0 
0.847669 -0.875544 0 
0.751331 -0.808031 0 
0.644447 -0.836911 0 
0.751331 -0.808031 0 
0.654994 -0.740518 0 
0.751331 -0.808031 0 
0.644447 -0.836911 0 
0.740784 -0.904424 0 
0.847669 -0.875544 0 
0.740784 -0.904424 0 
0.837122 -0.971937 0 
0.740784 -0.904424 0 
0.6339 -0.933303 0 
0.730238 -1.00082 0 
0.837122 -0.971937 0 
0.730238 -1.00082 0 
0.826575 -1.06833 0 
0.730238 -1.00082 0 
0.837122 -0.971937 0 
0.740784 -0.904424 0 
11.6578 -5.26539 0 
11.5386 -5.1327 0 
11.443 -5.27618 0 
11.5386 -5.1327 0 
11.4195 -5 0 
11.3238 -5.14349 0 
11.443 -5.27618 0 
11.3238 -5.14349 0 
11.2282 -5.28698 0 
11.3238 -5.14349 0 
11.443 -5.27618 0 
11.5386 -5.1327 0 
11.4665 -5.55237 0 
11.3473 -5.41967 0 
11.2517 -5.56316 0 
11.3473 -5.41967 0 
11.2282 -5.28698 0 
11.1325 -5.43047 0 
11.2517 -5.56316 0 
11.1325 -5.43047 0 
11.0368 -5.57396 0 
11.1325 -5.43047 0 
11.2517 -5.56316 0 
11.3473 -5.41967 0 
11.2282 -5.28698 0 
11.3473 -5.41967 0 
11.443 -5.27618 0 
11.3473 -5.41967 0 
11.4665 -5.55237 0 
11.5622 -5.40888 0 
11.443 -5.27618 0 
11.5622 -5.40888 0 
11.6578 -5.26539 0 
11.5622 -5.40888 0 
11.443 -5.27618 0 
11.3473 -5.41967 0 
9.88891 -5 0 
9.81212 -5.14285 0 
9.98457 -5.14349 0 
9.81212 -5.14285 0 
9.73533 -5.28569 0 
9.90778 -5.28634 0 
9.98457 -5.14349 0 
9.90778 -5.28634 0 
10.0802 -5.28698 0 
9.90778 -5.28634 0 
9.98457 -5.14349 0 
9.81212 -5.14285 0 
9.73533 -5.28569 0 
9.65854 -5.42854 0 
9.83099 -5.42918 0 
9.65854 -5.42854 0 
9.58175 -5.57139 0 
9.7542 -5.57203 0 
9.83099 -5.42918 0 
9.7542 -5.57203 0 
9.92665 -5.57267 0 
9.7542 -5.57203 0 
9.83099 -5.42918 0 
9.65854 -5.42854 0 
10.0802 -5.28698 0 
10.0034 -5.42982 0 
10.1759 -5.43047 0 
10.0034 -5.42982 0 
9.92665 -5.57267 0 
10.0991 -5.57331 0 
10.1759 -5.43047 0 
10.0991 -5.57331 0 
10.2716 -5.57396 0 
10.0991 -5.57331 0 
10.1759 -5.43047 0 
10.0034 -5.42982 0 
9.92665 -5.57267 0 
10.0034 -5.42982 0 
9.83099 -5.42918 0 
10.0034 -5.42982 0 
10.0802 -5.28698 0 
9.90778 -5.28634 0 
9.83099 -5.42918 0 
9.90778 -5.28634 0 
9.73533 -5.28569 0 
9.90778 -5.28634 0 
9.83099 -5.42918 0 
10.0034 -5.42982 0 
9.58175 -5.57139 0 
9.50495 -5.71424 0 
9.67741 -5.71488 0 
9.50495 -5.71424 0 
9.42816 -5.85708 0 
9.60062 -5.85773 0 
9.67741 -5.71488 0 
9.60062 -5.85773 0 
9.77307 -5.85837 0 
9.60062 -5.85773 0 
9.67741 -5.71488 0 
9.50495 -5.71424 0 
9.42816 -5.85708 0 
9.35137 -5.99993 0 
9.52382 -6.00057 0 
9.35137 -5.99993 0 
9.27458 -6.14278 0 
9.44703 -6.14342 0 
9.52382 -6.00057 0 
9.44703 -6.14342 0 
9.61949 -6.14406 0 
9.44703 -6.14342 0 
9.52382 -6.00057 0 
9.35137 -5.99993 0 
9.77307 -5.85837 0 
9.69628 -6.00121 0 
9.86873 -6.00186 0 
9.69628 -6.00121 0 
9.61949 -6.14406 0 
9.79194 -6.1447 0 
9.86873 -6.00186 0 
9.79194 -6.1447 0 
9.96439 -6.14534 0 
9.79194 -6.1447 0 
9.86873 -6.00186 0 
9.69628 -6.00121 0 
9.61949 -6.14406 0 
9.69628 -6.00121 0 
9.52382 -6.00057 0 
9.69628 -6.00121 0 
9.77307 -5.85837 0 
9.60062 -5.85773 0 
9.52382 -6.00057 0 
9.60062 -5.85773 0 
9.42816 -5.85708 0 
9.60062 -5.85773 0 
9.52382 -6.00057 0 
9.69628 -6.00121 0 
10.2716 -5.57396 0 
10.1948 -5.7168 0 
10.3672 -5.71744 0 
10.1948 -5.7168 0 
10.118 -5.85965 0 
10.2904 -5.86029 0 
10.3672 -5.71744 0 
10.2904 -5.86029 0 
10.4629 -5.86093 0 
10.2904 -5.86029 0 
10.3672 -5.71744 0 
10.1948 -5.7168 0 
10.118 -5.85965 0 
10.0412 -6.0025 0 
10.2136 -6.00314 0 
10.0412 -6.0025 0 
9.96439 -6.14534 0 
10.1368 -6.14599 0 
10.2136 -6.00314 0 
10.1368 -6.14599 0 
10.3093 -6.14663 0 
10.1368 -6.14599 0 
10.2136 -6.00314 0 
10.0412 -6.0025 0 
10.4629 -5.86093 0 
10.3861 -6.00378 0 
10.5585 -6.00442 0 
10.3861 -6.00378 0 
10.3093 -6.14663 0 
10.4817 -6.14727 0 
10.5585 -6.00442 0 
10.4817 -6.14727 0 
10.6542 -6.14791 0 
10.4817 -6.14727 0 
10.5585 -6.00442 0 
10.3861 -6.00378 0 
10.3093 -6.14663 0 
10.3861 -6.00378 0 
10.2136 -6.00314 0 
10.3861 -6.00378 0 
10.4629 -5.86093 0 
10.2904 -5.86029 0 
10.2136 -6.00314 0 
10.2904 -5.86029 0 
10.118 -5.85965 0 
10.2904 -5.86029 0 
10.2136 -6.00314 0 
10.3861 -6.00378 0 
9.96439 -6.14534 0 
10.0412 -6.0025 0 
9.86873 -6.00186 0 
10.0412 -6.0025 0 
10.118 -5.85965 0 
9.94552 -5.85901 0 
9.86873 -6.00186 0 
9.94552 -5.85901 0 
9.77307 -5.85837 0 
9.94552 -5.85901 0 
9.86873 -6.00186 0 
10.0412 -6.0025 0 
10.118 -5.85965 0 
10.1948 -5.7168 0 
10.0223 -5.71616 0 
10.1948 -5.7168 0 
10.2716 -5.57396 0 
10.0991 -5.57331 0 
10.0223 -5.71616 0 
10.0991 -5.57331 0 
9.92665 -5.57267 0 
10.0991 -5.57331 0 
10.0223 -5.71616 0 
10.1948 -5.7168 0 
9.77307 -5.85837 0 
9.84986 -5.71552 0 
9.67741 -5.71488 0 
9.84986 -5.71552 0 
9.92665 -5.57267 0 
9.7542 -5.57203 0 
9.67741 -5.71488 0 
9.7542 -5.57203 0 
9.58175 -5.57139 0 
9.7542 -5.57203 0 
9.67741 -5.71488 0 
9.84986 -5.71552 0 
9.92665 -5.57267 0 
9.84986 -5.71552 0 
10.0223 -5.71616 0 
9.84986 -5.71552 0 
9.77307 -5.85837 0 
9.94552 -5.85901 0 
10.0223 -5.71616 0 
9.94552 -5.85901 0 
10.118 -5.85965 0 
9.94552 -5.85901 0 
10.0223 -5.71616 0 
9.84986 -5.71552 0 
11.4195 -5 0 
11.2282 -5 0 
11.3238 -5.14349 0 
11.2282 -5 0 
11.0368 -5 0 
11.1325 -5.14349 0 
11.3238 -5.14349 0 
11.1325 -5.14349 0 
11.2282 -5.28698 0 
11.1325 -5.14349 0 
11.3238 -5.14349 0 
11.2282 -5 0 
11.0368 -5 0 
10.8455 -5 0 
10.9412 -5.14349 0 
10.8455 -5 0 
10.6542 -5 0 
10.7499 -5.14349 0 
10.9412 -5.14349 0 
10.7499 -5.14349 0 
10.8455 -5.28698 0 
10.7499 -5.14349 0 
10.9412 -5.14349 0 
10.8455 -5 0 
11.2282 -5.28698 0 
11.0368 -5.28698 0 
11.1325 -5.43047 0 
11.0368 -5.28698 0 
10.8455 -5.28698 0 
10.9412 -5.43047 0 
11.1325 -5.43047 0 
10.9412 -5.43047 0 
11.0368 -5.57396 0 
10.9412 -5.43047 0 
11.1325 -5.43047 0 
11.0368 -5.28698 0 
10.8455 -5.28698 0 
11.0368 -5.28698 0 
10.9412 -5.14349 0 
11.0368 -5.28698 0 
11.2282 -5.28698 0 
11.1325 -5.14349 0 
10.9412 -5.14349 0 
11.1325 -5.14349 0 
11.0368 -5 0 
11.1325 -5.14349 0 
10.9412 -5.14349 0 
11.0368 -5.28698 0 
10.6542 -5 0 
10.4629 -5 0 
10.5585 -5.14349 0 
10.4629 -5 0 
10.2716 -5 0 
10.3672 -5.14349 0 
10.5585 -5.14349 0 
10.3672 -5.14349 0 
10.4629 -5.28698 0 
10.3672 -5.14349 0 
10.5585 -5.14349 0 
10.4629 -5 0 
10.2716 -5 0 
10.0802 -5 0 
10.1759 -5.14349 0 
10.0802 -5 0 
9.88891 -5 0 
9.98457 -5.14349 0 
10.1759 -5.14349 0 
9.98457 -5.14349 0 
10.0802 -5.28698 0 
9.98457 -5.14349 0 
10.1759 -5.14349 0 
10.0802 -5 0 
10.4629 -5.28698 0 
10.2716 -5.28698 0 
10.3672 -5.43047 0 
10.2716 -5.28698 0 
10.0802 -5.28698 0 
10.1759 -5.43047 0 
10.3672 -5.43047 0 
10.1759 -5.43047 0 
10.2716 -5.57396 0 
10.1759 -5.43047 0 
10.3672 -5.43047 0 
10.2716 -5.28698 0 
10.0802 -5.28698 0 
10.2716 -5.28698 0 
10.1759 -5.14349 0 
10.2716 -5.28698 0 
10.4629 -5.28698 0 
10.3672 -5.14349 0 
10.1759 -5.14349 0 
10.3672 -5.14349 0 
10.2716 -5 0 
10.3672 -5.14349 0 
10.1759 -5.14349 0 
10.2716 -5.28698 0 
11.0368 -5.57396 0 
10.8455 -5.57396 0 
10.9412 -5.71744 0 
10.8455 -5.57396 0 
10.6542 -5.57396 0 
10.7499 -5.71744 0 
10.9412 -5.71744 0 
10.7499 -5.71744 0 
10.8455 -5.86093 0 
10.7499 -5.71744 0 
10.9412 -5.71744 0 
10.8455 -5.57396 0 
10.6542 -5.57396 0 
10.4629 -5.57396 0 
10.5585 -5.71744 0 
10.4629 -5.57396 0 
10.2716 -5.57396 0 
10.3672 -5.71744 0 
10.5585 -5.71744 0 
10.3672 -5.71744 0 
10.4629 -5.86093 0 
10.3672 -5.71744 0 
10.5585 -5.71744 0 
10.4629 -5.57396 0 
10.8455 -5.86093 0 
10.6542 -5.86093 0 
10.7499 -6.00442 0 
10.6542 -5.86093 0 
10.4629 -5.86093 0 
10.5585 -6.00442 0 
10.7499 -6.00442 0 
10.5585 -6.00442 0 
10.6542 -6.14791 0 
10.5585 -6.00442 0 
10.7499 -6.00442 0 
10.6542 -5.86093 0 
10.4629 -5.86093 0 
10.6542 -5.86093 0 
10.5585 -5.71744 0 
10.6542 -5.86093 0 
10.8455 -5.86093 0 
10.7499 -5.71744 0 
10.5585 -5.71744 0 
10.7499 -5.71744 0 
10.6542 -5.57396 0 
10.7499 -5.71744 0 
10.5585 -5.71744 0 
10.6542 -5.86093 0 
10.2716 -5.57396 0 
10.4629 -5.57396 0 
10.3672 -5.43047 0 
10.4629 -5.57396 0 
10.6542 -5.57396 0 
10.5585 -5.43047 0 
10.3672 -5.43047 0 
10.5585 -5.43047 0 
10.4629 -5.28698 0 
10.5585 -5.43047 0 
10.3672 -5.43047 0 
10.4629 -5.57396 0 
10.6542 -5.57396 0 
10.8455 -5.57396 0 
10.7499 -5.43047 0 
10.8455 -5.57396 0 
11.0368 -5.57396 0 
10.9412 -5.43047 0 
10.7499 -5.43047 0 
10.9412 -5.43047 0 
10.8455 -5.28698 0 
10.9412 -5.43047 0 
10.7499 -5.43047 0 
10.8455 -5.57396 0 
10.4629 -5.28698 0 
10.6542 -5.28698 0 
10.5585 -5.14349 0 
10.6542 -5.28698 0 
10.8455 -5.28698 0 
10.7499 -5.14349 0 
10.5585 -5.14349 0 
10.7499 -5.14349 0 
10.6542 -5 0 
10.7499 -5.14349 0 
10.5585 -5.14349 0 
10.6542 -5.28698 0 
10.8455 -5.28698 0 
10.6542 -5.28698 0 
10.7499 -5.43047 0 
10.6542 -5.28698 0 
10.4629 -5.28698 0 
10.5585 -5.43047 0 
10.7499 -5.43047 0 
10.5585 -5.43047 0 
10.6542 -5.57396 0 
10.5585 -5.43047 0 
10.7499 -5.43047 0 
10.6542 -5.28698 0 
3.66109 -4.90881 0 
3.56551 -4.76177 0 
3.46745 -4.93183 0 
3.56551 -4.76177 0 
3.46993 -4.61473 0 
3.37187 -4.78478 0 
3.46745 -4.93183 0 
3.37187 -4.78478 0 
3.27382 -4.95484 0 
3.37187 -4.78478 0 
3.46745 -4.93183 0 
3.56551 -4.76177 0 
3.46993 -4.61473 0 
3.37435 -4.46768 0 
3.2763 -4.63774 0 
3.37435 -4.46768 0 
3.27877 -4.32064 0 
3.18072 -4.4907 0 
3.2763 -4.63774 0 
3.18072 -4.4907 0 
3.08266 -4.66075 0 
3.18072 -4.4907 0 
3.2763 -4.63774 0 
3.37435 -4.46768 0 
3.08266 -4.66075 0 
3.17824 -4.8078 0 
3.2763 -4.63774 0 
3.17824 -4.8078 0 
3.27382 -4.95484 0 
3.37187 -4.78478 0 
3.2763 -4.63774 0 
3.37187 -4.78478 0 
3.46993 -4.61473 0 
3.37187 -4.78478 0 
3.2763 -4.63774 0 
3.17824 -4.8078 0 
3.27877 -4.32064 0 
3.18319 -4.1736 0 
3.08514 -4.34365 0 
3.18319 -4.1736 0 
3.08761 -4.02656 0 
2.98956 -4.19661 0 
3.08514 -4.34365 0 
2.98956 -4.19661 0 
2.89151 -4.36667 0 
2.98956 -4.19661 0 
3.08514 -4.34365 0 
3.18319 -4.1736 0 
3.08761 -4.02656 0 
2.99203 -3.87951 0 
2.89398 -4.04957 0 
2.99203 -3.87951 0 
2.89645 -3.73247 0 
2.7984 -3.90253 0 
2.89398 -4.04957 0 
2.7984 -3.90253 0 
2.70035 -4.07258 0 
2.7984 -3.90253 0 
2.89398 -4.04957 0 
2.99203 -3.87951 0 
2.89151 -4.36667 0 
2.79593 -4.21962 0 
2.69787 -4.38968 0 
2.79593 -4.21962 0 
2.70035 -4.07258 0 
2.6023 -4.24264 0 
2.69787 -4.38968 0 
2.6023 -4.24264 0 
2.50424 -4.41269 0 
2.6023 -4.24264 0 
2.69787 -4.38968 0 
2.79593 -4.21962 0 
2.70035 -4.07258 0 
2.79593 -4.21962 0 
2.89398 -4.04957 0 
2.79593 -4.21962 0 
2.89151 -4.36667 0 
2.98956 -4.19661 0 
2.89398 -4.04957 0 
2.98956 -4.19661 0 
3.08761 -4.02656 0 
2.98956 -4.19661 0 
2.89398 -4.04957 0 
2.79593 -4.21962 0 
2.89151 -4.36667 0 
2.98709 -4.51371 0 
3.08514 -4.34365 0 
2.98709 -4.51371 0 
3.08266 -4.66075 0 
3.18072 -4.4907 0 
3.08514 -4.34365 0 
3.18072 -4.4907 0 
3.27877 -4.32064 0 
3.18072 -4.4907 0 
3.08514 -4.34365 0 
2.98709 -4.51371 0 
2.89645 -3.73247 0 
2.72131 -3.72342 0 
2.7984 -3.90253 0 
2.72131 -3.72342 0 
2.54617 -3.71436 0 
2.62326 -3.89347 0 
2.7984 -3.90253 0 
2.62326 -3.89347 0 
2.70035 -4.07258 0 
2.62326 -3.89347 0 
2.7984 -3.90253 0 
2.72131 -3.72342 0 
2.54617 -3.71436 0 
2.37103 -3.70531 0 
2.44812 -3.88442 0 
2.37103 -3.70531 0 
2.19588 -3.69626 0 
2.27297 -3.87537 0 
2.44812 -3.88442 0 
2.27297 -3.87537 0 
2.35006 -4.05447 0 
2.27297 -3.87537 0 
2.44812 -3.88442 0 
2.37103 -3.70531 0 
2.70035 -4.07258 0 
2.52521 -4.06353 0 
2.6023 -4.24264 0 
2.52521 -4.06353 0 
2.35006 -4.05447 0 
2.42715 -4.23358 0 
2.6023 -4.24264 0 
2.42715 -4.23358 0 
2.50424 -4.41269 0 
2.42715 -4.23358 0 
2.6023 -4.24264 0 
2.52521 -4.06353 0 
2.35006 -4.05447 0 
2.52521 -4.06353 0 
2.44812 -3.88442 0 
2.52521 -4.06353 0 
2.70035 -4.07258 0 
2.62326 -3.89347 0 
2.44812 -3.88442 0 
2.62326 -3.89347 0 
2.54617 -3.71436 0 
2.62326 -3.89347 0 
2.44812 -3.88442 0 
2.52521 -4.06353 0 
2.19588 -3.69626 0 
2.02074 -3.6872 0 
2.09783 -3.86631 0 
2.02074 -3.6872 0 
1.8456 -3.67815 0 
1.92269 -3.85726 0 
2.09783 -3.86631 0 
1.92269 -3.85726 0 
1.99978 -4.03637 0 
1.92269 -3.85726 0 
2.09783 -3.86631 0 
2.02074 -3.6872 0 
1.99978 -4.03637 0 
2.17492 -4.04542 0 
2.09783 -3.86631 0 
2.17492 -4.04542 0 
2.35006 -4.05447 0 
2.27297 -3.87537 0 
2.09783 -3.86631 0 
2.27297 -3.87537 0 
2.19588 -3.69626 0 
2.27297 -3.87537 0 
2.09783 -3.86631 0 
2.17492 -4.04542 0 
7.57772 -4.375 0 
7.44241 -4.29688 0 
7.43946 -4.45822 0 
7.44241 -4.29688 0 
7.30709 -4.21875 0 
7.30415 -4.3801 0 
7.43946 -4.45822 0 
7.30415 -4.3801 0 
7.3012 -4.54144 0 
7.30415 -4.3801 0 
7.43946 -4.45822 0 
7.44241 -4.29688 0 
7.30709 -4.21875 0 
7.17177 -4.14063 0 
7.16883 -4.30197 0 
7.17177 -4.14063 0 
7.03646 -4.0625 0 
7.03351 -4.22385 0 
7.16883 -4.30197 0 
7.03351 -4.22385 0 
7.03057 -4.38519 0 
7.03351 -4.22385 0 
7.16883 -4.30197 0 
7.17177 -4.14063 0 
7.03057 -4.38519 0 
7.16589 -4.46332 0 
7.16883 -4.30197 0 
7.16589 -4.46332 0 
7.3012 -4.54144 0 
7.30415 -4.3801 0 
7.16883 -4.30197 0 
7.30415 -4.3801 0 
7.30709 -4.21875 0 
7.30415 -4.3801 0 
7.16883 -4.30197 0 
7.16589 -4.46332 0 
6.74817 -4.87433 0 
6.61285 -4.79621 0 
6.60991 -4.95756 0 
6.61285 -4.79621 0 
6.47753 -4.71808 0 
6.47459 -4.87943 0 
6.60991 -4.95756 0 
6.47459 -4.87943 0 
6.47165 -5.04078 0 
6.47459 -4.87943 0 
6.60991 -4.95756 0 
6.61285 -4.79621 0 
3.66109 -4.90881 0 
3.85692 -4.88212 0 
3.74177 -4.76906 0 
3.85692 -4.88212 0 
4.05275 -4.85543 0 
3.9376 -4.74237 0 
3.74177 -4.76906 0 
3.9376 -4.74237 0 
3.82246 -4.62931 0 
3.9376 -4.74237 0 
3.74177 -4.76906 0 
3.85692 -4.88212 0 
4.05275 -4.85543 0 
4.24858 -4.82874 0 
4.13344 -4.71568 0 
4.24858 -4.82874 0 
4.44441 -4.80205 0 
4.32927 -4.68899 0 
4.13344 -4.71568 0 
4.32927 -4.68899 0 
4.21412 -4.57592 0 
4.32927 -4.68899 0 
4.13344 -4.71568 0 
4.24858 -4.82874 0 
3.82246 -4.62931 0 
4.01829 -4.60261 0 
3.90315 -4.48955 0 
4.01829 -4.60261 0 
4.21412 -4.57592 0 
4.09898 -4.46286 0 
3.90315 -4.48955 0 
4.09898 -4.46286 0 
3.98383 -4.3498 0 
4.09898 -4.46286 0 
3.90315 -4.48955 0 
4.01829 -4.60261 0 
4.21412 -4.57592 0 
4.01829 -4.60261 0 
4.13344 -4.71568 0 
4.01829 -4.60261 0 
3.82246 -4.62931 0 
3.9376 -4.74237 0 
4.13344 -4.71568 0 
3.9376 -4.74237 0 
4.05275 -4.85543 0 
3.9376 -4.74237 0 
4.13344 -4.71568 0 
4.01829 -4.60261 0 
4.44441 -4.80205 0 
4.64024 -4.77536 0 
4.5251 -4.6623 0 
4.64024 -4.77536 0 
4.83608 -4.74867 0 
4.72093 -4.63561 0 
4.5251 -4.6623 0 
4.72093 -4.63561 0 
4.60579 -4.52254 0 
4.72093 -4.63561 0 
4.5251 -4.6623 0 
4.64024 -4.77536 0 
4.83608 -4.74867 0 
5.03191 -4.72198 0 
4.91676 -4.60892 0 
5.03191 -4.72198 0 
5.22774 -4.69529 0 
5.1126 -4.58222 0 
4.91676 -4.60892 0 
5.1126 -4.58222 0 
4.99745 -4.46916 0 
5.1126 -4.58222 0 
4.91676 -4.60892 0 
5.03191 -4.72198 0 
4.60579 -4.52254 0 
4.80162 -4.49585 0 
4.68647 -4.38279 0 
4.80162 -4.49585 0 
4.99745 -4.46916 0 
4.88231 -4.3561 0 
4.68647 -4.38279 0 
4.88231 -4.3561 0 
4.76716 -4.24303 0 
4.88231 -4.3561 0 
4.68647 -4.38279 0 
4.80162 -4.49585 0 
4.99745 -4.46916 0 
4.80162 -4.49585 0 
4.91676 -4.60892 0 
4.80162 -4.49585 0 
4.60579 -4.52254 0 
4.72093 -4.63561 0 
4.91676 -4.60892 0 
4.72093 -4.63561 0 
4.83608 -4.74867 0 
4.72093 -4.63561 0 
4.91676 -4.60892 0 
4.80162 -4.49585 0 
3.98383 -4.3498 0 
4.17967 -4.32311 0 
4.06452 -4.21004 0 
4.17967 -4.32311 0 
4.3755 -4.29642 0 
4.26035 -4.18335 0 
4.06452 -4.21004 0 
4.26035 -4.18335 0 
4.14521 -4.07029 0 
4.26035 -4.18335 0 
4.06452 -4.21004 0 
4.17967 -4.32311 0 
4.3755 -4.29642 0 
4.57133 -4.26972 0 
4.45618 -4.15666 0 
4.57133 -4.26972 0 
4.76716 -4.24303 0 
4.65202 -4.12997 0 
4.45618 -4.15666 0 
4.65202 -4.12997 0 
4.53687 -4.01691 0 
4.65202 -4.12997 0 
4.45618 -4.15666 0 
4.57133 -4.26972 0 
4.14521 -4.07029 0 
4.34104 -4.0436 0 
4.2259 -3.93053 0 
4.34104 -4.0436 0 
4.53687 -4.01691 0 
4.42173 -3.90384 0 
4.2259 -3.93053 0 
4.42173 -3.90384 0 
4.30658 -3.79078 0 
4.42173 -3.90384 0 
4.2259 -3.93053 0 
4.34104 -4.0436 0 
4.53687 -4.01691 0 
4.34104 -4.0436 0 
4.45618 -4.15666 0 
4.34104 -4.0436 0 
4.14521 -4.07029 0 
4.26035 -4.18335 0 
4.45618 -4.15666 0 
4.26035 -4.18335 0 
4.3755 -4.29642 0 
4.26035 -4.18335 0 
4.45618 -4.15666 0 
4.34104 -4.0436 0 
4.76716 -4.24303 0 
4.57133 -4.26972 0 
4.68647 -4.38279 0 
4.57133 -4.26972 0 
4.3755 -4.29642 0 
4.49064 -4.40948 0 
4.68647 -4.38279 0 
4.49064 -4.40948 0 
4.60579 -4.52254 0 
4.49064 -4.40948 0 
4.68647 -4.38279 0 
4.57133 -4.26972 0 
4.3755 -4.29642 0 
4.17967 -4.32311 0 
4.29481 -4.43617 0 
4.17967 -4.32311 0 
3.98383 -4.3498 0 
4.09898 -4.46286 0 
4.29481 -4.43617 0 
4.09898 -4.46286 0 
4.21412 -4.57592 0 
4.09898 -4.46286 0 
4.29481 -4.43617 0 
4.17967 -4.32311 0 
4.60579 -4.52254 0 
4.40996 -4.54923 0 
4.5251 -4.6623 0 
4.40996 -4.54923 0 
4.21412 -4.57592 0 
4.32927 -4.68899 0 
4.5251 -4.6623 0 
4.32927 -4.68899 0 
4.44441 -4.80205 0 
4.32927 -4.68899 0 
4.5251 -4.6623 0 
4.40996 -4.54923 0 
4.21412 -4.57592 0 
4.40996 -4.54923 0 
4.29481 -4.43617 0 
4.40996 -4.54923 0 
4.60579 -4.52254 0 
4.49064 -4.40948 0 
4.29481 -4.43617 0 
4.49064 -4.40948 0 
4.3755 -4.29642 0 
4.49064 -4.40948 0 
4.29481 -4.43617 0 
4.40996 -4.54923 0 
2.89645 -3.73247 0 
2.99203 -3.87951 0 
3.07272 -3.73976 0 
2.99203 -3.87951 0 
3.08761 -4.02656 0 
3.1683 -3.8868 0 
3.07272 -3.73976 0 
3.1683 -3.8868 0 
3.24899 -3.74705 0 
3.1683 -3.8868 0 
3.07272 -3.73976 0 
2.99203 -3.87951 0 
3.08761 -4.02656 0 
3.18319 -4.1736 0 
3.26388 -4.03384 0 
3.18319 -4.1736 0 
3.27877 -4.32064 0 
3.35946 -4.18089 0 
3.26388 -4.03384 0 
3.35946 -4.18089 0 
3.44014 -4.04113 0 
3.35946 -4.18089 0 
3.26388 -4.03384 0 
3.18319 -4.1736 0 
3.24899 -3.74705 0 
3.34457 -3.89409 0 
3.42525 -3.75434 0 
3.34457 -3.89409 0 
3.44014 -4.04113 0 
3.52083 -3.90138 0 
3.42525 -3.75434 0 
3.52083 -3.90138 0 
3.60152 -3.76162 0 
3.52083 -3.90138 0 
3.42525 -3.75434 0 
3.34457 -3.89409 0 
3.44014 -4.04113 0 
3.34457 -3.89409 0 
3.26388 -4.03384 0 
3.34457 -3.89409 0 
3.24899 -3.74705 0 
3.1683 -3.8868 0 
3.26388 -4.03384 0 
3.1683 -3.8868 0 
3.08761 -4.02656 0 
3.1683 -3.8868 0 
3.26388 -4.03384 0 
3.34457 -3.89409 0 
3.27877 -4.32064 0 
3.37435 -4.46768 0 
3.45504 -4.32793 0 
3.37435 -4.46768 0 
3.46993 -4.61473 0 
3.55061 -4.47497 0 
3.45504 -4.32793 0 
3.55061 -4.47497 0 
3.6313 -4.33522 0 
3.55061 -4.47497 0 
3.45504 -4.32793 0 
3.37435 -4.46768 0 
3.46993 -4.61473 0 
3.56551 -4.76177 0 
3.64619 -4.62202 0 
3.56551 -4.76177 0 
3.66109 -4.90881 0 
3.74177 -4.76906 0 
3.64619 -4.62202 0 
3.74177 -4.76906 0 
3.82246 -4.62931 0 
3.74177 -4.76906 0 
3.64619 -4.62202 0 
3.56551 -4.76177 0 
3.6313 -4.33522 0 
3.72688 -4.48226 0 
3.80757 -4.34251 0 
3.72688 -4.48226 0 
3.82246 -4.62931 0 
3.90315 -4.48955 0 
3.80757 -4.34251 0 
3.90315 -4.48955 0 
3.98383 -4.3498 0 
3.90315 -4.48955 0 
3.80757 -4.34251 0 
3.72688 -4.48226 0 
3.82246 -4.62931 0 
3.72688 -4.48226 0 
3.64619 -4.62202 0 
3.72688 -4.48226 0 
3.6313 -4.33522 0 
3.55061 -4.47497 0 
3.64619 -4.62202 0 
3.55061 -4.47497 0 
3.46993 -4.61473 0 
3.55061 -4.47497 0 
3.64619 -4.62202 0 
3.72688 -4.48226 0 
3.60152 -3.76162 0 
3.6971 -3.90867 0 
3.77778 -3.76891 0 
3.6971 -3.90867 0 
3.79268 -4.05571 0 
3.87336 -3.91596 0 
3.77778 -3.76891 0 
3.87336 -3.91596 0 
3.95405 -3.7762 0 
3.87336 -3.91596 0 
3.77778 -3.76891 0 
3.6971 -3.90867 0 
3.79268 -4.05571 0 
3.88826 -4.20275 0 
3.96894 -4.063 0 
3.88826 -4.20275 0 
3.98383 -4.3498 0 
4.06452 -4.21004 0 
3.96894 -4.063 0 
4.06452 -4.21004 0 
4.14521 -4.07029 0 
4.06452 -4.21004 0 
3.96894 -4.063 0 
3.88826 -4.20275 0 
3.95405 -3.7762 0 
4.04963 -3.92325 0 
4.13032 -3.78349 0 
4.04963 -3.92325 0 
4.14521 -4.07029 0 
4.2259 -3.93053 0 
4.13032 -3.78349 0 
4.2259 -3.93053 0 
4.30658 -3.79078 0 
4.2259 -3.93053 0 
4.13032 -3.78349 0 
4.04963 -3.92325 0 
4.14521 -4.07029 0 
4.04963 -3.92325 0 
3.96894 -4.063 0 
4.04963 -3.92325 0 
3.95405 -3.7762 0 
3.87336 -3.91596 0 
3.96894 -4.063 0 
3.87336 -3.91596 0 
3.79268 -4.05571 0 
3.87336 -3.91596 0 
3.96894 -4.063 0 
4.04963 -3.92325 0 
3.98383 -4.3498 0 
3.88826 -4.20275 0 
3.80757 -4.34251 0 
3.88826 -4.20275 0 
3.79268 -4.05571 0 
3.71199 -4.19547 0 
3.80757 -4.34251 0 
3.71199 -4.19547 0 
3.6313 -4.33522 0 
3.71199 -4.19547 0 
3.80757 -4.34251 0 
3.88826 -4.20275 0 
3.79268 -4.05571 0 
3.6971 -3.90867 0 
3.61641 -4.04842 0 
3.6971 -3.90867 0 
3.60152 -3.76162 0 
3.52083 -3.90138 0 
3.61641 -4.04842 0 
3.52083 -3.90138 0 
3.44014 -4.04113 0 
3.52083 -3.90138 0 
3.61641 -4.04842 0 
3.6971 -3.90867 0 
3.6313 -4.33522 0 
3.53572 -4.18818 0 
3.45504 -4.32793 0 
3.53572 -4.18818 0 
3.44014 -4.04113 0 
3.35946 -4.18089 0 
3.45504 -4.32793 0 
3.35946 -4.18089 0 
3.27877 -4.32064 0 
3.35946 -4.18089 0 
3.45504 -4.32793 0 
3.53572 -4.18818 0 
3.44014 -4.04113 0 
3.53572 -4.18818 0 
3.61641 -4.04842 0 
3.53572 -4.18818 0 
3.6313 -4.33522 0 
3.71199 -4.19547 0 
3.61641 -4.04842 0 
3.71199 -4.19547 0 
3.79268 -4.05571 0 
3.71199 -4.19547 0 
3.61641 -4.04842 0 
3.53572 -4.18818 0 
2.14651 -2.54671 0 
2.24025 -2.69493 0 
2.26032 -2.57848 0 
2.24025 -2.69493 0 
2.334 -2.84315 0 
2.35406 -2.7267 0 
2.26032 -2.57848 0 
2.35406 -2.7267 0 
2.37413 -2.61025 0 
2.35406 -2.7267 0 
2.26032 -2.57848 0 
2.24025 -2.69493 0 
2.334 -2.84315 0 
2.42774 -2.99137 0 
2.44781 -2.87492 0 
2.42774 -2.99137 0 
2.52148 -3.13959 0 
2.54155 -3.02314 0 
2.44781 -2.87492 0 
2.54155 -3.02314 0 
2.56162 -2.90669 0 
2.54155 -3.02314 0 
2.44781 -2.87492 0 
2.42774 -2.99137 0 
2.37413 -2.61025 0 
2.46788 -2.75847 0 
2.48794 -2.64203 0 
2.46788 -2.75847 0 
2.56162 -2.90669 0 
2.58169 -2.79025 0 
2.48794 -2.64203 0 
2.58169 -2.79025 0 
2.60176 -2.6738 0 
2.58169 -2.79025 0 
2.48794 -2.64203 0 
2.46788 -2.75847 0 
2.56162 -2.90669 0 
2.46788 -2.75847 0 
2.44781 -2.87492 0 
2.46788 -2.75847 0 
2.37413 -2.61025 0 
2.35406 -2.7267 0 
2.44781 -2.87492 0 
2.35406 -2.7267 0 
2.334 -2.84315 0 
2.35406 -2.7267 0 
2.44781 -2.87492 0 
2.46788 -2.75847 0 
2.52148 -3.13959 0 
2.61523 -3.28781 0 
2.63529 -3.17136 0 
2.61523 -3.28781 0 
2.70897 -3.43603 0 
2.72904 -3.31958 0 
2.63529 -3.17136 0 
2.72904 -3.31958 0 
2.74911 -3.20314 0 
2.72904 -3.31958 0 
2.63529 -3.17136 0 
2.61523 -3.28781 0 
2.70897 -3.43603 0 
2.80271 -3.58425 0 
2.82278 -3.4678 0 
2.80271 -3.58425 0 
2.89645 -3.73247 0 
2.91652 -3.61602 0 
2.82278 -3.4678 0 
2.91652 -3.61602 0 
2.93659 -3.49958 0 
2.91652 -3.61602 0 
2.82278 -3.4678 0 
2.80271 -3.58425 0 
2.74911 -3.20314 0 
2.84285 -3.35136 0 
2.86292 -3.23491 0 
2.84285 -3.35136 0 
2.93659 -3.49958 0 
2.95666 -3.38313 0 
2.86292 -3.23491 0 
2.95666 -3.38313 0 
2.97673 -3.26668 0 
2.95666 -3.38313 0 
2.86292 -3.23491 0 
2.84285 -3.35136 0 
2.93659 -3.49958 0 
2.84285 -3.35136 0 
2.82278 -3.4678 0 
2.84285 -3.35136 0 
2.74911 -3.20314 0 
2.72904 -3.31958 0 
2.82278 -3.4678 0 
2.72904 -3.31958 0 
2.70897 -3.43603 0 
2.72904 -3.31958 0 
2.82278 -3.4678 0 
2.84285 -3.35136 0 
2.60176 -2.6738 0 
2.6955 -2.82202 0 
2.71557 -2.70557 0 
2.6955 -2.82202 0 
2.78924 -2.97024 0 
2.80931 -2.85379 0 
2.71557 -2.70557 0 
2.80931 -2.85379 0 
2.82938 -2.73735 0 
2.80931 -2.85379 0 
2.71557 -2.70557 0 
2.6955 -2.82202 0 
2.78924 -2.97024 0 
2.88299 -3.11846 0 
2.90305 -3.00201 0 
2.88299 -3.11846 0 
2.97673 -3.26668 0 
2.9968 -3.15024 0 
2.90305 -3.00201 0 
2.9968 -3.15024 0 
3.01687 -3.03379 0 
2.9968 -3.15024 0 
2.90305 -3.00201 0 
2.88299 -3.11846 0 
3.01687 -3.03379 0 
2.92312 -2.88557 0 
2.90305 -3.00201 0 
2.92312 -2.88557 0 
2.82938 -2.73735 0 
2.80931 -2.85379 0 
2.90305 -3.00201 0 
2.80931 -2.85379 0 
2.78924 -2.97024 0 
2.80931 -2.85379 0 
2.90305 -3.00201 0 
2.92312 -2.88557 0 
2.97673 -3.26668 0 
2.88299 -3.11846 0 
2.86292 -3.23491 0 
2.88299 -3.11846 0 
2.78924 -2.97024 0 
2.76917 -3.08669 0 
2.86292 -3.23491 0 
2.76917 -3.08669 0 
2.74911 -3.20314 0 
2.76917 -3.08669 0 
2.86292 -3.23491 0 
2.88299 -3.11846 0 
2.78924 -2.97024 0 
2.6955 -2.82202 0 
2.67543 -2.93847 0 
2.6955 -2.82202 0 
2.60176 -2.6738 0 
2.58169 -2.79025 0 
2.67543 -2.93847 0 
2.58169 -2.79025 0 
2.56162 -2.90669 0 
2.58169 -2.79025 0 
2.67543 -2.93847 0 
2.6955 -2.82202 0 
2.74911 -3.20314 0 
2.65536 -3.05492 0 
2.63529 -3.17136 0 
2.65536 -3.05492 0 
2.56162 -2.90669 0 
2.54155 -3.02314 0 
2.63529 -3.17136 0 
2.54155 -3.02314 0 
2.52148 -3.13959 0 
2.54155 -3.02314 0 
2.63529 -3.17136 0 
2.65536 -3.05492 0 
2.56162 -2.90669 0 
2.65536 -3.05492 0 
2.67543 -2.93847 0 
2.65536 -3.05492 0 
2.74911 -3.20314 0 
2.76917 -3.08669 0 
2.67543 -2.93847 0 
2.76917 -3.08669 0 
2.78924 -2.97024 0 
2.76917 -3.08669 0 
2.67543 -2.93847 0 
2.65536 -3.05492 0 
2.42178 -2.37878 0 
2.28415 -2.46274 0 
2.39796 -2.49452 0 
2.28415 -2.46274 0 
2.14651 -2.54671 0 
2.26032 -2.57848 0 
2.39796 -2.49452 0 
2.26032 -2.57848 0 
2.37413 -2.61025 0 
2.26032 -2.57848 0 
2.39796 -2.49452 0 
2.28415 -2.46274 0 
2.6494 -2.44233 0 
2.51177 -2.52629 0 
2.62558 -2.55806 0 
2.51177 -2.52629 0 
2.37413 -2.61025 0 
2.48794 -2.64203 0 
2.62558 -2.55806 0 
2.48794 -2.64203 0 
2.60176 -2.6738 0 
2.48794 -2.64203 0 
2.62558 -2.55806 0 
2.51177 -2.52629 0 
2.37413 -2.61025 0 
2.51177 -2.52629 0 
2.39796 -2.49452 0 
2.51177 -2.52629 0 
2.6494 -2.44233 0 
2.53559 -2.41055 0 
2.39796 -2.49452 0 
2.53559 -2.41055 0 
2.42178 -2.37878 0 
2.53559 -2.41055 0 
2.39796 -2.49452 0 
2.51177 -2.52629 0 
0.913783 -2.16728 0 
0.924329 -2.07089 0 
0.825873 -2.10889 0 
0.924329 -2.07089 0 
0.934876 -1.9745 0 
0.83642 -2.0125 0 
0.825873 -2.10889 0 
0.83642 -2.0125 0 
0.737964 -2.0505 0 
0.83642 -2.0125 0 
0.825873 -2.10889 0 
0.924329 -2.07089 0 
0.934876 -1.9745 0 
0.945423 -1.8781 0 
0.846967 -1.9161 0 
0.945423 -1.8781 0 
0.95597 -1.78171 0 
0.857514 -1.81971 0 
0.846967 -1.9161 0 
0.857514 -1.81971 0 
0.759058 -1.85771 0 
0.857514 -1.81971 0 
0.846967 -1.9161 0 
0.945423 -1.8781 0 
0.737964 -2.0505 0 
0.748511 -1.95411 0 
0.650055 -1.99211 0 
0.748511 -1.95411 0 
0.759058 -1.85771 0 
0.660602 -1.89571 0 
0.650055 -1.99211 0 
0.660602 -1.89571 0 
0.562145 -1.93371 0 
0.660602 -1.89571 0 
0.650055 -1.99211 0 
0.748511 -1.95411 0 
0.759058 -1.85771 0 
0.748511 -1.95411 0 
0.846967 -1.9161 0 
0.748511 -1.95411 0 
0.737964 -2.0505 0 
0.83642 -2.0125 0 
0.846967 -1.9161 0 
0.83642 -2.0125 0 
0.934876 -1.9745 0 
0.83642 -2.0125 0 
0.846967 -1.9161 0 
0.748511 -1.95411 0 
0.95597 -1.78171 0 
0.966517 -1.68532 0 
0.868061 -1.72332 0 
0.966517 -1.68532 0 
0.977064 -1.58893 0 
0.878607 -1.62693 0 
0.868061 -1.72332 0 
0.878607 -1.62693 0 
0.780151 -1.66493 0 
0.878607 -1.62693 0 
0.868061 -1.72332 0 
0.966517 -1.68532 0 
0.977064 -1.58893 0 
0.98761 -1.49253 0 
0.889154 -1.53053 0 
0.98761 -1.49253 0 
0.998157 -1.39614 0 
0.899701 -1.43414 0 
0.889154 -1.53053 0 
0.899701 -1.43414 0 
0.801245 -1.47214 0 
0.899701 -1.43414 0 
0.889154 -1.53053 0 
0.98761 -1.49253 0 
0.780151 -1.66493 0 
0.790698 -1.56854 0 
0.692242 -1.60654 0 
0.790698 -1.56854 0 
0.801245 -1.47214 0 
0.702789 -1.51014 0 
0.692242 -1.60654 0 
0.702789 -1.51014 0 
0.604333 -1.54814 0 
0.702789 -1.51014 0 
0.692242 -1.60654 0 
0.790698 -1.56854 0 
0.801245 -1.47214 0 
0.790698 -1.56854 0 
0.889154 -1.53053 0 
0.790698 -1.56854 0 
0.780151 -1.66493 0 
0.878607 -1.62693 0 
0.889154 -1.53053 0 
0.878607 -1.62693 0 
0.977064 -1.58893 0 
0.878607 -1.62693 0 
0.889154 -1.53053 0 
0.790698 -1.56854 0 
0.562145 -1.93371 0 
0.572692 -1.83732 0 
0.474236 -1.87532 0 
0.572692 -1.83732 0 
0.583239 -1.74093 0 
0.484783 -1.77893 0 
0.474236 -1.87532 0 
0.484783 -1.77893 0 
0.386327 -1.81693 0 
0.484783 -1.77893 0 
0.474236 -1.87532 0 
0.572692 -1.83732 0 
0.583239 -1.74093 0 
0.593786 -1.64454 0 
0.49533 -1.68254 0 
0.593786 -1.64454 0 
0.604333 -1.54814 0 
0.505877 -1.58614 0 
0.49533 -1.68254 0 
0.505877 -1.58614 0 
0.407421 -1.62415 0 
0.505877 -1.58614 0 
0.49533 -1.68254 0 
0.593786 -1.64454 0 
0.386327 -1.81693 0 
0.396874 -1.72054 0 
0.298418 -1.75854 0 
0.396874 -1.72054 0 
0.407421 -1.62415 0 
0.308964 -1.66215 0 
0.298418 -1.75854 0 
0.308964 -1.66215 0 
0.210508 -1.70015 0 
0.308964 -1.66215 0 
0.298418 -1.75854 0 
0.396874 -1.72054 0 
0.407421 -1.62415 0 
0.396874 -1.72054 0 
0.49533 -1.68254 0 
0.396874 -1.72054 0 
0.386327 -1.81693 0 
0.484783 -1.77893 0 
0.49533 -1.68254 0 
0.484783 -1.77893 0 
0.583239 -1.74093 0 
0.484783 -1.77893 0 
0.49533 -1.68254 0 
0.396874 -1.72054 0 
0.604333 -1.54814 0 
0.593786 -1.64454 0 
0.692242 -1.60654 0 
0.593786 -1.64454 0 
0.583239 -1.74093 0 
0.681695 -1.70293 0 
0.692242 -1.60654 0 
0.681695 -1.70293 0 
0.780151 -1.66493 0 
0.681695 -1.70293 0 
0.692242 -1.60654 0 
0.593786 -1.64454 0 
0.583239 -1.74093 0 
0.572692 -1.83732 0 
0.671148 -1.79932 0 
0.572692 -1.83732 0 
0.562145 -1.93371 0 
0.660602 -1.89571 0 
0.671148 -1.79932 0 
0.660602 -1.89571 0 
0.759058 -1.85771 0 
0.660602 -1.89571 0 
0.671148 -1.79932 0 
0.572692 -1.83732 0 
0.780151 -1.66493 0 
0.769605 -1.76132 0 
0.868061 -1.72332 0 
0.769605 -1.76132 0 
0.759058 -1.85771 0 
0.857514 -1.81971 0 
0.868061 -1.72332 0 
0.857514 -1.81971 0 
0.95597 -1.78171 0 
0.857514 -1.81971 0 
0.868061 -1.72332 0 
0.769605 -1.76132 0 
0.759058 -1.85771 0 
0.769605 -1.76132 0 
0.671148 -1.79932 0 
0.769605 -1.76132 0 
0.780151 -1.66493 0 
0.681695 -1.70293 0 
0.671148 -1.79932 0 
0.681695 -1.70293 0 
0.583239 -1.74093 0 
0.681695 -1.70293 0 
0.671148 -1.79932 0 
0.769605 -1.76132 0 
0.998157 -1.39614 0 
0.901819 -1.32863 0 
0.899701 -1.43414 0 
0.901819 -1.32863 0 
0.805482 -1.26111 0 
0.803363 -1.36663 0 
0.899701 -1.43414 0 
0.803363 -1.36663 0 
0.801245 -1.47214 0 
0.803363 -1.36663 0 
0.899701 -1.43414 0 
0.901819 -1.32863 0 
0.805482 -1.26111 0 
0.709144 -1.1936 0 
0.707026 -1.29912 0 
0.709144 -1.1936 0 
0.612806 -1.12609 0 
0.610688 -1.2316 0 
0.707026 -1.29912 0 
0.610688 -1.2316 0 
0.608569 -1.33712 0 
0.610688 -1.2316 0 
0.707026 -1.29912 0 
0.709144 -1.1936 0 
0.801245 -1.47214 0 
0.704907 -1.40463 0 
0.702789 -1.51014 0 
0.704907 -1.40463 0 
0.608569 -1.33712 0 
0.606451 -1.44263 0 
0.702789 -1.51014 0 
0.606451 -1.44263 0 
0.604333 -1.54814 0 
0.606451 -1.44263 0 
0.702789 -1.51014 0 
0.704907 -1.40463 0 
0.608569 -1.33712 0 
0.704907 -1.40463 0 
0.707026 -1.29912 0 
0.704907 -1.40463 0 
0.801245 -1.47214 0 
0.803363 -1.36663 0 
0.707026 -1.29912 0 
0.803363 -1.36663 0 
0.805482 -1.26111 0 
0.803363 -1.36663 0 
0.707026 -1.29912 0 
0.704907 -1.40463 0 
0.612806 -1.12609 0 
0.516468 -1.05858 0 
0.51435 -1.16409 0 
0.516468 -1.05858 0 
0.420131 -0.991062 0 
0.418012 -1.09658 0 
0.51435 -1.16409 0 
0.418012 -1.09658 0 
0.415894 -1.20209 0 
0.418012 -1.09658 0 
0.51435 -1.16409 0 
0.516468 -1.05858 0 
0.420131 -0.991062 0 
0.323793 -0.923549 0 
0.321675 -1.02906 0 
0.323793 -0.923549 0 
0.227455 -0.856036 0 
0.225337 -0.96155 0 
0.321675 -1.02906 0 
0.225337 -0.96155 0 
0.223219 -1.06706 0 
0.225337 -0.96155 0 
0.321675 -1.02906 0 
0.323793 -0.923549 0 
0.415894 -1.20209 0 
0.319556 -1.13458 0 
0.317438 -1.24009 0 
0.319556 -1.13458 0 
0.223219 -1.06706 0 
0.2211 -1.17258 0 
0.317438 -1.24009 0 
0.2211 -1.17258 0 
0.218982 -1.27809 0 
0.2211 -1.17258 0 
0.317438 -1.24009 0 
0.319556 -1.13458 0 
0.223219 -1.06706 0 
0.319556 -1.13458 0 
0.321675 -1.02906 0 
0.319556 -1.13458 0 
0.415894 -1.20209 0 
0.418012 -1.09658 0 
0.321675 -1.02906 0 
0.418012 -1.09658 0 
0.420131 -0.991062 0 
0.418012 -1.09658 0 
0.321675 -1.02906 0 
0.319556 -1.13458 0 
0.604333 -1.54814 0 
0.507995 -1.48063 0 
0.505877 -1.58614 0 
0.507995 -1.48063 0 
0.411657 -1.41312 0 
0.409539 -1.51863 0 
0.505877 -1.58614 0 
0.409539 -1.51863 0 
0.407421 -1.62415 0 
0.409539 -1.51863 0 
0.505877 -1.58614 0 
0.507995 -1.48063 0 
0.411657 -1.41312 0 
0.31532 -1.3456 0 
0.313201 -1.45112 0 
0.31532 -1.3456 0 
0.218982 -1.27809 0 
0.216863 -1.38361 0 
0.313201 -1.45112 0 
0.216863 -1.38361 0 
0.214745 -1.48912 0 
0.216863 -1.38361 0 
0.313201 -1.45112 0 
0.31532 -1.3456 0 
0.407421 -1.62415 0 
0.311083 -1.55663 0 
0.308964 -1.66215 0 
0.311083 -1.55663 0 
0.214745 -1.48912 0 
0.212627 -1.59463 0 
0.308964 -1.66215 0 
0.212627 -1.59463 0 
0.210508 -1.70015 0 
0.212627 -1.59463 0 
0.308964 -1.66215 0 
0.311083 -1.55663 0 
0.214745 -1.48912 0 
0.311083 -1.55663 0 
0.313201 -1.45112 0 
0.311083 -1.55663 0 
0.407421 -1.62415 0 
0.409539 -1.51863 0 
0.313201 -1.45112 0 
0.409539 -1.51863 0 
0.411657 -1.41312 0 
0.409539 -1.51863 0 
0.313201 -1.45112 0 
0.311083 -1.55663 0 
0.218982 -1.27809 0 
0.31532 -1.3456 0 
0.317438 -1.24009 0 
0.31532 -1.3456 0 
0.411657 -1.41312 0 
0.413776 -1.3076 0 
0.317438 -1.24009 0 
0.413776 -1.3076 0 
0.415894 -1.20209 0 
0.413776 -1.3076 0 
0.317438 -1.24009 0 
0.31532 -1.3456 0 
0.411657 -1.41312 0 
0.507995 -1.48063 0 
0.510113 -1.37512 0 
0.507995 -1.48063 0 
0.604333 -1.54814 0 
0.606451 -1.44263 0 
0.510113 -1.37512 0 
0.606451 -1.44263 0 
0.608569 -1.33712 0 
0.606451 -1.44263 0 
0.510113 -1.37512 0 
0.507995 -1.48063 0 
0.415894 -1.20209 0 
0.512232 -1.2696 0 
0.51435 -1.16409 0 
0.512232 -1.2696 0 
0.608569 -1.33712 0 
0.610688 -1.2316 0 
0.51435 -1.16409 0 
0.610688 -1.2316 0 
0.612806 -1.12609 0 
0.610688 -1.2316 0 
0.51435 -1.16409 0 
0.512232 -1.2696 0 
0.608569 -1.33712 0 
0.512232 -1.2696 0 
0.510113 -1.37512 0 
0.512232 -1.2696 0 
0.415894 -1.20209 0 
0.413776 -1.3076 0 
0.510113 -1.37512 0 
0.413776 -1.3076 0 
0.411657 -1.41312 0 
0.413776 -1.3076 0 
0.510113 -1.37512 0 
0.512232 -1.2696 0 
0.227455 -0.856036 0 
0.120491 -0.884617 0 
0.225337 -0.96155 0 
0.120491 -0.884617 0 
0.0135258 -0.913198 0 
0.118372 -0.990131 0 
0.225337 -0.96155 0 
0.118372 -0.990131 0 
0.223219 -1.06706 0 
0.118372 -0.990131 0 
0.225337 -0.96155 0 
0.120491 -0.884617 0 
0.0135258 -0.913198 0 
-0.0934389 -0.941779 0 
0.0114075 -1.01871 0 
-0.0934389 -0.941779 0 
-0.200404 -0.970361 0 
-0.0955573 -1.04729 0 
0.0114075 -1.01871 0 
-0.0955573 -1.04729 0 
0.0092891 -1.12423 0 
-0.0955573 -1.04729 0 
0.0114075 -1.01871 0 
-0.0934389 -0.941779 0 
0.223219 -1.06706 0 
0.116254 -1.09564 0 
0.2211 -1.17258 0 
0.116254 -1.09564 0 
0.0092891 -1.12423 0 
0.114135 -1.20116 0 
0.2211 -1.17258 0 
0.114135 -1.20116 0 
0.218982 -1.27809 0 
0.114135 -1.20116 0 
0.2211 -1.17258 0 
0.116254 -1.09564 0 
0.0092891 -1.12423 0 
0.116254 -1.09564 0 
0.0114075 -1.01871 0 
0.116254 -1.09564 0 
0.223219 -1.06706 0 
0.118372 -0.990131 0 
0.0114075 -1.01871 0 
0.118372 -0.990131 0 
0.0135258 -0.913198 0 
0.118372 -0.990131 0 
0.0114075 -1.01871 0 
0.116254 -1.09564 0 
-0.200404 -0.970361 0 
-0.307368 -0.998942 0 
-0.202522 -1.07587 0 
-0.307368 -0.998942 0 
-0.414333 -1.02752 0 
-0.309487 -1.10446 0 
-0.202522 -1.07587 0 
-0.309487 -1.10446 0 
-0.20464 -1.18139 0 
-0.309487 -1.10446 0 
-0.202522 -1.07587 0 
-0.307368 -0.998942 0 
-0.20464 -1.18139 0 
-0.311605 -1.20997 0 
-0.206759 -1.2869 0 
-0.311605 -1.20997 0 
-0.41857 -1.23855 0 
-0.313723 -1.31548 0 
-0.206759 -1.2869 0 
-0.313723 -1.31548 0 
-0.208877 -1.39242 0 
-0.313723 -1.31548 0 
-0.206759 -1.2869 0 
-0.311605 -1.20997 0 
-0.41857 -1.23855 0 
-0.311605 -1.20997 0 
-0.416451 -1.13304 0 
-0.311605 -1.20997 0 
-0.20464 -1.18139 0 
-0.309487 -1.10446 0 
-0.416451 -1.13304 0 
-0.309487 -1.10446 0 
-0.414333 -1.02752 0 
-0.309487 -1.10446 0 
-0.416451 -1.13304 0 
-0.311605 -1.20997 0 
0.218982 -1.27809 0 
0.112017 -1.30667 0 
0.216863 -1.38361 0 
0.112017 -1.30667 0 
0.00505236 -1.33525 0 
0.109899 -1.41219 0 
0.216863 -1.38361 0 
0.109899 -1.41219 0 
0.214745 -1.48912 0 
0.109899 -1.41219 0 
0.216863 -1.38361 0 
0.112017 -1.30667 0 
0.00505236 -1.33525 0 
-0.101912 -1.36383 0 
0.00293398 -1.44077 0 
-0.101912 -1.36383 0 
-0.208877 -1.39242 0 
-0.104031 -1.46935 0 
0.00293398 -1.44077 0 
-0.104031 -1.46935 0 
0.000815613 -1.54628 0 
-0.104031 -1.46935 0 
0.00293398 -1.44077 0 
-0.101912 -1.36383 0 
0.214745 -1.48912 0 
0.10778 -1.5177 0 
0.212627 -1.59463 0 
0.10778 -1.5177 0 
0.000815613 -1.54628 0 
0.105662 -1.62321 0 
0.212627 -1.59463 0 
0.105662 -1.62321 0 
0.210508 -1.70015 0 
0.105662 -1.62321 0 
0.212627 -1.59463 0 
0.10778 -1.5177 0 
0.000815613 -1.54628 0 
0.10778 -1.5177 0 
0.00293398 -1.44077 0 
0.10778 -1.5177 0 
0.214745 -1.48912 0 
0.109899 -1.41219 0 
0.00293398 -1.44077 0 
0.109899 -1.41219 0 
0.00505236 -1.33525 0 
0.109899 -1.41219 0 
0.00293398 -1.44077 0 
0.10778 -1.5177 0 
-0.208877 -1.39242 0 
-0.101912 -1.36383 0 
-0.206759 -1.2869 0 
-0.101912 -1.36383 0 
0.00505236 -1.33525 0 
-0.099794 -1.25832 0 
-0.206759 -1.2869 0 
-0.099794 -1.25832 0 
-0.20464 -1.18139 0 
-0.099794 -1.25832 0 
-0.206759 -1.2869 0 
-0.101912 -1.36383 0 
0.00505236 -1.33525 0 
0.112017 -1.30667 0 
0.00717073 -1.22974 0 
0.112017 -1.30667 0 
0.218982 -1.27809 0 
0.114135 -1.20116 0 
0.00717073 -1.22974 0 
0.114135 -1.20116 0 
0.0092891 -1.12423 0 
0.114135 -1.20116 0 
0.00717073 -1.22974 0 
0.112017 -1.30667 0 
-0.20464 -1.18139 0 
-0.0976756 -1.15281 0 
-0.202522 -1.07587 0 
-0.0976756 -1.15281 0 
0.0092891 -1.12423 0 
-0.0955573 -1.04729 0 
-0.202522 -1.07587 0 
-0.0955573 -1.04729 0 
-0.200404 -0.970361 0 
-0.0955573 -1.04729 0 
-0.202522 -1.07587 0 
-0.0976756 -1.15281 0 
0.0092891 -1.12423 0 
-0.0976756 -1.15281 0 
0.00717073 -1.22974 0 
-0.0976756 -1.15281 0 
-0.20464 -1.18139 0 
-0.099794 -1.25832 0 
0.00717073 -1.22974 0 
-0.099794 -1.25832 0 
0.00505236 -1.33525 0 
-0.099794 -1.25832 0 
0.00717073 -1.22974 0 
-0.0976756 -1.15281 0 
0.000815613 -1.54628 0 
0.000815613 -1.70297 0 
0.105662 -1.62321 0 
0.000815613 -1.70297 0 
0.000815613 -1.85966 0 
0.105662 -1.7799 0 
0.105662 -1.62321 0 
0.105662 -1.7799 0 
0.210508 -1.70015 0 
0.105662 -1.7799 0 
0.105662 -1.62321 0 
0.000815613 -1.70297 0 
0.000815613 -1.85966 0 
0.111464 -1.97774 0 
0.105662 -1.7799 0 
0.111464 -1.97774 0 
0.222112 -2.09582 0 
0.21631 -1.89798 0 
0.105662 -1.7799 0 
0.21631 -1.89798 0 
0.210508 -1.70015 0 
0.21631 -1.89798 0 
0.105662 -1.7799 0 
0.111464 -1.97774 0 
0.749568 -2.44617 0 
0.831675 -2.30672 0 
0.743766 -2.24833 0 
0.831675 -2.30672 0 
0.913783 -2.16728 0 
0.825873 -2.10889 0 
0.743766 -2.24833 0 
0.825873 -2.10889 0 
0.737964 -2.0505 0 
0.825873 -2.10889 0 
0.743766 -2.24833 0 
0.831675 -2.30672 0 
0.573749 -2.32938 0 
0.655857 -2.18994 0 
0.567947 -2.13155 0 
0.655857 -2.18994 0 
0.737964 -2.0505 0 
0.650055 -1.99211 0 
0.567947 -2.13155 0 
0.650055 -1.99211 0 
0.562145 -1.93371 0 
0.650055 -1.99211 0 
0.567947 -2.13155 0 
0.655857 -2.18994 0 
0.737964 -2.0505 0 
0.655857 -2.18994 0 
0.743766 -2.24833 0 
0.655857 -2.18994 0 
0.573749 -2.32938 0 
0.661658 -2.38778 0 
0.743766 -2.24833 0 
0.661658 -2.38778 0 
0.749568 -2.44617 0 
0.661658 -2.38778 0 
0.743766 -2.24833 0 
0.655857 -2.18994 0 
0.39793 -2.2126 0 
0.480038 -2.07316 0 
0.392129 -2.01477 0 
0.480038 -2.07316 0 
0.562145 -1.93371 0 
0.474236 -1.87532 0 
0.392129 -2.01477 0 
0.474236 -1.87532 0 
0.386327 -1.81693 0 
0.474236 -1.87532 0 
0.392129 -2.01477 0 
0.480038 -2.07316 0 
0.222112 -2.09582 0 
0.304219 -1.95637 0 
0.21631 -1.89798 0 
0.304219 -1.95637 0 
0.386327 -1.81693 0 
0.298418 -1.75854 0 
0.21631 -1.89798 0 
0.298418 -1.75854 0 
0.210508 -1.70015 0 
0.298418 -1.75854 0 
0.21631 -1.89798 0 
0.304219 -1.95637 0 
0.386327 -1.81693 0 
0.304219 -1.95637 0 
0.392129 -2.01477 0 
0.304219 -1.95637 0 
0.222112 -2.09582 0 
0.310021 -2.15421 0 
0.392129 -2.01477 0 
0.310021 -2.15421 0 
0.39793 -2.2126 0 
0.310021 -2.15421 0 
0.392129 -2.01477 0 
0.304219 -1.95637 0 
0.562145 -1.93371 0 
0.480038 -2.07316 0 
0.567947 -2.13155 0 
0.480038 -2.07316 0 
0.39793 -2.2126 0 
0.48584 -2.27099 0 
0.567947 -2.13155 0 
0.48584 -2.27099 0 
0.573749 -2.32938 0 
0.48584 -2.27099 0 
0.567947 -2.13155 0 
0.480038 -2.07316 0 
10.3093 -6.14663 0 
10.1368 -6.14599 0 
10.2962 -6.30543 0 
10.1368 -6.14599 0 
9.96439 -6.14534 0 
10.1237 -6.30479 0 
10.2962 -6.30543 0 
10.1237 -6.30479 0 
10.283 -6.46423 0 
10.1237 -6.30479 0 
10.2962 -6.30543 0 
10.1368 -6.14599 0 
9.96439 -6.14534 0 
9.79194 -6.1447 0 
9.95126 -6.30415 0 
9.79194 -6.1447 0 
9.61949 -6.14406 0 
9.77881 -6.3035 0 
9.95126 -6.30415 0 
9.77881 -6.3035 0 
9.93812 -6.46295 0 
9.77881 -6.3035 0 
9.95126 -6.30415 0 
9.79194 -6.1447 0 
9.61949 -6.14406 0 
9.44703 -6.14342 0 
9.60635 -6.30286 0 
9.44703 -6.14342 0 
9.27458 -6.14278 0 
9.4339 -6.30222 0 
9.60635 -6.30286 0 
9.4339 -6.30222 0 
9.59322 -6.46166 0 
9.4339 -6.30222 0 
9.60635 -6.30286 0 
9.44703 -6.14342 0 
9.59322 -6.46166 0 
9.76567 -6.46231 0 
9.60635 -6.30286 0 
9.76567 -6.46231 0 
9.93812 -6.46295 0 
9.77881 -6.3035 0 
9.60635 -6.30286 0 
9.77881 -6.3035 0 
9.61949 -6.14406 0 
9.77881 -6.3035 0 
9.60635 -6.30286 0 
9.76567 -6.46231 0 
9.93812 -6.46295 0 
10.1106 -6.46359 0 
9.95126 -6.30415 0 
10.1106 -6.46359 0 
10.283 -6.46423 0 
10.1237 -6.30479 0 
9.95126 -6.30415 0 
10.1237 -6.30479 0 
9.96439 -6.14534 0 
10.1237 -6.30479 0 
9.95126 -6.30415 0 
10.1106 -6.46359 0 
9.27458 -6.14278 0 
9.27458 -6.30496 0 
9.4339 -6.30222 0 
9.27458 -6.30496 0 
9.27458 -6.46714 0 
9.4339 -6.4644 0 
9.4339 -6.30222 0 
9.4339 -6.4644 0 
9.59322 -6.46166 0 
9.4339 -6.4644 0 
9.4339 -6.30222 0 
9.27458 -6.30496 0 
5.22774 -4.69529 0 
5.03191 -4.72198 0 
5.16864 -4.88669 0 
5.03191 -4.72198 0 
4.83608 -4.74867 0 
4.97281 -4.91338 0 
5.16864 -4.88669 0 
4.97281 -4.91338 0 
5.10955 -5.0781 0 
4.97281 -4.91338 0 
5.16864 -4.88669 0 
5.03191 -4.72198 0 
4.83608 -4.74867 0 
4.64024 -4.77536 0 
4.77698 -4.94007 0 
4.64024 -4.77536 0 
4.44441 -4.80205 0 
4.58115 -4.96676 0 
4.77698 -4.94007 0 
4.58115 -4.96676 0 
4.71788 -5.13148 0 
4.58115 -4.96676 0 
4.77698 -4.94007 0 
4.64024 -4.77536 0 
5.10955 -5.0781 0 
4.91371 -5.10479 0 
5.05045 -5.2695 0 
4.91371 -5.10479 0 
4.71788 -5.13148 0 
4.85462 -5.29619 0 
5.05045 -5.2695 0 
4.85462 -5.29619 0 
4.99135 -5.4609 0 
4.85462 -5.29619 0 
5.05045 -5.2695 0 
4.91371 -5.10479 0 
4.71788 -5.13148 0 
4.91371 -5.10479 0 
4.77698 -4.94007 0 
4.91371 -5.10479 0 
5.10955 -5.0781 0 
4.97281 -4.91338 0 
4.77698 -4.94007 0 
4.97281 -4.91338 0 
4.83608 -4.74867 0 
4.97281 -4.91338 0 
4.77698 -4.94007 0 
4.91371 -5.10479 0 
4.44441 -4.80205 0 
4.24858 -4.82874 0 
4.38532 -4.99345 0 
4.24858 -4.82874 0 
4.05275 -4.85543 0 
4.18948 -5.02015 0 
4.38532 -4.99345 0 
4.18948 -5.02015 0 
4.32622 -5.18486 0 
4.18948 -5.02015 0 
4.38532 -4.99345 0 
4.24858 -4.82874 0 
4.05275 -4.85543 0 
3.85692 -4.88212 0 
3.99365 -5.04684 0 
3.85692 -4.88212 0 
3.66109 -4.90881 0 
3.79782 -5.07353 0 
3.99365 -5.04684 0 
3.79782 -5.07353 0 
3.93456 -5.23824 0 
3.79782 -5.07353 0 
3.99365 -5.04684 0 
3.85692 -4.88212 0 
4.32622 -5.18486 0 
4.13039 -5.21155 0 
4.26712 -5.37626 0 
4.13039 -5.21155 0 
3.93456 -5.23824 0 
4.07129 -5.40295 0 
4.26712 -5.37626 0 
4.07129 -5.40295 0 
4.20803 -5.56767 0 
4.07129 -5.40295 0 
4.26712 -5.37626 0 
4.13039 -5.21155 0 
3.93456 -5.23824 0 
4.13039 -5.21155 0 
3.99365 -5.04684 0 
4.13039 -5.21155 0 
4.32622 -5.18486 0 
4.18948 -5.02015 0 
3.99365 -5.04684 0 
4.18948 -5.02015 0 
4.05275 -4.85543 0 
4.18948 -5.02015 0 
3.99365 -5.04684 0 
4.13039 -5.21155 0 
4.99135 -5.4609 0 
4.79552 -5.48759 0 
4.93226 -5.65231 0 
4.79552 -5.48759 0 
4.59969 -5.51428 0 
4.73642 -5.679 0 
4.93226 -5.65231 0 
4.73642 -5.679 0 
4.87316 -5.84371 0 
4.73642 -5.679 0 
4.93226 -5.65231 0 
4.79552 -5.48759 0 
4.20803 -5.56767 0 
4.40386 -5.54098 0 
4.26712 -5.37626 0 
4.40386 -5.54098 0 
4.59969 -5.51428 0 
4.46295 -5.34957 0 
4.26712 -5.37626 0 
4.46295 -5.34957 0 
4.32622 -5.18486 0 
4.46295 -5.34957 0 
4.26712 -5.37626 0 
4.40386 -5.54098 0 
4.59969 -5.51428 0 
4.79552 -5.48759 0 
4.65879 -5.32288 0 
4.79552 -5.48759 0 
4.99135 -5.4609 0 
4.85462 -5.29619 0 
4.65879 -5.32288 0 
4.85462 -5.29619 0 
4.71788 -5.13148 0 
4.85462 -5.29619 0 
4.65879 -5.32288 0 
4.79552 -5.48759 0 
4.32622 -5.18486 0 
4.52205 -5.15817 0 
4.38532 -4.99345 0 
4.52205 -5.15817 0 
4.71788 -5.13148 0 
4.58115 -4.96676 0 
4.38532 -4.99345 0 
4.58115 -4.96676 0 
4.44441 -4.80205 0 
4.58115 -4.96676 0 
4.38532 -4.99345 0 
4.52205 -5.15817 0 
4.71788 -5.13148 0 
4.52205 -5.15817 0 
4.65879 -5.32288 0 
4.52205 -5.15817 0 
4.32622 -5.18486 0 
4.46295 -5.34957 0 
4.65879 -5.32288 0 
4.46295 -5.34957 0 
4.59969 -5.51428 0 
4.46295 -5.34957 0 
4.65879 -5.32288 0 
4.52205 -5.15817 0 
9.27458 -6.14278 0 
9.19779 -5.99993 0 
9.14761 -6.11897 0 
9.19779 -5.99993 0 
9.121 -5.85708 0 
9.07082 -5.97612 0 
9.14761 -6.11897 0 
9.07082 -5.97612 0 
9.02064 -6.09516 0 
9.07082 -5.97612 0 
9.14761 -6.11897 0 
9.19779 -5.99993 0 
9.121 -5.85708 0 
9.04421 -5.71424 0 
8.99403 -5.83328 0 
9.04421 -5.71424 0 
8.96742 -5.57139 0 
8.91724 -5.69043 0 
8.99403 -5.83328 0 
8.91724 -5.69043 0 
8.86706 -5.80947 0 
8.91724 -5.69043 0 
8.99403 -5.83328 0 
9.04421 -5.71424 0 
9.02064 -6.09516 0 
8.94385 -5.95231 0 
8.89367 -6.07135 0 
8.94385 -5.95231 0 
8.86706 -5.80947 0 
8.81688 -5.92851 0 
8.89367 -6.07135 0 
8.81688 -5.92851 0 
8.7667 -6.04754 0 
8.81688 -5.92851 0 
8.89367 -6.07135 0 
8.94385 -5.95231 0 
8.86706 -5.80947 0 
8.94385 -5.95231 0 
8.99403 -5.83328 0 
8.94385 -5.95231 0 
9.02064 -6.09516 0 
9.07082 -5.97612 0 
8.99403 -5.83328 0 
9.07082 -5.97612 0 
9.121 -5.85708 0 
9.07082 -5.97612 0 
8.99403 -5.83328 0 
8.94385 -5.95231 0 
8.96742 -5.57139 0 
8.89063 -5.42854 0 
8.84045 -5.54758 0 
8.89063 -5.42854 0 
8.81384 -5.28569 0 
8.76366 -5.40473 0 
8.84045 -5.54758 0 
8.76366 -5.40473 0 
8.71348 -5.52377 0 
8.76366 -5.40473 0 
8.84045 -5.54758 0 
8.89063 -5.42854 0 
8.81384 -5.28569 0 
8.73704 -5.14285 0 
8.68687 -5.26189 0 
8.73704 -5.14285 0 
8.66025 -5 0 
8.61008 -5.11904 0 
8.68687 -5.26189 0 
8.61008 -5.11904 0 
8.5599 -5.23808 0 
8.61008 -5.11904 0 
8.68687 -5.26189 0 
8.73704 -5.14285 0 
8.71348 -5.52377 0 
8.63669 -5.38092 0 
8.58651 -5.49996 0 
8.63669 -5.38092 0 
8.5599 -5.23808 0 
8.50972 -5.35712 0 
8.58651 -5.49996 0 
8.50972 -5.35712 0 
8.45954 -5.47615 0 
8.50972 -5.35712 0 
8.58651 -5.49996 0 
8.63669 -5.38092 0 
8.5599 -5.23808 0 
8.63669 -5.38092 0 
8.68687 -5.26189 0 
8.63669 -5.38092 0 
8.71348 -5.52377 0 
8.76366 -5.40473 0 
8.68687 -5.26189 0 
8.76366 -5.40473 0 
8.81384 -5.28569 0 
8.76366 -5.40473 0 
8.68687 -5.26189 0 
8.63669 -5.38092 0 
8.7667 -6.04754 0 
8.68991 -5.9047 0 
8.63973 -6.02374 0 
8.68991 -5.9047 0 
8.61312 -5.76185 0 
8.56294 -5.88089 0 
8.63973 -6.02374 0 
8.56294 -5.88089 0 
8.51277 -5.99993 0 
8.56294 -5.88089 0 
8.63973 -6.02374 0 
8.68991 -5.9047 0 
8.61312 -5.76185 0 
8.53633 -5.619 0 
8.48615 -5.73804 0 
8.53633 -5.619 0 
8.45954 -5.47615 0 
8.40936 -5.59519 0 
8.48615 -5.73804 0 
8.40936 -5.59519 0 
8.35918 -5.71423 0 
8.40936 -5.59519 0 
8.48615 -5.73804 0 
8.53633 -5.619 0 
8.51277 -5.99993 0 
8.43597 -5.85708 0 
8.3858 -5.97612 0 
8.43597 -5.85708 0 
8.35918 -5.71423 0 
8.309 -5.83327 0 
8.3858 -5.97612 0 
8.309 -5.83327 0 
8.25883 -5.95231 0 
8.309 -5.83327 0 
8.3858 -5.97612 0 
8.43597 -5.85708 0 
8.35918 -5.71423 0 
8.43597 -5.85708 0 
8.48615 -5.73804 0 
8.43597 -5.85708 0 
8.51277 -5.99993 0 
8.56294 -5.88089 0 
8.48615 -5.73804 0 
8.56294 -5.88089 0 
8.61312 -5.76185 0 
8.56294 -5.88089 0 
8.48615 -5.73804 0 
8.43597 -5.85708 0 
8.45954 -5.47615 0 
8.53633 -5.619 0 
8.58651 -5.49996 0 
8.53633 -5.619 0 
8.61312 -5.76185 0 
8.6633 -5.64281 0 
8.58651 -5.49996 0 
8.6633 -5.64281 0 
8.71348 -5.52377 0 
8.6633 -5.64281 0 
8.58651 -5.49996 0 
8.53633 -5.619 0 
8.61312 -5.76185 0 
8.68991 -5.9047 0 
8.74009 -5.78566 0 
8.68991 -5.9047 0 
8.7667 -6.04754 0 
8.81688 -5.92851 0 
8.74009 -5.78566 0 
8.81688 -5.92851 0 
8.86706 -5.80947 0 
8.81688 -5.92851 0 
8.74009 -5.78566 0 
8.68991 -5.9047 0 
8.71348 -5.52377 0 
8.79027 -5.66662 0 
8.84045 -5.54758 0 
8.79027 -5.66662 0 
8.86706 -5.80947 0 
8.91724 -5.69043 0 
8.84045 -5.54758 0 
8.91724 -5.69043 0 
8.96742 -5.57139 0 
8.91724 -5.69043 0 
8.84045 -5.54758 0 
8.79027 -5.66662 0 
8.86706 -5.80947 0 
8.79027 -5.66662 0 
8.74009 -5.78566 0 
8.79027 -5.66662 0 
8.71348 -5.52377 0 
8.6633 -5.64281 0 
8.74009 -5.78566 0 
8.6633 -5.64281 0 
8.61312 -5.76185 0 
8.6633 -5.64281 0 
8.74009 -5.78566 0 
8.79027 -5.66662 0 
7.80646 -6.5817 0 
8.00882 -6.66279 0 
7.88185 -6.4768 0 
8.00882 -6.66279 0 
8.21119 -6.74388 0 
8.08422 -6.55789 0 
7.88185 -6.4768 0 
8.08422 -6.55789 0 
7.95725 -6.3719 0 
8.08422 -6.55789 0 
7.88185 -6.4768 0 
8.00882 -6.66279 0 
7.95725 -6.3719 0 
8.15961 -6.45299 0 
8.03264 -6.26701 0 
8.15961 -6.45299 0 
8.36198 -6.53408 0 
8.23501 -6.3481 0 
8.03264 -6.26701 0 
8.23501 -6.3481 0 
8.10804 -6.16211 0 
8.23501 -6.3481 0 
8.03264 -6.26701 0 
8.15961 -6.45299 0 
8.36198 -6.53408 0 
8.56434 -6.61517 0 
8.43737 -6.42918 0 
8.56434 -6.61517 0 
8.7667 -6.69626 0 
8.63973 -6.51027 0 
8.43737 -6.42918 0 
8.63973 -6.51027 0 
8.51277 -6.32429 0 
8.63973 -6.51027 0 
8.43737 -6.42918 0 
8.56434 -6.61517 0 
8.10804 -6.16211 0 
8.3104 -6.2432 0 
8.18343 -6.05721 0 
8.3104 -6.2432 0 
8.51277 -6.32429 0 
8.3858 -6.1383 0 
8.18343 -6.05721 0 
8.3858 -6.1383 0 
8.25883 -5.95231 0 
8.3858 -6.1383 0 
8.18343 -6.05721 0 
8.3104 -6.2432 0 
8.51277 -6.32429 0 
8.3104 -6.2432 0 
8.43737 -6.42918 0 
8.3104 -6.2432 0 
8.10804 -6.16211 0 
8.23501 -6.3481 0 
8.43737 -6.42918 0 
8.23501 -6.3481 0 
8.36198 -6.53408 0 
8.23501 -6.3481 0 
8.43737 -6.42918 0 
8.3104 -6.2432 0 
8.36198 -6.53408 0 
8.15961 -6.45299 0 
8.28658 -6.63898 0 
8.15961 -6.45299 0 
7.95725 -6.3719 0 
8.08422 -6.55789 0 
8.28658 -6.63898 0 
8.08422 -6.55789 0 
8.21119 -6.74388 0 
8.08422 -6.55789 0 
8.28658 -6.63898 0 
8.15961 -6.45299 0 
9.27458 -6.46714 0 
9.27458 -6.30496 0 
9.14761 -6.28115 0 
9.27458 -6.30496 0 
9.27458 -6.14278 0 
9.14761 -6.11897 0 
9.14761 -6.28115 0 
9.14761 -6.11897 0 
9.02064 -6.09516 0 
9.14761 -6.11897 0 
9.14761 -6.28115 0 
9.27458 -6.30496 0 
9.02064 -6.41952 0 
9.02064 -6.25734 0 
8.89367 -6.23353 0 
9.02064 -6.25734 0 
9.02064 -6.09516 0 
8.89367 -6.07135 0 
8.89367 -6.23353 0 
8.89367 -6.07135 0 
8.7667 -6.04754 0 
8.89367 -6.07135 0 
8.89367 -6.23353 0 
9.02064 -6.25734 0 
9.02064 -6.09516 0 
9.02064 -6.25734 0 
9.14761 -6.28115 0 
9.02064 -6.25734 0 
9.02064 -6.41952 0 
9.14761 -6.44333 0 
9.14761 -6.28115 0 
9.14761 -6.44333 0 
9.27458 -6.46714 0 
9.14761 -6.44333 0 
9.14761 -6.28115 0 
9.02064 -6.25734 0 
8.7667 -6.69626 0 
8.7667 -6.53408 0 
8.63973 -6.51027 0 
8.7667 -6.53408 0 
8.7667 -6.3719 0 
8.63973 -6.3481 0 
8.63973 -6.51027 0 
8.63973 -6.3481 0 
8.51277 -6.32429 0 
8.63973 -6.3481 0 
8.63973 -6.51027 0 
8.7667 -6.53408 0 
8.7667 -6.3719 0 
8.7667 -6.20972 0 
8.63973 -6.18592 0 
8.7667 -6.20972 0 
8.7667 -6.04754 0 
8.63973 -6.02374 0 
8.63973 -6.18592 0 
8.63973 -6.02374 0 
8.51277 -5.99993 0 
8.63973 -6.02374 0 
8.63973 -6.18592 0 
8.7667 -6.20972 0 
8.51277 -6.32429 0 
8.51277 -6.16211 0 
8.3858 -6.1383 0 
8.51277 -6.16211 0 
8.51277 -5.99993 0 
8.3858 -5.97612 0 
8.3858 -6.1383 0 
8.3858 -5.97612 0 
8.25883 -5.95231 0 
8.3858 -5.97612 0 
8.3858 -6.1383 0 
8.51277 -6.16211 0 
8.51277 -5.99993 0 
8.51277 -6.16211 0 
8.63973 -6.18592 0 
8.51277 -6.16211 0 
8.51277 -6.32429 0 
8.63973 -6.3481 0 
8.63973 -6.18592 0 
8.63973 -6.3481 0 
8.7667 -6.3719 0 
8.63973 -6.3481 0 
8.63973 -6.18592 0 
8.51277 -6.16211 0 
8.7667 -6.04754 0 
8.7667 -6.20972 0 
8.89367 -6.23353 0 
8.7667 -6.20972 0 
8.7667 -6.3719 0 
8.89367 -6.39571 0 
8.89367 -6.23353 0 
8.89367 -6.39571 0 
9.02064 -6.41952 0 
8.89367 -6.39571 0 
8.89367 -6.23353 0 
8.7667 -6.20972 0 
8.7667 -6.3719 0 
8.7667 -6.53408 0 
8.89367 -6.55789 0 
8.7667 -6.53408 0 
8.7667 -6.69626 0 
8.89367 -6.72007 0 
8.89367 -6.55789 0 
8.89367 -6.72007 0 
9.02064 -6.74388 0 
8.89367 -6.72007 0 
8.89367 -6.55789 0 
8.7667 -6.53408 0 
9.02064 -6.74388 0 
9.02064 -6.5817 0 
8.89367 -6.55789 0 
9.02064 -6.5817 0 
9.02064 -6.41952 0 
8.89367 -6.39571 0 
8.89367 -6.55789 0 
8.89367 -6.39571 0 
8.7667 -6.3719 0 
8.89367 -6.39571 0 
8.89367 -6.55789 0 
9.02064 -6.5817 0 
4.53687 -4.01691 0 
4.65202 -4.12997 0 
4.66357 -4.03183 0 
4.65202 -4.12997 0 
4.76716 -4.24303 0 
4.77872 -4.14489 0 
4.66357 -4.03183 0 
4.77872 -4.14489 0 
4.79028 -4.04675 0 
4.77872 -4.14489 0 
4.66357 -4.03183 0 
4.65202 -4.12997 0 
4.76716 -4.24303 0 
4.88231 -4.3561 0 
4.89386 -4.25795 0 
4.88231 -4.3561 0 
4.99745 -4.46916 0 
5.00901 -4.37102 0 
4.89386 -4.25795 0 
5.00901 -4.37102 0 
5.02057 -4.27288 0 
5.00901 -4.37102 0 
4.89386 -4.25795 0 
4.88231 -4.3561 0 
4.99745 -4.46916 0 
5.1126 -4.58222 0 
5.12415 -4.48408 0 
5.1126 -4.58222 0 
5.22774 -4.69529 0 
5.2393 -4.59715 0 
5.12415 -4.48408 0 
5.2393 -4.59715 0 
5.25086 -4.499 0 
5.2393 -4.59715 0 
5.12415 -4.48408 0 
5.1126 -4.58222 0 
5.02057 -4.27288 0 
5.13571 -4.38594 0 
5.14727 -4.2878 0 
5.13571 -4.38594 0 
5.25086 -4.499 0 
5.26241 -4.40086 0 
5.14727 -4.2878 0 
5.26241 -4.40086 0 
5.27397 -4.30272 0 
5.26241 -4.40086 0 
5.14727 -4.2878 0 
5.13571 -4.38594 0 
5.25086 -4.499 0 
5.13571 -4.38594 0 
5.12415 -4.48408 0 
5.13571 -4.38594 0 
5.02057 -4.27288 0 
5.00901 -4.37102 0 
5.12415 -4.48408 0 
5.00901 -4.37102 0 
4.99745 -4.46916 0 
5.00901 -4.37102 0 
5.12415 -4.48408 0 
5.13571 -4.38594 0 
5.02057 -4.27288 0 
4.90542 -4.15981 0 
4.89386 -4.25795 0 
4.90542 -4.15981 0 
4.79028 -4.04675 0 
4.77872 -4.14489 0 
4.89386 -4.25795 0 
4.77872 -4.14489 0 
4.76716 -4.24303 0 
4.77872 -4.14489 0 
4.89386 -4.25795 0 
4.90542 -4.15981 0 
3.057 -2.80089 0 
3.03693 -2.91734 0 
3.15092 -2.84279 0 
3.03693 -2.91734 0 
3.01687 -3.03379 0 
3.13085 -2.95924 0 
3.15092 -2.84279 0 
3.13085 -2.95924 0 
3.24484 -2.88469 0 
3.13085 -2.95924 0 
3.15092 -2.84279 0 
3.03693 -2.91734 0 
3.01687 -3.03379 0 
2.9968 -3.15024 0 
3.11078 -3.07569 0 
2.9968 -3.15024 0 
2.97673 -3.26668 0 
3.09071 -3.19213 0 
3.11078 -3.07569 0 
3.09071 -3.19213 0 
3.2047 -3.11759 0 
3.09071 -3.19213 0 
3.11078 -3.07569 0 
2.9968 -3.15024 0 
3.2047 -3.11759 0 
3.22477 -3.00114 0 
3.11078 -3.07569 0 
3.22477 -3.00114 0 
3.24484 -2.88469 0 
3.13085 -2.95924 0 
3.11078 -3.07569 0 
3.13085 -2.95924 0 
3.01687 -3.03379 0 
3.13085 -2.95924 0 
3.11078 -3.07569 0 
3.22477 -3.00114 0 
2.97673 -3.26668 0 
2.95666 -3.38313 0 
3.07065 -3.30858 0 
2.95666 -3.38313 0 
2.93659 -3.49958 0 
3.05058 -3.42503 0 
3.07065 -3.30858 0 
3.05058 -3.42503 0 
3.16456 -3.35048 0 
3.05058 -3.42503 0 
3.07065 -3.30858 0 
2.95666 -3.38313 0 
2.93659 -3.49958 0 
2.91652 -3.61602 0 
3.03051 -3.54147 0 
2.91652 -3.61602 0 
2.89645 -3.73247 0 
3.01044 -3.65792 0 
3.03051 -3.54147 0 
3.01044 -3.65792 0 
3.12443 -3.58337 0 
3.01044 -3.65792 0 
3.03051 -3.54147 0 
2.91652 -3.61602 0 
3.16456 -3.35048 0 
3.14449 -3.46693 0 
3.25848 -3.39238 0 
3.14449 -3.46693 0 
3.12443 -3.58337 0 
3.23841 -3.50883 0 
3.25848 -3.39238 0 
3.23841 -3.50883 0 
3.3524 -3.43428 0 
3.23841 -3.50883 0 
3.25848 -3.39238 0 
3.14449 -3.46693 0 
3.12443 -3.58337 0 
3.14449 -3.46693 0 
3.03051 -3.54147 0 
3.14449 -3.46693 0 
3.16456 -3.35048 0 
3.05058 -3.42503 0 
3.03051 -3.54147 0 
3.05058 -3.42503 0 
2.93659 -3.49958 0 
3.05058 -3.42503 0 
3.03051 -3.54147 0 
3.14449 -3.46693 0 
3.39254 -3.20138 0 
3.37247 -3.31783 0 
3.48645 -3.24328 0 
3.37247 -3.31783 0 
3.3524 -3.43428 0 
3.46638 -3.35973 0 
3.48645 -3.24328 0 
3.46638 -3.35973 0 
3.58037 -3.28518 0 
3.46638 -3.35973 0 
3.48645 -3.24328 0 
3.37247 -3.31783 0 
3.3524 -3.43428 0 
3.37247 -3.31783 0 
3.25848 -3.39238 0 
3.37247 -3.31783 0 
3.39254 -3.20138 0 
3.27855 -3.27593 0 
3.25848 -3.39238 0 
3.27855 -3.27593 0 
3.16456 -3.35048 0 
3.27855 -3.27593 0 
3.25848 -3.39238 0 
3.37247 -3.31783 0 
3.16456 -3.35048 0 
3.18463 -3.23403 0 
3.07065 -3.30858 0 
3.18463 -3.23403 0 
3.2047 -3.11759 0 
3.09071 -3.19213 0 
3.07065 -3.30858 0 
3.09071 -3.19213 0 
2.97673 -3.26668 0 
3.09071 -3.19213 0 
3.07065 -3.30858 0 
3.18463 -3.23403 0 
3.2047 -3.11759 0 
3.18463 -3.23403 0 
3.29862 -3.15949 0 
3.18463 -3.23403 0 
3.16456 -3.35048 0 
3.27855 -3.27593 0 
3.29862 -3.15949 0 
3.27855 -3.27593 0 
3.39254 -3.20138 0 
3.27855 -3.27593 0 
3.29862 -3.15949 0 
3.18463 -3.23403 0 
2.89645 -3.73247 0 
3.07272 -3.73976 0 
3.01044 -3.65792 0 
3.07272 -3.73976 0 
3.24899 -3.74705 0 
3.18671 -3.66521 0 
3.01044 -3.65792 0 
3.18671 -3.66521 0 
3.12443 -3.58337 0 
3.18671 -3.66521 0 
3.01044 -3.65792 0 
3.07272 -3.73976 0 
3.24899 -3.74705 0 
3.42525 -3.75434 0 
3.36297 -3.6725 0 
3.42525 -3.75434 0 
3.60152 -3.76162 0 
3.53924 -3.67979 0 
3.36297 -3.6725 0 
3.53924 -3.67979 0 
3.47696 -3.59795 0 
3.53924 -3.67979 0 
3.36297 -3.6725 0 
3.42525 -3.75434 0 
3.12443 -3.58337 0 
3.30069 -3.59066 0 
3.23841 -3.50883 0 
3.30069 -3.59066 0 
3.47696 -3.59795 0 
3.41468 -3.51611 0 
3.23841 -3.50883 0 
3.41468 -3.51611 0 
3.3524 -3.43428 0 
3.41468 -3.51611 0 
3.23841 -3.50883 0 
3.30069 -3.59066 0 
3.47696 -3.59795 0 
3.30069 -3.59066 0 
3.36297 -3.6725 0 
3.30069 -3.59066 0 
3.12443 -3.58337 0 
3.18671 -3.66521 0 
3.36297 -3.6725 0 
3.18671 -3.66521 0 
3.24899 -3.74705 0 
3.18671 -3.66521 0 
3.36297 -3.6725 0 
3.30069 -3.59066 0 
3.60152 -3.76162 0 
3.77778 -3.76891 0 
3.7155 -3.68708 0 
3.77778 -3.76891 0 
3.95405 -3.7762 0 
3.89177 -3.69437 0 
3.7155 -3.68708 0 
3.89177 -3.69437 0 
3.82949 -3.61253 0 
3.89177 -3.69437 0 
3.7155 -3.68708 0 
3.77778 -3.76891 0 
3.95405 -3.7762 0 
4.13032 -3.78349 0 
4.06804 -3.70165 0 
4.13032 -3.78349 0 
4.30658 -3.79078 0 
4.2443 -3.70894 0 
4.06804 -3.70165 0 
4.2443 -3.70894 0 
4.18202 -3.62711 0 
4.2443 -3.70894 0 
4.06804 -3.70165 0 
4.13032 -3.78349 0 
4.18202 -3.62711 0 
4.00576 -3.61982 0 
4.06804 -3.70165 0 
4.00576 -3.61982 0 
3.82949 -3.61253 0 
3.89177 -3.69437 0 
4.06804 -3.70165 0 
3.89177 -3.69437 0 
3.95405 -3.7762 0 
3.89177 -3.69437 0 
4.06804 -3.70165 0 
4.00576 -3.61982 0 
3.3524 -3.43428 0 
3.52866 -3.44157 0 
3.46638 -3.35973 0 
3.52866 -3.44157 0 
3.70493 -3.44886 0 
3.64265 -3.36702 0 
3.46638 -3.35973 0 
3.64265 -3.36702 0 
3.58037 -3.28518 0 
3.64265 -3.36702 0 
3.46638 -3.35973 0 
3.52866 -3.44157 0 
3.70493 -3.44886 0 
3.52866 -3.44157 0 
3.59094 -3.5234 0 
3.52866 -3.44157 0 
3.3524 -3.43428 0 
3.41468 -3.51611 0 
3.59094 -3.5234 0 
3.41468 -3.51611 0 
3.47696 -3.59795 0 
3.41468 -3.51611 0 
3.59094 -3.5234 0 
3.52866 -3.44157 0 
3.82949 -3.61253 0 
3.65322 -3.60524 0 
3.7155 -3.68708 0 
3.65322 -3.60524 0 
3.47696 -3.59795 0 
3.53924 -3.67979 0 
3.7155 -3.68708 0 
3.53924 -3.67979 0 
3.60152 -3.76162 0 
3.53924 -3.67979 0 
3.7155 -3.68708 0 
3.65322 -3.60524 0 
3.47696 -3.59795 0 
3.65322 -3.60524 0 
3.59094 -3.5234 0 
3.65322 -3.60524 0 
3.82949 -3.61253 0 
3.76721 -3.53069 0 
3.59094 -3.5234 0 
3.76721 -3.53069 0 
3.70493 -3.44886 0 
3.76721 -3.53069 0 
3.59094 -3.5234 0 
3.65322 -3.60524 0 
6.59317 -6.23434 0 
6.57798 -6.08514 0 
6.4728 -6.16231 0 
6.57798 -6.08514 0 
6.56279 -5.93595 0 
6.45761 -6.01312 0 
6.4728 -6.16231 0 
6.45761 -6.01312 0 
6.35243 -6.09029 0 
6.45761 -6.01312 0 
6.4728 -6.16231 0 
6.57798 -6.08514 0 
6.56279 -5.93595 0 
6.5476 -5.78675 0 
6.44242 -5.86392 0 
6.5476 -5.78675 0 
6.53241 -5.63756 0 
6.42723 -5.71473 0 
6.44242 -5.86392 0 
6.42723 -5.71473 0 
6.32205 -5.7919 0 
6.42723 -5.71473 0 
6.44242 -5.86392 0 
6.5476 -5.78675 0 
6.35243 -6.09029 0 
6.33724 -5.9411 0 
6.23207 -6.01827 0 
6.33724 -5.9411 0 
6.32205 -5.7919 0 
6.21688 -5.86908 0 
6.23207 -6.01827 0 
6.21688 -5.86908 0 
6.1117 -5.94625 0 
6.21688 -5.86908 0 
6.23207 -6.01827 0 
6.33724 -5.9411 0 
6.32205 -5.7919 0 
6.33724 -5.9411 0 
6.44242 -5.86392 0 
6.33724 -5.9411 0 
6.35243 -6.09029 0 
6.45761 -6.01312 0 
6.44242 -5.86392 0 
6.45761 -6.01312 0 
6.56279 -5.93595 0 
6.45761 -6.01312 0 
6.44242 -5.86392 0 
6.33724 -5.9411 0 
6.53241 -5.63756 0 
6.51722 -5.48836 0 
6.41204 -5.56554 0 
6.51722 -5.48836 0 
6.50203 -5.33917 0 
6.39685 -5.41634 0 
6.41204 -5.56554 0 
6.39685 -5.41634 0 
6.29167 -5.49351 0 
6.39685 -5.41634 0 
6.41204 -5.56554 0 
6.51722 -5.48836 0 
6.50203 -5.33917 0 
6.48684 -5.18997 0 
6.38166 -5.26715 0 
6.48684 -5.18997 0 
6.47165 -5.04078 0 
6.36647 -5.11795 0 
6.38166 -5.26715 0 
6.36647 -5.11795 0 
6.26129 -5.19513 0 
6.36647 -5.11795 0 
6.38166 -5.26715 0 
6.48684 -5.18997 0 
6.29167 -5.49351 0 
6.27648 -5.34432 0 
6.17131 -5.42149 0 
6.27648 -5.34432 0 
6.26129 -5.19513 0 
6.15612 -5.2723 0 
6.17131 -5.42149 0 
6.15612 -5.2723 0 
6.05094 -5.34947 0 
6.15612 -5.2723 0 
6.17131 -5.42149 0 
6.27648 -5.34432 0 
6.26129 -5.19513 0 
6.27648 -5.34432 0 
6.38166 -5.26715 0 
6.27648 -5.34432 0 
6.29167 -5.49351 0 
6.39685 -5.41634 0 
6.38166 -5.26715 0 
6.39685 -5.41634 0 
6.50203 -5.33917 0 
6.39685 -5.41634 0 
6.38166 -5.26715 0 
6.27648 -5.34432 0 
6.1117 -5.94625 0 
6.09651 -5.79705 0 
5.99134 -5.87423 0 
6.09651 -5.79705 0 
6.08132 -5.64786 0 
5.97615 -5.72503 0 
5.99134 -5.87423 0 
5.97615 -5.72503 0 
5.87097 -5.80221 0 
5.97615 -5.72503 0 
5.99134 -5.87423 0 
6.09651 -5.79705 0 
6.08132 -5.64786 0 
6.06613 -5.49867 0 
5.96096 -5.57584 0 
6.06613 -5.49867 0 
6.05094 -5.34947 0 
5.94577 -5.42664 0 
5.96096 -5.57584 0 
5.94577 -5.42664 0 
5.84059 -5.50382 0 
5.94577 -5.42664 0 
5.96096 -5.57584 0 
6.06613 -5.49867 0 
5.87097 -5.80221 0 
5.85578 -5.65301 0 
5.7506 -5.73018 0 
5.85578 -5.65301 0 
5.84059 -5.50382 0 
5.73541 -5.58099 0 
5.7506 -5.73018 0 
5.73541 -5.58099 0 
5.63024 -5.65816 0 
5.73541 -5.58099 0 
5.7506 -5.73018 0 
5.85578 -5.65301 0 
5.84059 -5.50382 0 
5.85578 -5.65301 0 
5.96096 -5.57584 0 
5.85578 -5.65301 0 
5.87097 -5.80221 0 
5.97615 -5.72503 0 
5.96096 -5.57584 0 
5.97615 -5.72503 0 
6.08132 -5.64786 0 
5.97615 -5.72503 0 
5.96096 -5.57584 0 
5.85578 -5.65301 0 
6.05094 -5.34947 0 
6.06613 -5.49867 0 
6.17131 -5.42149 0 
6.06613 -5.49867 0 
6.08132 -5.64786 0 
6.1865 -5.57069 0 
6.17131 -5.42149 0 
6.1865 -5.57069 0 
6.29167 -5.49351 0 
6.1865 -5.57069 0 
6.17131 -5.42149 0 
6.06613 -5.49867 0 
6.08132 -5.64786 0 
6.09651 -5.79705 0 
6.20169 -5.71988 0 
6.09651 -5.79705 0 
6.1117 -5.94625 0 
6.21688 -5.86908 0 
6.20169 -5.71988 0 
6.21688 -5.86908 0 
6.32205 -5.7919 0 
6.21688 -5.86908 0 
6.20169 -5.71988 0 
6.09651 -5.79705 0 
6.29167 -5.49351 0 
6.30686 -5.64271 0 
6.41204 -5.56554 0 
6.30686 -5.64271 0 
6.32205 -5.7919 0 
6.42723 -5.71473 0 
6.41204 -5.56554 0 
6.42723 -5.71473 0 
6.53241 -5.63756 0 
6.42723 -5.71473 0 
6.41204 -5.56554 0 
6.30686 -5.64271 0 
6.32205 -5.7919 0 
6.30686 -5.64271 0 
6.20169 -5.71988 0 
6.30686 -5.64271 0 
6.29167 -5.49351 0 
6.1865 -5.57069 0 
6.20169 -5.71988 0 
6.1865 -5.57069 0 
6.08132 -5.64786 0 
6.1865 -5.57069 0 
6.20169 -5.71988 0 
6.30686 -5.64271 0 
6.43905 -6.49165 0 
6.51611 -6.36299 0 
6.39574 -6.29097 0 
6.51611 -6.36299 0 
6.59317 -6.23434 0 
6.4728 -6.16231 0 
6.39574 -6.29097 0 
6.4728 -6.16231 0 
6.35243 -6.09029 0 
6.4728 -6.16231 0 
6.39574 -6.29097 0 
6.51611 -6.36299 0 
6.19832 -6.3476 0 
6.27538 -6.21895 0 
6.15501 -6.14693 0 
6.27538 -6.21895 0 
6.35243 -6.09029 0 
6.23207 -6.01827 0 
6.15501 -6.14693 0 
6.23207 -6.01827 0 
6.1117 -5.94625 0 
6.23207 -6.01827 0 
6.15501 -6.14693 0 
6.27538 -6.21895 0 
6.35243 -6.09029 0 
6.27538 -6.21895 0 
6.39574 -6.29097 0 
6.27538 -6.21895 0 
6.19832 -6.3476 0 
6.31869 -6.41962 0 
6.39574 -6.29097 0 
6.31869 -6.41962 0 
6.43905 -6.49165 0 
6.31869 -6.41962 0 
6.39574 -6.29097 0 
6.27538 -6.21895 0 
5.95759 -6.20356 0 
6.03465 -6.0749 0 
5.91428 -6.00288 0 
6.03465 -6.0749 0 
6.1117 -5.94625 0 
5.99134 -5.87423 0 
5.91428 -6.00288 0 
5.99134 -5.87423 0 
5.87097 -5.80221 0 
5.99134 -5.87423 0 
5.91428 -6.00288 0 
6.03465 -6.0749 0 
5.71686 -6.05952 0 
5.79391 -5.93086 0 
5.67355 -5.85884 0 
5.79391 -5.93086 0 
5.87097 -5.80221 0 
5.7506 -5.73018 0 
5.67355 -5.85884 0 
5.7506 -5.73018 0 
5.63024 -5.65816 0 
5.7506 -5.73018 0 
5.67355 -5.85884 0 
5.79391 -5.93086 0 
5.87097 -5.80221 0 
5.79391 -5.93086 0 
5.91428 -6.00288 0 
5.79391 -5.93086 0 
5.71686 -6.05952 0 
5.83722 -6.13154 0 
5.91428 -6.00288 0 
5.83722 -6.13154 0 
5.95759 -6.20356 0 
5.83722 -6.13154 0 
5.91428 -6.00288 0 
5.79391 -5.93086 0 
6.1117 -5.94625 0 
6.03465 -6.0749 0 
6.15501 -6.14693 0 
6.03465 -6.0749 0 
5.95759 -6.20356 0 
6.07796 -6.27558 0 
6.15501 -6.14693 0 
6.07796 -6.27558 0 
6.19832 -6.3476 0 
6.07796 -6.27558 0 
6.15501 -6.14693 0 
6.03465 -6.0749 0 
5.41142 -5.80025 0 
5.56414 -5.92988 0 
5.52083 -5.72921 0 
5.56414 -5.92988 0 
5.71686 -6.05952 0 
5.67355 -5.85884 0 
5.52083 -5.72921 0 
5.67355 -5.85884 0 
5.63024 -5.65816 0 
5.67355 -5.85884 0 
5.52083 -5.72921 0 
5.56414 -5.92988 0 
5.71686 -6.05952 0 
5.56414 -5.92988 0 
5.60745 -6.13056 0 
5.56414 -5.92988 0 
5.41142 -5.80025 0 
5.45473 -6.00093 0 
5.60745 -6.13056 0 
5.45473 -6.00093 0 
5.49804 -6.2016 0 
5.45473 -6.00093 0 
5.60745 -6.13056 0 
5.56414 -5.92988 0 
5.22774 -4.69529 0 
5.16864 -4.88669 0 
5.27805 -4.81565 0 
5.16864 -4.88669 0 
5.10955 -5.0781 0 
5.21896 -5.00705 0 
5.27805 -4.81565 0 
5.21896 -5.00705 0 
5.32836 -4.93601 0 
5.21896 -5.00705 0 
5.27805 -4.81565 0 
5.16864 -4.88669 0 
5.10955 -5.0781 0 
5.05045 -5.2695 0 
5.15986 -5.19846 0 
5.05045 -5.2695 0 
4.99135 -5.4609 0 
5.10076 -5.38986 0 
5.15986 -5.19846 0 
5.10076 -5.38986 0 
5.21017 -5.31881 0 
5.10076 -5.38986 0 
5.15986 -5.19846 0 
5.05045 -5.2695 0 
5.32836 -4.93601 0 
5.26927 -5.12741 0 
5.37868 -5.05637 0 
5.26927 -5.12741 0 
5.21017 -5.31881 0 
5.31958 -5.24777 0 
5.37868 -5.05637 0 
5.31958 -5.24777 0 
5.42899 -5.17673 0 
5.31958 -5.24777 0 
5.37868 -5.05637 0 
5.26927 -5.12741 0 
5.21017 -5.31881 0 
5.26927 -5.12741 0 
5.15986 -5.19846 0 
5.26927 -5.12741 0 
5.32836 -4.93601 0 
5.21896 -5.00705 0 
5.15986 -5.19846 0 
5.21896 -5.00705 0 
5.10955 -5.0781 0 
5.21896 -5.00705 0 
5.15986 -5.19846 0 
5.26927 -5.12741 0 
4.99135 -5.4609 0 
4.93226 -5.65231 0 
5.04166 -5.58126 0 
4.93226 -5.65231 0 
4.87316 -5.84371 0 
4.98257 -5.77267 0 
5.04166 -5.58126 0 
4.98257 -5.77267 0 
5.09198 -5.70162 0 
4.98257 -5.77267 0 
5.04166 -5.58126 0 
4.93226 -5.65231 0 
4.97378 -6.08443 0 
5.03288 -5.89303 0 
4.92347 -5.96407 0 
5.03288 -5.89303 0 
5.09198 -5.70162 0 
4.98257 -5.77267 0 
4.92347 -5.96407 0 
4.98257 -5.77267 0 
4.87316 -5.84371 0 
4.98257 -5.77267 0 
4.92347 -5.96407 0 
5.03288 -5.89303 0 
5.42899 -5.17673 0 
5.36989 -5.36813 0 
5.4793 -5.29708 0 
5.36989 -5.36813 0 
5.3108 -5.55953 0 
5.4202 -5.48849 0 
5.4793 -5.29708 0 
5.4202 -5.48849 0 
5.52961 -5.41744 0 
5.4202 -5.48849 0 
5.4793 -5.29708 0 
5.36989 -5.36813 0 
5.3108 -5.55953 0 
5.2517 -5.75094 0 
5.36111 -5.67989 0 
5.2517 -5.75094 0 
5.1926 -5.94234 0 
5.30201 -5.8713 0 
5.36111 -5.67989 0 
5.30201 -5.8713 0 
5.41142 -5.80025 0 
5.30201 -5.8713 0 
5.36111 -5.67989 0 
5.2517 -5.75094 0 
5.52961 -5.41744 0 
5.47052 -5.60885 0 
5.57993 -5.5378 0 
5.47052 -5.60885 0 
5.41142 -5.80025 0 
5.52083 -5.72921 0 
5.57993 -5.5378 0 
5.52083 -5.72921 0 
5.63024 -5.65816 0 
5.52083 -5.72921 0 
5.57993 -5.5378 0 
5.47052 -5.60885 0 
5.41142 -5.80025 0 
5.47052 -5.60885 0 
5.36111 -5.67989 0 
5.47052 -5.60885 0 
5.52961 -5.41744 0 
5.4202 -5.48849 0 
5.36111 -5.67989 0 
5.4202 -5.48849 0 
5.3108 -5.55953 0 
5.4202 -5.48849 0 
5.36111 -5.67989 0 
5.47052 -5.60885 0 
5.1926 -5.94234 0 
5.2517 -5.75094 0 
5.14229 -5.82198 0 
5.2517 -5.75094 0 
5.3108 -5.55953 0 
5.20139 -5.63058 0 
5.14229 -5.82198 0 
5.20139 -5.63058 0 
5.09198 -5.70162 0 
5.20139 -5.63058 0 
5.14229 -5.82198 0 
5.2517 -5.75094 0 
5.3108 -5.55953 0 
5.36989 -5.36813 0 
5.26048 -5.43917 0 
5.36989 -5.36813 0 
5.42899 -5.17673 0 
5.31958 -5.24777 0 
5.26048 -5.43917 0 
5.31958 -5.24777 0 
5.21017 -5.31881 0 
5.31958 -5.24777 0 
5.26048 -5.43917 0 
5.36989 -5.36813 0 
5.09198 -5.70162 0 
5.15107 -5.51022 0 
5.04166 -5.58126 0 
5.15107 -5.51022 0 
5.21017 -5.31881 0 
5.10076 -5.38986 0 
5.04166 -5.58126 0 
5.10076 -5.38986 0 
4.99135 -5.4609 0 
5.10076 -5.38986 0 
5.04166 -5.58126 0 
5.15107 -5.51022 0 
5.21017 -5.31881 0 
5.15107 -5.51022 0 
5.26048 -5.43917 0 
5.15107 -5.51022 0 
5.09198 -5.70162 0 
5.20139 -5.63058 0 
5.26048 -5.43917 0 
5.20139 -5.63058 0 
5.3108 -5.55953 0 
5.20139 -5.63058 0 
5.26048 -5.43917 0 
5.15107 -5.51022 0 
8.25883 -5.95231 0 
8.309 -5.83327 0 
8.24135 -5.79421 0 
8.309 -5.83327 0 
8.35918 -5.71423 0 
8.29152 -5.67517 0 
8.24135 -5.79421 0 
8.29152 -5.67517 0 
8.22387 -5.63611 0 
8.29152 -5.67517 0 
8.24135 -5.79421 0 
8.309 -5.83327 0 
8.35918 -5.71423 0 
8.40936 -5.59519 0 
8.3417 -5.55613 0 
8.40936 -5.59519 0 
8.45954 -5.47615 0 
8.39188 -5.43709 0 
8.3417 -5.55613 0 
8.39188 -5.43709 0 
8.32422 -5.39803 0 
8.39188 -5.43709 0 
8.3417 -5.55613 0 
8.40936 -5.59519 0 
8.22387 -5.63611 0 
8.27405 -5.51707 0 
8.20639 -5.47801 0 
8.27405 -5.51707 0 
8.32422 -5.39803 0 
8.25657 -5.35897 0 
8.20639 -5.47801 0 
8.25657 -5.35897 0 
8.18891 -5.3199 0 
8.25657 -5.35897 0 
8.20639 -5.47801 0 
8.27405 -5.51707 0 
8.32422 -5.39803 0 
8.27405 -5.51707 0 
8.3417 -5.55613 0 
8.27405 -5.51707 0 
8.22387 -5.63611 0 
8.29152 -5.67517 0 
8.3417 -5.55613 0 
8.29152 -5.67517 0 
8.35918 -5.71423 0 
8.29152 -5.67517 0 
8.3417 -5.55613 0 
8.27405 -5.51707 0 
8.45954 -5.47615 0 
8.50972 -5.35712 0 
8.44206 -5.31805 0 
8.50972 -5.35712 0 
8.5599 -5.23808 0 
8.49224 -5.19901 0 
8.44206 -5.31805 0 
8.49224 -5.19901 0 
8.42458 -5.15995 0 
8.49224 -5.19901 0 
8.44206 -5.31805 0 
8.50972 -5.35712 0 
8.5599 -5.23808 0 
8.61008 -5.11904 0 
8.54242 -5.07998 0 
8.61008 -5.11904 0 
8.66025 -5 0 
8.5926 -4.96094 0 
8.54242 -5.07998 0 
8.5926 -4.96094 0 
8.52494 -4.92188 0 
8.5926 -4.96094 0 
8.54242 -5.07998 0 
8.61008 -5.11904 0 
8.42458 -5.15995 0 
8.47476 -5.04091 0 
8.4071 -5.00185 0 
8.47476 -5.04091 0 
8.52494 -4.92188 0 
8.45728 -4.88281 0 
8.4071 -5.00185 0 
8.45728 -4.88281 0 
8.38962 -4.84375 0 
8.45728 -4.88281 0 
8.4071 -5.00185 0 
8.47476 -5.04091 0 
8.52494 -4.92188 0 
8.47476 -5.04091 0 
8.54242 -5.07998 0 
8.47476 -5.04091 0 
8.42458 -5.15995 0 
8.49224 -5.19901 0 
8.54242 -5.07998 0 
8.49224 -5.19901 0 
8.5599 -5.23808 0 
8.49224 -5.19901 0 
8.54242 -5.07998 0 
8.47476 -5.04091 0 
8.18891 -5.3199 0 
8.23909 -5.20087 0 
8.17143 -5.1618 0 
8.23909 -5.20087 0 
8.28926 -5.08183 0 
8.22161 -5.04276 0 
8.17143 -5.1618 0 
8.22161 -5.04276 0 
8.15395 -5.0037 0 
8.22161 -5.04276 0 
8.17143 -5.1618 0 
8.23909 -5.20087 0 
8.28926 -5.08183 0 
8.33944 -4.96279 0 
8.27178 -4.92373 0 
8.33944 -4.96279 0 
8.38962 -4.84375 0 
8.32196 -4.80469 0 
8.27178 -4.92373 0 
8.32196 -4.80469 0 
8.2543 -4.76563 0 
8.32196 -4.80469 0 
8.27178 -4.92373 0 
8.33944 -4.96279 0 
8.15395 -5.0037 0 
8.20413 -4.88466 0 
8.13647 -4.8456 0 
8.20413 -4.88466 0 
8.2543 -4.76563 0 
8.18665 -4.72656 0 
8.13647 -4.8456 0 
8.18665 -4.72656 0 
8.11899 -4.6875 0 
8.18665 -4.72656 0 
8.13647 -4.8456 0 
8.20413 -4.88466 0 
8.2543 -4.76563 0 
8.20413 -4.88466 0 
8.27178 -4.92373 0 
8.20413 -4.88466 0 
8.15395 -5.0037 0 
8.22161 -5.04276 0 
8.27178 -4.92373 0 
8.22161 -5.04276 0 
8.28926 -5.08183 0 
8.22161 -5.04276 0 
8.27178 -4.92373 0 
8.20413 -4.88466 0 
8.38962 -4.84375 0 
8.33944 -4.96279 0 
8.4071 -5.00185 0 
8.33944 -4.96279 0 
8.28926 -5.08183 0 
8.35692 -5.12089 0 
8.4071 -5.00185 0 
8.35692 -5.12089 0 
8.42458 -5.15995 0 
8.35692 -5.12089 0 
8.4071 -5.00185 0 
8.33944 -4.96279 0 
8.28926 -5.08183 0 
8.23909 -5.20087 0 
8.30674 -5.23993 0 
8.23909 -5.20087 0 
8.18891 -5.3199 0 
8.25657 -5.35897 0 
8.30674 -5.23993 0 
8.25657 -5.35897 0 
8.32422 -5.39803 0 
8.25657 -5.35897 0 
8.30674 -5.23993 0 
8.23909 -5.20087 0 
8.42458 -5.15995 0 
8.3744 -5.27899 0 
8.44206 -5.31805 0 
8.3744 -5.27899 0 
8.32422 -5.39803 0 
8.39188 -5.43709 0 
8.44206 -5.31805 0 
8.39188 -5.43709 0 
8.45954 -5.47615 0 
8.39188 -5.43709 0 
8.44206 -5.31805 0 
8.3744 -5.27899 0 
8.32422 -5.39803 0 
8.3744 -5.27899 0 
8.30674 -5.23993 0 
8.3744 -5.27899 0 
8.42458 -5.15995 0 
8.35692 -5.12089 0 
8.30674 -5.23993 0 
8.35692 -5.12089 0 
8.28926 -5.08183 0 
8.35692 -5.12089 0 
8.30674 -5.23993 0 
8.3744 -5.27899 0 
6.47165 -5.04078 0 
6.48684 -5.18997 0 
6.57956 -5.10516 0 
6.48684 -5.18997 0 
6.50203 -5.33917 0 
6.59475 -5.25436 0 
6.57956 -5.10516 0 
6.59475 -5.25436 0 
6.68748 -5.16955 0 
6.59475 -5.25436 0 
6.57956 -5.10516 0 
6.48684 -5.18997 0 
6.50203 -5.33917 0 
6.51722 -5.48836 0 
6.60994 -5.40355 0 
6.51722 -5.48836 0 
6.53241 -5.63756 0 
6.62513 -5.55275 0 
6.60994 -5.40355 0 
6.62513 -5.55275 0 
6.71786 -5.46793 0 
6.62513 -5.55275 0 
6.60994 -5.40355 0 
6.51722 -5.48836 0 
6.68748 -5.16955 0 
6.70267 -5.31874 0 
6.7954 -5.23393 0 
6.70267 -5.31874 0 
6.71786 -5.46793 0 
6.81059 -5.38312 0 
6.7954 -5.23393 0 
6.81059 -5.38312 0 
6.90332 -5.29831 0 
6.81059 -5.38312 0 
6.7954 -5.23393 0 
6.70267 -5.31874 0 
6.71786 -5.46793 0 
6.70267 -5.31874 0 
6.60994 -5.40355 0 
6.70267 -5.31874 0 
6.68748 -5.16955 0 
6.59475 -5.25436 0 
6.60994 -5.40355 0 
6.59475 -5.25436 0 
6.50203 -5.33917 0 
6.59475 -5.25436 0 
6.60994 -5.40355 0 
6.70267 -5.31874 0 
6.53241 -5.63756 0 
6.5476 -5.78675 0 
6.64032 -5.70194 0 
6.5476 -5.78675 0 
6.56279 -5.93595 0 
6.65551 -5.85114 0 
6.64032 -5.70194 0 
6.65551 -5.85114 0 
6.74824 -5.76632 0 
6.65551 -5.85114 0 
6.64032 -5.70194 0 
6.5476 -5.78675 0 
6.56279 -5.93595 0 
6.57798 -6.08514 0 
6.6707 -6.00033 0 
6.57798 -6.08514 0 
6.59317 -6.23434 0 
6.68589 -6.14952 0 
6.6707 -6.00033 0 
6.68589 -6.14952 0 
6.77862 -6.06471 0 
6.68589 -6.14952 0 
6.6707 -6.00033 0 
6.57798 -6.08514 0 
6.74824 -5.76632 0 
6.76343 -5.91552 0 
6.85616 -5.83071 0 
6.76343 -5.91552 0 
6.77862 -6.06471 0 
6.87135 -5.9799 0 
6.85616 -5.83071 0 
6.87135 -5.9799 0 
6.96408 -5.89509 0 
6.87135 -5.9799 0 
6.85616 -5.83071 0 
6.76343 -5.91552 0 
6.77862 -6.06471 0 
6.76343 -5.91552 0 
6.6707 -6.00033 0 
6.76343 -5.91552 0 
6.74824 -5.76632 0 
6.65551 -5.85114 0 
6.6707 -6.00033 0 
6.65551 -5.85114 0 
6.56279 -5.93595 0 
6.65551 -5.85114 0 
6.6707 -6.00033 0 
6.76343 -5.91552 0 
6.90332 -5.29831 0 
6.91851 -5.44751 0 
7.01124 -5.3627 0 
6.91851 -5.44751 0 
6.9337 -5.5967 0 
7.02643 -5.51189 0 
7.01124 -5.3627 0 
7.02643 -5.51189 0 
7.11916 -5.42708 0 
7.02643 -5.51189 0 
7.01124 -5.3627 0 
6.91851 -5.44751 0 
6.9337 -5.5967 0 
6.94889 -5.7459 0 
7.04162 -5.66108 0 
6.94889 -5.7459 0 
6.96408 -5.89509 0 
7.05681 -5.81028 0 
7.04162 -5.66108 0 
7.05681 -5.81028 0 
7.14953 -5.72547 0 
7.05681 -5.81028 0 
7.04162 -5.66108 0 
6.94889 -5.7459 0 
7.11916 -5.42708 0 
7.13434 -5.57627 0 
7.22707 -5.49146 0 
7.13434 -5.57627 0 
7.14953 -5.72547 0 
7.24226 -5.64066 0 
7.22707 -5.49146 0 
7.24226 -5.64066 0 
7.33499 -5.55584 0 
7.24226 -5.64066 0 
7.22707 -5.49146 0 
7.13434 -5.57627 0 
7.14953 -5.72547 0 
7.13434 -5.57627 0 
7.04162 -5.66108 0 
7.13434 -5.57627 0 
7.11916 -5.42708 0 
7.02643 -5.51189 0 
7.04162 -5.66108 0 
7.02643 -5.51189 0 
6.9337 -5.5967 0 
7.02643 -5.51189 0 
7.04162 -5.66108 0 
7.13434 -5.57627 0 
6.96408 -5.89509 0 
6.94889 -5.7459 0 
6.85616 -5.83071 0 
6.94889 -5.7459 0 
6.9337 -5.5967 0 
6.84097 -5.68151 0 
6.85616 -5.83071 0 
6.84097 -5.68151 0 
6.74824 -5.76632 0 
6.84097 -5.68151 0 
6.85616 -5.83071 0 
6.94889 -5.7459 0 
6.9337 -5.5967 0 
6.91851 -5.44751 0 
6.82578 -5.53232 0 
6.91851 -5.44751 0 
6.90332 -5.29831 0 
6.81059 -5.38312 0 
6.82578 -5.53232 0 
6.81059 -5.38312 0 
6.71786 -5.46793 0 
6.81059 -5.38312 0 
6.82578 -5.53232 0 
6.91851 -5.44751 0 
6.74824 -5.76632 0 
6.73305 -5.61713 0 
6.64032 -5.70194 0 
6.73305 -5.61713 0 
6.71786 -5.46793 0 
6.62513 -5.55275 0 
6.64032 -5.70194 0 
6.62513 -5.55275 0 
6.53241 -5.63756 0 
6.62513 -5.55275 0 
6.64032 -5.70194 0 
6.73305 -5.61713 0 
6.71786 -5.46793 0 
6.73305 -5.61713 0 
6.82578 -5.53232 0 
6.73305 -5.61713 0 
6.74824 -5.76632 0 
6.84097 -5.68151 0 
6.82578 -5.53232 0 
6.84097 -5.68151 0 
6.9337 -5.5967 0 
6.84097 -5.68151 0 
6.82578 -5.53232 0 
6.73305 -5.61713 0 
6.59317 -6.23434 0 
6.72598 -6.30398 0 
6.68589 -6.14952 0 
6.72598 -6.30398 0 
6.85879 -6.37363 0 
6.81871 -6.21917 0 
6.68589 -6.14952 0 
6.81871 -6.21917 0 
6.77862 -6.06471 0 
6.81871 -6.21917 0 
6.68589 -6.14952 0 
6.72598 -6.30398 0 
6.85879 -6.37363 0 
6.9916 -6.44327 0 
6.95152 -6.28881 0 
6.9916 -6.44327 0 
7.12442 -6.51292 0 
7.08433 -6.35846 0 
6.95152 -6.28881 0 
7.08433 -6.35846 0 
7.04425 -6.204 0 
7.08433 -6.35846 0 
6.95152 -6.28881 0 
6.9916 -6.44327 0 
6.77862 -6.06471 0 
6.91143 -6.13436 0 
6.87135 -5.9799 0 
6.91143 -6.13436 0 
7.04425 -6.204 0 
7.00416 -6.04955 0 
6.87135 -5.9799 0 
7.00416 -6.04955 0 
6.96408 -5.89509 0 
7.00416 -6.04955 0 
6.87135 -5.9799 0 
6.91143 -6.13436 0 
7.04425 -6.204 0 
6.91143 -6.13436 0 
6.95152 -6.28881 0 
6.91143 -6.13436 0 
6.77862 -6.06471 0 
6.81871 -6.21917 0 
6.95152 -6.28881 0 
6.81871 -6.21917 0 
6.85879 -6.37363 0 
6.81871 -6.21917 0 
6.95152 -6.28881 0 
6.91143 -6.13436 0 
7.12442 -6.51292 0 
7.25723 -6.58256 0 
7.21714 -6.42811 0 
7.25723 -6.58256 0 
7.39004 -6.65221 0 
7.34996 -6.49775 0 
7.21714 -6.42811 0 
7.34996 -6.49775 0 
7.30987 -6.34329 0 
7.34996 -6.49775 0 
7.21714 -6.42811 0 
7.25723 -6.58256 0 
7.30987 -6.34329 0 
7.44269 -6.41294 0 
7.4026 -6.25848 0 
7.44269 -6.41294 0 
7.5755 -6.48258 0 
7.53541 -6.32813 0 
7.4026 -6.25848 0 
7.53541 -6.32813 0 
7.49533 -6.17367 0 
7.53541 -6.32813 0 
7.4026 -6.25848 0 
7.44269 -6.41294 0 
7.5755 -6.48258 0 
7.44269 -6.41294 0 
7.48277 -6.5674 0 
7.44269 -6.41294 0 
7.30987 -6.34329 0 
7.34996 -6.49775 0 
7.48277 -6.5674 0 
7.34996 -6.49775 0 
7.39004 -6.65221 0 
7.34996 -6.49775 0 
7.48277 -6.5674 0 
7.44269 -6.41294 0 
6.96408 -5.89509 0 
7.09689 -5.96474 0 
7.05681 -5.81028 0 
7.09689 -5.96474 0 
7.2297 -6.03438 0 
7.18962 -5.87992 0 
7.05681 -5.81028 0 
7.18962 -5.87992 0 
7.14953 -5.72547 0 
7.18962 -5.87992 0 
7.05681 -5.81028 0 
7.09689 -5.96474 0 
7.2297 -6.03438 0 
7.36252 -6.10403 0 
7.32243 -5.94957 0 
7.36252 -6.10403 0 
7.49533 -6.17367 0 
7.45524 -6.01921 0 
7.32243 -5.94957 0 
7.45524 -6.01921 0 
7.41516 -5.86476 0 
7.45524 -6.01921 0 
7.32243 -5.94957 0 
7.36252 -6.10403 0 
7.14953 -5.72547 0 
7.28235 -5.79511 0 
7.24226 -5.64066 0 
7.28235 -5.79511 0 
7.41516 -5.86476 0 
7.37508 -5.7103 0 
7.24226 -5.64066 0 
7.37508 -5.7103 0 
7.33499 -5.55584 0 
7.37508 -5.7103 0 
7.24226 -5.64066 0 
7.28235 -5.79511 0 
7.41516 -5.86476 0 
7.28235 -5.79511 0 
7.32243 -5.94957 0 
7.28235 -5.79511 0 
7.14953 -5.72547 0 
7.18962 -5.87992 0 
7.32243 -5.94957 0 
7.18962 -5.87992 0 
7.2297 -6.03438 0 
7.18962 -5.87992 0 
7.32243 -5.94957 0 
7.28235 -5.79511 0 
7.49533 -6.17367 0 
7.36252 -6.10403 0 
7.4026 -6.25848 0 
7.36252 -6.10403 0 
7.2297 -6.03438 0 
7.26979 -6.18884 0 
7.4026 -6.25848 0 
7.26979 -6.18884 0 
7.30987 -6.34329 0 
7.26979 -6.18884 0 
7.4026 -6.25848 0 
7.36252 -6.10403 0 
7.2297 -6.03438 0 
7.09689 -5.96474 0 
7.13698 -6.11919 0 
7.09689 -5.96474 0 
6.96408 -5.89509 0 
7.00416 -6.04955 0 
7.13698 -6.11919 0 
7.00416 -6.04955 0 
7.04425 -6.204 0 
7.00416 -6.04955 0 
7.13698 -6.11919 0 
7.09689 -5.96474 0 
7.30987 -6.34329 0 
7.17706 -6.27365 0 
7.21714 -6.42811 0 
7.17706 -6.27365 0 
7.04425 -6.204 0 
7.08433 -6.35846 0 
7.21714 -6.42811 0 
7.08433 -6.35846 0 
7.12442 -6.51292 0 
7.08433 -6.35846 0 
7.21714 -6.42811 0 
7.17706 -6.27365 0 
7.04425 -6.204 0 
7.17706 -6.27365 0 
7.13698 -6.11919 0 
7.17706 -6.27365 0 
7.30987 -6.34329 0 
7.26979 -6.18884 0 
7.13698 -6.11919 0 
7.26979 -6.18884 0 
7.2297 -6.03438 0 
7.26979 -6.18884 0 
7.13698 -6.11919 0 
7.17706 -6.27365 0 
7.80646 -6.5817 0 
7.88185 -6.4768 0 
7.76637 -6.42724 0 
7.88185 -6.4768 0 
7.95725 -6.3719 0 
7.84177 -6.32235 0 
7.76637 -6.42724 0 
7.84177 -6.32235 0 
7.72629 -6.27279 0 
7.84177 -6.32235 0 
7.76637 -6.42724 0 
7.88185 -6.4768 0 
7.5755 -6.48258 0 
7.65089 -6.37769 0 
7.53541 -6.32813 0 
7.65089 -6.37769 0 
7.72629 -6.27279 0 
7.61081 -6.22323 0 
7.53541 -6.32813 0 
7.61081 -6.22323 0 
7.49533 -6.17367 0 
7.61081 -6.22323 0 
7.53541 -6.32813 0 
7.65089 -6.37769 0 
7.72629 -6.27279 0 
7.65089 -6.37769 0 
7.76637 -6.42724 0 
7.65089 -6.37769 0 
7.5755 -6.48258 0 
7.69098 -6.53214 0 
7.76637 -6.42724 0 
7.69098 -6.53214 0 
7.80646 -6.5817 0 
7.69098 -6.53214 0 
7.76637 -6.42724 0 
7.65089 -6.37769 0 
7.95725 -6.3719 0 
8.03264 -6.26701 0 
7.91716 -6.21745 0 
8.03264 -6.26701 0 
8.10804 -6.16211 0 
7.99256 -6.11255 0 
7.91716 -6.21745 0 
7.99256 -6.11255 0 
7.87708 -6.06299 0 
7.99256 -6.11255 0 
7.91716 -6.21745 0 
8.03264 -6.26701 0 
8.10804 -6.16211 0 
8.18343 -6.05721 0 
8.06795 -6.00765 0 
8.18343 -6.05721 0 
8.25883 -5.95231 0 
8.14335 -5.90275 0 
8.06795 -6.00765 0 
8.14335 -5.90275 0 
8.02787 -5.85319 0 
8.14335 -5.90275 0 
8.06795 -6.00765 0 
8.18343 -6.05721 0 
7.87708 -6.06299 0 
7.95247 -5.95809 0 
7.83699 -5.90853 0 
7.95247 -5.95809 0 
8.02787 -5.85319 0 
7.91239 -5.80364 0 
7.83699 -5.90853 0 
7.91239 -5.80364 0 
7.79691 -5.75408 0 
7.91239 -5.80364 0 
7.83699 -5.90853 0 
7.95247 -5.95809 0 
8.02787 -5.85319 0 
7.95247 -5.95809 0 
8.06795 -6.00765 0 
7.95247 -5.95809 0 
7.87708 -6.06299 0 
7.99256 -6.11255 0 
8.06795 -6.00765 0 
7.99256 -6.11255 0 
8.10804 -6.16211 0 
7.99256 -6.11255 0 
8.06795 -6.00765 0 
7.95247 -5.95809 0 
7.49533 -6.17367 0 
7.57072 -6.06877 0 
7.45524 -6.01921 0 
7.57072 -6.06877 0 
7.64612 -5.96387 0 
7.53064 -5.91432 0 
7.45524 -6.01921 0 
7.53064 -5.91432 0 
7.41516 -5.86476 0 
7.53064 -5.91432 0 
7.45524 -6.01921 0 
7.57072 -6.06877 0 
7.64612 -5.96387 0 
7.72151 -5.85898 0 
7.60603 -5.80942 0 
7.72151 -5.85898 0 
7.79691 -5.75408 0 
7.68143 -5.70452 0 
7.60603 -5.80942 0 
7.68143 -5.70452 0 
7.56595 -5.65496 0 
7.68143 -5.70452 0 
7.60603 -5.80942 0 
7.72151 -5.85898 0 
7.41516 -5.86476 0 
7.49056 -5.75986 0 
7.37508 -5.7103 0 
7.49056 -5.75986 0 
7.56595 -5.65496 0 
7.45047 -5.6054 0 
7.37508 -5.7103 0 
7.45047 -5.6054 0 
7.33499 -5.55584 0 
7.45047 -5.6054 0 
7.37508 -5.7103 0 
7.49056 -5.75986 0 
7.56595 -5.65496 0 
7.49056 -5.75986 0 
7.60603 -5.80942 0 
7.49056 -5.75986 0 
7.41516 -5.86476 0 
7.53064 -5.91432 0 
7.60603 -5.80942 0 
7.53064 -5.91432 0 
7.64612 -5.96387 0 
7.53064 -5.91432 0 
7.60603 -5.80942 0 
7.49056 -5.75986 0 
7.79691 -5.75408 0 
7.72151 -5.85898 0 
7.83699 -5.90853 0 
7.72151 -5.85898 0 
7.64612 -5.96387 0 
7.7616 -6.01343 0 
7.83699 -5.90853 0 
7.7616 -6.01343 0 
7.87708 -6.06299 0 
7.7616 -6.01343 0 
7.83699 -5.90853 0 
7.72151 -5.85898 0 
7.64612 -5.96387 0 
7.57072 -6.06877 0 
7.6862 -6.11833 0 
7.57072 -6.06877 0 
7.49533 -6.17367 0 
7.61081 -6.22323 0 
7.6862 -6.11833 0 
7.61081 -6.22323 0 
7.72629 -6.27279 0 
7.61081 -6.22323 0 
7.6862 -6.11833 0 
7.57072 -6.06877 0 
7.87708 -6.06299 0 
7.80168 -6.16789 0 
7.91716 -6.21745 0 
7.80168 -6.16789 0 
7.72629 -6.27279 0 
7.84177 -6.32235 0 
7.91716 -6.21745 0 
7.84177 -6.32235 0 
7.95725 -6.3719 0 
7.84177 -6.32235 0 
7.91716 -6.21745 0 
7.80168 -6.16789 0 
7.72629 -6.27279 0 
7.80168 -6.16789 0 
7.6862 -6.11833 0 
7.80168 -6.16789 0 
7.87708 -6.06299 0 
7.7616 -6.01343 0 
7.6862 -6.11833 0 
7.7616 -6.01343 0 
7.64612 -5.96387 0 
7.7616 -6.01343 0 
7.6862 -6.11833 0 
7.80168 -6.16789 0 
8.25883 -5.95231 0 
8.24135 -5.79421 0 
8.14335 -5.90275 0 
8.24135 -5.79421 0 
8.22387 -5.63611 0 
8.12587 -5.74465 0 
8.14335 -5.90275 0 
8.12587 -5.74465 0 
8.02787 -5.85319 0 
8.12587 -5.74465 0 
8.14335 -5.90275 0 
8.24135 -5.79421 0 
8.22387 -5.63611 0 
8.20639 -5.47801 0 
8.10839 -5.58655 0 
8.20639 -5.47801 0 
8.18891 -5.3199 0 
8.09091 -5.42845 0 
8.10839 -5.58655 0 
8.09091 -5.42845 0 
7.99291 -5.53699 0 
8.09091 -5.42845 0 
8.10839 -5.58655 0 
8.20639 -5.47801 0 
8.02787 -5.85319 0 
8.01039 -5.69509 0 
7.91239 -5.80364 0 
8.01039 -5.69509 0 
7.99291 -5.53699 0 
7.89491 -5.64553 0 
7.91239 -5.80364 0 
7.89491 -5.64553 0 
7.79691 -5.75408 0 
7.89491 -5.64553 0 
7.91239 -5.80364 0 
8.01039 -5.69509 0 
7.99291 -5.53699 0 
8.01039 -5.69509 0 
8.10839 -5.58655 0 
8.01039 -5.69509 0 
8.02787 -5.85319 0 
8.12587 -5.74465 0 
8.10839 -5.58655 0 
8.12587 -5.74465 0 
8.22387 -5.63611 0 
8.12587 -5.74465 0 
8.10839 -5.58655 0 
8.01039 -5.69509 0 
8.18891 -5.3199 0 
8.17143 -5.1618 0 
8.07343 -5.27035 0 
8.17143 -5.1618 0 
8.15395 -5.0037 0 
8.05595 -5.11225 0 
8.07343 -5.27035 0 
8.05595 -5.11225 0 
7.95795 -5.22079 0 
8.05595 -5.11225 0 
8.07343 -5.27035 0 
8.17143 -5.1618 0 
8.15395 -5.0037 0 
8.13647 -4.8456 0 
8.03847 -4.95414 0 
8.13647 -4.8456 0 
8.11899 -4.6875 0 
8.02099 -4.79604 0 
8.03847 -4.95414 0 
8.02099 -4.79604 0 
7.92299 -4.90459 0 
8.02099 -4.79604 0 
8.03847 -4.95414 0 
8.13647 -4.8456 0 
7.95795 -5.22079 0 
7.94047 -5.06269 0 
7.84247 -5.17123 0 
7.94047 -5.06269 0 
7.92299 -4.90459 0 
7.82499 -5.01313 0 
7.84247 -5.17123 0 
7.82499 -5.01313 0 
7.72699 -5.12167 0 
7.82499 -5.01313 0 
7.84247 -5.17123 0 
7.94047 -5.06269 0 
7.92299 -4.90459 0 
7.94047 -5.06269 0 
8.03847 -4.95414 0 
7.94047 -5.06269 0 
7.95795 -5.22079 0 
8.05595 -5.11225 0 
8.03847 -4.95414 0 
8.05595 -5.11225 0 
8.15395 -5.0037 0 
8.05595 -5.11225 0 
8.03847 -4.95414 0 
7.94047 -5.06269 0 
7.79691 -5.75408 0 
7.77943 -5.59598 0 
7.68143 -5.70452 0 
7.77943 -5.59598 0 
7.76195 -5.43787 0 
7.66395 -5.54642 0 
7.68143 -5.70452 0 
7.66395 -5.54642 0 
7.56595 -5.65496 0 
7.66395 -5.54642 0 
7.68143 -5.70452 0 
7.77943 -5.59598 0 
7.76195 -5.43787 0 
7.74447 -5.27977 0 
7.64647 -5.38832 0 
7.74447 -5.27977 0 
7.72699 -5.12167 0 
7.62899 -5.23022 0 
7.64647 -5.38832 0 
7.62899 -5.23022 0 
7.53099 -5.33876 0 
7.62899 -5.23022 0 
7.64647 -5.38832 0 
7.74447 -5.27977 0 
7.56595 -5.65496 0 
7.54847 -5.49686 0 
7.45047 -5.6054 0 
7.54847 -5.49686 0 
7.53099 -5.33876 0 
7.43299 -5.4473 0 
7.45047 -5.6054 0 
7.43299 -5.4473 0 
7.33499 -5.55584 0 
7.43299 -5.4473 0 
7.45047 -5.6054 0 
7.54847 -5.49686 0 
7.53099 -5.33876 0 
7.54847 -5.49686 0 
7.64647 -5.38832 0 
7.54847 -5.49686 0 
7.56595 -5.65496 0 
7.66395 -5.54642 0 
7.64647 -5.38832 0 
7.66395 -5.54642 0 
7.76195 -5.43787 0 
7.66395 -5.54642 0 
7.64647 -5.38832 0 
7.54847 -5.49686 0 
7.72699 -5.12167 0 
7.74447 -5.27977 0 
7.84247 -5.17123 0 
7.74447 -5.27977 0 
7.76195 -5.43787 0 
7.85995 -5.32933 0 
7.84247 -5.17123 0 
7.85995 -5.32933 0 
7.95795 -5.22079 0 
7.85995 -5.32933 0 
7.84247 -5.17123 0 
7.74447 -5.27977 0 
7.76195 -5.43787 0 
7.77943 -5.59598 0 
7.87743 -5.48743 0 
7.77943 -5.59598 0 
7.79691 -5.75408 0 
7.89491 -5.64553 0 
7.87743 -5.48743 0 
7.89491 -5.64553 0 
7.99291 -5.53699 0 
7.89491 -5.64553 0 
7.87743 -5.48743 0 
7.77943 -5.59598 0 
7.95795 -5.22079 0 
7.97543 -5.37889 0 
8.07343 -5.27035 0 
7.97543 -5.37889 0 
7.99291 -5.53699 0 
8.09091 -5.42845 0 
8.07343 -5.27035 0 
8.09091 -5.42845 0 
8.18891 -5.3199 0 
8.09091 -5.42845 0 
8.07343 -5.27035 0 
7.97543 -5.37889 0 
7.99291 -5.53699 0 
7.97543 -5.37889 0 
7.87743 -5.48743 0 
7.97543 -5.37889 0 
7.95795 -5.22079 0 
7.85995 -5.32933 0 
7.87743 -5.48743 0 
7.85995 -5.32933 0 
7.76195 -5.43787 0 
7.85995 -5.32933 0 
7.87743 -5.48743 0 
7.97543 -5.37889 0 
8.11899 -4.6875 0 
8.05133 -4.64844 0 
8.02099 -4.79604 0 
8.05133 -4.64844 0 
7.98367 -4.60938 0 
7.95333 -4.75698 0 
8.02099 -4.79604 0 
7.95333 -4.75698 0 
7.92299 -4.90459 0 
7.95333 -4.75698 0 
8.02099 -4.79604 0 
8.05133 -4.64844 0 
7.98367 -4.60938 0 
7.91601 -4.57031 0 
7.88567 -4.71792 0 
7.91601 -4.57031 0 
7.84836 -4.53125 0 
7.81801 -4.67886 0 
7.88567 -4.71792 0 
7.81801 -4.67886 0 
7.78767 -4.82646 0 
7.81801 -4.67886 0 
7.88567 -4.71792 0 
7.91601 -4.57031 0 
7.92299 -4.90459 0 
7.85533 -4.86552 0 
7.82499 -5.01313 0 
7.85533 -4.86552 0 
7.78767 -4.82646 0 
7.75733 -4.97407 0 
7.82499 -5.01313 0 
7.75733 -4.97407 0 
7.72699 -5.12167 0 
7.75733 -4.97407 0 
7.82499 -5.01313 0 
7.85533 -4.86552 0 
7.78767 -4.82646 0 
7.85533 -4.86552 0 
7.88567 -4.71792 0 
7.85533 -4.86552 0 
7.92299 -4.90459 0 
7.95333 -4.75698 0 
7.88567 -4.71792 0 
7.95333 -4.75698 0 
7.98367 -4.60938 0 
7.95333 -4.75698 0 
7.88567 -4.71792 0 
7.85533 -4.86552 0 
7.84836 -4.53125 0 
7.7807 -4.49219 0 
7.75036 -4.63979 0 
7.7807 -4.49219 0 
7.71304 -4.45313 0 
7.6827 -4.60073 0 
7.75036 -4.63979 0 
7.6827 -4.60073 0 
7.65236 -4.74834 0 
7.6827 -4.60073 0 
7.75036 -4.63979 0 
7.7807 -4.49219 0 
7.71304 -4.45313 0 
7.64538 -4.41406 0 
7.61504 -4.56167 0 
7.64538 -4.41406 0 
7.57772 -4.375 0 
7.54738 -4.52261 0 
7.61504 -4.56167 0 
7.54738 -4.52261 0 
7.51704 -4.67021 0 
7.54738 -4.52261 0 
7.61504 -4.56167 0 
7.64538 -4.41406 0 
7.65236 -4.74834 0 
7.5847 -4.70927 0 
7.55436 -4.85688 0 
7.5847 -4.70927 0 
7.51704 -4.67021 0 
7.4867 -4.81782 0 
7.55436 -4.85688 0 
7.4867 -4.81782 0 
7.45636 -4.96542 0 
7.4867 -4.81782 0 
7.55436 -4.85688 0 
7.5847 -4.70927 0 
7.51704 -4.67021 0 
7.5847 -4.70927 0 
7.61504 -4.56167 0 
7.5847 -4.70927 0 
7.65236 -4.74834 0 
7.6827 -4.60073 0 
7.61504 -4.56167 0 
7.6827 -4.60073 0 
7.71304 -4.45313 0 
7.6827 -4.60073 0 
7.61504 -4.56167 0 
7.5847 -4.70927 0 
7.72699 -5.12167 0 
7.65933 -5.08261 0 
7.62899 -5.23022 0 
7.65933 -5.08261 0 
7.59167 -5.04355 0 
7.56133 -5.19115 0 
7.62899 -5.23022 0 
7.56133 -5.19115 0 
7.53099 -5.33876 0 
7.56133 -5.19115 0 
7.62899 -5.23022 0 
7.65933 -5.08261 0 
7.59167 -5.04355 0 
7.52402 -5.00448 0 
7.49367 -5.15209 0 
7.52402 -5.00448 0 
7.45636 -4.96542 0 
7.42602 -5.11303 0 
7.49367 -5.15209 0 
7.42602 -5.11303 0 
7.39567 -5.26063 0 
7.42602 -5.11303 0 
7.49367 -5.15209 0 
7.52402 -5.00448 0 
7.53099 -5.33876 0 
7.46333 -5.2997 0 
7.43299 -5.4473 0 
7.46333 -5.2997 0 
7.39567 -5.26063 0 
7.36533 -5.40824 0 
7.43299 -5.4473 0 
7.36533 -5.40824 0 
7.33499 -5.55584 0 
7.36533 -5.40824 0 
7.43299 -5.4473 0 
7.46333 -5.2997 0 
7.39567 -5.26063 0 
7.46333 -5.2997 0 
7.49367 -5.15209 0 
7.46333 -5.2997 0 
7.53099 -5.33876 0 
7.56133 -5.19115 0 
7.49367 -5.15209 0 
7.56133 -5.19115 0 
7.59167 -5.04355 0 
7.56133 -5.19115 0 
7.49367 -5.15209 0 
7.46333 -5.2997 0 
7.45636 -4.96542 0 
7.52402 -5.00448 0 
7.55436 -4.85688 0 
7.52402 -5.00448 0 
7.59167 -5.04355 0 
7.62201 -4.89594 0 
7.55436 -4.85688 0 
7.62201 -4.89594 0 
7.65236 -4.74834 0 
7.62201 -4.89594 0 
7.55436 -4.85688 0 
7.52402 -5.00448 0 
7.59167 -5.04355 0 
7.65933 -5.08261 0 
7.68967 -4.935 0 
7.65933 -5.08261 0 
7.72699 -5.12167 0 
7.75733 -4.97407 0 
7.68967 -4.935 0 
7.75733 -4.97407 0 
7.78767 -4.82646 0 
7.75733 -4.97407 0 
7.68967 -4.935 0 
7.65933 -5.08261 0 
7.65236 -4.74834 0 
7.72001 -4.7874 0 
7.75036 -4.63979 0 
7.72001 -4.7874 0 
7.78767 -4.82646 0 
7.81801 -4.67886 0 
7.75036 -4.63979 0 
7.81801 -4.67886 0 
7.84836 -4.53125 0 
7.81801 -4.67886 0 
7.75036 -4.63979 0 
7.72001 -4.7874 0 
7.78767 -4.82646 0 
7.72001 -4.7874 0 
7.68967 -4.935 0 
7.72001 -4.7874 0 
7.65236 -4.74834 0 
7.62201 -4.89594 0 
7.68967 -4.935 0 
7.62201 -4.89594 0 
7.59167 -5.04355 0 
7.62201 -4.89594 0 
7.68967 -4.935 0 
7.72001 -4.7874 0 
7.57772 -4.375 0 
7.43946 -4.45822 0 
7.54738 -4.52261 0 
7.43946 -4.45822 0 
7.3012 -4.54144 0 
7.40912 -4.60583 0 
7.54738 -4.52261 0 
7.40912 -4.60583 0 
7.51704 -4.67021 0 
7.40912 -4.60583 0 
7.54738 -4.52261 0 
7.43946 -4.45822 0 
7.02468 -4.70789 0 
6.88642 -4.79111 0 
6.99434 -4.8555 0 
6.88642 -4.79111 0 
6.74817 -4.87433 0 
6.85608 -4.93872 0 
6.99434 -4.8555 0 
6.85608 -4.93872 0 
6.964 -5.0031 0 
6.85608 -4.93872 0 
6.99434 -4.8555 0 
6.88642 -4.79111 0 
6.74817 -4.87433 0 
6.60991 -4.95756 0 
6.71782 -5.02194 0 
6.60991 -4.95756 0 
6.47165 -5.04078 0 
6.57956 -5.10516 0 
6.71782 -5.02194 0 
6.57956 -5.10516 0 
6.68748 -5.16955 0 
6.57956 -5.10516 0 
6.71782 -5.02194 0 
6.60991 -4.95756 0 
6.964 -5.0031 0 
6.82574 -5.08632 0 
6.93366 -5.15071 0 
6.82574 -5.08632 0 
6.68748 -5.16955 0 
6.7954 -5.23393 0 
6.93366 -5.15071 0 
6.7954 -5.23393 0 
6.90332 -5.29831 0 
6.7954 -5.23393 0 
6.93366 -5.15071 0 
6.82574 -5.08632 0 
6.68748 -5.16955 0 
6.82574 -5.08632 0 
6.71782 -5.02194 0 
6.82574 -5.08632 0 
6.964 -5.0031 0 
6.85608 -4.93872 0 
6.71782 -5.02194 0 
6.85608 -4.93872 0 
6.74817 -4.87433 0 
6.85608 -4.93872 0 
6.71782 -5.02194 0 
6.82574 -5.08632 0 
7.45636 -4.96542 0 
7.3181 -5.04864 0 
7.42602 -5.11303 0 
7.3181 -5.04864 0 
7.17984 -5.13187 0 
7.28776 -5.19625 0 
7.42602 -5.11303 0 
7.28776 -5.19625 0 
7.39567 -5.26063 0 
7.28776 -5.19625 0 
7.42602 -5.11303 0 
7.3181 -5.04864 0 
7.17984 -5.13187 0 
7.04158 -5.21509 0 
7.1495 -5.27947 0 
7.04158 -5.21509 0 
6.90332 -5.29831 0 
7.01124 -5.3627 0 
7.1495 -5.27947 0 
7.01124 -5.3627 0 
7.11916 -5.42708 0 
7.01124 -5.3627 0 
7.1495 -5.27947 0 
7.04158 -5.21509 0 
7.39567 -5.26063 0 
7.25741 -5.34386 0 
7.36533 -5.40824 0 
7.25741 -5.34386 0 
7.11916 -5.42708 0 
7.22707 -5.49146 0 
7.36533 -5.40824 0 
7.22707 -5.49146 0 
7.33499 -5.55584 0 
7.22707 -5.49146 0 
7.36533 -5.40824 0 
7.25741 -5.34386 0 
7.11916 -5.42708 0 
7.25741 -5.34386 0 
7.1495 -5.27947 0 
7.25741 -5.34386 0 
7.39567 -5.26063 0 
7.28776 -5.19625 0 
7.1495 -5.27947 0 
7.28776 -5.19625 0 
7.17984 -5.13187 0 
7.28776 -5.19625 0 
7.1495 -5.27947 0 
7.25741 -5.34386 0 
6.90332 -5.29831 0 
7.04158 -5.21509 0 
6.93366 -5.15071 0 
7.04158 -5.21509 0 
7.17984 -5.13187 0 
7.07192 -5.06748 0 
6.93366 -5.15071 0 
7.07192 -5.06748 0 
6.964 -5.0031 0 
7.07192 -5.06748 0 
6.93366 -5.15071 0 
7.04158 -5.21509 0 
7.17984 -5.13187 0 
7.3181 -5.04864 0 
7.21018 -4.98426 0 
7.3181 -5.04864 0 
7.45636 -4.96542 0 
7.34844 -4.90104 0 
7.21018 -4.98426 0 
7.34844 -4.90104 0 
7.24052 -4.83666 0 
7.34844 -4.90104 0 
7.21018 -4.98426 0 
7.3181 -5.04864 0 
6.964 -5.0031 0 
7.10226 -4.91988 0 
6.99434 -4.8555 0 
7.10226 -4.91988 0 
7.24052 -4.83666 0 
7.1326 -4.77227 0 
6.99434 -4.8555 0 
7.1326 -4.77227 0 
7.02468 -4.70789 0 
7.1326 -4.77227 0 
6.99434 -4.8555 0 
7.10226 -4.91988 0 
7.24052 -4.83666 0 
7.10226 -4.91988 0 
7.21018 -4.98426 0 
7.10226 -4.91988 0 
6.964 -5.0031 0 
7.07192 -5.06748 0 
7.21018 -4.98426 0 
7.07192 -5.06748 0 
7.17984 -5.13187 0 
7.07192 -5.06748 0 
7.21018 -4.98426 0 
7.10226 -4.91988 0 
6.47165 -5.04078 0 
6.47459 -4.87943 0 
6.41063 -4.95897 0 
6.47459 -4.87943 0 
6.47753 -4.71808 0 
6.41357 -4.79762 0 
6.41063 -4.95897 0 
6.41357 -4.79762 0 
6.34961 -4.87715 0 
6.41357 -4.79762 0 
6.41063 -4.95897 0 
6.47459 -4.87943 0 
6.34961 -4.87715 0 
6.35255 -4.71581 0 
6.28859 -4.79534 0 
6.35255 -4.71581 0 
6.3555 -4.55446 0 
6.29154 -4.63399 0 
6.28859 -4.79534 0 
6.29154 -4.63399 0 
6.22757 -4.71353 0 
6.29154 -4.63399 0 
6.28859 -4.79534 0 
6.35255 -4.71581 0 
6.3555 -4.55446 0 
6.35255 -4.71581 0 
6.41651 -4.63627 0 
6.35255 -4.71581 0 
6.34961 -4.87715 0 
6.41357 -4.79762 0 
6.41651 -4.63627 0 
6.41357 -4.79762 0 
6.47753 -4.71808 0 
6.41357 -4.79762 0 
6.41651 -4.63627 0 
6.35255 -4.71581 0 
6.23346 -4.39083 0 
6.23052 -4.55218 0 
6.29448 -4.47264 0 
6.23052 -4.55218 0 
6.22757 -4.71353 0 
6.29154 -4.63399 0 
6.29448 -4.47264 0 
6.29154 -4.63399 0 
6.3555 -4.55446 0 
6.29154 -4.63399 0 
6.29448 -4.47264 0 
6.23052 -4.55218 0 
5.27397 -4.30272 0 
5.26241 -4.40086 0 
5.35688 -4.36223 0 
5.26241 -4.40086 0 
5.25086 -4.499 0 
5.34533 -4.46038 0 
5.35688 -4.36223 0 
5.34533 -4.46038 0 
5.4398 -4.42175 0 
5.34533 -4.46038 0 
5.35688 -4.36223 0 
5.26241 -4.40086 0 
5.25086 -4.499 0 
5.2393 -4.59715 0 
5.33377 -4.55852 0 
5.2393 -4.59715 0 
5.22774 -4.69529 0 
5.32221 -4.65666 0 
5.33377 -4.55852 0 
5.32221 -4.65666 0 
5.41668 -4.61803 0 
5.32221 -4.65666 0 
5.33377 -4.55852 0 
5.2393 -4.59715 0 
5.4398 -4.42175 0 
5.42824 -4.51989 0 
5.52271 -4.48126 0 
5.42824 -4.51989 0 
5.41668 -4.61803 0 
5.51115 -4.57941 0 
5.52271 -4.48126 0 
5.51115 -4.57941 0 
5.60562 -4.54078 0 
5.51115 -4.57941 0 
5.52271 -4.48126 0 
5.42824 -4.51989 0 
5.41668 -4.61803 0 
5.42824 -4.51989 0 
5.33377 -4.55852 0 
5.42824 -4.51989 0 
5.4398 -4.42175 0 
5.34533 -4.46038 0 
5.33377 -4.55852 0 
5.34533 -4.46038 0 
5.25086 -4.499 0 
5.34533 -4.46038 0 
5.33377 -4.55852 0 
5.42824 -4.51989 0 
5.22774 -4.69529 0 
5.27805 -4.81565 0 
5.32221 -4.65666 0 
5.27805 -4.81565 0 
5.32836 -4.93601 0 
5.37252 -4.77702 0 
5.32221 -4.65666 0 
5.37252 -4.77702 0 
5.41668 -4.61803 0 
5.37252 -4.77702 0 
5.32221 -4.65666 0 
5.27805 -4.81565 0 
5.32836 -4.93601 0 
5.37868 -5.05637 0 
5.42283 -4.89738 0 
5.37868 -5.05637 0 
5.42899 -5.17673 0 
5.47315 -5.01774 0 
5.42283 -4.89738 0 
5.47315 -5.01774 0 
5.5173 -4.85875 0 
5.47315 -5.01774 0 
5.42283 -4.89738 0 
5.37868 -5.05637 0 
5.41668 -4.61803 0 
5.46699 -4.73839 0 
5.51115 -4.57941 0 
5.46699 -4.73839 0 
5.5173 -4.85875 0 
5.56146 -4.69977 0 
5.51115 -4.57941 0 
5.56146 -4.69977 0 
5.60562 -4.54078 0 
5.56146 -4.69977 0 
5.51115 -4.57941 0 
5.46699 -4.73839 0 
5.5173 -4.85875 0 
5.46699 -4.73839 0 
5.42283 -4.89738 0 
5.46699 -4.73839 0 
5.41668 -4.61803 0 
5.37252 -4.77702 0 
5.42283 -4.89738 0 
5.37252 -4.77702 0 
5.32836 -4.93601 0 
5.37252 -4.77702 0 
5.42283 -4.89738 0 
5.46699 -4.73839 0 
5.42899 -5.17673 0 
5.4793 -5.29708 0 
5.52346 -5.1381 0 
5.4793 -5.29708 0 
5.52961 -5.41744 0 
5.57377 -5.25846 0 
5.52346 -5.1381 0 
5.57377 -5.25846 0 
5.61793 -5.09947 0 
5.57377 -5.25846 0 
5.52346 -5.1381 0 
5.4793 -5.29708 0 
5.52961 -5.41744 0 
5.57993 -5.5378 0 
5.62408 -5.37882 0 
5.57993 -5.5378 0 
5.63024 -5.65816 0 
5.6744 -5.49918 0 
5.62408 -5.37882 0 
5.6744 -5.49918 0 
5.71855 -5.34019 0 
5.6744 -5.49918 0 
5.62408 -5.37882 0 
5.57993 -5.5378 0 
5.61793 -5.09947 0 
5.66824 -5.21983 0 
5.7124 -5.06084 0 
5.66824 -5.21983 0 
5.71855 -5.34019 0 
5.76271 -5.1812 0 
5.7124 -5.06084 0 
5.76271 -5.1812 0 
5.80687 -5.02222 0 
5.76271 -5.1812 0 
5.7124 -5.06084 0 
5.66824 -5.21983 0 
5.71855 -5.34019 0 
5.66824 -5.21983 0 
5.62408 -5.37882 0 
5.66824 -5.21983 0 
5.61793 -5.09947 0 
5.57377 -5.25846 0 
5.62408 -5.37882 0 
5.57377 -5.25846 0 
5.52961 -5.41744 0 
5.57377 -5.25846 0 
5.62408 -5.37882 0 
5.66824 -5.21983 0 
5.60562 -4.54078 0 
5.65593 -4.66114 0 
5.70009 -4.50215 0 
5.65593 -4.66114 0 
5.70625 -4.7815 0 
5.7504 -4.62251 0 
5.70009 -4.50215 0 
5.7504 -4.62251 0 
5.79456 -4.46353 0 
5.7504 -4.62251 0 
5.70009 -4.50215 0 
5.65593 -4.66114 0 
5.70625 -4.7815 0 
5.75656 -4.90186 0 
5.80072 -4.74287 0 
5.75656 -4.90186 0 
5.80687 -5.02222 0 
5.85103 -4.86323 0 
5.80072 -4.74287 0 
5.85103 -4.86323 0 
5.89519 -4.70424 0 
5.85103 -4.86323 0 
5.80072 -4.74287 0 
5.75656 -4.90186 0 
5.79456 -4.46353 0 
5.84487 -4.58388 0 
5.88903 -4.4249 0 
5.84487 -4.58388 0 
5.89519 -4.70424 0 
5.93934 -4.54526 0 
5.88903 -4.4249 0 
5.93934 -4.54526 0 
5.9835 -4.38627 0 
5.93934 -4.54526 0 
5.88903 -4.4249 0 
5.84487 -4.58388 0 
5.89519 -4.70424 0 
5.84487 -4.58388 0 
5.80072 -4.74287 0 
5.84487 -4.58388 0 
5.79456 -4.46353 0 
5.7504 -4.62251 0 
5.80072 -4.74287 0 
5.7504 -4.62251 0 
5.70625 -4.7815 0 
5.7504 -4.62251 0 
5.80072 -4.74287 0 
5.84487 -4.58388 0 
5.80687 -5.02222 0 
5.75656 -4.90186 0 
5.7124 -5.06084 0 
5.75656 -4.90186 0 
5.70625 -4.7815 0 
5.66209 -4.94048 0 
5.7124 -5.06084 0 
5.66209 -4.94048 0 
5.61793 -5.09947 0 
5.66209 -4.94048 0 
5.7124 -5.06084 0 
5.75656 -4.90186 0 
5.70625 -4.7815 0 
5.65593 -4.66114 0 
5.61178 -4.82013 0 
5.65593 -4.66114 0 
5.60562 -4.54078 0 
5.56146 -4.69977 0 
5.61178 -4.82013 0 
5.56146 -4.69977 0 
5.5173 -4.85875 0 
5.56146 -4.69977 0 
5.61178 -4.82013 0 
5.65593 -4.66114 0 
5.61793 -5.09947 0 
5.56762 -4.97911 0 
5.52346 -5.1381 0 
5.56762 -4.97911 0 
5.5173 -4.85875 0 
5.47315 -5.01774 0 
5.52346 -5.1381 0 
5.47315 -5.01774 0 
5.42899 -5.17673 0 
5.47315 -5.01774 0 
5.52346 -5.1381 0 
5.56762 -4.97911 0 
5.5173 -4.85875 0 
5.56762 -4.97911 0 
5.61178 -4.82013 0 
5.56762 -4.97911 0 
5.61793 -5.09947 0 
5.66209 -4.94048 0 
5.61178 -4.82013 0 
5.66209 -4.94048 0 
5.70625 -4.7815 0 
5.66209 -4.94048 0 
5.61178 -4.82013 0 
5.56762 -4.97911 0 
5.63024 -5.65816 0 
5.73541 -5.58099 0 
5.6744 -5.49918 0 
5.73541 -5.58099 0 
5.84059 -5.50382 0 
5.77957 -5.422 0 
5.6744 -5.49918 0 
5.77957 -5.422 0 
5.71855 -5.34019 0 
5.77957 -5.422 0 
5.6744 -5.49918 0 
5.73541 -5.58099 0 
5.84059 -5.50382 0 
5.94577 -5.42664 0 
5.88475 -5.34483 0 
5.94577 -5.42664 0 
6.05094 -5.34947 0 
5.98992 -5.26766 0 
5.88475 -5.34483 0 
5.98992 -5.26766 0 
5.92891 -5.18584 0 
5.98992 -5.26766 0 
5.88475 -5.34483 0 
5.94577 -5.42664 0 
5.71855 -5.34019 0 
5.82373 -5.26302 0 
5.76271 -5.1812 0 
5.82373 -5.26302 0 
5.92891 -5.18584 0 
5.86789 -5.10403 0 
5.76271 -5.1812 0 
5.86789 -5.10403 0 
5.80687 -5.02222 0 
5.86789 -5.10403 0 
5.76271 -5.1812 0 
5.82373 -5.26302 0 
5.92891 -5.18584 0 
5.82373 -5.26302 0 
5.88475 -5.34483 0 
5.82373 -5.26302 0 
5.71855 -5.34019 0 
5.77957 -5.422 0 
5.88475 -5.34483 0 
5.77957 -5.422 0 
5.84059 -5.50382 0 
5.77957 -5.422 0 
5.88475 -5.34483 0 
5.82373 -5.26302 0 
6.05094 -5.34947 0 
6.15612 -5.2723 0 
6.0951 -5.19048 0 
6.15612 -5.2723 0 
6.26129 -5.19513 0 
6.20028 -5.11331 0 
6.0951 -5.19048 0 
6.20028 -5.11331 0 
6.13926 -5.0315 0 
6.20028 -5.11331 0 
6.0951 -5.19048 0 
6.15612 -5.2723 0 
6.26129 -5.19513 0 
6.36647 -5.11795 0 
6.30545 -5.03614 0 
6.36647 -5.11795 0 
6.47165 -5.04078 0 
6.41063 -4.95897 0 
6.30545 -5.03614 0 
6.41063 -4.95897 0 
6.34961 -4.87715 0 
6.41063 -4.95897 0 
6.30545 -5.03614 0 
6.36647 -5.11795 0 
6.13926 -5.0315 0 
6.24443 -4.95433 0 
6.18342 -4.87251 0 
6.24443 -4.95433 0 
6.34961 -4.87715 0 
6.28859 -4.79534 0 
6.18342 -4.87251 0 
6.28859 -4.79534 0 
6.22757 -4.71353 0 
6.28859 -4.79534 0 
6.18342 -4.87251 0 
6.24443 -4.95433 0 
6.34961 -4.87715 0 
6.24443 -4.95433 0 
6.30545 -5.03614 0 
6.24443 -4.95433 0 
6.13926 -5.0315 0 
6.20028 -5.11331 0 
6.30545 -5.03614 0 
6.20028 -5.11331 0 
6.26129 -5.19513 0 
6.20028 -5.11331 0 
6.30545 -5.03614 0 
6.24443 -4.95433 0 
5.80687 -5.02222 0 
5.91205 -4.94504 0 
5.85103 -4.86323 0 
5.91205 -4.94504 0 
6.01722 -4.86787 0 
5.9562 -4.78606 0 
5.85103 -4.86323 0 
5.9562 -4.78606 0 
5.89519 -4.70424 0 
5.9562 -4.78606 0 
5.85103 -4.86323 0 
5.91205 -4.94504 0 
6.01722 -4.86787 0 
6.1224 -4.7907 0 
6.06138 -4.70888 0 
6.1224 -4.7907 0 
6.22757 -4.71353 0 
6.16656 -4.63171 0 
6.06138 -4.70888 0 
6.16656 -4.63171 0 
6.10554 -4.5499 0 
6.16656 -4.63171 0 
6.06138 -4.70888 0 
6.1224 -4.7907 0 
5.89519 -4.70424 0 
6.00036 -4.62707 0 
5.93934 -4.54526 0 
6.00036 -4.62707 0 
6.10554 -4.5499 0 
6.04452 -4.46808 0 
5.93934 -4.54526 0 
6.04452 -4.46808 0 
5.9835 -4.38627 0 
6.04452 -4.46808 0 
5.93934 -4.54526 0 
6.00036 -4.62707 0 
6.10554 -4.5499 0 
6.00036 -4.62707 0 
6.06138 -4.70888 0 
6.00036 -4.62707 0 
5.89519 -4.70424 0 
5.9562 -4.78606 0 
6.06138 -4.70888 0 
5.9562 -4.78606 0 
6.01722 -4.86787 0 
5.9562 -4.78606 0 
6.06138 -4.70888 0 
6.00036 -4.62707 0 
6.22757 -4.71353 0 
6.1224 -4.7907 0 
6.18342 -4.87251 0 
6.1224 -4.7907 0 
6.01722 -4.86787 0 
6.07824 -4.94968 0 
6.18342 -4.87251 0 
6.07824 -4.94968 0 
6.13926 -5.0315 0 
6.07824 -4.94968 0 
6.18342 -4.87251 0 
6.1224 -4.7907 0 
6.01722 -4.86787 0 
5.91205 -4.94504 0 
5.97306 -5.02686 0 
5.91205 -4.94504 0 
5.80687 -5.02222 0 
5.86789 -5.10403 0 
5.97306 -5.02686 0 
5.86789 -5.10403 0 
5.92891 -5.18584 0 
5.86789 -5.10403 0 
5.97306 -5.02686 0 
5.91205 -4.94504 0 
6.13926 -5.0315 0 
6.03408 -5.10867 0 
6.0951 -5.19048 0 
6.03408 -5.10867 0 
5.92891 -5.18584 0 
5.98992 -5.26766 0 
6.0951 -5.19048 0 
5.98992 -5.26766 0 
6.05094 -5.34947 0 
5.98992 -5.26766 0 
6.0951 -5.19048 0 
6.03408 -5.10867 0 
5.92891 -5.18584 0 
6.03408 -5.10867 0 
5.97306 -5.02686 0 
6.03408 -5.10867 0 
6.13926 -5.0315 0 
6.07824 -4.94968 0 
5.97306 -5.02686 0 
6.07824 -4.94968 0 
6.01722 -4.86787 0 
6.07824 -4.94968 0 
5.97306 -5.02686 0 
6.03408 -5.10867 0 
1.04034 -1.01057 0 
1.17566 -1.0887 0 
1.19675 -0.89591 0 
1.17566 -1.0887 0 
1.31098 -1.16682 0 
1.33207 -0.974035 0 
1.19675 -0.89591 0 
1.33207 -0.974035 0 
1.35316 -0.78125 0 
1.33207 -0.974035 0 
1.19675 -0.89591 0 
1.17566 -1.0887 0 
6.48342 -4.39539 0 
6.75405 -4.55164 0 
6.75994 -4.22894 0 
6.75405 -4.55164 0 
7.02468 -4.70789 0 
7.03057 -4.38519 0 
6.75994 -4.22894 0 
7.03057 -4.38519 0 
7.03646 -4.0625 0 
7.03057 -4.38519 0 
6.75994 -4.22894 0 
6.75405 -4.55164 0 
9.27458 -7.44022 0 
9.27458 -7.11586 0 
9.02064 -7.06824 0 
9.27458 -7.11586 0 
9.27458 -6.7915 0 
9.02064 -6.74388 0 
9.02064 -7.06824 0 
9.02064 -6.74388 0 
8.7667 -6.69626 0 
9.02064 -6.74388 0 
9.02064 -7.06824 0 
9.27458 -7.11586 0 

CELLS 2803 11163
3 0 1 2
3 3 4 5
3 6 7 8
3 9 10 11
3 12 13 14
3 15 16 17
3 18 19 20
3 21 22 23
3 24 25 26
3 27 28 29
3 30 31 32
3 33 34 35
3 36 37 38
3 39 40 41
3 42 43 44
3 45 46 47
3 48 49 50
3 51 52 53
3 54 55 56
3 57 58 59
3 60 61 62
3 63 64 65
3 66 67 68
3 69 70 71
3 72 73 74
3 75 76 77
3 78 79 80
3 81 82 83
3 84 85 86
3 87 88 89
3 90 91 92
3 93 94 95
3 96 97 98
3 99 100 101
3 102 103 104
3 105 106 107
3 108 109 110
3 111 112 113
3 114 115 116
3 117 118 119
3 120 121 122
3 123 124 125
3 126 127 128
3 129 130 131
3 132 133 134
3 135 136 137
3 138 139 140
3 141 142 143
3 144 145 146
3 147 148 149
3 150 151 152
3 153 154 155
3 156 157 158
3 159 160 161
3 162 163 164
3 165 166 167
3 168 169 170
3 171 172 173
3 174 175 176
3 177 178 179
3 180 181 182
3 183 184 185
3 186 187 188
3 189 190 191
3 192 193 194
3 195 196 197
3 198 199 200
3 201 202 203
3 204 205 206
3 207 208 209
3 210 211 212
3 213 214 215
3 216 217 218
3 219 220 221
3 222 223 224
3 225 226 227
3 228 229 230
3 231 232 233
3 234 235 236
3 237 238 239
3 240 241 242
3 243 244 245
3 246 247 248
3 249 250 251
3 252 253 254
3 255 256 257
3 258 259 260
3 261 262 263
3 264 265 266
3 267 268 269
3 270 271 272
3 273 274 275
3 276 277 278
3 279 280 281
3 282 283 284
3 285 286 287
3 288 289 290
3 291 292 293
3 294 295 296
3 297 298 299
3 300 301 302
3 303 304 305
3 306 307 308
3 309 310 311
3 312 313 314
3 315 316 317
3 318 319 320
3 321 322 323
3 324 325 326
3 327 328 329
3 330 331 332
3 333 334 335
3 336 337 338
3 339 340 341
3 342 343 344
3 345 346 347
3 348 349 350
3 351 352 353
3 354 355 356
3 357 358 359
3 360 361 362
3 363 364 365
3 366 367 368
3 369 370 371
3 372 373 374
3 375 376 377
3 378 379 380
3 381 382 383
3 384 385 386
3 387 388 389
3 390 391 392
3 393 394 395
3 396 397 398
3 399 400 401
3 402 403 404
3 405 406 407
3 408 409 410
3 411 412 413
3 414 415 416
3 417 418 419
3 420 421 422
3 423 424 425
3 426 427 428
3 429 430 431
3 432 433 434
3 435 436 437
3 438 439 440
3 441 442 443
3 444 445 446
3 447 448 449
3 450 451 452
3 453 454 455
3 456 457 458
3 459 460 461
3 462 463 464
3 465 466 467
3 468 469 470
3 471 472 473
3 474 475 476
3 477 478 479
3 480 481 482
3 483 484 485
3 486 487 488
3 489 490 491
3 492 493 494
3 495 496 497
3 498 499 500
3 501 502 503
3 504 505 506
3 507 508 509
3 510 511 512
3 513 514 515
3 516 517 518
3 519 520 521
3 522 523 524
3 525 526 527
3 528 529 530
3 531 532 533
3 534 535 536
3 537 538 539
3 540 541 542
3 543 544 545
3 546 547 548
3 549 550 551
3 552 553 554
3 555 556 557
3 558 559 560
3 561 562 563
3 564 565 566
3 567 568 569
3 570 571 572
3 573 574 575
3 576 577 578
3 579 580 581
3 582 583 584
3 585 586 587
3 588 589 590
3 591 592 593
3 594 595 596
3 597 598 599
3 600 601 602
3 603 604 605
3 606 607 608
3 609 610 611
3 612 613 614
3 615 616 617
3 618 619 620
3 621 622 623
3 624 625 626
3 627 628 629
3 630 631 632
2 633 634
2 635 636
2 637 638
2 639 640
2 641 642
2 643 644
2 645 646
2 647 648
2 649 650
2 651 652
2 653 654
2 655 656
2 657 658
2 659 660
2 661 662
2 663 664
2 665 666
2 667 668
2 669 670
2 671 672
2 673 674
2 675 676
2 677 678
2 679 680
2 681 682
2 683 684
2 685 686
2 687 688
2 689 690
2 691 692
2 693 694
2 695 696
2 697 698
2 699 700
2 701 702
2 703 704
2 705 706
2 707 708
2 709 710
2 711 712
2 713 714
2 715 716
2 717 718
2 719 720
2 721 722
2 723 724
2 725 726
2 727 728
2 729 730
3 731 732 733
3 734 735 736
3 737 738 739
3 740 741 742
3 743 744 745
3 746 747 748
3 749 750 751
3 752 753 754
3 755 756 757
3 758 759 760
3 761 762 763
3 764 765 766
3 767 768 769
3 770 771 772
3 773 774 775
3 776 777 778
3 779 780 781
3 782 783 784
3 785 786 787
3 788 789 790
3 791 792 793
3 794 795 796
3 797 798 799
3 800 801 802
3 803 804 805
3 806 807 808
3 809 810 811
3 812 813 814
3 815 816 817
3 818 819 820
3 821 822 823
3 824 825 826
3 827 828 829
3 830 831 832
3 833 834 835
3 836 837 838
3 839 840 841
3 842 843 844
3 845 846 847
3 848 849 850
3 851 852 853
3 854 855 856
3 857 858 859
3 860 861 862
3 863 864 865
3 866 867 868
3 869 870 871
3 872 873 874
3 875 876 877
3 878 879 880
3 881 882 883
3 884 885 886
3 887 888 889
3 890 891 892
3 893 894 895
3 896 897 898
3 899 900 901
3 902 903 904
3 905 906 907
3 908 909 910
3 911 912 913
3 914 915 916
3 917 918 919
3 920 921 922
3 923 924 925
3 926 927 928
3 929 930 931
3 932 933 934
3 935 936 937
3 938 939 940
3 941 942 943
3 944 945 946
3 947 948 949
3 950 951 952
3 953 954 955
3 956 957 958
3 959 960 961
3 962 963 964
3 965 966 967
3 968 969 970
3 971 972 973
3 974 975 976
3 977 978 979
3 980 981 982
3 983 984 985
3 986 987 988
3 989 990 991
3 992 993 994
3 995 996 997
3 998 999 1000
3 1001 1002 1003
3 1004 1005 1006
3 1007 1008 1009
3 1010 1011 1012
3 1013 1014 1015
3 1016 1017 1018
3 1019 1020 1021
3 1022 1023 1024
3 1025 1026 1027
3 1028 1029 1030
3 1031 1032 1033
3 1034 1035 1036
3 1037 1038 1039
3 1040 1041 1042
3 1043 1044 1045
3 1046 1047 1048
3 1049 1050 1051
3 1052 1053 1054
3 1055 1056 1057
3 1058 1059 1060
3 1061 1062 1063
3 1064 1065 1066
3 1067 1068 1069
3 1070 1071 1072
3 1073 1074 1075
3 1076 1077 1078
3 1079 1080 1081
3 1082 1083 1084
3 1085 1086 1087
3 1088 1089 1090
3 1091 1092 1093
3 1094 1095 1096
3 1097 1098 1099
3 1100 1101 1102
3 1103 1104 1105
3 1106 1107 1108
3 1109 1110 1111
3 1112 1113 1114
3 1115 1116 1117
3 1118 1119 1120
3 1121 1122 1123
3 1124 1125 1126
3 1127 1128 1129
3 1130 1131 1132
3 1133 1134 1135
3 1136 1137 1138
3 1139 1140 1141
3 1142 1143 1144
3 1145 1146 1147
3 1148 1149 1150
3 1151 1152 1153
3 1154 1155 1156
3 1157 1158 1159
3 1160 1161 1162
3 1163 1164 1165
3 1166 1167 1168
3 1169 1170 1171
3 1172 1173 1174
3 1175 1176 1177
3 1178 1179 1180
3 1181 1182 1183
3 1184 1185 1186
3 1187 1188 1189
3 1190 1191 1192
3 1193 1194 1195
3 1196 1197 1198
3 1199 1200 1201
3 1202 1203 1204
3 1205 1206 1207
3 1208 1209 1210
3 1211 1212 1213
3 1214 1215 1216
3 1217 1218 1219
3 1220 1221 1222
3 1223 1224 1225
3 1226 1227 1228
3 1229 1230 1231
3 1232 1233 1234
3 1235 1236 1237
3 1238 1239 1240
3 1241 1242 1243
3 1244 1245 1246
3 1247 1248 1249
3 1250 1251 1252
3 1253 1254 1255
3 1256 1257 1258
3 1259 1260 1261
3 1262 1263 1264
3 1265 1266 1267
3 1268 1269 1270
3 1271 1272 1273
3 1274 1275 1276
3 1277 1278 1279
3 1280 1281 1282
3 1283 1284 1285
3 1286 1287 1288
3 1289 1290 1291
3 1292 1293 1294
3 1295 1296 1297
3 1298 1299 1300
3 1301 1302 1303
3 1304 1305 1306
3 1307 1308 1309
3 1310 1311 1312
3 1313 1314 1315
3 1316 1317 1318
3 1319 1320 1321
3 1322 1323 1324
3 1325 1326 1327
3 1328 1329 1330
3 1331 1332 1333
3 1334 1335 1336
3 1337 1338 1339
3 1340 1341 1342
3 1343 1344 1345
3 1346 1347 1348
3 1349 1350 1351
3 1352 1353 1354
3 1355 1356 1357
3 1358 1359 1360
3 1361 1362 1363
3 1364 1365 1366
3 1367 1368 1369
3 1370 1371 1372
3 1373 1374 1375
3 1376 1377 1378
3 1379 1380 1381
3 1382 1383 1384
3 1385 1386 1387
3 1388 1389 1390
3 1391 1392 1393
3 1394 1395 1396
3 1397 1398 1399
3 1400 1401 1402
3 1403 1404 1405
3 1406 1407 1408
3 1409 1410 1411
3 1412 1413 1414
3 1415 1416 1417
3 1418 1419 1420
3 1421 1422 1423
3 1424 1425 1426
3 1427 1428 1429
3 1430 1431 1432
3 1433 1434 1435
3 1436 1437 1438
3 1439 1440 1441
3 1442 1443 1444
3 1445 1446 1447
3 1448 1449 1450
3 1451 1452 1453
3 1454 1455 1456
3 1457 1458 1459
3 1460 1461 1462
3 1463 1464 1465
3 1466 1467 1468
3 1469 1470 1471
3 1472 1473 1474
3 1475 1476 1477
3 1478 1479 1480
3 1481 1482 1483
3 1484 1485 1486
3 1487 1488 1489
3 1490 1491 1492
3 1493 1494 1495
3 1496 1497 1498
3 1499 1500 1501
3 1502 1503 1504
3 1505 1506 1507
3 1508 1509 1510
3 1511 1512 1513
3 1514 1515 1516
3 1517 1518 1519
3 1520 1521 1522
3 1523 1524 1525
3 1526 1527 1528
3 1529 1530 1531
3 1532 1533 1534
3 1535 1536 1537
3 1538 1539 1540
3 1541 1542 1543
3 1544 1545 1546
3 1547 1548 1549
3 1550 1551 1552
3 1553 1554 1555
3 1556 1557 1558
3 1559 1560 1561
3 1562 1563 1564
3 1565 1566 1567
3 1568 1569 1570
3 1571 1572 1573
3 1574 1575 1576
3 1577 1578 1579
3 1580 1581 1582
3 1583 1584 1585
3 1586 1587 1588
3 1589 1590 1591
3 1592 1593 1594
3 1595 1596 1597
3 1598 1599 1600
3 1601 1602 1603
3 1604 1605 1606
3 1607 1608 1609
3 1610 1611 1612
3 1613 1614 1615
3 1616 1617 1618
3 1619 1620 1621
3 1622 1623 1624
3 1625 1626 1627
3 1628 1629 1630
3 1631 1632 1633
3 1634 1635 1636
3 1637 1638 1639
3 1640 1641 1642
3 1643 1644 1645
3 1646 1647 1648
3 1649 1650 1651
3 1652 1653 1654
3 1655 1656 1657
3 1658 1659 1660
3 1661 1662 1663
3 1664 1665 1666
3 1667 1668 1669
3 1670 1671 1672
3 1673 1674 1675
3 1676 1677 1678
3 1679 1680 1681
3 1682 1683 1684
3 1685 1686 1687
3 1688 1689 1690
3 1691 1692 1693
3 1694 1695 1696
3 1697 1698 1699
3 1700 1701 1702
3 1703 1704 1705
3 1706 1707 1708
3 1709 1710 1711
3 1712 1713 1714
3 1715 1716 1717
3 1718 1719 1720
3 1721 1722 1723
3 1724 1725 1726
3 1727 1728 1729
3 1730 1731 1732
3 1733 1734 1735
3 1736 1737 1738
3 1739 1740 1741
3 1742 1743 1744
3 1745 1746 1747
3 1748 1749 1750
3 1751 1752 1753
3 1754 1755 1756
3 1757 1758 1759
3 1760 1761 1762
3 1763 1764 1765
3 1766 1767 1768
3 1769 1770 1771
3 1772 1773 1774
3 1775 1776 1777
3 1778 1779 1780
3 1781 1782 1783
3 1784 1785 1786
3 1787 1788 1789
3 1790 1791 1792
3 1793 1794 1795
3 1796 1797 1798
3 1799 1800 1801
3 1802 1803 1804
3 1805 1806 1807
3 1808 1809 1810
3 1811 1812 1813
3 1814 1815 1816
3 1817 1818 1819
3 1820 1821 1822
3 1823 1824 1825
3 1826 1827 1828
3 1829 1830 1831
3 1832 1833 1834
3 1835 1836 1837
3 1838 1839 1840
3 1841 1842 1843
3 1844 1845 1846
3 1847 1848 1849
3 1850 1851 1852
3 1853 1854 1855
3 1856 1857 1858
3 1859 1860 1861
3 1862 1863 1864
3 1865 1866 1867
3 1868 1869 1870
3 1871 1872 1873
3 1874 1875 1876
3 1877 1878 1879
3 1880 1881 1882
3 1883 1884 1885
3 1886 1887 1888
3 1889 1890 1891
3 1892 1893 1894
3 1895 1896 1897
3 1898 1899 1900
3 1901 1902 1903
3 1904 1905 1906
3 1907 1908 1909
3 1910 1911 1912
3 1913 1914 1915
3 1916 1917 1918
3 1919 1920 1921
3 1922 1923 1924
3 1925 1926 1927
3 1928 1929 1930
3 1931 1932 1933
3 1934 1935 1936
3 1937 1938 1939
3 1940 1941 1942
3 1943 1944 1945
3 1946 1947 1948
3 1949 1950 1951
3 1952 1953 1954
3 1955 1956 1957
3 1958 1959 1960
3 1961 1962 1963
3 1964 1965 1966
3 1967 1968 1969
3 1970 1971 1972
3 1973 1974 1975
3 1976 1977 1978
3 1979 1980 1981
3 1982 1983 1984
3 1985 1986 1987
3 1988 1989 1990
3 1991 1992 1993
3 1994 1995 1996
3 1997 1998 1999
3 2000 2001 2002
3 2003 2004 2005
3 2006 2007 2008
3 2009 2010 2011
3 2012 2013 2014
3 2015 2016 2017
3 2018 2019 2020
3 2021 2022 2023
3 2024 2025 2026
3 2027 2028 2029
3 2030 2031 2032
3 2033 2034 2035
3 2036 2037 2038
3 2039 2040 2041
3 2042 2043 2044
3 2045 2046 2047
3 2048 2049 2050
3 2051 2052 2053
3 2054 2055 2056
3 2057 2058 2059
3 2060 2061 2062
3 2063 2064 2065
3 2066 2067 2068
3 2069 2070 2071
3 2072 2073 2074
3 2075 2076 2077
3 2078 2079 2080
3 2081 2082 2083
3 2084 2085 2086
3 2087 2088 2089
3 2090 2091 2092
3 2093 2094 2095
3 2096 2097 2098
3 2099 2100 2101
3 2102 2103 2104
3 2105 2106 2107
3 2108 2109 2110
3 2111 2112 2113
3 2114 2115 2116
3 2117 2118 2119
3 2120 2121 2122
3 2123 2124 2125
3 2126 2127 2128
3 2129 2130 2131
3 2132 2133 2134
3 2135 2136 2137
3 2138 2139 2140
3 2141 2142 2143
3 2144 2145 2146
3 2147 2148 2149
3 2150 2151 2152
3 2153 2154 2155
3 2156 2157 2158
3 2159 2160 2161
3 2162 2163 2164
3 2165 2166 2167
3 2168 2169 2170
3 2171 2172 2173
3 2174 2175 2176
3 2177 2178 2179
3 2180 2181 2182
3 2183 2184 2185
3 2186 2187 2188
3 2189 2190 2191
3 2192 2193 2194
3 2195 2196 2197
3 2198 2199 2200
3 2201 2202 2203
3 2204 2205 2206
3 2207 2208 2209
3 2210 2211 2212
3 2213 2214 2215
3 2216 2217 2218
3 2219 2220 2221
3 2222 2223 2224
3 2225 2226 2227
3 2228 2229 2230
3 2231 2232 2233
3 2234 2235 2236
3 2237 2238 2239
3 2240 2241 2242
3 2243 2244 2245
3 2246 2247 2248
3 2249 2250 2251
3 2252 2253 2254
3 2255 2256 2257
3 2258 2259 2260
3 2261 2262 2263
3 2264 2265 2266
3 2267 2268 2269
3 2270 2271 2272
3 2273 2274 2275
3 2276 2277 2278
3 2279 2280 2281
3 2282 2283 2284
3 2285 2286 2287
3 2288 2289 2290
3 2291 2292 2293
3 2294 2295 2296
3 2297 2298 2299
3 2300 2301 2302
3 2303 2304 2305
3 2306 2307 2308
3 2309 2310 2311
3 2312 2313 2314
3 2315 2316 2317
3 2318 2319 2320
3 2321 2322 2323
3 2324 2325 2326
3 2327 2328 2329
3 2330 2331 2332
3 2333 2334 2335
3 2336 2337 2338
3 2339 2340 2341
3 2342 2343 2344
3 2345 2346 2347
3 2348 2349 2350
3 2351 2352 2353
3 2354 2355 2356
3 2357 2358 2359
3 2360 2361 2362
3 2363 2364 2365
3 2366 2367 2368
3 2369 2370 2371
3 2372 2373 2374
3 2375 2376 2377
3 2378 2379 2380
3 2381 2382 2383
3 2384 2385 2386
3 2387 2388 2389
3 2390 2391 2392
3 2393 2394 2395
3 2396 2397 2398
3 2399 2400 2401
3 2402 2403 2404
3 2405 2406 2407
3 2408 2409 2410
3 2411 2412 2413
3 2414 2415 2416
3 2417 2418 2419
3 2420 2421 2422
3 2423 2424 2425
3 2426 2427 2428
3 2429 2430 2431
3 2432 2433 2434
3 2435 2436 2437
3 2438 2439 2440
3 2441 2442 2443
3 2444 2445 2446
3 2447 2448 2449
3 2450 2451 2452
3 2453 2454 2455
3 2456 2457 2458
3 2459 2460 2461
3 2462 2463 2464
3 2465 2466 2467
3 2468 2469 2470
3 2471 2472 2473
3 2474 2475 2476
3 2477 2478 2479
3 2480 2481 2482
3 2483 2484 2485
3 2486 2487 2488
3 2489 2490 2491
3 2492 2493 2494
3 2495 2496 2497
3 2498 2499 2500
3 2501 2502 2503
3 2504 2505 2506
3 2507 2508 2509
3 2510 2511 2512
3 2513 2514 2515
3 2516 2517 2518
3 2519 2520 2521
3 2522 2523 2524
3 2525 2526 2527
3 2528 2529 2530
3 2531 2532 2533
3 2534 2535 2536
3 2537 2538 2539
3 2540 2541 2542
3 2543 2544 2545
3 2546 2547 2548
3 2549 2550 2551
3 2552 2553 2554
3 2555 2556 2557
3 2558 2559 2560
3 2561 2562 2563
3 2564 2565 2566
3 2567 2568 2569
3 2570 2571 2572
3 2573 2574 2575
3 2576 2577 2578
3 2579 2580 2581
3 2582 2583 2584
3 2585 2586 2587
3 2588 2589 2590
3 2591 2592 2593
3 2594 2595 2596
3 2597 2598 2599
3 2600 2601 2602
3 2603 2604 2605
3 2606 2607 2608
3 2609 2610 2611
3 2612 2613 2614
3 2615 2616 2617
3 2618 2619 2620
3 2621 2622 2623
3 2624 2625 2626
3 2627 2628 2629
3 2630 2631 2632
3 2633 2634 2635
3 2636 2637 2638
3 2639 2640 2641
3 2642 2643 2644
3 2645 2646 2647
3 2648 2649 2650
3 2651 2652 2653
3 2654 2655 2656
3 2657 2658 2659
3 2660 2661 2662
3 2663 2664 2665
3 2666 2667 2668
3 2669 2670 2671
3 2672 2673 2674
3 2675 2676 2677
3 2678 2679 2680
3 2681 2682 2683
3 2684 2685 2686
3 2687 2688 2689
3 2690 2691 2692
3 2693 2694 2695
3 2696 2697 2698
3 2699 2700 2701
3 2702 2703 2704
3 2705 2706 2707
3 2708 2709 2710
3 2711 2712 2713
3 2714 2715 2716
3 2717 2718 2719
3 2720 2721 2722
3 2723 2724 2725
3 2726 2727 2728
3 2729 2730 2731
3 2732 2733 2734
3 2735 2736 2737
3 2738 2739 2740
3 2741 2742 2743
3 2744 2745 2746
3 2747 2748 2749
3 2750 2751 2752
3 2753 2754 2755
3 2756 2757 2758
3 2759 2760 2761
3 2762 2763 2764
3 2765 2766 2767
3 2768 2769 2770
3 2771 2772 2773
3 2774 2775 2776
3 2777 2778 2779
3 2780 2781 2782
3 2783 2784 2785
3 2786 2787 2788
3 2789 2790 2791
3 2792 2793 2794
3 2795 2796 2797
3 2798 2799 2800
3 2801 2802 2803
3 2804 2805 2806
3 2807 2808 2809
3 2810 2811 2812
3 2813 2814 2815
3 2816 2817 2818
3 2819 2820 2821
3 2822 2823 2824
3 2825 2826 2827
3 2828 2829 2830
3 2831 2832 2833
3 2834 2835 2836
3 2837 2838 2839
3 2840 2841 2842
3 2843 2844 2845
3 2846 2847 2848
3 2849 2850 2851
3 2852 2853 2854
3 2855 2856 2857
3 2858 2859 2860
3 2861 2862 2863
3 2864 2865 2866
3 2867 2868 2869
3 2870 2871 2872
3 2873 2874 2875
3 2876 2877 2878
3 2879 2880 2881
3 2882 2883 2884
3 2885 2886 2887
3 2888 2889 2890
3 2891 2892 2893
3 2894 2895 2896
3 2897 2898 2899
3 2900 2901 2902
3 2903 2904 2905
3 2906 2907 2908
3 2909 2910 2911
3 2912 2913 2914
3 2915 2916 2917
3 2918 2919 2920
3 2921 2922 2923
3 2924 2925 2926
3 2927 2928 2929
3 2930 2931 2932
3 2933 2934 2935
3 2936 2937 2938
3 2939 2940 2941
3 2942 2943 2944
3 2945 2946 2947
3 2948 2949 2950
3 2951 2952 2953
3 2954 2955 2956
3 2957 2958 2959
3 2960 2961 2962
3 2963 2964 2965
3 2966 2967 2968
3 2969 2970 2971
3 2972 2973 2974
3 2975 2976 2977
3 2978 2979 2980
3 2981 2982 2983
3 2984 2985 2986
3 2987 2988 2989
3 2990 2991 2992
3 2993 2994 2995
3 2996 2997 2998
3 2999 3000 3001
3 3002 3003 3004
3 3005 3006 3007
3 3008 3009 3010
3 3011 3012 3013
3 3014 3015 3016
3 3017 3018 3019
3 3020 3021 3022
3 3023 3024 3025
3 3026 3027 3028
3 3029 3030 3031
3 3032 3033 3034
3 3035 3036 3037
3 3038 3039 3040
3 3041 3042 3043
3 3044 3045 3046
3 3047 3048 3049
3 3050 3051 3052
3 3053 3054 3055
3 3056 3057 3058
3 3059 3060 3061
3 3062 3063 3064
3 3065 3066 3067
3 3068 3069 3070
3 3071 3072 3073
3 3074 3075 3076
3 3077 3078 3079
3 3080 3081 3082
3 3083 3084 3085
3 3086 3087 3088
3 3089 3090 3091
3 3092 3093 3094
3 3095 3096 3097
3 3098 3099 3100
3 3101 3102 3103
3 3104 3105 3106
3 3107 3108 3109
3 3110 3111 3112
3 3113 3114 3115
3 3116 3117 3118
3 3119 3120 3121
3 3122 3123 3124
3 3125 3126 3127
3 3128 3129 3130
3 3131 3132 3133
3 3134 3135 3136
3 3137 3138 3139
3 3140 3141 3142
3 3143 3144 3145
3 3146 3147 3148
3 3149 3150 3151
3 3152 3153 3154
3 3155 3156 3157
3 3158 3159 3160
3 3161 3162 3163
3 3164 3165 3166
3 3167 3168 3169
3 3170 3171 3172
3 3173 3174 3175
3 3176 3177 3178
3 3179 3180 3181
3 3182 3183 3184
3 3185 3186 3187
3 3188 3189 3190
3 3191 3192 3193
3 3194 3195 3196
3 3197 3198 3199
3 3200 3201 3202
3 3203 3204 3205
3 3206 3207 3208
3 3209 3210 3211
3 3212 3213 3214
3 3215 3216 3217
3 3218 3219 3220
3 3221 3222 3223
3 3224 3225 3226
3 3227 3228 3229
3 3230 3231 3232
3 3233 3234 3235
3 3236 3237 3238
3 3239 3240 3241
3 3242 3243 3244
3 3245 3246 3247
3 3248 3249 3250
3 3251 3252 3253
3 3254 3255 3256
3 3257 3258 3259
3 3260 3261 3262
3 3263 3264 3265
3 3266 3267 3268
3 3269 3270 3271
3 3272 3273 3274
3 3275 3276 3277
3 3278 3279 3280
3 3281 3282 3283
3 3284 3285 3286
3 3287 3288 3289
3 3290 3291 3292
3 3293 3294 3295
3 3296 3297 3298
3 3299 3300 3301
3 3302 3303 3304
3 3305 3306 3307
3 3308 3309 3310
3 3311 3312 3313
3 3314 3315 3316
3 3317 3318 3319
3 3320 3321 3322
3 3323 3324 3325
3 3326 3327 3328
3 3329 3330 3331
3 3332 3333 3334
3 3335 3336 3337
3 3338 3339 3340
3 3341 3342 3343
3 3344 3345 3346
3 3347 3348 3349
3 3350 3351 3352
3 3353 3354 3355
3 3356 3357 3358
3 3359 3360 3361
3 3362 3363 3364
3 3365 3366 3367
3 3368 3369 3370
3 3371 3372 3373
3 3374 3375 3376
3 3377 3378 3379
3 3380 3381 3382
3 3383 3384 3385
3 3386 3387 3388
3 3389 3390 3391
3 3392 3393 3394
3 3395 3396 3397
3 3398 3399 3400
3 3401 3402 3403
3 3404 3405 3406
3 3407 3408 3409
3 3410 3411 3412
3 3413 3414 3415
3 3416 3417 3418
3 3419 3420 3421
3 3422 3423 3424
3 3425 3426 3427
3 3428 3429 3430
3 3431 3432 3433
3 3434 3435 3436
3 3437 3438 3439
3 3440 3441 3442
3 3443 3444 3445
3 3446 3447 3448
3 3449 3450 3451
3 3452 3453 3454
3 3455 3456 3457
3 3458 3459 3460
3 3461 3462 3463
3 3464 3465 3466
3 3467 3468 3469
3 3470 3471 3472
3 3473 3474 3475
3 3476 3477 3478
3 3479 3480 3481
3 3482 3483 3484
3 3485 3486 3487
3 3488 3489 3490
3 3491 3492 3493
3 3494 3495 3496
3 3497 3498 3499
3 3500 3501 3502
3 3503 3504 3505
3 3506 3507 3508
3 3509 3510 3511
3 3512 3513 3514
3 3515 3516 3517
3 3518 3519 3520
3 3521 3522 3523
3 3524 3525 3526
3 3527 3528 3529
3 3530 3531 3532
3 3533 3534 3535
3 3536 3537 3538
3 3539 3540 3541
3 3542 3543 3544
3 3545 3546 3547
3 3548 3549 3550
3 3551 3552 3553
3 3554 3555 3556
3 3557 3558 3559
3 3560 3561 3562
3 3563 3564 3565
3 3566 3567 3568
3 3569 3570 3571
3 3572 3573 3574
3 3575 3576 3577
3 3578 3579 3580
3 3581 3582 3583
3 3584 3585 3586
3 3587 3588 3589
3 3590 3591 3592
3 3593 3594 3595
3 3596 3597 3598
3 3599 3600 3601
3 3602 3603 3604
3 3605 3606 3607
3 3608 3609 3610
3 3611 3612 3613
3 3614 3615 3616
3 3617 3618 3619
3 3620 3621 3622
3 3623 3624 3625
3 3626 3627 3628
3 3629 3630 3631
3 3632 3633 3634
3 3635 3636 3637
3 3638 3639 3640
3 3641 3642 3643
3 3644 3645 3646
3 3647 3648 3649
3 3650 3651 3652
3 3653 3654 3655
3 3656 3657 3658
3 3659 3660 3661
3 3662 3663 3664
3 3665 3666 3667
3 3668 3669 3670
3 3671 3672 3673
3 3674 3675 3676
3 3677 3678 3679
3 3680 3681 3682
3 3683 3684 3685
3 3686 3687 3688
3 3689 3690 3691
3 3692 3693 3694
3 3695 3696 3697
3 3698 3699 3700
3 3701 3702 3703
3 3704 3705 3706
3 3707 3708 3709
3 3710 3711 3712
3 3713 3714 3715
3 3716 3717 3718
3 3719 3720 3721
3 3722 3723 3724
3 3725 3726 3727
3 3728 3729 3730
3 3731 3732 3733
3 3734 3735 3736
3 3737 3738 3739
3 3740 3741 3742
3 3743 3744 3745
3 3746 3747 3748
3 3749 3750 3751
3 3752 3753 3754
3 3755 3756 3757
3 3758 3759 3760
3 3761 3762 3763
3 3764 3765 3766
3 3767 3768 3769
3 3770 3771 3772
3 3773 3774 3775
3 3776 3777 3778
3 3779 3780 3781
3 3782 3783 3784
3 3785 3786 3787
3 3788 3789 3790
3 3791 3792 3793
3 3794 3795 3796
3 3797 3798 3799
3 3800 3801 3802
3 3803 3804 3805
3 3806 3807 3808
3 3809 3810 3811
3 3812 3813 3814
3 3815 3816 3817
3 3818 3819 3820
3 3821 3822 3823
3 3824 3825 3826
3 3827 3828 3829
3 3830 3831 3832
3 3833 3834 3835
3 3836 3837 3838
3 3839 3840 3841
3 3842 3843 3844
3 3845 3846 3847
3 3848 3849 3850
3 3851 3852 3853
3 3854 3855 3856
3 3857 3858 3859
3 3860 3861 3862
3 3863 3864 3865
3 3866 3867 3868
3 3869 3870 3871
3 3872 3873 3874
3 3875 3876 3877
3 3878 3879 3880
3 3881 3882 3883
3 3884 3885 3886
3 3887 3888 3889
3 3890 3891 3892
3 3893 3894 3895
3 3896 3897 3898
3 3899 3900 3901
3 3902 3903 3904
3 3905 3906 3907
3 3908 3909 3910
3 3911 3912 3913
3 3914 3915 3916
3 3917 3918 3919
3 3920 3921 3922
3 3923 3924 3925
3 3926 3927 3928
3 3929 3930 3931
3 3932 3933 3934
3 3935 3936 3937
3 3938 3939 3940
3 3941 3942 3943
3 3944 3945 3946
3 3947 3948 3949
3 3950 3951 3952
3 3953 3954 3955
3 3956 3957 3958
3 3959 3960 3961
3 3962 3963 3964
3 3965 3966 3967
3 3968 3969 3970
3 3971 3972 3973
3 3974 3975 3976
3 3977 3978 3979
3 3980 3981 3982
3 3983 3984 3985
3 3986 3987 3988
3 3989 3990 3991
3 3992 3993 3994
3 3995 3996 3997
3 3998 3999 4000
3 4001 4002 4003
3 4004 4005 4006
3 4007 4008 4009
3 4010 4011 4012
3 4013 4014 4015
3 4016 4017 4018
3 4019 4020 4021
3 4022 4023 4024
3 4025 4026 4027
3 4028 4029 4030
3 4031 4032 4033
3 4034 4035 4036
3 4037 4038 4039
3 4040 4041 4042
3 4043 4044 4045
3 4046 4047 4048
3 4049 4050 4051
3 4052 4053 4054
3 4055 4056 4057
3 4058 4059 4060
3 4061 4062 4063
3 4064 4065 4066
3 4067 4068 4069
3 4070 4071 4072
3 4073 4074 4075
3 4076 4077 4078
3 4079 4080 4081
3 4082 4083 4084
3 4085 4086 4087
3 4088 4089 4090
3 4091 4092 4093
3 4094 4095 4096
3 4097 4098 4099
3 4100 4101 4102
3 4103 4104 4105
3 4106 4107 4108
3 4109 4110 4111
3 4112 4113 4114
3 4115 4116 4117
3 4118 4119 4120
3 4121 4122 4123
3 4124 4125 4126
3 4127 4128 4129
3 4130 4131 4132
3 4133 4134 4135
3 4136 4137 4138
3 4139 4140 4141
3 4142 4143 4144
3 4145 4146 4147
3 4148 4149 4150
3 4151 4152 4153
3 4154 4155 4156
3 4157 4158 4159
3 4160 4161 4162
3 4163 4164 4165
3 4166 4167 4168
3 4169 4170 4171
3 4172 4173 4174
3 4175 4176 4177
3 4178 4179 4180
3 4181 4182 4183
3 4184 4185 4186
3 4187 4188 4189
3 4190 4191 4192
3 4193 4194 4195
3 4196 4197 4198
3 4199 4200 4201
3 4202 4203 4204
3 4205 4206 4207
3 4208 4209 4210
3 4211 4212 4213
3 4214 4215 4216
3 4217 4218 4219
3 4220 4221 4222
3 4223 4224 4225
3 4226 4227 4228
3 4229 4230 4231
3 4232 4233 4234
3 4235 4236 4237
3 4238 4239 4240
3 4241 4242 4243
3 4244 4245 4246
3 4247 4248 4249
3 4250 4251 4252
3 4253 4254 4255
3 4256 4257 4258
3 4259 4260 4261
3 4262 4263 4264
3 4265 4266 4267
3 4268 4269 4270
3 4271 4272 4273
3 4274 4275 4276
3 4277 4278 4279
3 4280 4281 4282
3 4283 4284 4285
3 4286 4287 4288
3 4289 4290 4291
3 4292 4293 4294
3 4295 4296 4297
3 4298 4299 4300
3 4301 4302 4303
3 4304 4305 4306
3 4307 4308 4309
3 4310 4311 4312
3 4313 4314 4315
3 4316 4317 4318
3 4319 4320 4321
3 4322 4323 4324
3 4325 4326 4327
3 4328 4329 4330
3 4331 4332 4333
3 4334 4335 4336
3 4337 4338 4339
3 4340 4341 4342
3 4343 4344 4345
3 4346 4347 4348
3 4349 4350 4351
3 4352 4353 4354
3 4355 4356 4357
3 4358 4359 4360
3 4361 4362 4363
3 4364 4365 4366
3 4367 4368 4369
3 4370 4371 4372
3 4373 4374 4375
3 4376 4377 4378
3 4379 4380 4381
3 4382 4383 4384
3 4385 4386 4387
3 4388 4389 4390
3 4391 4392 4393
3 4394 4395 4396
3 4397 4398 4399
3 4400 4401 4402
3 4403 4404 4405
3 4406 4407 4408
3 4409 4410 4411
3 4412 4413 4414
3 4415 4416 4417
3 4418 4419 4420
3 4421 4422 4423
3 4424 4425 4426
3 4427 4428 4429
3 4430 4431 4432
3 4433 4434 4435
3 4436 4437 4438
3 4439 4440 4441
3 4442 4443 4444
3 4445 4446 4447
3 4448 4449 4450
3 4451 4452 4453
3 4454 4455 4456
3 4457 4458 4459
3 4460 4461 4462
3 4463 4464 4465
3 4466 4467 4468
3 4469 4470 4471
3 4472 4473 4474
3 4475 4476 4477
3 4478 4479 4480
3 4481 4482 4483
3 4484 4485 4486
3 4487 4488 4489
3 4490 4491 4492
3 4493 4494 4495
3 4496 4497 4498
3 4499 4500 4501
3 4502 4503 4504
3 4505 4506 4507
3 4508 4509 4510
3 4511 4512 4513
3 4514 4515 4516
3 4517 4518 4519
3 4520 4521 4522
3 4523 4524 4525
3 4526 4527 4528
3 4529 4530 4531
3 4532 4533 4534
3 4535 4536 4537
3 4538 4539 4540
3 4541 4542 4543
3 4544 4545 4546
3 4547 4548 4549
3 4550 4551 4552
3 4553 4554 4555
3 4556 4557 4558
3 4559 4560 4561
3 4562 4563 4564
3 4565 4566 4567
3 4568 4569 4570
3 4571 4572 4573
3 4574 4575 4576
3 4577 4578 4579
3 4580 4581 4582
3 4583 4584 4585
3 4586 4587 4588
3 4589 4590 4591
3 4592 4593 4594
3 4595 4596 4597
3 4598 4599 4600
3 4601 4602 4603
3 4604 4605 4606
3 4607 4608 4609
3 4610 4611 4612
3 4613 4614 4615
3 4616 4617 4618
3 4619 4620 4621
3 4622 4623 4624
3 4625 4626 4627
3 4628 4629 4630
3 4631 4632 4633
3 4634 4635 4636
3 4637 4638 4639
3 4640 4641 4642
3 4643 4644 4645
3 4646 4647 4648
3 4649 4650 4651
3 4652 4653 4654
3 4655 4656 4657
3 4658 4659 4660
3 4661 4662 4663
3 4664 4665 4666
3 4667 4668 4669
3 4670 4671 4672
3 4673 4674 4675
3 4676 4677 4678
3 4679 4680 4681
3 4682 4683 4684
3 4685 4686 4687
3 4688 4689 4690
3 4691 4692 4693
3 4694 4695 4696
3 4697 4698 4699
3 4700 4701 4702
3 4703 4704 4705
3 4706 4707 4708
3 4709 4710 4711
3 4712 4713 4714
3 4715 4716 4717
3 4718 4719 4720
3 4721 4722 4723
3 4724 4725 4726
3 4727 4728 4729
3 4730 4731 4732
3 4733 4734 4735
3 4736 4737 4738
3 4739 4740 4741
3 4742 4743 4744
3 4745 4746 4747
3 4748 4749 4750
3 4751 4752 4753
3 4754 4755 4756
3 4757 4758 4759
3 4760 4761 4762
3 4763 4764 4765
3 4766 4767 4768
3 4769 4770 4771
3 4772 4773 4774
3 4775 4776 4777
3 4778 4779 4780
3 4781 4782 4783
3 4784 4785 4786
3 4787 4788 4789
3 4790 4791 4792
3 4793 4794 4795
3 4796 4797 4798
3 4799 4800 4801
3 4802 4803 4804
3 4805 4806 4807
3 4808 4809 4810
3 4811 4812 4813
3 4814 4815 4816
3 4817 4818 4819
3 4820 4821 4822
3 4823 4824 4825
3 4826 4827 4828
3 4829 4830 4831
3 4832 4833 4834
3 4835 4836 4837
3 4838 4839 4840
3 4841 4842 4843
3 4844 4845 4846
3 4847 4848 4849
3 4850 4851 4852
3 4853 4854 4855
3 4856 4857 4858
3 4859 4860 4861
3 4862 4863 4864
3 4865 4866 4867
3 4868 4869 4870
3 4871 4872 4873
3 4874 4875 4876
3 4877 4878 4879
3 4880 4881 4882
3 4883 4884 4885
3 4886 4887 4888
3 4889 4890 4891
3 4892 4893 4894
3 4895 4896 4897
3 4898 4899 4900
3 4901 4902 4903
3 4904 4905 4906
3 4907 4908 4909
3 4910 4911 4912
3 4913 4914 4915
3 4916 4917 4918
3 4919 4920 4921
3 4922 4923 4924
3 4925 4926 4927
3 4928 4929 4930
3 4931 4932 4933
3 4934 4935 4936
3 4937 4938 4939
3 4940 4941 4942
3 4943 4944 4945
3 4946 4947 4948
3 4949 4950 4951
3 4952 4953 4954
3 4955 4956 4957
3 4958 4959 4960
3 4961 4962 4963
3 4964 4965 4966
3 4967 4968 4969
3 4970 4971 4972
3 4973 4974 4975
3 4976 4977 4978
3 4979 4980 4981
3 4982 4983 4984
3 4985 4986 4987
3 4988 4989 4990
3 4991 4992 4993
3 4994 4995 4996
3 4997 4998 4999
3 5000 5001 5002
3 5003 5004 5005
3 5006 5007 5008
3 5009 5010 5011
3 5012 5013 5014
3 5015 5016 5017
3 5018 5019 5020
3 5021 5022 5023
3 5024 5025 5026
3 5027 5028 5029
3 5030 5031 5032
3 5033 5034 5035
3 5036 5037 5038
3 5039 5040 5041
3 5042 5043 5044
3 5045 5046 5047
3 5048 5049 5050
3 5051 5052 5053
3 5054 5055 5056
3 5057 5058 5059
3 5060 5061 5062
3 5063 5064 5065
3 5066 5067 5068
3 5069 5070 5071
3 5072 5073 5074
3 5075 5076 5077
3 5078 5079 5080
3 5081 5082 5083
3 5084 5085 5086
3 5087 5088 5089
3 5090 5091 5092
3 5093 5094 5095
3 5096 5097 5098
3 5099 5100 5101
3 5102 5103 5104
3 5105 5106 5107
3 5108 5109 5110
3 5111 5112 5113
3 5114 5115 5116
3 5117 5118 5119
3 5120 5121 5122
3 5123 5124 5125
3 5126 5127 5128
3 5129 5130 5131
3 5132 5133 5134
3 5135 5136 5137
3 5138 5139 5140
3 5141 5142 5143
3 5144 5145 5146
3 5147 5148 5149
3 5150 5151 5152
3 5153 5154 5155
3 5156 5157 5158
3 5159 5160 5161
3 5162 5163 5164
3 5165 5166 5167
3 5168 5169 5170
3 5171 5172 5173
3 5174 5175 5176
3 5177 5178 5179
3 5180 5181 5182
3 5183 5184 5185
3 5186 5187 5188
3 5189 5190 5191
3 5192 5193 5194
3 5195 5196 5197
3 5198 5199 5200
3 5201 5202 5203
3 5204 5205 5206
3 5207 5208 5209
3 5210 5211 5212
3 5213 5214 5215
3 5216 5217 5218
3 5219 5220 5221
3 5222 5223 5224
3 5225 5226 5227
3 5228 5229 5230
3 5231 5232 5233
3 5234 5235 5236
3 5237 5238 5239
3 5240 5241 5242
3 5243 5244 5245
3 5246 5247 5248
3 5249 5250 5251
3 5252 5253 5254
3 5255 5256 5257
3 5258 5259 5260
3 5261 5262 5263
3 5264 5265 5266
3 5267 5268 5269
3 5270 5271 5272
3 5273 5274 5275
3 5276 5277 5278
3 5279 5280 5281
3 5282 5283 5284
3 5285 5286 5287
3 5288 5289 5290
3 5291 5292 5293
3 5294 5295 5296
3 5297 5298 5299
3 5300 5301 5302
3 5303 5304 5305
3 5306 5307 5308
3 5309 5310 5311
3 5312 5313 5314
3 5315 5316 5317
3 5318 5319 5320
3 5321 5322 5323
3 5324 5325 5326
3 5327 5328 5329
3 5330 5331 5332
3 5333 5334 5335
3 5336 5337 5338
3 5339 5340 5341
3 5342 5343 5344
3 5345 5346 5347
3 5348 5349 5350
3 5351 5352 5353
3 5354 5355 5356
3 5357 5358 5359
3 5360 5361 5362
3 5363 5364 5365
3 5366 5367 5368
3 5369 5370 5371
3 5372 5373 5374
3 5375 5376 5377
3 5378 5379 5380
3 5381 5382 5383
3 5384 5385 5386
3 5387 5388 5389
3 5390 5391 5392
3 5393 5394 5395
3 5396 5397 5398
3 5399 5400 5401
3 5402 5403 5404
3 5405 5406 5407
3 5408 5409 5410
3 5411 5412 5413
3 5414 5415 5416
3 5417 5418 5419
3 5420 5421 5422
3 5423 5424 5425
3 5426 5427 5428
3 5429 5430 5431
3 5432 5433 5434
3 5435 5436 5437
3 5438 5439 5440
3 5441 5442 5443
3 5444 5445 5446
3 5447 5448 5449
3 5450 5451 5452
3 5453 5454 5455
3 5456 5457 5458
3 5459 5460 5461
3 5462 5463 5464
3 5465 5466 5467
3 5468 5469 5470
3 5471 5472 5473
3 5474 5475 5476
3 5477 5478 5479
3 5480 5481 5482
3 5483 5484 5485
3 5486 5487 5488
3 5489 5490 5491
3 5492 5493 5494
3 5495 5496 5497
3 5498 5499 5500
3 5501 5502 5503
3 5504 5505 5506
3 5507 5508 5509
3 5510 5511 5512
3 5513 5514 5515
3 5516 5517 5518
3 5519 5520 5521
3 5522 5523 5524
3 5525 5526 5527
3 5528 5529 5530
3 5531 5532 5533
3 5534 5535 5536
3 5537 5538 5539
3 5540 5541 5542
3 5543 5544 5545
3 5546 5547 5548
3 5549 5550 5551
3 5552 5553 5554
3 5555 5556 5557
3 5558 5559 5560
3 5561 5562 5563
3 5564 5565 5566
3 5567 5568 5569
3 5570 5571 5572
3 5573 5574 5575
3 5576 5577 5578
3 5579 5580 5581
3 5582 5583 5584
3 5585 5586 5587
3 5588 5589 5590
3 5591 5592 5593
3 5594 5595 5596
3 5597 5598 5599
3 5600 5601 5602
3 5603 5604 5605
3 5606 5607 5608
3 5609 5610 5611
3 5612 5613 5614
3 5615 5616 5617
3 5618 5619 5620
3 5621 5622 5623
3 5624 5625 5626
3 5627 5628 5629
3 5630 5631 5632
3 5633 5634 5635
3 5636 5637 5638
3 5639 5640 5641
3 5642 5643 5644
3 5645 5646 5647
3 5648 5649 5650
3 5651 5652 5653
3 5654 5655 5656
3 5657 5658 5659
3 5660 5661 5662
3 5663 5664 5665
3 5666 5667 5668
3 5669 5670 5671
3 5672 5673 5674
3 5675 5676 5677
3 5678 5679 5680
3 5681 5682 5683
3 5684 5685 5686
3 5687 5688 5689
3 5690 5691 5692
3 5693 5694 5695
3 5696 5697 5698
3 5699 5700 5701
3 5702 5703 5704
3 5705 5706 5707
3 5708 5709 5710
3 5711 5712 5713
3 5714 5715 5716
3 5717 5718 5719
3 5720 5721 5722
3 5723 5724 5725
3 5726 5727 5728
3 5729 5730 5731
3 5732 5733 5734
3 5735 5736 5737
3 5738 5739 5740
3 5741 5742 5743
3 5744 5745 5746
3 5747 5748 5749
3 5750 5751 5752
3 5753 5754 5755
3 5756 5757 5758
3 5759 5760 5761
3 5762 5763 5764
3 5765 5766 5767
3 5768 5769 5770
3 5771 5772 5773
3 5774 5775 5776
3 5777 5778 5779
3 5780 5781 5782
3 5783 5784 5785
3 5786 5787 5788
3 5789 5790 5791
3 5792 5793 5794
3 5795 5796 5797
3 5798 5799 5800
3 5801 5802 5803
3 5804 5805 5806
3 5807 5808 5809
3 5810 5811 5812
3 5813 5814 5815
3 5816 5817 5818
3 5819 5820 5821
3 5822 5823 5824
3 5825 5826 5827
3 5828 5829 5830
3 5831 5832 5833
3 5834 5835 5836
3 5837 5838 5839
3 5840 5841 5842
3 5843 5844 5845
3 5846 5847 5848
3 5849 5850 5851
3 5852 5853 5854
3 5855 5856 5857
3 5858 5859 5860
3 5861 5862 5863
3 5864 5865 5866
3 5867 5868 5869
3 5870 5871 5872
3 5873 5874 5875
3 5876 5877 5878
3 5879 5880 5881
3 5882 5883 5884
3 5885 5886 5887
3 5888 5889 5890
3 5891 5892 5893
3 5894 5895 5896
3 5897 5898 5899
3 5900 5901 5902
3 5903 5904 5905
3 5906 5907 5908
3 5909 5910 5911
3 5912 5913 5914
3 5915 5916 5917
3 5918 5919 5920
3 5921 5922 5923
3 5924 5925 5926
3 5927 5928 5929
3 5930 5931 5932
3 5933 5934 5935
3 5936 5937 5938
3 5939 5940 5941
3 5942 5943 5944
3 5945 5946 5947
3 5948 5949 5950
3 5951 5952 5953
3 5954 5955 5956
3 5957 5958 5959
3 5960 5961 5962
3 5963 5964 5965
3 5966 5967 5968
3 5969 5970 5971
3 5972 5973 5974
3 5975 5976 5977
3 5978 5979 5980
3 5981 5982 5983
3 5984 5985 5986
3 5987 5988 5989
3 5990 5991 5992
3 5993 5994 5995
3 5996 5997 5998
3 5999 6000 6001
3 6002 6003 6004
3 6005 6006 6007
3 6008 6009 6010
3 6011 6012 6013
3 6014 6015 6016
3 6017 6018 6019
3 6020 6021 6022
3 6023 6024 6025
3 6026 6027 6028
3 6029 6030 6031
3 6032 6033 6034
3 6035 6036 6037
3 6038 6039 6040
3 6041 6042 6043
3 6044 6045 6046
3 6047 6048 6049
3 6050 6051 6052
3 6053 6054 6055
3 6056 6057 6058
3 6059 6060 6061
3 6062 6063 6064
3 6065 6066 6067
3 6068 6069 6070
3 6071 6072 6073
3 6074 6075 6076
3 6077 6078 6079
3 6080 6081 6082
3 6083 6084 6085
3 6086 6087 6088
3 6089 6090 6091
3 6092 6093 6094
3 6095 6096 6097
3 6098 6099 6100
3 6101 6102 6103
3 6104 6105 6106
3 6107 6108 6109
3 6110 6111 6112
3 6113 6114 6115
3 6116 6117 6118
3 6119 6120 6121
3 6122 6123 6124
3 6125 6126 6127
3 6128 6129 6130
3 6131 6132 6133
3 6134 6135 6136
3 6137 6138 6139
3 6140 6141 6142
3 6143 6144 6145
3 6146 6147 6148
3 6149 6150 6151
3 6152 6153 6154
3 6155 6156 6157
3 6158 6159 6160
3 6161 6162 6163
3 6164 6165 6166
3 6167 6168 6169
3 6170 6171 6172
3 6173 6174 6175
3 6176 6177 6178
3 6179 6180 6181
3 6182 6183 6184
3 6185 6186 6187
3 6188 6189 6190
3 6191 6192 6193
3 6194 6195 6196
3 6197 6198 6199
3 6200 6201 6202
3 6203 6204 6205
3 6206 6207 6208
3 6209 6210 6211
3 6212 6213 6214
3 6215 6216 6217
3 6218 6219 6220
3 6221 6222 6223
3 6224 6225 6226
3 6227 6228 6229
3 6230 6231 6232
3 6233 6234 6235
3 6236 6237 6238
3 6239 6240 6241
3 6242 6243 6244
3 6245 6246 6247
3 6248 6249 6250
3 6251 6252 6253
3 6254 6255 6256
3 6257 6258 6259
3 6260 6261 6262
3 6263 6264 6265
3 6266 6267 6268
3 6269 6270 6271
3 6272 6273 6274
3 6275 6276 6277
3 6278 6279 6280
3 6281 6282 6283
3 6284 6285 6286
3 6287 6288 6289
3 6290 6291 6292
3 6293 6294 6295
3 6296 6297 6298
3 6299 6300 6301
3 6302 6303 6304
3 6305 6306 6307
3 6308 6309 6310
3 6311 6312 6313
3 6314 6315 6316
3 6317 6318 6319
3 6320 6321 6322
3 6323 6324 6325
3 6326 6327 6328
3 6329 6330 6331
3 6332 6333 6334
3 6335 6336 6337
3 6338 6339 6340
3 6341 6342 6343
3 6344 6345 6346
3 6347 6348 6349
3 6350 6351 6352
3 6353 6354 6355
3 6356 6357 6358
3 6359 6360 6361
3 6362 6363 6364
3 6365 6366 6367
3 6368 6369 6370
3 6371 6372 6373
3 6374 6375 6376
3 6377 6378 6379
3 6380 6381 6382
3 6383 6384 6385
3 6386 6387 6388
3 6389 6390 6391
3 6392 6393 6394
3 6395 6396 6397
3 6398 6399 6400
3 6401 6402 6403
3 6404 6405 6406
3 6407 6408 6409
3 6410 6411 6412
3 6413 6414 6415
3 6416 6417 6418
3 6419 6420 6421
3 6422 6423 6424
3 6425 6426 6427
3 6428 6429 6430
3 6431 6432 6433
3 6434 6435 6436
3 6437 6438 6439
3 6440 6441 6442
3 6443 6444 6445
3 6446 6447 6448
3 6449 6450 6451
3 6452 6453 6454
3 6455 6456 6457
3 6458 6459 6460
3 6461 6462 6463
3 6464 6465 6466
3 6467 6468 6469
3 6470 6471 6472
3 6473 6474 6475
3 6476 6477 6478
3 6479 6480 6481
3 6482 6483 6484
3 6485 6486 6487
3 6488 6489 6490
3 6491 6492 6493
3 6494 6495 6496
3 6497 6498 6499
3 6500 6501 6502
3 6503 6504 6505
3 6506 6507 6508
3 6509 6510 6511
3 6512 6513 6514
3 6515 6516 6517
3 6518 6519 6520
3 6521 6522 6523
3 6524 6525 6526
3 6527 6528 6529
3 6530 6531 6532
3 6533 6534 6535
3 6536 6537 6538
3 6539 6540 6541
3 6542 6543 6544
3 6545 6546 6547
3 6548 6549 6550
3 6551 6552 6553
3 6554 6555 6556
3 6557 6558 6559
3 6560 6561 6562
3 6563 6564 6565
3 6566 6567 6568
3 6569 6570 6571
3 6572 6573 6574
3 6575 6576 6577
3 6578 6579 6580
3 6581 6582 6583
3 6584 6585 6586
3 6587 6588 6589
3 6590 6591 6592
3 6593 6594 6595
3 6596 6597 6598
3 6599 6600 6601
3 6602 6603 6604
3 6605 6606 6607
3 6608 6609 6610
3 6611 6612 6613
3 6614 6615 6616
3 6617 6618 6619
3 6620 6621 6622
3 6623 6624 6625
3 6626 6627 6628
3 6629 6630 6631
3 6632 6633 6634
3 6635 6636 6637
3 6638 6639 6640
3 6641 6642 6643
3 6644 6645 6646
3 6647 6648 6649
3 6650 6651 6652
3 6653 6654 6655
3 6656 6657 6658
3 6659 6660 6661
3 6662 6663 6664
3 6665 6666 6667
3 6668 6669 6670
3 6671 6672 6673
3 6674 6675 6676
3 6677 6678 6679
3 6680 6681 6682
3 6683 6684 6685
3 6686 6687 6688
3 6689 6690 6691
3 6692 6693 6694
3 6695 6696 6697
3 6698 6699 6700
3 6701 6702 6703
3 6704 6705 6706
3 6707 6708 6709
3 6710 6711 6712
3 6713 6714 6715
3 6716 6717 6718
3 6719 6720 6721
3 6722 6723 6724
3 6725 6726 6727
3 6728 6729 6730
3 6731 6732 6733
3 6734 6735 6736
3 6737 6738 6739
3 6740 6741 6742
3 6743 6744 6745
3 6746 6747 6748
3 6749 6750 6751
3 6752 6753 6754
3 6755 6756 6757
3 6758 6759 6760
3 6761 6762 6763
3 6764 6765 6766
3 6767 6768 6769
3 6770 6771 6772
3 6773 6774 6775
3 6776 6777 6778
3 6779 6780 6781
3 6782 6783 6784
3 6785 6786 6787
3 6788 6789 6790
3 6791 6792 6793
3 6794 6795 6796
3 6797 6798 6799
3 6800 6801 6802
3 6803 6804 6805
3 6806 6807 6808
3 6809 6810 6811
3 6812 6813 6814
3 6815 6816 6817
3 6818 6819 6820
3 6821 6822 6823
3 6824 6825 6826
3 6827 6828 6829
3 6830 6831 6832
3 6833 6834 6835
3 6836 6837 6838
3 6839 6840 6841
3 6842 6843 6844
3 6845 6846 6847
3 6848 6849 6850
3 6851 6852 6853
3 6854 6855 6856
3 6857 6858 6859
3 6860 6861 6862
3 6863 6864 6865
3 6866 6867 6868
3 6869 6870 6871
3 6872 6873 6874
3 6875 6876 6877
3 6878 6879 6880
3 6881 6882 6883
3 6884 6885 6886
3 6887 6888 6889
3 6890 6891 6892
3 6893 6894 6895
3 6896 6897 6898
3 6899 6900 6901
3 6902 6903 6904
3 6905 6906 6907
3 6908 6909 6910
3 6911 6912 6913
3 6914 6915 6916
3 6917 6918 6919
3 6920 6921 6922
3 6923 6924 6925
3 6926 6927 6928
3 6929 6930 6931
3 6932 6933 6934
3 6935 6936 6937
3 6938 6939 6940
3 6941 6942 6943
3 6944 6945 6946
3 6947 6948 6949
3 6950 6951 6952
3 6953 6954 6955
3 6956 6957 6958
3 6959 6960 6961
3 6962 6963 6964
3 6965 6966 6967
3 6968 6969 6970
3 6971 6972 6973
3 6974 6975 6976
3 6977 6978 6979
3 6980 6981 6982
3 6983 6984 6985
3 6986 6987 6988
3 6989 6990 6991
3 6992 6993 6994
3 6995 6996 6997
3 6998 6999 7000
3 7001 7002 7003
3 7004 7005 7006
3 7007 7008 7009
3 7010 7011 7012
3 7013 7014 7015
3 7016 7017 7018
3 7019 7020 7021
3 7022 7023 7024
3 7025 7026 7027
3 7028 7029 7030
3 7031 7032 7033
3 7034 7035 7036
3 7037 7038 7039
3 7040 7041 7042
3 7043 7044 7045
3 7046 7047 7048
3 7049 7050 7051
3 7052 7053 7054
3 7055 7056 7057
3 7058 7059 7060
3 7061 7062 7063
3 7064 7065 7066
3 7067 7068 7069
3 7070 7071 7072
3 7073 7074 7075
3 7076 7077 7078
3 7079 7080 7081
3 7082 7083 7084
3 7085 7086 7087
3 7088 7089 7090
3 7091 7092 7093
3 7094 7095 7096
3 7097 7098 7099
3 7100 7101 7102
3 7103 7104 7105
3 7106 7107 7108
3 7109 7110 7111
3 7112 7113 7114
3 7115 7116 7117
3 7118 7119 7120
3 7121 7122 7123
3 7124 7125 7126
3 7127 7128 7129
3 7130 7131 7132
3 7133 7134 7135
3 7136 7137 7138
3 7139 7140 7141
3 7142 7143 7144
3 7145 7146 7147
3 7148 7149 7150
3 7151 7152 7153
3 7154 7155 7156
3 7157 7158 7159
3 7160 7161 7162
3 7163 7164 7165
3 7166 7167 7168
3 7169 7170 7171
3 7172 7173 7174
3 7175 7176 7177
3 7178 7179 7180
3 7181 7182 7183
3 7184 7185 7186
3 7187 7188 7189
3 7190 7191 7192
3 7193 7194 7195
3 7196 7197 7198
3 7199 7200 7201
3 7202 7203 7204
3 7205 7206 7207
3 7208 7209 7210
3 7211 7212 7213
3 7214 7215 7216
3 7217 7218 7219
3 7220 7221 7222
3 7223 7224 7225
3 7226 7227 7228
3 7229 7230 7231
3 7232 7233 7234
3 7235 7236 7237
3 7238 7239 7240
3 7241 7242 7243
3 7244 7245 7246
3 7247 7248 7249
3 7250 7251 7252
3 7253 7254 7255
3 7256 7257 7258
3 7259 7260 7261
3 7262 7263 7264
3 7265 7266 7267
3 7268 7269 7270
3 7271 7272 7273
3 7274 7275 7276
3 7277 7278 7279
3 7280 7281 7282
3 7283 7284 7285
3 7286 7287 7288
3 7289 7290 7291
3 7292 7293 7294
3 7295 7296 7297
3 7298 7299 7300
3 7301 7302 7303
3 7304 7305 7306
3 7307 7308 7309
3 7310 7311 7312
3 7313 7314 7315
3 7316 7317 7318
3 7319 7320 7321
3 7322 7323 7324
3 7325 7326 7327
3 7328 7329 7330
3 7331 7332 7333
3 7334 7335 7336
3 7337 7338 7339
3 7340 7341 7342
3 7343 7344 7345
3 7346 7347 7348
3 7349 7350 7351
3 7352 7353 7354
3 7355 7356 7357
3 7358 7359 7360
3 7361 7362 7363
3 7364 7365 7366
3 7367 7368 7369
3 7370 7371 7372
3 7373 7374 7375
3 7376 7377 7378
3 7379 7380 7381
3 7382 7383 7384
3 7385 7386 7387
3 7388 7389 7390
3 7391 7392 7393
3 7394 7395 7396
3 7397 7398 7399
3 7400 7401 7402
3 7403 7404 7405
3 7406 7407 7408
3 7409 7410 7411
3 7412 7413 7414
3 7415 7416 7417
3 7418 7419 7420
3 7421 7422 7423
3 7424 7425 7426
3 7427 7428 7429
3 7430 7431 7432
3 7433 7434 7435
3 7436 7437 7438
3 7439 7440 7441
3 7442 7443 7444
3 7445 7446 7447
3 7448 7449 7450
3 7451 7452 7453
3 7454 7455 7456
3 7457 7458 7459
3 7460 7461 7462
3 7463 7464 7465
3 7466 7467 7468
3 7469 7470 7471
3 7472 7473 7474
3 7475 7476 7477
3 7478 7479 7480
3 7481 7482 7483
3 7484 7485 7486
3 7487 7488 7489
3 7490 7491 7492
3 7493 7494 7495
3 7496 7497 7498
3 7499 7500 7501
3 7502 7503 7504
3 7505 7506 7507
3 7508 7509 7510
3 7511 7512 7513
3 7514 7515 7516
3 7517 7518 7519
3 7520 7521 7522
3 7523 7524 7525
3 7526 7527 7528
3 7529 7530 7531
3 7532 7533 7534
3 7535 7536 7537
3 7538 7539 7540
3 7541 7542 7543
3 7544 7545 7546
3 7547 7548 7549
3 7550 7551 7552
3 7553 7554 7555
3 7556 7557 7558
3 7559 7560 7561
3 7562 7563 7564
3 7565 7566 7567
3 7568 7569 7570
3 7571 7572 7573
3 7574 7575 7576
3 7577 7578 7579
3 7580 7581 7582
3 7583 7584 7585
3 7586 7587 7588
3 7589 7590 7591
3 7592 7593 7594
3 7595 7596 7597
3 7598 7599 7600
3 7601 7602 7603
3 7604 7605 7606
3 7607 7608 7609
3 7610 7611 7612
3 7613 7614 7615
3 7616 7617 7618
3 7619 7620 7621
3 7622 7623 7624
3 7625 7626 7627
3 7628 7629 7630
3 7631 7632 7633
3 7634 7635 7636
3 7637 7638 7639
3 7640 7641 7642
3 7643 7644 7645
3 7646 7647 7648
3 7649 7650 7651
3 7652 7653 7654
3 7655 7656 7657
3 7658 7659 7660
3 7661 7662 7663
3 7664 7665 7666
3 7667 7668 7669
3 7670 7671 7672
3 7673 7674 7675
3 7676 7677 7678
3 7679 7680 7681
3 7682 7683 7684
3 7685 7686 7687
3 7688 7689 7690
3 7691 7692 7693
3 7694 7695 7696
3 7697 7698 7699
3 7700 7701 7702
3 7703 7704 7705
3 7706 7707 7708
3 7709 7710 7711
3 7712 7713 7714
3 7715 7716 7717
3 7718 7719 7720
3 7721 7722 7723
3 7724 7725 7726
3 7727 7728 7729
3 7730 7731 7732
3 7733 7734 7735
3 7736 7737 7738
3 7739 7740 7741
3 7742 7743 7744
3 7745 7746 7747
3 7748 7749 7750
3 7751 7752 7753
3 7754 7755 7756
3 7757 7758 7759
3 7760 7761 7762
3 7763 7764 7765
3 7766 7767 7768
3 7769 7770 7771
3 7772 7773 7774
3 7775 7776 7777
3 7778 7779 7780
3 7781 7782 7783
3 7784 7785 7786
3 7787 7788 7789
3 7790 7791 7792
3 7793 7794 7795
3 7796 7797 7798
3 7799 7800 7801
3 7802 7803 7804
3 7805 7806 7807
3 7808 7809 7810
3 7811 7812 7813
3 7814 7815 7816
3 7817 7818 7819
3 7820 7821 7822
3 7823 7824 7825
3 7826 7827 7828
3 7829 7830 7831
3 7832 7833 7834
3 7835 7836 7837
3 7838 7839 7840
3 7841 7842 7843
3 7844 7845 7846
3 7847 7848 7849
3 7850 7851 7852
3 7853 7854 7855
3 7856 7857 7858
3 7859 7860 7861
3 7862 7863 7864
3 7865 7866 7867
3 7868 7869 7870
3 7871 7872 7873
3 7874 7875 7876
3 7877 7878 7879
3 7880 7881 7882
3 7883 7884 7885
3 7886 7887 7888
3 7889 7890 7891
3 7892 7893 7894
3 7895 7896 7897
3 7898 7899 7900
3 7901 7902 7903
3 7904 7905 7906
3 7907 7908 7909
3 7910 7911 7912
3 7913 7914 7915
3 7916 7917 7918
3 7919 7920 7921
3 7922 7923 7924
3 7925 7926 7927
3 7928 7929 7930
3 7931 7932 7933
3 7934 7935 7936
3 7937 7938 7939
3 7940 7941 7942
3 7943 7944 7945
3 7946 7947 7948
3 7949 7950 7951
3 7952 7953 7954
3 7955 7956 7957
3 7958 7959 7960
3 7961 7962 7963
3 7964 7965 7966
3 7967 7968 7969
3 7970 7971 7972
3 7973 7974 7975
3 7976 7977 7978
3 7979 7980 7981
3 7982 7983 7984
3 7985 7986 7987
3 7988 7989 7990
3 7991 7992 7993
3 7994 7995 7996
3 7997 7998 7999
3 8000 8001 8002
3 8003 8004 8005
3 8006 8007 8008
3 8009 8010 8011
3 8012 8013 8014
3 8015 8016 8017
3 8018 8019 8020
3 8021 8022 8023
3 8024 8025 8026
3 8027 8028 8029
3 8030 8031 8032
3 8033 8034 8035
3 8036 8037 8038
3 8039 8040 8041
3 8042 8043 8044
3 8045 8046 8047
3 8048 8049 8050
3 8051 8052 8053
3 8054 8055 8056
3 8057 8058 8059
3 8060 8061 8062
3 8063 8064 8065
3 8066 8067 8068
3 8069 8070 8071
3 8072 8073 8074
3 8075 8076 8077
3 8078 8079 8080
3 8081 8082 8083
3 8084 8085 8086
3 8087 8088 8089
3 8090 8091 8092
3 8093 8094 8095
3 8096 8097 8098
3 8099 8100 8101
3 8102 8103 8104
3 8105 8106 8107
3 8108 8109 8110
3 8111 8112 8113
3 8114 8115 8116
3 8117 8118 8119
3 8120 8121 8122
3 8123 8124 8125
3 8126 8127 8128
3 8129 8130 8131
3 8132 8133 8134
3 8135 8136 8137
3 8138 8139 8140
3 8141 8142 8143
3 8144 8145 8146
3 8147 8148 8149
3 8150 8151 8152
3 8153 8154 8155
3 8156 8157 8158
3 8159 8160 8161
3 8162 8163 8164
3 8165 8166 8167
3 8168 8169 8170
3 8171 8172 8173
3 8174 8175 8176
3 8177 8178 8179
3 8180 8181 8182
3 8183 8184 8185
3 8186 8187 8188
3 8189 8190 8191
3 8192 8193 8194
3 8195 8196 8197
3 8198 8199 8200
3 8201 8202 8203
3 8204 8205 8206
3 8207 8208 8209
3 8210 8211 8212
3 8213 8214 8215
3 8216 8217 8218
3 8219 8220 8221
3 8222 8223 8224
3 8225 8226 8227
3 8228 8229 8230
3 8231 8232 8233
3 8234 8235 8236
3 8237 8238 8239
3 8240 8241 8242
3 8243 8244 8245
3 8246 8247 8248
3 8249 8250 8251
3 8252 8253 8254
3 8255 8256 8257
3 8258 8259 8260
3 8261 8262 8263
3 8264 8265 8266
3 8267 8268 8269
3 8270 8271 8272
3 8273 8274 8275
3 8276 8277 8278
3 8279 8280 8281
3 8282 8283 8284
3 8285 8286 8287
3 8288 8289 8290
3 8291 8292 8293
3 8294 8295 8296
3 8297 8298 8299
3 8300 8301 8302
3 8303 8304 8305
3 8306 8307 8308
3 8309 8310 8311
3 8312 8313 8314
3 8315 8316 8317
3 8318 8319 8320
3 8321 8322 8323
3 8324 8325 8326
3 8327 8328 8329
3 8330 8331 8332
3 8333 8334 8335
3 8336 8337 8338
3 8339 8340 8341
3 8342 8343 8344
3 8345 8346 8347
3 8348 8349 8350
3 8351 8352 8353
3 8354 8355 8356
3 8357 8358 8359

CELL_TYPES 2803
5
5
5
5
5
5
5
5
5
5
5
5
5
5
5
5
5
5
5
5
5
5
5
5
5
5
5
5
5
5
5
5
5
5
5
5
5
5
5
5
5
5
5
5
5
5
5
5
5
5
5
5
5
5
5
5
5
5
5
5
5
5
5
5
5
5
5
5
5
5
5
5
5
5
5
5
5
5
5
5
5
5
5
5
5
5
5
5
5
5
5
5
5
5
5
5
5
5
5
5
5
5
5
5
5
5
5
5
5
5
5
5
5
5
5
5
5
5
5
5
5
5
5
5
5
5
5
5
5
5
5
5
5
5
5
5
5
5
5
5
5
5
5
5
5
5
5
5
5
5
5
5
5
5
5
5
5
5
5
5
5
5
5
5
5
5
5
5
5
5
5
5
5
5
5
5
5
5
5
5
5
5
5
5
5
5
5
5
5
5
5
5
5
5
5
5
5
5
5
5
5
5
5
5
5
5
5
5
5
5
5
3
3
3
3
3
3
3
3
3
3
3
3
3
3
3
3
3
3
3
3
3
3
3
3
3
3
3
3
3
3
3
3
3
3
3
3
3
3
3
3
3
3
3
3
3
3
3
3
3
5
5
5
5
5
5
5
5
5
5
5
5
5
5
5
5
5
5
5
5
5
5
5
5
5
5
5
5
5
5
5
5
5
5
5
5
5
5
5
5
5
5
5
5
5
5
5
5
5
5
5
5
5
5
5
5
5
5
5
5
5
5
5
5
5
5
5
5
5
5
5
5
5
5
5
5
5
5
5
5
5
5
5
5
5
5
5
5
5
5
5
5
5
5
5
5
5
5
5
5
5
5
5
5
5
5
5
5
5
5
5
5
5
5
5
5
5
5
5
5
5
5
5
5
5
5
5
5
5
5
5
5
5
5
5
5
5
5
5
5
5
5
5
5
5
5
5
5
5
5
5
5
5
5
5
5
5
5
5
5
5
5
5
5
5
5
5
5
5
5
5
5
5
5
5
5
5
5
5
5
5
5
5
5
5
5
5
5
5
5
5
5
5
5
5
5
5
5
5
5
5
5
5
5
5
5
5
5
5
5
5
5
5
5
5
5
5
5
5
5
5
5
5
5
5
5
5
5
5
5
5
5
5
5
5
5
5
5
5
5
5
5
5
5
5
5
5
5
5
5
5
5
5
5
5
5
5
5
5
5
5
5
5
5
5
5
5
5
5
5
5
5
5
5
5
5
5
5
5
5
5
5
5
5
5
5
5
5
5
5
5
5
5
5
5
5
5
5
5
5
5
5
5
5
5
5
5
5
5
5
5
5
5
5
5
5
5
5
5
5
5
5
5
5
5
5
5
5
5
5
5
5
5
5
5
5
5
5
5
5
5
5
5
5
5
5
5
5
5
5
5
5
5
5
5
5
5
5
5
5
5
5
5
5
5
5
5
5
5
5
5
5
5
5
5
5
5
5
5
5
5
5
5
5
5
5
5
5
5
5
5
5
5
5
5
5
5
5
5
5
5
5
5
5
5
5
5
5
5
5
5
5
5
5
5
5
5
5
5
5
5
5
5
5
5
5
5
5
5
5
5
5
5
5
5
5
5
5
5
5
5
5
5
5
5
5
5
5
5
5
5
5
5
5
5
5
5
5
5
5
5
5
5
5
5
5
5
5
5
5
5
5
5
5
5
5
5
5
5
5
5
5
5
5
5
5
5
5
5
5
5
5
5
5
5
5
5
5
5
5
5
5
5
5
5
5
5
5
5
5
5
5
5
5
5
5
5
5
5
5
5
5
5
5
5
5
5
5
5
5
5
5
5
5
5
5
5
5
5
5
5
5
5
5
5
5
5
5
5
5
5
5
5
5
5
5
5
5
5
5
5
5
5
5
5
5
5
5
5
5
5
5
5
5
5
5
5
5
5
5
5
5
5
5
5
5
5
5
5
5
5
5
5
5
5
5
5
5
5
5
5
5
5
5
5
5
5
5
5
5
5
5
5
5
5
5
5
5
5
5
5
5
5
5
5
5
5
5
5
5
5
5
5
5
5
5
5
5
5
5
5
5
5
5
5
5
5
5
5
5
5
5
5
5
5
5
5
5
5
5
5
5
5
5
5
5
5
5
5
5
5
5
5
5
5
5
5
5
5
5
5
5
5
5
5
5
5
5
5
5
5
5
5
5
5
5
5
5
5
5
5
5
5
5
5
5
5
5
5
5
5
5
5
5
5
5
5
5
5
5
5
5
5
5
5
5
5
5
5
5
5
5
5
5
5
5
5
5
5
5
5
5
5
5
5
5
5
5
5
5
5
5
5
5
5
5
5
5
5
5
5
5
5
5
5
5
5
5
5
5
5
5
5
5
5
5
5
5
5
5
5
5
5
5
5
5
5
5
5
5
5
5
5
5
5
5
5
5
5
5
5
5
5
5
5
5
5
5
5
5
5
5
5
5
5
5
5
5
5
5
5
5
5
5
5
5
5
5
5
5
5
5
5
5
5
5
5
5
5
5
5
5
5
5
5
5
5
5
5
5
5
5
5
5
5
5
5
5
5
5
5
5
5
5
5
5
5
5
5
5
5
5
5
5
5
5
5
5
5
5
5
5
5
5
5
5
5
5
5
5
5
5
5
5
5
5
5
5
5
5
5
5
5
5
5
5
5
5
5
5
5
5
5
5
5
5
5
5
5
5
5
5
5
5
5
5
5
5
5
5
5
5
5
5
5
5
5
5
5
5
5
5
5
5
5
5
5
5
5
5
5
5
5
5
5
5
5
5
5
5
5
5
5
5
5
5
5
5
5
5
5
5
5
5
5
5
5
5
5
5
5
5
5
5
5
5
5
5
5
5
5
5
5
5
5
5
5
5
5
5
5
5
5
5
5
5
5
5
5
5
5
5
5
5
5
5
5
5
5
5
5
5
5
5
5
5
5
5
5
5
5
5
5
5
5
5
5
5
5
5
5
5
5
5
5
5
5
5
5
5
5
5
5
5
5
5
5
5
5
5
5
5
5
5
5
5
5
5
5
5
5
5
5
5
5
5
5
5
5
5
5
5
5
5
5
5
5
5
5
5
5
5
5
5
5
5
5
5
5
5
5
5
5
5
5
5
5
5
5
5
5
5
5
5
5
5
5
5
5
5
5
5
5
5
5
5
5
5
5
5
5
5
5
5
5
5
5
5
5
5
5
5
5
5
5
5
5
5
5
5
5
5
5
5
5
5
5
5
5
5
5
5
5
5
5
5
5
5
5
5
5
5
5
5
5
5
5
5
5
5
5
5
5
5
5
5
5
5
5
5
5
5
5
5
5
5
5
5
5
5
5
5
5
5
5
5
5
5
5
5
5
5
5
5
5
5
5
5
5
5
5
5
5
5
5
5
5
5
5
5
5
5
5
5
5
5
5
5
5
5
5
5
5
5
5
5
5
5
5
5
5
5
5
5
5
5
5
5
5
5
5
5
5
5
5
5
5
5
5
5
5
5
5
5
5
5
5
5
5
5
5
5
5
5
5
5
5
5
5
5
5
5
5
5
5
5
5
5
5
5
5
5
5
5
5
5
5
5
5
5
5
5
5
5
5
5
5
5
5
5
5
5
5
5
5
5
5
5
5
5
5
5
5
5
5
5
5
5
5
5
5
5
5
5
5
5
5
5
5
5
5
5
5
5
5
5
5
5
5
5
5
5
5
5
5
5
5
5
5
5
5
5
5
5
5
5
5
5
5
5
5
5
5
5
5
5
5
5
5
5
5
5
5
5
5
5
5
5
5
5
5
5
5
5
5
5
5
5
5
5
5
5
5
5
5
5
5
5
5
5
5
5
5
5
5
5
5
5
5
5
5
5
5
5
5
5
5
5
5
5
5
5
5
5
5
5
5
5
5
5
5
5
5
5
5
5
5
5
5
5
5
5
5
5
5
5
5
5
5
5
5
5
5
5
5
5
5
5
5
5
5
5
5
5
5
5
5
5
5
5
5
5
5
5
5
5
5
5
5
5
5
5
5
5
5
5
5
5
5
5
5
5
5
5
5
5
5
5
5
5
5
5
5
5
5
5
5
5
5
5
5
5
5
5
5
5
5
5
5
5
5
5
5
5
5
5
5
5
5
5
5
5
5
5
5
5
5
5
5
5
5
5
5
5
5
5
5
5
5
5
5
5
5
5
5
5
5
5
5
5
5
5
5
5
5
5
5
5
5
5
5
5
5
5
5
5
5
5
5
5
5
5
5
5
5
5
5
5
5
5
5
5
5
5
5
5
5
5
5
5
5
5
5
5
5
5
5
5
5
5
5
5
5
5
5
5
5
5
5
5
5
5
5
5
5
5
5
5
5
5
5
5
5
5
5
5
5
5
5
5
5
5
5
5
5
5
5
5
5
5
5
5
5
5
5
5
5
5
5
5
5
5
5
5
5
5
5
5
5
5
5
5
5
5
5
5
5
5
5
5
5
5
5
5
5
5
5
5
5
5
5
5
5
5
5
5
5
5
5
5
5
5
5
5
5
5
5
5
5
5
5
5
5
5
5
5
5
5
5
5
5
5
5
5
5
5
5
5
5
5
5
5
5
5
5
5
5
5
5
5
5
5
5
5
5
5
5
5
5
5
5
5
5
5
5
5
5
5
5
5
5
5
5
5
5
5
5
5
5
5
5
5
5
5
5
5
5
5
5
5
5
5
5
5
5
5
5
5
5
5
5
5
5
5
5
5
5
5
5
5
5
5
5
5
5
5
5
5
5
5
5
5
5
5
5
5
5
5
5
5
5
5
5
5
5
5
5
5
5
5
5
5
5
5
5
5
5
5
5
5
5
5
5
5
5
5
5
5
5
5
5
5
5
5
5
5
5
5
5
5
5
5
5
5
5
5
5
5
5
5
5
5
5
5
5
5
5
5
5
5
5
5
5
5
5
5
5
5
5
5
5
5
5
5
5
5
5
5
5
5
5
5
5
5
5
5
5
5
5
5
5
5
5
5
5
5
5
5
5
5
5
5
5
5
5
5
5
5
5
5
5
5
5
5
5
5
5
5
5
5
5
5
5
5
5
5
5
5
5
5
5
5
5
5
5
5
5
5
5
5
5
5
5
5
5
5
5
5
5
5
5
5
5
5
5
5
5
5
5
5
5
5
5
5
5
5
5
5
5
5
5
5
5
5
5
5
5
5
5
5
5
5
5
5
5
5
5
5
5
5
5
5
5
5
5
5
5
5
5
5
5
5
5
5
5
5
5
5
5
5
5
5
5
5
5
5
5
5
5
5
5
5
5
5
5
5
5
5
5
5
5
5
5
5
5
5
5
5
5
5
5
5
5
5
5
5
5
5
5
5
5
5
5
5
5
5
5
5
5
5
5
5
5
5
5
5
5
5
5
5
5
5
5
5
5
5
5
5
5
5
5
5
5
5
5
5
5
5
5
5
5
5
5
5
5
5
5
5
5
5
5
5
5
5
5
5
5
5
5
5
5
5
5
5
5
5
5
5
5
5
5
5
5
5
5
5
5
5
5
5
5
5
5
5
5
5
5
5
5
5
5
5
5
5
5
5
5
5
5
5
5
5
5
5
5
5
5
5
5
5
5
5
5
5
5
5
5
5
5
5
5
5
5
5
5
5
5
5
5
5
5
5
5
5
5
5
5
5
5
5
5
5
5
5
5
5
5
5
5
5
5
5
5
5
5
5
5
5
5
5
5
5
5
5
5
5
5
5
5
5
5
5
5
5
5
5
5
5
5
5
5
5
5
5
5
5
5
5
5
5
5
5
5
5
5
5
5
5
5
5
5
5
5
5
5
5
5
5
5
5
5
5
5
5
5
5
5
5
5
5
5
5
5
5
5
5
5
5
5
5
5
5
5
5
5
5
5
5
5
5
5
5
5
5
5
5
5
5
5
5
5
5
5
5
5
5
5
5
5
5
5
5
5
5
5
5
5
5
5
5
5
5
5
5
5
5
5
5
5
5
5
5
5
5
5
5
5
5
5
5
5
5
5
5
5
5
5
5
5
5
5
5
5
5
5
5
5
5
5
5
5
5
5
5
5
5
5
5
5
5
5
5
5
5
5
5
5
5
5
5
5
5
5
5
5
5
5
5
5
5
5
5
5
5
5
5
5
5
5
5
5
5
5
5
5
5
5
5
5
5
5
5
5
5
5
5
5
5
5
5
5
5
5
5
5
5
5
5
5
5
5
5
5
5
5
5
5
5
5
5
5
5
5
5
5
5
5
5
5
5
5
5
5
5
5
5
5
5
5
5
5
5
5
5
5
5
5
5
5
5
5
5
5
5
5
5
5
5
5
5
5
5
5
5
5
5
5
5
5
5
5
5
5
5
5
5
5
5
5
5
5
5
5

CELL_DATA 2803
FIELD FieldData 2
material 1 2803 int
1
1
1
1
1
1
1
1
1
1
1
1
1
1
1
1
1
1
1
1
1
1
1
1
1
1
1
1
1
1
1
1
1
1
1
1
1
1
1
1
1
1
1
1
1
1
1
1
1
1
1
1
1
1
1
1
1
1
1
1
1
1
1
1
1
1
1
1
1
1
1
1
1
1
1
1
1
1
1
1
1
1
1
1
1
1
1
1
1
1
1
1
1
1
1
1
1
1
1
1
1
1
1
1
1
1
1
1
1
1
1
1
1
1
1
1
1
1
1
1
1
1
1
1
1
1
1
1
1
1
1
1
1
1
1
1
1
1
1
1
1
1
1
1
1
1
1
1
1
1
1
1
1
1
1
1
1
1
1
1
1
1
1
1
1
1
1
1
1
1
1
1
1
1
1
1
1
1
1
1
1
1
1
1
1
1
1
1
1
1
1
1
1
1
1
1
1
1
1
1
1
1
1
1
1
1
1
1
1
1
1
-2
-2
-1
-3
-3
-2
-1
-1
-1
-2
-2
-4
-4
-4
-5
-5
-5
-4
-4
-5
-5
-1
-1
-1
-1
-2
-3
-3
-4
-4
-6
-6
-6
-5
-4
-1
-5
-1
-3
-6
-6
-5
-1
-6
-6
-6
-6
-6
-6
1
1
1
1
1
1
1
1
1
1
1
1
1
1
1
1
1
1
1
1
1
1
1
1
1
1
1
1
1
1
1
1
1
1
1
1
1
1
1
1
1
1
1
1
1
1
1
1
1
1
1
1
1
1
1
1
1
1
1
1
1
1
1
1
1
1
1
1
1
1
1
1
1
1
1
1
1
1
1
1
1
1
1
1
1
1
1
1
1
1
1
1
1
1
1
1
1
1
1
1
1
1
1
1
1
1
1
1
1
1
1
1
1
1
1
1
1
1
1
1
1
1
1
1
1
1
1
1
1
1
1
1
1
1
1
1
1
1
1
1
1
1
1
1
1
1
1
1
1
1
1
1
1
1
1
1
1
1
1
1
1
1
1
1
1
1
1
1
1
1
1
1
1
1
1
1
1
1
1
1
1
1
1
1
1
1
1
1
1
1
1
1
1
1
1
1
1
1
1
1
1
1
1
1
1
1
1
1
1
1
1
1
1
1
1
1
1
1
1
1
1
1
1
1
1
1
1
1
1
1
1
1
1
1
1
1
1
1
1
1
1
1
1
1
1
1
1
1
1
1
1
1
1
1
1
1
1
1
1
1
1
1
1
1
1
1
1
1
1
1
1
1
1
1
1
1
1
1
1
1
1
1
1
1
1
1
1
1
1
1
1
1
1
1
1
1
1
1
1
1
1
1
1
1
1
1
1
1
1
1
1
1
1
1
1
1
1
1
1
1
1
1
1
1
1
1
1
1
1
1
1
1
1
1
1
1
1
1
1
1
1
1
1
1
1
1
1
1
1
1
1
1
1
1
1
1
1
1
1
1
1
1
1
1
1
1
1
1
1
1
1
1
1
1
1
1
1
1
1
1
1
1
1
1
1
1
1
1
1
1
1
1
1
1
1
1
1
1
1
1
1
1
1
1
1
1
1
1
1
1
1
1
1
1
1
1
1
1
1
1
1
1
1
1
1
1
1
1
1
1
1
1
1
1
1
1
1
1
1
1
1
1
1
1
1
1
1
1
1
1
1
1
1
1
1
1
1
1
1
1
1
1
1
1
1
1
1
1
1
1
1
1
1
1
1
1
1
1
1
1
1
1
1
1
1
1
1
1
1
1
1
1
1
1
1
1
1
1
1
1
1
1
1
1
1
1
1
1
1
1
1
1
1
1
1
1
1
1
1
1
1
1
1
1
1
1
1
1
1
1
1
1
1
1
1
1
1
1
1
1
1
1
1
1
1
1
1
1
1
1
1
1
1
1
1
1
1
1
1
1
1
1
1
1
1
1
1
1
1
1
1
1
1
1
1
1
1
1
1
1
1
1
1
1
1
1
1
1
1
1
1
1
1
1
1
1
1
1
1
1
1
1
1
1
1
1
1
1
1
1
1
1
1
1
1
1
1
1
1
1
1
1
1
1
1
1
1
1
1
1
1
1
1
1
1
1
1
1
1
1
1
1
1
1
1
1
1
1
1
1
1
1
1
1
1
1
1
1
1
1
1
1
1
1
1
1
1
1
1
1
1
1
1
1
1
1
1
1
1
1
1
1
1
1
1
1
1
1
1
1
1
1
1
1
1
1
1
1
1
1
1
1
1
1
1
1
1
1
1
1
1
1
1
1
1
1
1
1
1
1
1
1
1
1
1
1
1
1
1
1
1
1
1
1
1
1
1
1
1
1
1
1
1
1
1
1
1
1
1
1
1
1
1
1
1
1
1
1
1
1
1
1
1
1
1
1
1
1
1
1
1
1
1
1
1
1
1
1
1
1
1
1
1
1
1
1
1
1
1
1
1
1
1
1
1
1
1
1
1
1
1
1
1
1
1
1
1
1
1
1
1
1
1
1
1
1
1
1
1
1
1
1
1
1
1
1
1
1
1
1
1
1
1
1
1
1
1
1
1
1
1
1
1
1
1
1
1
1
1
1
1
1
1
1
1
1
1
1
1
1
1
1
1
1
1
1
1
1
1
1
1
1
1
1
1
1
1
1
1
1
1
1
1
1
1
1
1
1
1
1
1
1
1
1
1
1
1
1
1
1
1
1
1
1
1
1
1
1
1
1
1
1
1
1
1
1
1
1
1
1
1
1
1
1
1
1
1
1
1
1
1
1
1
1
1
1
1
1
1
1
1
1
1
1
1
1
1
1
1
1
1
1
1
1
1
1
1
1
1
1
1
1
1
1
1
1
1
1
1
1
1
1
1
1
1
1
1
1
1
1
1
1
1
1
1
1
1
1
1
1
1
1
1
1
1
1
1
1
1
1
1
1
1
1
1
1
1
1
1
1
1
1
1
1
1
1
1
1
1
1
1
1
1
1
1
1
1
1
1
1
1
1
1
1
1
1
1
1
1
1
1
1
1
1
1
1
1
1
1
1
1
1
1
1
1
1
1
1
1
1
1
1
1
1
1
1
1
1
1
1
1
1
1
1
1
1
1
1
1
1
1
1
1
1
1
1
1
1
1
1
1
1
1
1
1
1
1
1
1
1
1
1
1
1
1
1
1
1
1
1
1
1
1
1
1
1
1
1
1
1
1
1
1
1
1
1
1
1
1
1
1
1
1
1
1
1
1
1
1
1
1
1
1
1
1
1
1
1
1
1
1
1
1
1
1
1
1
1
1
1
1
1
1
1
1
1
1
1
1
1
1
1
1
1
1
1
1
1
1
1
1
1
1
1
1
1
1
1
1
1
1
1
1
1
1
1
1
1
1
1
1
1
1
1
1
1
1
1
1
1
1
1
1
1
1
1
1
1
1
1
1
1
1
1
1
1
1
1
1
1
1
1
1
1
1
1
1
1
1
1
1
1
1
1
1
1
1
1
1
1
1
1
1
1
1
1
1
1
1
1
1
1
1
1
1
1
1
1
1
1
1
1
1
1
1
1
1
1
1
1
1
1
1
1
1
1
1
1
1
1
1
1
1
1
1
1
1
1
1
1
1
1
1
1
1
1
1
1
1
1
1
1
1
1
1
1
1
1
1
1
1
1
1
1
1
1
1
1
1
1
1
1
1
1
1
1
1
1
1
1
1
1
1
1
1
1
1
1
1
1
1
1
1
1
1
1
1
1
1
1
1
1
1
1
1
1
1
1
1
1
1
1
1
1
1
1
1
1
1
1
1
1
1
1
1
1
1
1
1
1
1
1
1
1
1
1
1
1
1
1
1
1
1
1
1
1
1
1
1
1
1
1
1
1
1
1
1
1
1
1
1
1
1
1
1
1
1
1
1
1
1
1
1
1
1
1
1
1
1
1
1
1
1
1
1
1
1
1
1
1
1
1
1
1
1
1
1
1
1
1
1
1
1
1
1
1
1
1
1
1
1
1
1
1
1
1
1
1
1
1
1
1
1
1
1
1
1
1
1
1
1
1
1
1
1
1
1
1
1
1
1
1
1
1
1
1
1
1
1
1
1
1
1
1
1
1
1
1
1
1
1
1
1
1
1
1
1
1
1
1
1
1
1
1
1
1
1
1
1
1
1
1
1
1
1
1
1
1
1
1
1
1
1
1
1
1
1
1
1
1
1
1
1
1
1
1
1
1
1
1
1
1
1
1
1
1
1
1
1
1
1
1
1
1
1
1
1
1
1
1
1
1
1
1
1
1
1
1
1
1
1
1
1
1
1
1
1
1
1
1
1
1
1
1
1
1
1
1
1
1
1
1
1
1
1
1
1
1
1
1
1
1
1
1
1
1
1
1
1
1
1
1
1
1
1
1
1
1
1
1
1
1
1
1
1
1
1
1
1
1
1
1
1
1
1
1
1
1
1
1
1
1
1
1
1
1
1
1
1
1
1
1
1
1
1
1
1
1
1
1
1
1
1
1
1
1
1
1
1
1
1
1
1
1
1
1
1
1
1
1
1
1
1
1
1
1
1
1
1
1
1
1
1
1
1
1
1
1
1
1
1
1
1
1
1
1
1
1
1
1
1
1
1
1
1
1
1
1
1
1
1
1
1
1
1
1
1
1
1
1
1
1
1
1
1
1
1
1
1
1
1
1
1
1
1
1
1
1
1
1
1
1
1
1
1
1
1
1
1
1
1
1
1
1
1
1
1
1
1
1
1
1
1
1
1
1
1
1
1
1
1
1
1
1
1
1
1
1
1
1
1
1
1
1
1
1
1
1
1
1
1
1
1
1
1
1
1
1
1
1
1
1
1
1
1
1
1
1
1
1
1
1
1
1
1
1
1
1
1
1
1
1
1
1
1
1
1
1
1
1
1
1
1
1
1
1
1
1
1
1
1
1
1
1
1
1
1
1
1
1
1
1
1
1
1
1
1
1
1
1
1
1
1
1
1
1
1
1
1
1
1
1
1
1
1
1
1
1
1
1
1
1
1
1
1
1
1
1
1
1
1
1
1
1
1
1
1
1
1
1
1
1
1
1
1
1
1
1
1
1
1
1
1
1
1
1
1
1
1
1
1
1
1
1
1
1
1
1
1
1
1
1
1
1
1
1
1
1
1
1
1
1
1
1
1
1
1
1
1
1
1
1
1
1
1
1
1
1
1
1
1
1
1
1
1
1
1
1
1
1
1
1
1
1
1
1
1
1
1
1
1
1
1
1
1
1
1
1
1
1
1
1
1
1
1
1
1
1
1
1
1
1
1
1
1
1
1
1
1
1
1
1
1
1
1
1
1
1
1
1
1
1
1
1
1
1
1
1
1
1
1
1
1
1
1
1
1
1
1
1
1
1
1
1
1
1
1
1
1
1
1
1
1
1
1
1
1
1
1
1
1
1
1
1
1
1
1
1
1
1
1
1
1
1
1
1
1
1
1
1
1
1
1
1
1
1
1
1
1
1
1
1
1
1
1
1
1
1
1
1
1
1
1
1
1
1
1
1
1
1
1
1
1
1
1
1
1
1
1
1
1
1
1
1
1
1
1
1
1
1
1
1
1
1
1
1
1
1
1
1
1
1
1
1
1
1
1
1
1
1
1
1
1
1
1
1
1
1
1
1
1
1
1
1
1
1
1
1
1
1
1
1
1
1
1
1
1
1
1
1
1
1
1
1
1
1
1
1
1
1
1
1
1
1
1
1
1
1
1
1
1
1
1
1
1
1
1
1
1
1
1
1
1
1
1
1
1
1
1
1
1
1
1
1
1
1
1
1
1
1
1
1
1
1
1
1
1
1
1
1
1
1
1
1
1
1
1
1
1
1
1
1
1
1
1
1
1
1
1
1
1
1
1
1
1
1
1
1
1
1
1
1
1
1
1
1
1
1
1
1
1
1
1
1
1
1
1
1
1
1
1
1
1
1
1
1
1
1
1
1
1
1
1
1
1
1
1
1
1
1
1
1
1
1
1
1
1
1
1
1
1
1
1
1
1
1
1
1
1
1
1
1
1
1
1
1
1
1
1
1
1
1
1
1
1
1
1
1
1
1
1
1
1
1
1
1
1
1
1
1
1
1
1
1
1
1
1
1
1
1
1
1
1
1
1
1
1
1
1
1
1
1
1
1
1
1
1
1
1
1
1
1
1
1
1
1
1
1
1
1
1
1
1
1
1
1
1
1
1
1
1
1
1
1
1
1
1
1
1
1
1
1
1
1
1
1
1
1
1
1
1
1
1
1
1
1
1
1
1
1
1
1
1
1
1
1
1
1
1
1
1
1
1
1
1
1
1
1
1
1
1
1
1
1
1
1
1
1
1
1
1
1
1
1
1
1
1
1
1
1
1
1
1
1
1
1
1
1
1
1
1
1
1
1
1
1
1
1
1
1
1
1
1
elIndex 1 2803 int
0
1
2
3
4
5
6
7
8
9
10
14
15
16
17
18
19
20
21
22
23
24
25
26
27
28
29
30
31
33
34
35
36
37
38
39
40
41
42
43
44
45
52
53
54
55
56
57
58
59
60
61
62
63
64
65
66
67
68
69
70
71
72
73
75
76
77
78
79
80
81
82
83
84
85
86
87
88
89
90
91
92
93
94
95
96
97
98
99
100
101
102
103
104
105
106
107
108
109
115
116
117
118
119
120
121
122
123
124
125
126
127
128
129
130
131
132
133
134
135
136
137
138
139
144
145
146
147
150
151
152
153
169
170
171
172
173
174
175
176
177
178
179
180
181
182
183
184
185
186
187
188
189
190
191
192
194
197
198
199
202
203
204
206
207
208
209
210
221
222
223
224
225
226
227
228
229
235
236
237
238
239
240
241
242
256
257
258
259
260
261
262
263
264
265
266
267
271
272
273
274
275
276
277
278
279
280
281
282
283
284
285
286
287
288
289
290
291
292
293
294
295
296
297
298
299
300
301
302
303
304
305
306
307
308
309
310
311
312
313
314
315
316
317
318
319
320
321
322
323
324
325
326
327
328
329
330
331
332
333
338
340
341
344
354
355
357
374
375
378
379
381
390
391
392
393
394
408
412
415
422
423
425
434
438
439
441
455
457
458
459
461
462
466
467
468
469
472
475
476
477
483
484
485
486
488
489
495
502
504
505
510
511
512
513
514
516
517
519
520
521
534
538
539
546
547
548
549
579
582
583
585
586
587
589
602
603
604
605
608
611
612
613
619
620
621
623
624
625
626
630
632
633
634
635
636
637
640
642
643
644
645
651
662
663
664
665
678
679
681
687
698
699
701
703
735
746
750
751
753
758
759
760
761
770
772
773
786
790
791
792
793
794
795
796
797
832
838
839
841
847
848
849
850
851
853
856
858
859
861
878
879
880
881
908
914
918
919
920
921
922
923
924
925
926
927
928
929
967
978
979
980
981
982
983
985
986
987
989
990
994
999
1000
1001
1002
1004
1005
1008
1010
1011
1013
1015
1016
1017
1027
1028
1029
1034
1035
1036
1037
1038
1039
1040
1041
1058
1059
1061
1066
1068
1069
1070
1080
1082
1083
1084
1085
1086
1088
1089
1094
1095
1096
1097
1098
1099
1101
1102
1103
1104
1105
1106
1107
1108
1109
1112
1118
1120
1121
1123
1132
1135
1136
1137
1138
1158
1162
1167
1168
1169
1170
1171
1174
1175
1176
1177
1183
1184
1231
1242
1291
1292
1293
1307
1310
1311
1312
1313
1314
1316
1317
1318
1319
1320
1321
1322
1323
1324
1325
1326
1327
1328
1329
1334
1335
1336
1337
1338
1339
1340
1341
1374
1375
1376
1377
1378
1379
1380
1381
1382
1383
1384
1385
1386
1387
1388
1389
1390
1391
1392
1393
1394
1395
1396
1397
1398
1399
1400
1401
1402
1403
1404
1405
1406
1407
1408
1409
1410
1411
1412
1413
1414
1415
1416
1417
1418
1419
1420
1421
1422
1423
1424
1425
1426
1427
1428
1429
1430
1431
1432
1433
1434
1435
1436
1437
1438
1439
1440
1441
1442
1443
1444
1445
1446
1447
1448
1449
1450
1451
1452
1453
1454
1455
1456
1457
1458
1459
1460
1461
1462
1463
1464
1465
1466
1467
1468
1469
1470
1471
1472
1473
1474
1475
1476
1477
1478
1479
1480
1481
1482
1483
1484
1485
1486
1487
1488
1489
1490
1491
1492
1493
1494
1495
1496
1497
1498
1499
1500
1501
1502
1503
1504
1505
1506
1507
1508
1509
1510
1511
1512
1513
1514
1515
1516
1517
1518
1519
1520
1521
1522
1523
1524
1525
1526
1527
1528
1529
1530
1531
1532
1533
1534
1535
1536
1537
1538
1539
1540
1541
1542
1543
1544
1545
1546
1547
1548
1549
1550
1551
1552
1553
1554
1555
1556
1557
1558
1559
1560
1561
1562
1563
1564
1565
1566
1567
1568
1569
1570
1571
1572
1573
1574
1575
1576
1577
1578
1579
1580
1581
1582
1583
1584
1585
1586
1587
1588
1589
1590
1591
1592
1593
1594
1595
1596
1597
1598
1599
1600
1601
1602
1603
1604
1605
1606
1607
1608
1609
1610
1611
1612
1613
1614
1615
1616
1617
1618
1619
1620
1621
1622
1623
1624
1625
1626
1627
1628
1629
1630
1631
1632
1633
1634
1635
1636
1637
1638
1639
1640
1641
1642
1643
1644
1645
1646
1647
1648
1649
1650
1651
1652
1653
1654
1655
1656
1657
1658
1659
1660
1661
1662
1663
1664
1665
1666
1667
1668
1669
1670
1671
1672
1673
1674
1675
1676
1677
1678
1679
1680
1681
1682
1683
1684
1685
1686
1687
1688
1689
1690
1691
1692
1693
1694
1695
1696
1697
1698
1699
1700
1701
1702
1703
1704
1705
1706
1707
1708
1709
1710
1711
1712
1713
1714
1715
1716
1717
1718
1719
1720
1721
1722
1723
1724
1725
1726
1727
1728
1729
1730
1731
1732
1733
1734
1735
1736
1737
1738
1739
1740
1741
1742
1743
1744
1745
1746
1747
1748
1749
1750
1751
1752
1753
1754
1755
1756
1757
1758
1759
1760
1761
1762
1763
1764
1765
1766
1767
1768
1769
1770
1771
1772
1773
1774
1775
1776
1777
1778
1779
1780
1781
1782
1783
1784
1785
1786
1787
1788
1789
1790
1791
1792
1793
1794
1795
1796
1797
1798
1799
1800
1801
1802
1803
1804
1805
1806
1807
1808
1809
1810
1811
1812
1813
1814
1815
1816
1817
1818
1819
1820
1821
1822
1823
1824
1825
1826
1827
1828
1829
1830
1831
1832
1833
1834
1835
1836
1837
1838
1839
1840
1841
1842
1843
1844
1845
1846
1847
1848
1849
1850
1851
1852
1853
1854
1855
1856
1857
1858
1859
1860
1861
1862
1863
1864
1865
1866
1867
1868
1869
1870
1871
1872
1873
1874
1875
1876
1877
1878
1879
1880
1881
1882
1883
1884
1885
1886
1887
1888
1889
1890
1891
1892
1893
1894
1895
1896
1897
1898
1899
1900
1901
1902
1903
1904
1905
1906
1907
1908
1909
1910
1911
1912
1913
1914
1915
1916
1917
1918
1919
1920
1921
1922
1923
1924
1925
1926
1927
1928
1929
1930
1931
1932
1933
1934
1935
1936
1937
1938
1939
1940
1941
1942
1943
1944
1945
1946
1947
1948
1949
1950
1951
1952
1953
1954
1955
1956
1957
1958
1959
1960
1961
1962
1963
1964
1965
1966
1967
1968
1969
1970
1971
1972
1973
1974
1975
1976
1977
1978
1979
1980
1981
1982
1983
1984
1985
1986
1987
1988
1989
1990
1991
1992
1993
1994
1995
1996
1997
1998
1999
2000
2001
2002
2003
2004
2005
2006
2007
2008
2009
2010
2011
2012
2013
2014
2015
2016
2017
2018
2019
2020
2021
2022
2023
2024
2025
2026
2027
2028
2029
2030
2031
2032
2033
2034
2035
2036
2037
2038
2039
2040
2041
2042
2043
2044
2045
2046
2047
2048
2049
2050
2051
2052
2053
2054
2055
2056
2057
2058
2059
2060
2061
2062
2063
2064
2065
2066
2067
2068
2069
2070
2071
2072
2073
2074
2075
2076
2077
2078
2079
2080
2081
2082
2083
2084
2085
2086
2087
2088
2089
2090
2091
2092
2093
2094
2095
2096
2097
2098
2099
2100
2101
2102
2103
2104
2105
2106
2107
2108
2109
2110
2111
2112
2113
2114
2115
2116
2117
2118
2119
2120
2121
2122
2123
2124
2125
2126
2127
2128
2129
2130
2131
2132
2133
2134
2135
2136
2137
2138
2139
2140
2141
2142
2143
2144
2145
2146
2147
2148
2149
2150
2151
2152
2153
2154
2155
2156
2157
2158
2159
2160
2161
2162
2163
2164
2165
2166
2167
2168
2169
2170
2171
2172
2173
2174
2175
2176
2177
2178
2179
2180
2181
2182
2183
2184
2185
2186
2187
2188
2189
2190
2191
2192
2193
2194
2195
2196
2197
2198
2199
2200
2201
2202
2203
2204
2205
2206
2207
2208
2209
2210
2211
2212
2213
2214
2215
2216
2217
2218
2219
2220
2221
2222
2223
2224
2225
2226
2227
2228
2229
2230
2231
2232
2233
2234
2235
2236
2237
2238
2239
2240
2241
2242
2243
2244
2245
2246
2247
2248
2249
2250
2251
2252
2253
2254
2255
2256
2257
2258
2259
2260
2261
2262
2263
2264
2265
2266
2267
2268
2269
2270
2271
2272
2273
2274
2275
2276
2277
2278
2279
2280
2281
2282
2283
2284
2285
2286
2287
2288
2289
2290
2291
2292
2293
2294
2295
2296
2297
2298
2299
2300
2301
2302
2303
2304
2305
2306
2307
2308
2309
2310
2311
2312
2313
2314
2315
2316
2317
2318
2319
2320
2321
2322
2323
2324
2325
2326
2327
2328
2329
2330
2331
2332
2333
2334
2335
2336
2337
2338
2339
2340
2341
2342
2343
2344
2345
2346
2347
2348
2349
2350
2351
2352
2353
2354
2355
2356
2357
2358
2359
2360
2361
2362
2363
2364
2365
2366
2367
2368
2369
2370
2371
2372
2373
2374
2375
2376
2377
2378
2379
2380
2381
2382
2383
2384
2385
2386
2387
2388
2389
2390
2391
2392
2393
2394
2395
2396
2397
2398
2399
2400
2401
2402
2403
2404
2405
2406
2407
2408
2409
2410
2411
2412
2413
2414
2415
2416
2417
2418
2419
2420
2421
2422
2423
2424
2425
2426
2427
2428
2429
2430
2431
2432
2433
2434
2435
2436
2437
2438
2439
2440
2441
2442
2443
2444
2445
2446
2447
2448
2449
2450
2451
2452
2453
2454
2455
2456
2457
2458
2459
2460
2461
2462
2463
2464
2465
2466
2467
2468
2469
2470
2471
2472
2473
2474
2475
2476
2477
2478
2479
2480
2481
2482
2483
2484
2485
2486
2487
2488
2489
2490
2491
2492
2493
2494
2495
2496
2497
2498
2499
2500
2501
2502
2503
2504
2505
2506
2507
2508
2509
2510
2511
2512
2513
2514
2515
2516
2517
2518
2519
2520
2521
2522
2523
2524
2525
2526
2527
2528
2529
2530
2531
2532
2533
2534
2535
2536
2537
2538
2539
2540
2541
2542
2543
2544
2545
2546
2547
2548
2549
2550
2551
2552
2553
2554
2555
2556
2557
2558
2559
2560
2561
2562
2563
2564
2565
2566
2567
2568
2569
2570
2571
2572
2573
2574
2575
2576
2577
2578
2579
2580
2581
2582
2583
2584
2585
2586
2587
2588
2589
2590
2591
2592
2593
2594
2595
2596
2597
2598
2599
2600
2601
2602
2603
2604
2605
2606
2607
2608
2609
2610
2611
2612
2613
2614
2615
2616
2617
2618
2619
2620
2621
2622
2623
2624
2625
2626
2627
2628
2629
2630
2631
2632
2633
2634
2635
2636
2637
2638
2639
2640
2641
2642
2643
2644
2645
2646
2647
2648
2649
2650
2651
2652
2653
2654
2655
2656
2657
2658
2659
2660
2661
2662
2663
2664
2665
2666
2667
2668
2669
2670
2671
2672
2673
2674
2675
2676
2677
2678
2679
2680
2681
2682
2683
2684
2685
2686
2687
2688
2689
2690
2691
2692
2693
2694
2695
2696
2697
2698
2699
2700
2701
2702
2703
2704
2705
2706
2707
2708
2709
2710
2711
2712
2713
2714
2715
2716
2717
2718
2719
2720
2721
2722
2723
2724
2725
2726
2727
2728
2729
2730
2731
2732
2733
2734
2735
2736
2737
2738
2739
2740
2741
2742
2743
2744
2745
2746
2747
2748
2749
2750
2751
2752
2753
2754
2755
2756
2757
2758
2759
2760
2761
2762
2763
2764
2765
2766
2767
2768
2769
2770
2771
2772
2773
2774
2775
2776
2777
2778
2779
2780
2781
2782
2783
2784
2785
2786
2787
2788
2789
2790
2791
2792
2793
2794
2795
2796
2797
2798
2799
2800
2801
2802
2803
2804
2805
2806
2807
2808
2809
2810
2811
2812
2813
2814
2815
2816
2817
2818
2819
2820
2821
2822
2823
2824
2825
2826
2827
2828
2829
2830
2831
2832
2833
2834
2835
2836
2837
2838
2839
2840
2841
2842
2843
2844
2845
2846
2847
2848
2849
2850
2851
2852
2853
2854
2855
2856
2857
2858
2859
2860
2861
2862
2863
2864
2865
2866
2867
2868
2869
2870
2871
2872
2873
2874
2875
2876
2877
2878
2879
2880
2881
2882
2883
2884
2885
2886
2887
2888
2889
2890
2891
2892
2893
2894
2895
2896
2897
2898
2899
2900
2901
2902
2903
2904
2905
2906
2907
2908
2909
2910
2911
2912
2913
2914
2915
2916
2917
2918
2919
2920
2921
2922
2923
2924
2925
2926
2927
2928
2929
2930
2931
2932
2933
2934
2935
2936
2937
2938
2939
2940
2941
2942
2943
2944
2945
2946
2947
2948
2949
2950
2951
2952
2953
2954
2955
2956
2957
2958
2959
2960
2961
2962
2963
2964
2965
2966
2967
2968
2969
2970
2971
2972
2973
2974
2975
2976
2977
2978
2979
2980
2981
2982
2983
2984
2985
2986
2987
2988
2989
2990
2991
2992
2993
2994
2995
2996
2997
2998
2999
3000
3001
3002
3003
3004
3005
3006
3007
3008
3009
3010
3011
3012
3013
3014
3015
3016
3017
3018
3019
3020
3021
3022
3023
3024
3025
3026
3027
3028
3029
3030
3031
3032
3033
3034
3035
3036
3037
3038
3039
3040
3041
3042
3043
3044
3045
3046
3047
3048
3049
3050
3051
3052
3053
3054
3055
3056
3057
3058
3059
3060
3061
3062
3063
3064
3065
3066
3067
3068
3069
3070
3071
3072
3073
3074
3075
3076
3077
3078
3079
3080
3081
3082
3083
3084
3085
3086
3087
3088
3089
3090
3091
3092
3093
3094
3095
3096
3097
3098
3099
3100
3101
3102
3103
3104
3105
3106
3107
3108
3109
3110
3111
3112
3113
3114
3115
3116
3117
3118
3119
3120
3121
3122
3123
3124
3125
3126
3127
3128
3129
3130
3131
3132
3133
3134
3135
3136
3137
3138
3139
3140
3141
3142
3143
3144
3145
3146
3147
3148
3149
3150
3151
3152
3153
3154
3155
3156
3157
3158
3159
3160
3161
3162
3163
3164
3165
3166
3167
3168
3169
3170
3171
3172
3173
3174
3175
3176
3177
3178
3179
3180
3181
3182
3183
3184
3185
3186
3187
3188
3189
3190
3191
3192
3193
3194
3195
3196
3197
3198
3199
3200
3201
3202
3203
3204
3205
3206
3207
3208
3209
3210
3211
3212
3213
3214
3215
3216
3217
3218
3219
3220
3221
3222
3223
3224
3225
3226
3227
3228
3229
3230
3231
3232
3233
3234
3235
3236
3237
3238
3239
3240
3241
3242
3243
3244
3245
3246
3247
3248
3249
3250
3251
3252
3253
3254
3255
3256
3257
3258
3259
3260
3261
3262
3263
3264
3265
3266
3267
3268
3269
3270
3271
3272
3273
3274
3275
3276
3277
3278
3279
3280
3281
3282
3283
3284
3285
3286
3287
3288
3289
3290
3291
3292
3293
3294
3295
3296
3297
3298
3299
3300
3301
3302
3303
3304
3305
3306
3307
3308
3309
3310
3311
3312
3313
3314
3315
3316
3317
3318
3319
3320
3321
3322
3323
3324
3325
3326
3327
3328
3329
3330
3331
3332
3333
3334
3335
3336
3337
3338
3339
3340
3341
3342
3343
3344
3345
3346
3347
3348
3349
3350
3351
3352
3353
3354
3355
3356
3357
3358
3359
3360
3361
3362
3363
3364
3365
3366
3367
3368
3369
3370
3371
3372
3373
3374
3375
3376
3377
3378
3379
3380
3381
3382
3383
3384
3385
3386
3387
3388
3389
3390
3391
3392
3393
3394
3395
3396
3397
3398
3399
3400
3401
3402
3403
3404
3405
3406
3407
3408
3409
3410
3411
3412
3413
3414
3415
3416
3417
3418
3419
3420
3421
3422
3423
3424
3425
3426
3427
3428
3429
3430
3431
3432
3433
3434
3435
3436
3437
3438
3439
3440
3441
3442
3443
3444
3445
3446
3447
3448
3449
3450
3451
3452
3453
3454
3455
3456
3457
3458
3459
3460
3461
3462
3463
3464
3465
3466
3467
3468
3469
3470
3471
3472
3473
3474
3475
3476
3477
3478
3479
3480
3481
3482
3483
3484
3485
3486
3487
3488
3489
3490
3491
3492
3493
3494
3495
3496
3497
3498
3499
3500
3501
3502
3503
3504
3505
3506
3507
3508
3509
3510
3511
3512
3513
3514
3515
3516
3517
3518
3519
3520
3521
3522
3523
3524
3525
3526
3527
3528
3529
3530
3531
3532
3533
3534
3535
3536
3537
3538
3539
3540
3541
3542
3543
3544
3545
3546
3547
3548
3549
3550
3551
3552
3553
3554
3555
3556
3557
3558
3559
3560
3561
3562
3563
3564
3565
3566
3567
3568
3569
3570
3571
3572
3573
3574
3575
3576
3577
3578
3579
3580
3581
3582
3583
3584
3585
3586
3587
3588
3589
3590
3591
3592
3593
3594
3595
3596
3597
3598
3599
3600
3601
3602
3603
3604
3605
3606
3607
3608
3609
3610
3611
3612
3613
3614
3615
3616
3617
3618
3619
3620
3621
3622
3623
3624
3625
