# vtk DataFile Version 3.0
Arquivo gerado por PZ
ASCII

DATASET UNSTRUCTURED_GRID
POINTS 11016 float
18.6603 -23.6603 0
16.3277 -23.6603 0
18.6603 -19.4817 0
16.3277 -23.6603 0
18.6603 -5 0
18.6603 -6.58405 0
15.7014 -5 0
18.6603 -6.58405 0
4.66506 -23.6603 0
6.9976 -19.3249 0
9.33013 -23.6603 0
6.9976 -19.3249 0
13.9952 -23.6603 0
15.1615 -20.2689 0
16.3277 -23.6603 0
15.1615 -20.2689 0
16.3277 -23.6603 0
15.1615 -20.2689 0
18.6603 -19.4817 0
15.1615 -20.2689 0
18.6603 -8.1681 0
16.3328 -7.37607 0
18.6603 -6.58405 0
16.3328 -7.37607 0
18.6603 -6.58405 0
16.3328 -7.37607 0
15.7014 -5 0
16.3328 -7.37607 0
18.6603 -11.5401 0
16.8566 -9.85408 0
18.6603 -8.1681 0
16.8566 -9.85408 0
18.6603 -8.1681 0
16.8566 -9.85408 0
16.3328 -7.37607 0
16.8566 -9.85408 0
16.3328 -7.37607 0
16.8566 -9.85408 0
14.5138 -9.07496 0
16.8566 -9.85408 0
-1.25652 0 0
-2.04267 -1.46473 0
-2.82882 0 0
-2.04267 -1.46473 0
-18.6603 -2.36603 0
-15.1735 -3.54904 0
-18.6603 -4.73205 0
-15.1735 -3.54904 0
-18.6603 0 0
-16.4267 0 0
-18.6603 -2.36603 0
-16.4267 0 0
-18.6603 -2.36603 0
-16.4267 0 0
-15.1735 -3.54904 0
-16.4267 0 0
-15.1735 -3.54904 0
-16.4267 0 0
-14.1932 0 0
-16.4267 0 0
-18.6603 -18.9282 0
-15.1277 -20.1112 0
-18.6603 -21.2942 0
-15.1277 -20.1112 0
-18.6603 -21.2942 0
-16.3277 -23.6603 0
-18.6603 -23.6603 0
-16.3277 -23.6603 0
-13.9952 -23.6603 0
-16.3277 -23.6603 0
-15.1277 -20.1112 0
-16.3277 -23.6603 0
-15.1277 -20.1112 0
-16.3277 -23.6603 0
-18.6603 -21.2942 0
-16.3277 -23.6603 0
4.66506 -23.6603 0
2.33253 -19.6101 0
6.9976 -19.3249 0
2.33253 -19.6101 0
7.31859e-13 -23.6603 0
2.33253 -19.6101 0
4.66506 -23.6603 0
2.33253 -19.6101 0
15.1615 -20.2689 0
16.3538 -17.3994 0
18.6603 -19.4817 0
16.3538 -17.3994 0
18.6603 -19.4817 0
16.3538 -17.3994 0
18.6603 -15.3171 0
16.3538 -17.3994 0
6.9976 -19.3249 0
11.0639 -19.9323 0
9.33013 -23.6603 0
11.0639 -19.9323 0
13.9952 -23.6603 0
11.0639 -19.9323 0
15.1615 -20.2689 0
11.0639 -19.9323 0
9.33013 -23.6603 0
11.0639 -19.9323 0
13.9952 -23.6603 0
11.0639 -19.9323 0
14.5138 -9.07496 0
14.5138 -6.58752 0
16.3328 -7.37607 0
14.5138 -6.58752 0
16.3328 -7.37607 0
14.5138 -6.58752 0
15.7014 -5 0
14.5138 -6.58752 0
15.7014 -5 0
14.5138 -6.58752 0
13.3262 -5 0
14.5138 -6.58752 0
12.3728 -7.48838 0
12.3728 -6.06157 0
14.5138 -6.58752 0
12.3728 -6.06157 0
14.5138 -6.58752 0
12.3728 -6.06157 0
13.3262 -5 0
12.3728 -6.06157 0
18.6603 -15.3171 0
15.9227 -13.4286 0
18.6603 -11.5401 0
15.9227 -13.4286 0
12.8428 -14.6832 0
15.9227 -13.4286 0
16.3538 -17.3994 0
15.9227 -13.4286 0
16.3538 -17.3994 0
15.9227 -13.4286 0
18.6603 -15.3171 0
15.9227 -13.4286 0
-4.79624 0 0
-6.02715 -2.10658 0
-7.25807 0 0
-6.02715 -2.10658 0
-2.82882 0 0
-3.81253 -1.41064 0
-4.79624 0 0
-3.81253 -1.41064 0
-4.79624 0 0
-3.81253 -1.41064 0
-6.02715 -2.10658 0
-3.81253 -1.41064 0
-6.02715 -2.10658 0
-3.81253 -1.41064 0
-3.81253 -3.13041 0
-3.81253 -1.41064 0
-3.81253 -3.13041 0
-3.81253 -1.41064 0
-2.04267 -1.46473 0
-3.81253 -1.41064 0
-2.04267 -1.46473 0
-3.81253 -1.41064 0
-2.82882 0 0
-3.81253 -1.41064 0
-0.628262 -2.33818 0
-2.11396 -3.1621 0
-2.04267 -1.46473 0
-2.11396 -3.1621 0
-2.04267 -1.46473 0
-2.11396 -3.1621 0
-3.81253 -3.13041 0
-2.11396 -3.1621 0
-12.2659 -6.29381 0
-15.8241 -7.15071 0
-15.1735 -3.54904 0
-15.8241 -7.15071 0
-15.1735 -3.54904 0
-15.8241 -7.15071 0
-18.6603 -4.73205 0
-15.8241 -7.15071 0
-18.6603 -4.73205 0
-15.8241 -7.15071 0
-18.6603 -9.4641 0
-15.8241 -7.15071 0
-12.2659 -6.29381 0
-12.2659 -2.44227 0
-8.79833 -3.91367 0
-12.2659 -2.44227 0
-15.1735 -3.54904 0
-12.2659 -2.44227 0
-12.2659 -6.29381 0
-12.2659 -2.44227 0
-14.1932 0 0
-12.2659 -2.44227 0
-15.1735 -3.54904 0
-12.2659 -2.44227 0
-10.3386 0 0
-12.2659 -2.44227 0
-14.1932 0 0
-12.2659 -2.44227 0
-7.25807 0 0
-8.79833 -1.65375 0
-10.3386 0 0
-8.79833 -1.65375 0
-10.3386 0 0
-8.79833 -1.65375 0
-12.2659 -2.44227 0
-8.79833 -1.65375 0
-12.2659 -2.44227 0
-8.79833 -1.65375 0
-8.79833 -3.91367 0
-8.79833 -1.65375 0
-8.79833 -3.91367 0
-8.79833 -1.65375 0
-6.02715 -2.10658 0
-8.79833 -1.65375 0
-6.02715 -2.10658 0
-8.79833 -1.65375 0
-7.25807 0 0
-8.79833 -1.65375 0
-11.5952 -16.5622 0
-11.3077 -20.3809 0
-15.1277 -20.1112 0
-11.3077 -20.3809 0
-15.1277 -20.1112 0
-11.3077 -20.3809 0
-13.9952 -23.6603 0
-11.3077 -20.3809 0
-13.9952 -23.6603 0
-11.3077 -20.3809 0
-9.33013 -23.6603 0
-11.3077 -20.3809 0
-9.33013 -23.6603 0
-11.3077 -20.3809 0
-6.9976 -19.0055 0
-11.3077 -20.3809 0
-6.9976 -19.0055 0
-11.3077 -20.3809 0
-11.5952 -16.5622 0
-11.3077 -20.3809 0
-15.1277 -20.1112 0
-15.429 -16.2788 0
-11.5952 -16.5622 0
-15.429 -16.2788 0
-18.6603 -18.9282 0
-15.429 -16.2788 0
-15.1277 -20.1112 0
-15.429 -16.2788 0
-18.6603 -14.1962 0
-15.429 -16.2788 0
-18.6603 -18.9282 0
-15.429 -16.2788 0
7.31859e-13 -23.6603 0
-2.33193 -19.2985 0
2.33253 -19.6101 0
-2.33193 -19.2985 0
-4.66506 -23.6603 0
-2.33193 -19.2985 0
7.31859e-13 -23.6603 0
-2.33193 -19.2985 0
16.3538 -17.3994 0
13.3006 -17.8132 0
12.8428 -14.6832 0
13.3006 -17.8132 0
11.0639 -19.9323 0
13.3006 -17.8132 0
15.1615 -20.2689 0
13.3006 -17.8132 0
15.1615 -20.2689 0
13.3006 -17.8132 0
16.3538 -17.3994 0
13.3006 -17.8132 0
9.98828 -13.1279 0
9.4438 -16.8634 0
6.9976 -14.4018 0
9.4438 -16.8634 0
12.8428 -14.6832 0
9.4438 -16.8634 0
9.98828 -13.1279 0
9.4438 -16.8634 0
6.9976 -19.3249 0
9.4438 -16.8634 0
11.0639 -19.9323 0
9.4438 -16.8634 0
11.0639 -19.9323 0
9.4438 -16.8634 0
13.3006 -17.8132 0
9.4438 -16.8634 0
13.3006 -17.8132 0
9.4438 -16.8634 0
12.8428 -14.6832 0
9.4438 -16.8634 0
12.0116 -10.2136 0
12.9472 -8.95107 0
14.5138 -9.07496 0
12.9472 -8.95107 0
14.5138 -9.07496 0
12.9472 -8.95107 0
14.5138 -6.58752 0
12.9472 -8.95107 0
14.5138 -6.58752 0
12.9472 -8.95107 0
12.3728 -7.48838 0
12.9472 -8.95107 0
12.0116 -10.2136 0
10.805 -8.66713 0
12.9472 -8.95107 0
10.805 -8.66713 0
12.9472 -8.95107 0
10.805 -8.66713 0
12.3728 -7.48838 0
10.805 -8.66713 0
14.5138 -9.07496 0
15.0754 -11.298 0
12.0116 -10.2136 0
15.0754 -11.298 0
16.8566 -9.85408 0
15.0754 -11.298 0
14.5138 -9.07496 0
15.0754 -11.298 0
15.9227 -13.4286 0
15.0754 -11.298 0
18.6603 -11.5401 0
15.0754 -11.298 0
18.6603 -11.5401 0
15.0754 -11.298 0
16.8566 -9.85408 0
15.0754 -11.298 0
6.9976 -14.4018 0
7.7286 -11.9705 0
9.98828 -13.1279 0
7.7286 -11.9705 0
9.98828 -13.1279 0
12.1849 -12.4935 0
12.8428 -14.6832 0
12.1849 -12.4935 0
15.0754 -11.298 0
12.1849 -12.4935 0
12.0116 -10.2136 0
12.1849 -12.4935 0
15.9227 -13.4286 0
12.1849 -12.4935 0
15.0754 -11.298 0
12.1849 -12.4935 0
12.8428 -14.6832 0
12.1849 -12.4935 0
15.9227 -13.4286 0
12.1849 -12.4935 0
7.7286 -11.9705 0
10.5251 -11.3411 0
9.98828 -13.1279 0
10.5251 -11.3411 0
9.98828 -13.1279 0
10.5251 -11.3411 0
12.1849 -12.4935 0
10.5251 -11.3411 0
12.1849 -12.4935 0
10.5251 -11.3411 0
12.0116 -10.2136 0
10.5251 -11.3411 0
12.0116 -10.2136 0
10.5251 -11.3411 0
10.805 -8.66713 0
10.5251 -11.3411 0
10.805 -8.66713 0
10.5251 -11.3411 0
9.27458 -9.95657 0
10.5251 -11.3411 0
-3.81253 -3.13041 0
-6.05995 -5.08463 0
-6.02715 -2.10658 0
-6.05995 -5.08463 0
-6.02715 -2.10658 0
-6.05995 -5.08463 0
-8.79833 -3.91367 0
-6.05995 -5.08463 0
-3.81253 -3.13041 0
-2.99544 -4.87202 0
-6.05995 -5.08463 0
-2.99544 -4.87202 0
-2.11396 -3.1621 0
-2.99544 -4.87202 0
-3.81253 -3.13041 0
-2.99544 -4.87202 0
0.256922 -3.28283 0
-0.943712 -3.52083 0
-0.628262 -2.33818 0
-0.943712 -3.52083 0
-0.628262 -2.33818 0
-0.943712 -3.52083 0
-2.11396 -3.1621 0
-0.943712 -3.52083 0
-2.11396 -3.1621 0
-0.943712 -3.52083 0
-2.99544 -4.87202 0
-0.943712 -3.52083 0
-2.99544 -4.87202 0
-0.943712 -3.52083 0
-1.41548 -5.96954 0
-0.943712 -3.52083 0
-8.79833 -3.91367 0
-8.99764 -7.33931 0
-12.2659 -6.29381 0
-8.99764 -7.33931 0
-6.05995 -5.08463 0
-8.99764 -7.33931 0
-8.79833 -3.91367 0
-8.99764 -7.33931 0
-13.6479 -11.5402 0
-9.91663 -12.9456 0
-11.5952 -16.5622 0
-9.91663 -12.9456 0
-18.6603 -14.1962 0
-15.8669 -13.4101 0
-15.429 -16.2788 0
-15.8669 -13.4101 0
-15.429 -16.2788 0
-15.8669 -13.4101 0
-11.5952 -16.5622 0
-15.8669 -13.4101 0
-11.5952 -16.5622 0
-15.8669 -13.4101 0
-13.6479 -11.5402 0
-15.8669 -13.4101 0
-18.6603 -11.8301 0
-15.8669 -13.4101 0
-18.6603 -14.1962 0
-15.8669 -13.4101 0
-6.9976 -23.6603 0
-5.83133 -21.3329 0
-4.66506 -23.6603 0
-5.83133 -21.3329 0
-9.33013 -23.6603 0
-5.83133 -21.3329 0
-6.9976 -23.6603 0
-5.83133 -21.3329 0
-6.9976 -19.0055 0
-5.83133 -21.3329 0
-9.33013 -23.6603 0
-5.83133 -21.3329 0
-4.66506 -23.6603 0
-5.83133 -21.3329 0
-2.33193 -19.2985 0
-5.83133 -21.3329 0
-18.6603 -9.4641 0
-16.2141 -10.6471 0
-18.6603 -11.8301 0
-16.2141 -10.6471 0
-18.6603 -11.8301 0
-16.2141 -10.6471 0
-15.8669 -13.4101 0
-16.2141 -10.6471 0
-15.8669 -13.4101 0
-16.2141 -10.6471 0
-13.6479 -11.5402 0
-16.2141 -10.6471 0
-13.6479 -11.5402 0
-16.2141 -10.6471 0
-15.8241 -7.15071 0
-16.2141 -10.6471 0
-15.8241 -7.15071 0
-16.2141 -10.6471 0
-18.6603 -9.4641 0
-16.2141 -10.6471 0
2.33253 -19.6101 0
4.53084 -17.2724 0
6.9976 -19.3249 0
4.53084 -17.2724 0
-2.33193 -19.2985 0
-4.52717 -16.9614 0
-2.33253 -14.6237 0
-4.52717 -16.9614 0
-6.9976 -19.0055 0
-4.52717 -16.9614 0
-5.83133 -21.3329 0
-4.52717 -16.9614 0
-5.83133 -21.3329 0
-4.52717 -16.9614 0
-2.33193 -19.2985 0
-4.52717 -16.9614 0
-2.33193 -19.2985 0
0.146672 -17.2632 0
2.33253 -19.6101 0
0.146672 -17.2632 0
-2.33253 -14.6237 0
0.146672 -17.2632 0
-2.33193 -19.2985 0
0.146672 -17.2632 0
2.34235 -14.9255 0
0.146672 -17.2632 0
-2.33253 -14.6237 0
0.146672 -17.2632 0
2.33253 -19.6101 0
0.146672 -17.2632 0
4.53084 -17.2724 0
0.146672 -17.2632 0
4.53084 -17.2724 0
0.146672 -17.2632 0
2.34235 -14.9255 0
0.146672 -17.2632 0
4.53084 -17.2724 0
6.98224 -16.8634 0
6.9976 -19.3249 0
6.98224 -16.8634 0
6.9976 -19.3249 0
6.98224 -16.8634 0
9.4438 -16.8634 0
6.98224 -16.8634 0
9.4438 -16.8634 0
6.98224 -16.8634 0
6.9976 -14.4018 0
6.98224 -16.8634 0
9.27458 -9.95657 0
9.52293 -8.6984 0
10.805 -8.66713 0
9.52293 -8.6984 0
-1.41548 -5.96954 0
0.153004 -5.08201 0
1.33282 -6.44432 0
0.153004 -5.08201 0
1.33282 -6.44432 0
0.153004 -5.08201 0
2.11203 -5.09291 0
0.153004 -5.08201 0
0.256922 -3.28283 0
0.153004 -5.08201 0
-0.943712 -3.52083 0
0.153004 -5.08201 0
-0.943712 -3.52083 0
0.153004 -5.08201 0
-1.41548 -5.96954 0
0.153004 -5.08201 0
-8.99764 -7.33931 0
-11.4322 -9.31862 0
-12.2659 -6.29381 0
-11.4322 -9.31862 0
-13.6479 -11.5402 0
-11.4322 -9.31862 0
-9.91663 -12.9456 0
-11.4322 -9.31862 0
-12.2659 -6.29381 0
-11.4322 -9.31862 0
-15.8241 -7.15071 0
-11.4322 -9.31862 0
-15.8241 -7.15071 0
-11.4322 -9.31862 0
-13.6479 -11.5402 0
-11.4322 -9.31862 0
-9.91663 -12.9456 0
-11.4322 -9.31862 0
-7.05575 -10.1684 0
-11.4322 -9.31862 0
-7.05575 -10.1684 0
-11.4322 -9.31862 0
-8.99764 -7.33931 0
-11.4322 -9.31862 0
-6.05995 -5.08463 0
-6.42282 -7.65296 0
-8.99764 -7.33931 0
-6.42282 -7.65296 0
-8.99764 -7.33931 0
-6.42282 -7.65296 0
-7.05575 -10.1684 0
-6.42282 -7.65296 0
-4.52717 -16.9614 0
-4.87224 -12.5848 0
-2.33253 -14.6237 0
-4.87224 -12.5848 0
-7.05575 -10.1684 0
-4.87224 -12.5848 0
-9.91663 -12.9456 0
-4.87224 -12.5848 0
-2.33253 -14.6237 0
-4.87224 -12.5848 0
-2.6375 -10.2157 0
-4.87224 -12.5848 0
1.33282 -6.44432 0
-0.44568 -8.54757 0
-1.41548 -5.96954 0
-0.44568 -8.54757 0
-2.6375 -10.2157 0
0.168818 -12.2361 0
-2.33253 -14.6237 0
0.168818 -12.2361 0
-2.33253 -14.6237 0
0.168818 -12.2361 0
2.34235 -14.9255 0
0.168818 -12.2361 0
-6.9976 -19.0055 0
-8.29353 -15.8967 0
-4.52717 -16.9614 0
-8.29353 -15.8967 0
-4.52717 -16.9614 0
-8.29353 -15.8967 0
-4.87224 -12.5848 0
-8.29353 -15.8967 0
-4.87224 -12.5848 0
-8.29353 -15.8967 0
-9.91663 -12.9456 0
-8.29353 -15.8967 0
-9.91663 -12.9456 0
-8.29353 -15.8967 0
-11.5952 -16.5622 0
-8.29353 -15.8967 0
-11.5952 -16.5622 0
-8.29353 -15.8967 0
-6.9976 -19.0055 0
-8.29353 -15.8967 0
2.34235 -14.9255 0
4.699 -14.9218 0
4.53084 -17.2724 0
4.699 -14.9218 0
4.53084 -17.2724 0
4.699 -14.9218 0
6.98224 -16.8634 0
4.699 -14.9218 0
6.98224 -16.8634 0
4.699 -14.9218 0
6.9976 -14.4018 0
4.699 -14.9218 0
6.9976 -14.4018 0
4.699 -14.9218 0
4.40366 -12.2964 0
4.699 -14.9218 0
4.40366 -12.2964 0
4.699 -14.9218 0
2.34235 -14.9255 0
4.699 -14.9218 0
10.805 -8.66713 0
10.5491 -7.41832 0
12.3728 -7.48838 0
10.5491 -7.41832 0
9.27458 -7.44022 0
10.5491 -7.41832 0
9.52293 -8.6984 0
10.5491 -7.41832 0
9.52293 -8.6984 0
10.5491 -7.41832 0
10.805 -8.66713 0
10.5491 -7.41832 0
3.5743 -7.31012 0
4.75497 -6.22652 0
5.97672 -7.26358 0
4.75497 -6.22652 0
1.33282 -6.44432 0
3.01573 -6.08771 0
3.5743 -7.31012 0
3.01573 -6.08771 0
2.11203 -5.09291 0
3.01573 -6.08771 0
1.33282 -6.44432 0
3.01573 -6.08771 0
3.5743 -7.31012 0
3.01573 -6.08771 0
4.75497 -6.22652 0
3.01573 -6.08771 0
4.40366 -12.2964 0
5.98669 -11.323 0
6.9976 -14.4018 0
5.98669 -11.323 0
6.9976 -14.4018 0
5.98669 -11.323 0
7.7286 -11.9705 0
5.98669 -11.323 0
5.98669 -11.323 0
4.80841 -8.98495 0
6.78187 -9.64338 0
4.80841 -8.98495 0
5.97672 -7.26358 0
4.80841 -8.98495 0
3.5743 -7.31012 0
4.80841 -8.98495 0
9.27458 -9.95657 0
8.11932 -9.07494 0
9.52293 -8.6984 0
8.11932 -9.07494 0
-6.42282 -7.65296 0
-4.83803 -9.38907 0
-7.05575 -10.1684 0
-4.83803 -9.38907 0
-7.05575 -10.1684 0
-4.83803 -9.38907 0
-4.87224 -12.5848 0
-4.83803 -9.38907 0
-4.87224 -12.5848 0
-4.83803 -9.38907 0
-2.6375 -10.2157 0
-4.83803 -9.38907 0
-6.42282 -7.65296 0
-4.41331 -6.62708 0
-4.83803 -9.38907 0
-4.41331 -6.62708 0
-1.41548 -5.96954 0
-4.41331 -6.62708 0
-2.99544 -4.87202 0
-4.41331 -6.62708 0
-6.05995 -5.08463 0
-4.41331 -6.62708 0
-6.42282 -7.65296 0
-4.41331 -6.62708 0
-2.99544 -4.87202 0
-4.41331 -6.62708 0
-6.05995 -5.08463 0
-4.41331 -6.62708 0
1.33282 -6.44432 0
1.77853 -8.62479 0
-0.44568 -8.54757 0
1.77853 -8.62479 0
3.5743 -7.31012 0
1.77853 -8.62479 0
1.33282 -6.44432 0
1.77853 -8.62479 0
8.11932 -9.07494 0
8.15975 -7.87794 0
9.52293 -8.6984 0
8.15975 -7.87794 0
9.52293 -8.6984 0
8.15975 -7.87794 0
9.27458 -7.44022 0
8.15975 -7.87794 0
9.27458 -9.95657 0
7.93917 -10.5087 0
8.11932 -9.07494 0
7.93917 -10.5087 0
8.11932 -9.07494 0
7.93917 -10.5087 0
6.78187 -9.64338 0
7.93917 -10.5087 0
6.78187 -9.64338 0
7.93917 -10.5087 0
5.98669 -11.323 0
7.93917 -10.5087 0
5.98669 -11.323 0
7.93917 -10.5087 0
7.7286 -11.9705 0
7.93917 -10.5087 0
7.7286 -11.9705 0
7.93917 -10.5087 0
10.5251 -11.3411 0
7.93917 -10.5087 0
10.5251 -11.3411 0
7.93917 -10.5087 0
9.27458 -9.95657 0
7.93917 -10.5087 0
-2.6375 -10.2157 0
-2.6152 -7.97098 0
-0.44568 -8.54757 0
-2.6152 -7.97098 0
-1.41548 -5.96954 0
-2.6152 -7.97098 0
-4.41331 -6.62708 0
-2.6152 -7.97098 0
-0.44568 -8.54757 0
-2.6152 -7.97098 0
-1.41548 -5.96954 0
-2.6152 -7.97098 0
-4.41331 -6.62708 0
-2.6152 -7.97098 0
-4.83803 -9.38907 0
-2.6152 -7.97098 0
-4.83803 -9.38907 0
-2.6152 -7.97098 0
-2.6375 -10.2157 0
-2.6152 -7.97098 0
3.5743 -7.31012 0
3.29291 -8.80956 0
1.77853 -8.62479 0
3.29291 -8.80956 0
4.80841 -8.98495 0
3.29291 -8.80956 0
3.5743 -7.31012 0
3.29291 -8.80956 0
1.77853 -8.62479 0
0.608059 -10.2675 0
-0.44568 -8.54757 0
0.608059 -10.2675 0
-2.6375 -10.2157 0
0.608059 -10.2675 0
0.168818 -12.2361 0
0.608059 -10.2675 0
-0.44568 -8.54757 0
0.608059 -10.2675 0
-2.6375 -10.2157 0
0.608059 -10.2675 0
8.11932 -9.07494 0
7.01856 -7.74726 0
8.15975 -7.87794 0
7.01856 -7.74726 0
6.78187 -9.64338 0
7.01856 -7.74726 0
8.11932 -9.07494 0
7.01856 -7.74726 0
4.80841 -8.98495 0
3.85946 -10.5494 0
3.29291 -8.80956 0
3.85946 -10.5494 0
5.98669 -11.323 0
3.85946 -10.5494 0
4.80841 -8.98495 0
3.85946 -10.5494 0
4.40366 -12.2964 0
3.85946 -10.5494 0
5.98669 -11.323 0
3.85946 -10.5494 0
3.29291 -8.80956 0
3.85946 -10.5494 0
1.77853 -8.62479 0
3.85946 -10.5494 0
6.78187 -9.64338 0
6.0144 -8.54631 0
7.01856 -7.74726 0
6.0144 -8.54631 0
4.80841 -8.98495 0
6.0144 -8.54631 0
6.78187 -9.64338 0
6.0144 -8.54631 0
7.01856 -7.74726 0
6.0144 -8.54631 0
5.97672 -7.26358 0
6.0144 -8.54631 0
5.97672 -7.26358 0
6.0144 -8.54631 0
4.80841 -8.98495 0
6.0144 -8.54631 0
4.40366 -12.2964 0
2.12699 -11.6397 0
3.85946 -10.5494 0
2.12699 -11.6397 0
0.608059 -10.2675 0
2.12699 -11.6397 0
0.168818 -12.2361 0
2.12699 -11.6397 0
0.168818 -12.2361 0
2.12699 -11.6397 0
2.34235 -14.9255 0
2.12699 -11.6397 0
2.34235 -14.9255 0
2.12699 -11.6397 0
4.40366 -12.2964 0
2.12699 -11.6397 0
3.85946 -10.5494 0
2.12699 -11.6397 0
1.77853 -8.62479 0
2.12699 -11.6397 0
1.77853 -8.62479 0
2.12699 -11.6397 0
0.608059 -10.2675 0
2.12699 -11.6397 0
13.3262 -5 0
12.8495 -5.53078 0
12.3728 -5 0
12.8495 -5.53078 0
12.8495 -5.53078 0
12.3728 -6.06157 0
11.8962 -5.53078 0
12.3728 -6.06157 0
11.8962 -5.53078 0
12.3728 -5 0
12.8495 -5.53078 0
12.3728 -5 0
0.876117 -3.47144 0
0.256922 -3.28283 0
0.585352 -2.72505 0
0.256922 -3.28283 0
3.2476 -1.875 0
2.69705 -2.21085 0
2.70633 -1.5625 0
2.69705 -2.21085 0
2.70633 -1.5625 0
2.15579 -1.89835 0
2.16506 -1.25 0
2.15579 -1.89835 0
2.15579 -1.89835 0
2.70633 -1.5625 0
2.69705 -2.21085 0
2.70633 -1.5625 0
1.6238 -0.9375 0
1.31098 -1.16682 0
1.35316 -0.78125 0
1.31098 -1.16682 0
1.35316 -0.78125 0
1.04034 -1.01057 0
1.08253 -0.625 0
1.04034 -1.01057 0
2.16506 -1.25 0
1.58161 -1.32307 0
1.89443 -1.09375 0
1.58161 -1.32307 0
1.89443 -1.09375 0
1.31098 -1.16682 0
1.6238 -0.9375 0
1.31098 -1.16682 0
1.31098 -1.16682 0
1.89443 -1.09375 0
1.58161 -1.32307 0
1.89443 -1.09375 0
12.3728 -7.48838 0
11.5135 -6.81815 0
12.3728 -6.77498 0
11.5135 -6.81815 0
12.3728 -6.77498 0
11.5135 -6.10474 0
12.3728 -6.06157 0
11.5135 -6.10474 0
11.5135 -6.81815 0
10.6542 -6.14791 0
11.5135 -6.10474 0
10.6542 -6.14791 0
11.5135 -6.10474 0
12.3728 -6.77498 0
11.5135 -6.81815 0
12.3728 -6.77498 0
12.3728 -6.06157 0
11.5135 -6.10474 0
11.8962 -5.53078 0
11.5135 -6.10474 0
2.88656 -5.00086 0
2.11203 -5.09291 0
2.50424 -4.41269 0
2.11203 -5.09291 0
2.50424 -4.41269 0
2.11203 -5.09291 0
1.80367 -4.37648 0
2.11203 -5.09291 0
7.03646 -4.0625 0
6.48342 -4.39539 0
6.49519 -3.75 0
6.48342 -4.39539 0
5.41266 -3.125 0
4.85962 -3.45789 0
4.87139 -2.8125 0
4.85962 -3.45789 0
4.87139 -2.8125 0
4.31835 -3.14539 0
4.33013 -2.5 0
4.31835 -3.14539 0
4.31835 -3.14539 0
4.87139 -2.8125 0
4.85962 -3.45789 0
4.87139 -2.8125 0
3.2476 -1.875 0
3.1523 -2.33795 0
2.69705 -2.21085 0
3.1523 -2.33795 0
4.33013 -2.5 0
3.69356 -2.65045 0
3.78886 -2.1875 0
3.69356 -2.65045 0
3.78886 -2.1875 0
3.1523 -2.33795 0
3.2476 -1.875 0
3.1523 -2.33795 0
3.1523 -2.33795 0
3.78886 -2.1875 0
3.69356 -2.65045 0
3.78886 -2.1875 0
-0.628262 -1.71143 0
-0.208877 -2.01916 0
-0.628262 -2.33818 0
-0.208877 -2.01916 0
-0.208877 -2.01916 0
-0.628262 -1.71143 0
-0.208877 -1.39242 0
-0.628262 -1.71143 0
-0.628262 -2.33818 0
-0.208877 -2.01916 0
-0.18567 -2.8105 0
-0.208877 -2.01916 0
-0.18567 -2.8105 0
0.233715 -2.49149 0
0.256922 -3.28283 0
0.233715 -2.49149 0
0.233715 -2.49149 0
-0.18567 -2.8105 0
-0.208877 -2.01916 0
-0.18567 -2.8105 0
0.256922 -3.28283 0
0.233715 -2.49149 0
0.585352 -2.72505 0
0.233715 -2.49149 0
12.3728 -7.48838 0
11.461 -7.45335 0
11.5135 -6.81815 0
11.461 -7.45335 0
11.5135 -6.81815 0
10.6017 -6.78312 0
10.6542 -6.14791 0
10.6017 -6.78312 0
11.461 -7.45335 0
10.5491 -7.41832 0
10.6017 -6.78312 0
10.5491 -7.41832 0
10.6017 -6.78312 0
11.5135 -6.81815 0
11.461 -7.45335 0
11.5135 -6.81815 0
10.6017 -6.78312 0
10.5491 -7.41832 0
9.91186 -6.78055 0
10.5491 -7.41832 0
9.27458 -6.7915 0
9.91186 -7.42927 0
9.27458 -7.44022 0
9.91186 -7.42927 0
9.91186 -6.78055 0
10.5491 -7.41832 0
9.91186 -7.42927 0
10.5491 -7.41832 0
9.91186 -7.42927 0
9.27458 -6.7915 0
9.91186 -6.78055 0
9.27458 -6.7915 0
2.88656 -5.00086 0
2.56388 -5.59031 0
2.11203 -5.09291 0
2.56388 -5.59031 0
3.33841 -5.49826 0
3.01573 -6.08771 0
2.56388 -5.59031 0
3.01573 -6.08771 0
2.56388 -5.59031 0
2.88656 -5.00086 0
3.33841 -5.49826 0
2.88656 -5.00086 0
4.75497 -6.22652 0
3.88535 -6.15712 0
4.20803 -5.56767 0
3.88535 -6.15712 0
3.88535 -6.15712 0
3.01573 -6.08771 0
3.33841 -5.49826 0
3.01573 -6.08771 0
3.33841 -5.49826 0
4.20803 -5.56767 0
3.88535 -6.15712 0
4.20803 -5.56767 0
8.46512 -7.11586 0
8.7667 -6.69626 0
9.27458 -7.44022 0
8.7667 -6.69626 0
5.41266 -3.125 0
5.36643 -3.51757 0
4.85962 -3.45789 0
5.36643 -3.51757 0
5.36643 -3.51757 0
5.3202 -3.91014 0
4.81339 -3.85046 0
5.3202 -3.91014 0
4.81339 -3.85046 0
4.85962 -3.45789 0
5.36643 -3.51757 0
4.85962 -3.45789 0
5.95392 -3.4375 0
5.63706 -3.67382 0
5.68329 -3.28125 0
5.63706 -3.67382 0
5.68329 -3.28125 0
5.36643 -3.51757 0
5.41266 -3.125 0
5.36643 -3.51757 0
5.63706 -3.67382 0
5.3202 -3.91014 0
5.36643 -3.51757 0
5.3202 -3.91014 0
5.36643 -3.51757 0
5.68329 -3.28125 0
5.63706 -3.67382 0
5.68329 -3.28125 0
4.33013 -2.5 0
4.06923 -2.81804 0
3.69356 -2.65045 0
4.06923 -2.81804 0
4.06923 -2.81804 0
3.80834 -3.13609 0
3.43267 -2.96849 0
3.80834 -3.13609 0
3.43267 -2.96849 0
3.69356 -2.65045 0
4.06923 -2.81804 0
3.69356 -2.65045 0
4.31835 -3.14539 0
4.06923 -2.81804 0
4.33013 -2.5 0
4.06923 -2.81804 0
4.05746 -3.46343 0
3.80834 -3.13609 0
4.06923 -2.81804 0
3.80834 -3.13609 0
4.06923 -2.81804 0
4.31835 -3.14539 0
4.05746 -3.46343 0
4.31835 -3.14539 0
5.97672 -7.26358 0
5.80348 -6.46087 0
6.28494 -6.74896 0
5.80348 -6.46087 0
4.75497 -6.22652 0
5.1926 -5.94234 0
5.36584 -6.74505 0
5.1926 -5.94234 0
5.36584 -6.74505 0
5.80348 -6.46087 0
5.97672 -7.26358 0
5.80348 -6.46087 0
9.27458 -7.44022 0
8.71717 -7.65908 0
8.46512 -7.11586 0
8.71717 -7.65908 0
8.46512 -7.11586 0
7.90771 -7.33472 0
7.65567 -6.7915 0
7.90771 -7.33472 0
8.71717 -7.65908 0
8.15975 -7.87794 0
7.90771 -7.33472 0
8.15975 -7.87794 0
7.90771 -7.33472 0
8.46512 -7.11586 0
8.71717 -7.65908 0
8.46512 -7.11586 0
6.48342 -4.39539 0
6.23935 -4.06814 0
6.49519 -3.75 0
6.23935 -4.06814 0
5.95392 -3.4375 0
5.96871 -3.91189 0
5.63706 -3.67382 0
5.96871 -3.91189 0
5.63706 -3.67382 0
5.65185 -4.14821 0
5.3202 -3.91014 0
5.65185 -4.14821 0
5.65185 -4.14821 0
5.63706 -3.67382 0
5.96871 -3.91189 0
5.63706 -3.67382 0
6.49519 -3.75 0
6.23935 -4.06814 0
6.22456 -3.59375 0
6.23935 -4.06814 0
6.22456 -3.59375 0
5.96871 -3.91189 0
5.95392 -3.4375 0
5.96871 -3.91189 0
5.96871 -3.91189 0
6.22456 -3.59375 0
6.23935 -4.06814 0
6.22456 -3.59375 0
8.15975 -7.87794 0
7.58916 -7.8126 0
7.90771 -7.33472 0
7.58916 -7.8126 0
7.90771 -7.33472 0
7.33712 -7.26938 0
7.65567 -6.7915 0
7.33712 -7.26938 0
7.58916 -7.8126 0
7.01856 -7.74726 0
7.33712 -7.26938 0
7.01856 -7.74726 0
7.33712 -7.26938 0
7.90771 -7.33472 0
7.58916 -7.8126 0
7.90771 -7.33472 0
7.33712 -7.26938 0
7.01856 -7.74726 0
6.80586 -6.9908 0
7.01856 -7.74726 0
6.28494 -6.74896 0
6.49764 -7.50542 0
5.97672 -7.26358 0
6.49764 -7.50542 0
6.80586 -6.9908 0
7.01856 -7.74726 0
6.49764 -7.50542 0
7.01856 -7.74726 0
6.49764 -7.50542 0
6.28494 -6.74896 0
6.80586 -6.9908 0
6.28494 -6.74896 0
-0.942394 0 0
-1.09946 -0.271171 0
-1.25652 0 0
-1.09946 -0.271171 0
-0.785328 -0.271171 0
-0.942394 -0.542343 0
-1.09946 -0.271171 0
-0.942394 -0.542343 0
-1.09946 -0.271171 0
-0.942394 0 0
-0.785328 -0.271171 0
-0.942394 0 0
-0.628262 -0.542343 0
-0.785328 -0.813514 0
-0.942394 -0.542343 0
-0.785328 -0.813514 0
-0.471197 -0.813514 0
-0.628262 -1.08469 0
-0.785328 -0.813514 0
-0.628262 -1.08469 0
-0.785328 -0.813514 0
-0.628262 -0.542343 0
-0.471197 -0.813514 0
-0.628262 -0.542343 0
-0.942394 -0.542343 0
-0.785328 -0.271171 0
-0.628262 -0.542343 0
-0.785328 -0.271171 0
12.3728 -5 0
12.1345 -5.26539 0
11.8962 -5 0
12.1345 -5.26539 0
12.1345 -5.26539 0
11.8962 -5.53078 0
11.6578 -5.26539 0
11.8962 -5.53078 0
11.6578 -5.26539 0
11.8962 -5 0
12.1345 -5.26539 0
11.8962 -5 0
1.49531 -3.66005 0
1.18571 -3.56574 0
1.34993 -3.28685 0
1.18571 -3.56574 0
1.34993 -3.28685 0
1.04033 -3.19255 0
1.20455 -2.91366 0
1.04033 -3.19255 0
1.18571 -3.56574 0
0.876117 -3.47144 0
1.04033 -3.19255 0
0.876117 -3.47144 0
1.04033 -3.19255 0
1.34993 -3.28685 0
1.18571 -3.56574 0
1.34993 -3.28685 0
0.89495 -2.81936 0
0.585352 -2.72505 0
0.749568 -2.44617 0
0.585352 -2.72505 0
0.585352 -2.72505 0
0.89495 -2.81936 0
0.730735 -3.09824 0
0.89495 -2.81936 0
0.730735 -3.09824 0
1.04033 -3.19255 0
0.876117 -3.47144 0
1.04033 -3.19255 0
0.89495 -2.81936 0
1.20455 -2.91366 0
1.04033 -3.19255 0
1.20455 -2.91366 0
1.04033 -3.19255 0
0.730735 -3.09824 0
0.89495 -2.81936 0
0.730735 -3.09824 0
1.34993 -3.28685 0
1.65811 -3.38171 0
1.49531 -3.66005 0
1.65811 -3.38171 0
2.16506 -1.25 0
2.16043 -1.57418 0
1.85224 -1.47932 0
2.16043 -1.57418 0
1.85224 -1.47932 0
1.8476 -1.8035 0
1.53942 -1.70864 0
1.8476 -1.8035 0
2.16043 -1.57418 0
2.15579 -1.89835 0
1.8476 -1.8035 0
2.15579 -1.89835 0
1.8476 -1.8035 0
1.85224 -1.47932 0
2.16043 -1.57418 0
1.85224 -1.47932 0
2.69705 -2.21085 0
2.42178 -2.37878 0
2.42642 -2.0546 0
2.42178 -2.37878 0
2.42642 -2.0546 0
2.15115 -2.22253 0
2.15579 -1.89835 0
2.15115 -2.22253 0
2.15115 -2.22253 0
2.42642 -2.0546 0
2.42178 -2.37878 0
2.42642 -2.0546 0
-0.471197 -0.813514 0
-0.414333 -1.02752 0
-0.628262 -1.08469 0
-0.414333 -1.02752 0
1.08253 -0.625 0
0.868763 -0.682759 0
0.811899 -0.46875 0
0.868763 -0.682759 0
0.811899 -0.46875 0
0.59813 -0.526509 0
0.541266 -0.3125 0
0.59813 -0.526509 0
0.59813 -0.526509 0
0.811899 -0.46875 0
0.868763 -0.682759 0
0.811899 -0.46875 0
0.270633 -0.15625 0
0.0568638 -0.214009 0
0 0 0
0.0568638 -0.214009 0
1.65811 -3.38171 0
1.8456 -3.67815 0
1.49531 -3.66005 0
1.8456 -3.67815 0
1.31098 -1.16682 0
1.15457 -1.28148 0
1.17566 -1.0887 0
1.15457 -1.28148 0
1.58161 -1.32307 0
1.28988 -1.35961 0
1.44629 -1.24495 0
1.28988 -1.35961 0
1.44629 -1.24495 0
1.15457 -1.28148 0
1.31098 -1.16682 0
1.15457 -1.28148 0
1.15457 -1.28148 0
1.44629 -1.24495 0
1.28988 -1.35961 0
1.44629 -1.24495 0
1.53942 -1.70864 0
1.56052 -1.51586 0
1.85224 -1.47932 0
1.56052 -1.51586 0
1.85224 -1.47932 0
1.87334 -1.28654 0
2.16506 -1.25 0
1.87334 -1.28654 0
1.56052 -1.51586 0
1.58161 -1.32307 0
1.87334 -1.28654 0
1.58161 -1.32307 0
1.87334 -1.28654 0
1.85224 -1.47932 0
1.56052 -1.51586 0
1.85224 -1.47932 0
1.08253 -0.625 0
1.06144 -0.817785 0
0.868763 -0.682759 0
1.06144 -0.817785 0
1.06144 -0.817785 0
1.04034 -1.01057 0
0.847669 -0.875544 0
1.04034 -1.01057 0
0.847669 -0.875544 0
0.868763 -0.682759 0
1.06144 -0.817785 0
0.868763 -0.682759 0
11.8962 -5.53078 0
11.4665 -5.55237 0
11.6578 -5.26539 0
11.4665 -5.55237 0
11.5135 -6.10474 0
11.0839 -6.12633 0
11.2752 -5.83935 0
11.0839 -6.12633 0
11.2752 -5.83935 0
10.8455 -5.86093 0
11.0368 -5.57396 0
10.8455 -5.86093 0
11.0839 -6.12633 0
10.6542 -6.14791 0
10.8455 -5.86093 0
10.6542 -6.14791 0
10.8455 -5.86093 0
11.2752 -5.83935 0
11.0839 -6.12633 0
11.2752 -5.83935 0
11.0368 -5.57396 0
11.4665 -5.55237 0
11.2752 -5.83935 0
11.4665 -5.55237 0
11.2752 -5.83935 0
11.7048 -5.81776 0
11.5135 -6.10474 0
11.7048 -5.81776 0
11.4665 -5.55237 0
11.8962 -5.53078 0
11.7048 -5.81776 0
11.8962 -5.53078 0
11.7048 -5.81776 0
11.2752 -5.83935 0
11.4665 -5.55237 0
11.2752 -5.83935 0
3.27382 -4.95484 0
2.88656 -5.00086 0
3.08266 -4.66075 0
2.88656 -5.00086 0
2.50424 -4.41269 0
2.89151 -4.36667 0
2.6954 -4.70678 0
2.89151 -4.36667 0
2.6954 -4.70678 0
3.08266 -4.66075 0
2.88656 -5.00086 0
3.08266 -4.66075 0
3.08266 -4.66075 0
2.6954 -4.70678 0
2.89151 -4.36667 0
2.6954 -4.70678 0
1.8456 -3.67815 0
1.64949 -4.01826 0
1.49531 -3.66005 0
1.64949 -4.01826 0
1.99978 -4.03637 0
1.80367 -4.37648 0
1.64949 -4.01826 0
1.80367 -4.37648 0
1.64949 -4.01826 0
1.8456 -3.67815 0
1.99978 -4.03637 0
1.8456 -3.67815 0
1.80367 -4.37648 0
1.99978 -4.03637 0
2.15396 -4.39459 0
1.99978 -4.03637 0
2.15396 -4.39459 0
2.35006 -4.05447 0
2.50424 -4.41269 0
2.35006 -4.05447 0
2.35006 -4.05447 0
2.15396 -4.39459 0
1.99978 -4.03637 0
2.15396 -4.39459 0
7.3012 -4.54144 0
7.02468 -4.70789 0
7.03057 -4.38519 0
7.02468 -4.70789 0
7.02468 -4.70789 0
6.74817 -4.87433 0
6.75405 -4.55164 0
6.74817 -4.87433 0
6.75405 -4.55164 0
6.47753 -4.71808 0
6.48342 -4.39539 0
6.47753 -4.71808 0
6.47753 -4.71808 0
6.75405 -4.55164 0
6.74817 -4.87433 0
6.75405 -4.55164 0
4.85962 -3.45789 0
4.5831 -3.62433 0
4.58899 -3.30164 0
4.5831 -3.62433 0
4.58899 -3.30164 0
4.31247 -3.46808 0
4.31835 -3.14539 0
4.31247 -3.46808 0
4.5831 -3.62433 0
4.30658 -3.79078 0
4.31247 -3.46808 0
4.30658 -3.79078 0
4.31247 -3.46808 0
4.58899 -3.30164 0
4.5831 -3.62433 0
4.58899 -3.30164 0
2.82938 -2.73735 0
3.057 -2.80089 0
3.01687 -3.03379 0
3.057 -2.80089 0
2.69705 -2.21085 0
2.6494 -2.44233 0
2.42178 -2.37878 0
2.6494 -2.44233 0
3.1523 -2.33795 0
3.10465 -2.56942 0
2.87703 -2.50587 0
3.10465 -2.56942 0
2.87703 -2.50587 0
2.82938 -2.73735 0
2.60176 -2.6738 0
2.82938 -2.73735 0
3.10465 -2.56942 0
3.057 -2.80089 0
2.82938 -2.73735 0
3.057 -2.80089 0
2.82938 -2.73735 0
2.87703 -2.50587 0
3.10465 -2.56942 0
2.87703 -2.50587 0
2.60176 -2.6738 0
2.6494 -2.44233 0
2.87703 -2.50587 0
2.6494 -2.44233 0
2.87703 -2.50587 0
2.92468 -2.2744 0
3.1523 -2.33795 0
2.92468 -2.2744 0
2.6494 -2.44233 0
2.69705 -2.21085 0
2.92468 -2.2744 0
2.69705 -2.21085 0
2.92468 -2.2744 0
2.87703 -2.50587 0
2.6494 -2.44233 0
2.87703 -2.50587 0
3.69356 -2.65045 0
3.37528 -2.72567 0
3.42293 -2.4942 0
3.37528 -2.72567 0
3.42293 -2.4942 0
3.10465 -2.56942 0
3.1523 -2.33795 0
3.10465 -2.56942 0
3.37528 -2.72567 0
3.057 -2.80089 0
3.10465 -2.56942 0
3.057 -2.80089 0
3.10465 -2.56942 0
3.42293 -2.4942 0
3.37528 -2.72567 0
3.42293 -2.4942 0
-0.414333 -1.02752 0
-0.41857 -1.23855 0
-0.628262 -1.08469 0
-0.41857 -1.23855 0
-0.628262 -1.08469 0
-0.41857 -1.23855 0
-0.628262 -1.39806 0
-0.41857 -1.23855 0
-0.628262 -1.39806 0
-0.41857 -1.55192 0
-0.628262 -1.71143 0
-0.41857 -1.55192 0
-0.41857 -1.23855 0
-0.208877 -1.39242 0
-0.41857 -1.55192 0
-0.208877 -1.39242 0
-0.41857 -1.55192 0
-0.628262 -1.39806 0
-0.41857 -1.23855 0
-0.628262 -1.39806 0
-0.208877 -1.39242 0
0.000815613 -1.54628 0
-0.208877 -1.70579 0
0.000815613 -1.54628 0
-0.208877 -1.70579 0
0.000815613 -1.85966 0
-0.208877 -2.01916 0
0.000815613 -1.85966 0
0.000815613 -1.85966 0
-0.208877 -1.70579 0
0.000815613 -1.54628 0
-0.208877 -1.70579 0
-0.208877 -2.01916 0
0.000815613 -1.85966 0
0.0124191 -2.25533 0
0.000815613 -1.85966 0
0.0124191 -2.25533 0
0.222112 -2.09582 0
0.233715 -2.49149 0
0.222112 -2.09582 0
0.222112 -2.09582 0
0.0124191 -2.25533 0
0.000815613 -1.85966 0
0.0124191 -2.25533 0
0.585352 -2.72505 0
0.573749 -2.32938 0
0.749568 -2.44617 0
0.573749 -2.32938 0
0.233715 -2.49149 0
0.222112 -2.09582 0
0.39793 -2.2126 0
0.222112 -2.09582 0
0.39793 -2.2126 0
0.409534 -2.60827 0
0.233715 -2.49149 0
0.409534 -2.60827 0
0.573749 -2.32938 0
0.585352 -2.72505 0
0.409534 -2.60827 0
0.585352 -2.72505 0
0.409534 -2.60827 0
0.39793 -2.2126 0
0.573749 -2.32938 0
0.39793 -2.2126 0
10.6542 -6.14791 0
10.6279 -6.46551 0
10.3093 -6.14663 0
10.6279 -6.46551 0
10.6279 -6.46551 0
10.6017 -6.78312 0
10.283 -6.46423 0
10.6017 -6.78312 0
10.283 -6.46423 0
10.3093 -6.14663 0
10.6279 -6.46551 0
10.3093 -6.14663 0
9.93812 -6.46295 0
9.91186 -6.78055 0
9.59322 -6.46166 0
9.91186 -6.78055 0
9.91186 -6.78055 0
9.93812 -6.46295 0
10.2568 -6.78183 0
9.93812 -6.46295 0
10.2568 -6.78183 0
10.283 -6.46423 0
10.6017 -6.78312 0
10.283 -6.46423 0
10.283 -6.46423 0
10.2568 -6.78183 0
9.93812 -6.46295 0
10.2568 -6.78183 0
9.27458 -6.46714 0
9.59322 -6.78602 0
9.27458 -6.7915 0
9.59322 -6.78602 0
9.59322 -6.46166 0
9.91186 -6.78055 0
9.59322 -6.78602 0
9.91186 -6.78055 0
9.59322 -6.78602 0
9.27458 -6.46714 0
9.59322 -6.46166 0
9.27458 -6.46714 0
4.59969 -5.51428 0
4.4815 -5.89709 0
4.20803 -5.56767 0
4.4815 -5.89709 0
4.87316 -5.84371 0
4.75497 -6.22652 0
4.4815 -5.89709 0
4.75497 -6.22652 0
4.4815 -5.89709 0
4.59969 -5.51428 0
4.87316 -5.84371 0
4.59969 -5.51428 0
3.66109 -4.90881 0
3.49975 -5.20354 0
3.27382 -4.95484 0
3.49975 -5.20354 0
3.27382 -4.95484 0
3.11248 -5.24956 0
2.88656 -5.00086 0
3.11248 -5.24956 0
3.49975 -5.20354 0
3.33841 -5.49826 0
3.11248 -5.24956 0
3.33841 -5.49826 0
3.11248 -5.24956 0
3.27382 -4.95484 0
3.49975 -5.20354 0
3.27382 -4.95484 0
4.20803 -5.56767 0
3.77322 -5.53296 0
3.93456 -5.23824 0
3.77322 -5.53296 0
3.93456 -5.23824 0
3.49975 -5.20354 0
3.66109 -4.90881 0
3.49975 -5.20354 0
3.77322 -5.53296 0
3.33841 -5.49826 0
3.49975 -5.20354 0
3.33841 -5.49826 0
3.49975 -5.20354 0
3.93456 -5.23824 0
3.77322 -5.53296 0
3.93456 -5.23824 0
7.65567 -6.7915 0
7.80646 -6.5817 0
8.0604 -6.95368 0
7.80646 -6.5817 0
8.0604 -6.95368 0
8.21119 -6.74388 0
8.46512 -7.11586 0
8.21119 -6.74388 0
8.21119 -6.74388 0
8.0604 -6.95368 0
7.80646 -6.5817 0
8.0604 -6.95368 0
8.7667 -6.69626 0
8.61591 -6.90606 0
8.36198 -6.53408 0
8.61591 -6.90606 0
8.61591 -6.90606 0
8.46512 -7.11586 0
8.21119 -6.74388 0
8.46512 -7.11586 0
8.21119 -6.74388 0
8.36198 -6.53408 0
8.61591 -6.90606 0
8.36198 -6.53408 0
9.27458 -6.7915 0
9.02064 -6.41952 0
9.27458 -6.46714 0
9.02064 -6.41952 0
9.02064 -6.41952 0
9.27458 -6.7915 0
9.02064 -6.74388 0
9.27458 -6.7915 0
4.85962 -3.45789 0
4.83651 -3.65418 0
4.5831 -3.62433 0
4.83651 -3.65418 0
4.5831 -3.62433 0
4.55999 -3.82062 0
4.30658 -3.79078 0
4.55999 -3.82062 0
4.83651 -3.65418 0
4.81339 -3.85046 0
4.55999 -3.82062 0
4.81339 -3.85046 0
4.55999 -3.82062 0
4.5831 -3.62433 0
4.83651 -3.65418 0
4.5831 -3.62433 0
4.30658 -3.79078 0
4.55999 -3.82062 0
4.53687 -4.01691 0
4.55999 -3.82062 0
4.55999 -3.82062 0
4.81339 -3.85046 0
4.79028 -4.04675 0
4.81339 -3.85046 0
4.79028 -4.04675 0
4.53687 -4.01691 0
4.55999 -3.82062 0
4.53687 -4.01691 0
4.81339 -3.85046 0
5.0668 -3.8803 0
5.04368 -4.07659 0
5.0668 -3.8803 0
5.04368 -4.07659 0
5.29708 -4.10643 0
5.27397 -4.30272 0
5.29708 -4.10643 0
5.0668 -3.8803 0
5.3202 -3.91014 0
5.29708 -4.10643 0
5.3202 -3.91014 0
5.29708 -4.10643 0
5.04368 -4.07659 0
5.0668 -3.8803 0
5.04368 -4.07659 0
5.27397 -4.30272 0
5.02057 -4.27288 0
5.04368 -4.07659 0
5.02057 -4.27288 0
5.04368 -4.07659 0
4.79028 -4.04675 0
4.81339 -3.85046 0
4.79028 -4.04675 0
4.79028 -4.04675 0
5.04368 -4.07659 0
5.02057 -4.27288 0
5.04368 -4.07659 0
3.69356 -2.65045 0
3.56312 -2.80947 0
3.37528 -2.72567 0
3.56312 -2.80947 0
3.37528 -2.72567 0
3.24484 -2.88469 0
3.057 -2.80089 0
3.24484 -2.88469 0
3.56312 -2.80947 0
3.43267 -2.96849 0
3.24484 -2.88469 0
3.43267 -2.96849 0
3.24484 -2.88469 0
3.37528 -2.72567 0
3.56312 -2.80947 0
3.37528 -2.72567 0
4.30658 -3.79078 0
4.18202 -3.62711 0
4.31247 -3.46808 0
4.18202 -3.62711 0
4.31247 -3.46808 0
4.18791 -3.30441 0
4.31835 -3.14539 0
4.18791 -3.30441 0
4.18202 -3.62711 0
4.05746 -3.46343 0
4.18791 -3.30441 0
4.05746 -3.46343 0
4.18791 -3.30441 0
4.31247 -3.46808 0
4.18202 -3.62711 0
4.31247 -3.46808 0
3.24484 -2.88469 0
3.43267 -2.96849 0
3.2047 -3.11759 0
3.43267 -2.96849 0
3.43267 -2.96849 0
3.62051 -3.05229 0
3.39254 -3.20138 0
3.62051 -3.05229 0
3.62051 -3.05229 0
3.80834 -3.13609 0
3.58037 -3.28518 0
3.80834 -3.13609 0
3.58037 -3.28518 0
3.39254 -3.20138 0
3.62051 -3.05229 0
3.39254 -3.20138 0
3.39254 -3.20138 0
3.2047 -3.11759 0
3.43267 -2.96849 0
3.2047 -3.11759 0
3.82949 -3.61253 0
4.05746 -3.46343 0
4.18202 -3.62711 0
4.05746 -3.46343 0
3.70493 -3.44886 0
3.9329 -3.29976 0
4.05746 -3.46343 0
3.9329 -3.29976 0
3.58037 -3.28518 0
3.80834 -3.13609 0
3.9329 -3.29976 0
3.80834 -3.13609 0
3.9329 -3.29976 0
3.70493 -3.44886 0
3.58037 -3.28518 0
3.70493 -3.44886 0
4.05746 -3.46343 0
3.82949 -3.61253 0
3.70493 -3.44886 0
3.82949 -3.61253 0
6.28494 -6.74896 0
6.19832 -6.3476 0
6.43905 -6.49165 0
6.19832 -6.3476 0
5.80348 -6.46087 0
5.71686 -6.05952 0
5.95759 -6.20356 0
5.71686 -6.05952 0
5.95759 -6.20356 0
6.04421 -6.60491 0
5.80348 -6.46087 0
6.04421 -6.60491 0
6.19832 -6.3476 0
6.28494 -6.74896 0
6.04421 -6.60491 0
6.28494 -6.74896 0
6.04421 -6.60491 0
5.95759 -6.20356 0
6.19832 -6.3476 0
5.95759 -6.20356 0
5.1926 -5.94234 0
5.41142 -5.80025 0
5.49804 -6.2016 0
5.41142 -5.80025 0
5.49804 -6.2016 0
5.71686 -6.05952 0
5.80348 -6.46087 0
5.71686 -6.05952 0
5.80348 -6.46087 0
5.58466 -6.60296 0
5.49804 -6.2016 0
5.58466 -6.60296 0
5.49804 -6.2016 0
5.27922 -6.34369 0
5.1926 -5.94234 0
5.27922 -6.34369 0
5.58466 -6.60296 0
5.36584 -6.74505 0
5.27922 -6.34369 0
5.36584 -6.74505 0
5.27922 -6.34369 0
5.49804 -6.2016 0
5.58466 -6.60296 0
5.49804 -6.2016 0
4.87316 -5.84371 0
4.97378 -6.08443 0
4.75497 -6.22652 0
4.97378 -6.08443 0
5.09198 -5.70162 0
5.1926 -5.94234 0
4.97378 -6.08443 0
5.1926 -5.94234 0
7.39004 -6.65221 0
7.5755 -6.48258 0
7.65567 -6.7915 0
7.5755 -6.48258 0
7.65567 -6.7915 0
7.5755 -6.48258 0
7.80646 -6.5817 0
7.5755 -6.48258 0
7.3012 -4.54144 0
7.24052 -4.83666 0
7.02468 -4.70789 0
7.24052 -4.83666 0
7.51704 -4.67021 0
7.45636 -4.96542 0
7.24052 -4.83666 0
7.45636 -4.96542 0
7.24052 -4.83666 0
7.3012 -4.54144 0
7.51704 -4.67021 0
7.3012 -4.54144 0
6.47753 -4.71808 0
6.3555 -4.55446 0
6.48342 -4.39539 0
6.3555 -4.55446 0
6.22757 -4.71353 0
6.10554 -4.5499 0
6.23346 -4.39083 0
6.10554 -4.5499 0
6.23346 -4.39083 0
6.11142 -4.2272 0
6.23935 -4.06814 0
6.11142 -4.2272 0
6.10554 -4.5499 0
5.9835 -4.38627 0
6.11142 -4.2272 0
5.9835 -4.38627 0
6.11142 -4.2272 0
6.23346 -4.39083 0
6.10554 -4.5499 0
6.23346 -4.39083 0
6.23935 -4.06814 0
6.36138 -4.23176 0
6.23346 -4.39083 0
6.36138 -4.23176 0
6.36138 -4.23176 0
6.48342 -4.39539 0
6.3555 -4.55446 0
6.48342 -4.39539 0
6.3555 -4.55446 0
6.23346 -4.39083 0
6.36138 -4.23176 0
6.23346 -4.39083 0
5.96871 -3.91189 0
5.97611 -4.14908 0
5.81028 -4.03005 0
5.97611 -4.14908 0
5.81028 -4.03005 0
5.81768 -4.26724 0
5.65185 -4.14821 0
5.81768 -4.26724 0
5.97611 -4.14908 0
5.9835 -4.38627 0
5.81768 -4.26724 0
5.9835 -4.38627 0
5.81768 -4.26724 0
5.81028 -4.03005 0
5.97611 -4.14908 0
5.81028 -4.03005 0
6.23935 -4.06814 0
6.11142 -4.2272 0
6.10403 -3.99001 0
6.11142 -4.2272 0
6.10403 -3.99001 0
5.97611 -4.14908 0
5.96871 -3.91189 0
5.97611 -4.14908 0
6.11142 -4.2272 0
5.9835 -4.38627 0
5.97611 -4.14908 0
5.9835 -4.38627 0
5.97611 -4.14908 0
6.10403 -3.99001 0
6.11142 -4.2272 0
6.10403 -3.99001 0
5.3202 -3.91014 0
5.48603 -4.02918 0
5.29708 -4.10643 0
5.48603 -4.02918 0
5.29708 -4.10643 0
5.46291 -4.22546 0
5.27397 -4.30272 0
5.46291 -4.22546 0
5.48603 -4.02918 0
5.65185 -4.14821 0
5.46291 -4.22546 0
5.65185 -4.14821 0
5.46291 -4.22546 0
5.29708 -4.10643 0
5.48603 -4.02918 0
5.29708 -4.10643 0
5.65185 -4.14821 0
5.81768 -4.26724 0
5.62874 -4.34449 0
5.81768 -4.26724 0
5.62874 -4.34449 0
5.79456 -4.46353 0
5.60562 -4.54078 0
5.79456 -4.46353 0
5.81768 -4.26724 0
5.9835 -4.38627 0
5.79456 -4.46353 0
5.9835 -4.38627 0
5.79456 -4.46353 0
5.62874 -4.34449 0
5.81768 -4.26724 0
5.62874 -4.34449 0
5.60562 -4.54078 0
5.4398 -4.42175 0
5.62874 -4.34449 0
5.4398 -4.42175 0
5.62874 -4.34449 0
5.46291 -4.22546 0
5.65185 -4.14821 0
5.46291 -4.22546 0
5.4398 -4.42175 0
5.27397 -4.30272 0
5.46291 -4.22546 0
5.27397 -4.30272 0
5.46291 -4.22546 0
5.62874 -4.34449 0
5.4398 -4.42175 0
5.62874 -4.34449 0
7.65567 -6.7915 0
7.49639 -7.03044 0
7.39004 -6.65221 0
7.49639 -7.03044 0
7.39004 -6.65221 0
7.23077 -6.89115 0
7.12442 -6.51292 0
7.23077 -6.89115 0
7.49639 -7.03044 0
7.33712 -7.26938 0
7.23077 -6.89115 0
7.33712 -7.26938 0
7.23077 -6.89115 0
7.39004 -6.65221 0
7.49639 -7.03044 0
7.39004 -6.65221 0
7.12442 -6.51292 0
6.96514 -6.75186 0
6.85879 -6.37363 0
6.96514 -6.75186 0
6.85879 -6.37363 0
6.69951 -6.61257 0
6.59317 -6.23434 0
6.69951 -6.61257 0
6.96514 -6.75186 0
6.80586 -6.9908 0
6.69951 -6.61257 0
6.80586 -6.9908 0
6.69951 -6.61257 0
6.85879 -6.37363 0
6.96514 -6.75186 0
6.85879 -6.37363 0
6.80586 -6.9908 0
6.96514 -6.75186 0
7.07149 -7.13009 0
6.96514 -6.75186 0
7.07149 -7.13009 0
7.23077 -6.89115 0
7.33712 -7.26938 0
7.23077 -6.89115 0
6.96514 -6.75186 0
7.12442 -6.51292 0
7.23077 -6.89115 0
7.12442 -6.51292 0
7.23077 -6.89115 0
7.07149 -7.13009 0
6.96514 -6.75186 0
7.07149 -7.13009 0
6.59317 -6.23434 0
6.69951 -6.61257 0
6.43905 -6.49165 0
6.69951 -6.61257 0
6.43905 -6.49165 0
6.5454 -6.86988 0
6.28494 -6.74896 0
6.5454 -6.86988 0
6.69951 -6.61257 0
6.80586 -6.9908 0
6.5454 -6.86988 0
6.80586 -6.9908 0
6.5454 -6.86988 0
6.43905 -6.49165 0
6.69951 -6.61257 0
6.43905 -6.49165 0
-1.25652 0 0
-0.942394 -0.542343 0
-1.6496 -0.732366 0
-0.942394 -0.542343 0
-1.6496 -0.732366 0
-1.33547 -1.27471 0
-2.04267 -1.46473 0
-1.33547 -1.27471 0
-0.942394 -0.542343 0
-0.628262 -1.08469 0
-1.33547 -1.27471 0
-0.628262 -1.08469 0
-1.33547 -1.27471 0
-1.6496 -0.732366 0
-0.942394 -0.542343 0
-1.6496 -0.732366 0
-2.04267 -1.46473 0
-1.33547 -1.27471 0
-1.33547 -1.90146 0
-1.33547 -1.27471 0
-1.33547 -1.90146 0
-0.628262 -1.71143 0
-0.628262 -2.33818 0
-0.628262 -1.71143 0
-1.33547 -1.27471 0
-0.628262 -1.08469 0
-0.628262 -1.71143 0
-0.628262 -1.08469 0
-0.628262 -1.71143 0
-1.33547 -1.90146 0
-1.33547 -1.27471 0
-1.33547 -1.90146 0
2.11203 -5.09291 0
1.13252 -5.08746 0
1.80367 -4.37648 0
1.13252 -5.08746 0
1.80367 -4.37648 0
0.824158 -4.37103 0
1.49531 -3.66005 0
0.824158 -4.37103 0
1.13252 -5.08746 0
0.153004 -5.08201 0
0.824158 -4.37103 0
0.153004 -5.08201 0
0.824158 -4.37103 0
1.80367 -4.37648 0
1.13252 -5.08746 0
1.80367 -4.37648 0
1.49531 -3.66005 0
0.824158 -4.37103 0
0.876117 -3.47144 0
0.824158 -4.37103 0
0.876117 -3.47144 0
0.204963 -4.18242 0
0.256922 -3.28283 0
0.204963 -4.18242 0
0.824158 -4.37103 0
0.153004 -5.08201 0
0.204963 -4.18242 0
0.153004 -5.08201 0
0.204963 -4.18242 0
0.876117 -3.47144 0
0.824158 -4.37103 0
0.876117 -3.47144 0
0 0 0
-0.0785328 -0.135586 0
-0.157066 0 0
-0.0785328 -0.135586 0
-0.157066 0 0
-0.235598 -0.135586 0
-0.314131 0 0
-0.235598 -0.135586 0
-0.0785328 -0.135586 0
-0.157066 -0.271171 0
-0.235598 -0.135586 0
-0.157066 -0.271171 0
-0.235598 -0.135586 0
-0.157066 0 0
-0.0785328 -0.135586 0
-0.157066 0 0
-0.314131 0 0
-0.392664 -0.135586 0
-0.471197 0 0
-0.392664 -0.135586 0
-0.471197 0 0
-0.54973 -0.135586 0
-0.628262 0 0
-0.54973 -0.135586 0
-0.392664 -0.135586 0
-0.471197 -0.271171 0
-0.54973 -0.135586 0
-0.471197 -0.271171 0
-0.54973 -0.135586 0
-0.471197 0 0
-0.392664 -0.135586 0
-0.471197 0 0
-0.157066 -0.271171 0
-0.235598 -0.406757 0
-0.314131 -0.271171 0
-0.235598 -0.406757 0
-0.314131 -0.271171 0
-0.392664 -0.406757 0
-0.471197 -0.271171 0
-0.392664 -0.406757 0
-0.235598 -0.406757 0
-0.314131 -0.542343 0
-0.392664 -0.406757 0
-0.314131 -0.542343 0
-0.392664 -0.406757 0
-0.314131 -0.271171 0
-0.235598 -0.406757 0
-0.314131 -0.271171 0
-0.471197 -0.271171 0
-0.392664 -0.135586 0
-0.314131 -0.271171 0
-0.392664 -0.135586 0
-0.314131 -0.271171 0
-0.235598 -0.135586 0
-0.157066 -0.271171 0
-0.235598 -0.135586 0
-0.392664 -0.135586 0
-0.314131 0 0
-0.235598 -0.135586 0
-0.314131 0 0
-0.235598 -0.135586 0
-0.314131 -0.271171 0
-0.392664 -0.135586 0
-0.314131 -0.271171 0
-0.628262 0 0
-0.706795 -0.135586 0
-0.785328 0 0
-0.706795 -0.135586 0
-0.785328 0 0
-0.863861 -0.135586 0
-0.942394 0 0
-0.863861 -0.135586 0
-0.706795 -0.135586 0
-0.785328 -0.271171 0
-0.863861 -0.135586 0
-0.785328 -0.271171 0
-0.863861 -0.135586 0
-0.785328 0 0
-0.706795 -0.135586 0
-0.785328 0 0
-0.314131 -0.542343 0
-0.392664 -0.677928 0
-0.471197 -0.542343 0
-0.392664 -0.677928 0
-0.471197 -0.542343 0
-0.54973 -0.677928 0
-0.628262 -0.542343 0
-0.54973 -0.677928 0
-0.392664 -0.677928 0
-0.471197 -0.813514 0
-0.54973 -0.677928 0
-0.471197 -0.813514 0
-0.54973 -0.677928 0
-0.471197 -0.542343 0
-0.392664 -0.677928 0
-0.471197 -0.542343 0
-0.628262 -0.542343 0
-0.54973 -0.406757 0
-0.471197 -0.542343 0
-0.54973 -0.406757 0
-0.471197 -0.542343 0
-0.392664 -0.406757 0
-0.314131 -0.542343 0
-0.392664 -0.406757 0
-0.54973 -0.406757 0
-0.471197 -0.271171 0
-0.392664 -0.406757 0
-0.471197 -0.271171 0
-0.392664 -0.406757 0
-0.471197 -0.542343 0
-0.54973 -0.406757 0
-0.471197 -0.542343 0
-0.785328 -0.271171 0
-0.706795 -0.135586 0
-0.628262 -0.271171 0
-0.706795 -0.135586 0
-0.628262 -0.271171 0
-0.54973 -0.135586 0
-0.471197 -0.271171 0
-0.54973 -0.135586 0
-0.706795 -0.135586 0
-0.628262 0 0
-0.54973 -0.135586 0
-0.628262 0 0
-0.54973 -0.135586 0
-0.628262 -0.271171 0
-0.706795 -0.135586 0
-0.628262 -0.271171 0
-0.471197 -0.271171 0
-0.54973 -0.406757 0
-0.628262 -0.271171 0
-0.54973 -0.406757 0
-0.628262 -0.271171 0
-0.706795 -0.406757 0
-0.785328 -0.271171 0
-0.706795 -0.406757 0
-0.54973 -0.406757 0
-0.628262 -0.542343 0
-0.706795 -0.406757 0
-0.628262 -0.542343 0
-0.706795 -0.406757 0
-0.628262 -0.271171 0
-0.54973 -0.406757 0
-0.628262 -0.271171 0
11.8962 -5 0
11.777 -5.1327 0
11.6578 -5 0
11.777 -5.1327 0
11.6578 -5 0
11.5386 -5.1327 0
11.4195 -5 0
11.5386 -5.1327 0
11.777 -5.1327 0
11.6578 -5.26539 0
11.5386 -5.1327 0
11.6578 -5.26539 0
11.5386 -5.1327 0
11.6578 -5 0
11.777 -5.1327 0
11.6578 -5 0
1.20455 -2.91366 0
1.04975 -2.86651 0
1.13186 -2.72707 0
1.04975 -2.86651 0
1.13186 -2.72707 0
0.977057 -2.67992 0
1.05916 -2.54047 0
0.977057 -2.67992 0
1.04975 -2.86651 0
0.89495 -2.81936 0
0.977057 -2.67992 0
0.89495 -2.81936 0
0.977057 -2.67992 0
1.13186 -2.72707 0
1.04975 -2.86651 0
1.13186 -2.72707 0
1.05916 -2.54047 0
0.904366 -2.49332 0
0.986474 -2.35388 0
0.904366 -2.49332 0
0.986474 -2.35388 0
0.831675 -2.30672 0
0.913783 -2.16728 0
0.831675 -2.30672 0
0.904366 -2.49332 0
0.749568 -2.44617 0
0.831675 -2.30672 0
0.749568 -2.44617 0
0.831675 -2.30672 0
0.986474 -2.35388 0
0.904366 -2.49332 0
0.986474 -2.35388 0
0.749568 -2.44617 0
0.904366 -2.49332 0
0.822259 -2.63276 0
0.904366 -2.49332 0
0.822259 -2.63276 0
0.977057 -2.67992 0
0.89495 -2.81936 0
0.977057 -2.67992 0
0.904366 -2.49332 0
1.05916 -2.54047 0
0.977057 -2.67992 0
1.05916 -2.54047 0
0.977057 -2.67992 0
0.822259 -2.63276 0
0.904366 -2.49332 0
0.822259 -2.63276 0
0.913783 -2.16728 0
1.06787 -2.21471 0
0.986474 -2.35388 0
1.06787 -2.21471 0
0.986474 -2.35388 0
1.14056 -2.40131 0
1.05916 -2.54047 0
1.14056 -2.40131 0
1.06787 -2.21471 0
1.22196 -2.26214 0
1.14056 -2.40131 0
1.22196 -2.26214 0
1.14056 -2.40131 0
0.986474 -2.35388 0
1.06787 -2.21471 0
0.986474 -2.35388 0
1.05916 -2.54047 0
1.21326 -2.5879 0
1.13186 -2.72707 0
1.21326 -2.5879 0
1.13186 -2.72707 0
1.28595 -2.7745 0
1.20455 -2.91366 0
1.28595 -2.7745 0
1.21326 -2.5879 0
1.36735 -2.63533 0
1.28595 -2.7745 0
1.36735 -2.63533 0
1.28595 -2.7745 0
1.13186 -2.72707 0
1.21326 -2.5879 0
1.13186 -2.72707 0
1.22196 -2.26214 0
1.37606 -2.30957 0
1.29466 -2.44873 0
1.37606 -2.30957 0
1.29466 -2.44873 0
1.44875 -2.49616 0
1.36735 -2.63533 0
1.44875 -2.49616 0
1.37606 -2.30957 0
1.53015 -2.35699 0
1.44875 -2.49616 0
1.53015 -2.35699 0
1.44875 -2.49616 0
1.29466 -2.44873 0
1.37606 -2.30957 0
1.29466 -2.44873 0
1.36735 -2.63533 0
1.21326 -2.5879 0
1.29466 -2.44873 0
1.21326 -2.5879 0
1.29466 -2.44873 0
1.14056 -2.40131 0
1.22196 -2.26214 0
1.14056 -2.40131 0
1.21326 -2.5879 0
1.05916 -2.54047 0
1.14056 -2.40131 0
1.05916 -2.54047 0
1.14056 -2.40131 0
1.29466 -2.44873 0
1.21326 -2.5879 0
1.29466 -2.44873 0
1.20455 -2.91366 0
1.35864 -2.96109 0
1.27724 -3.10026 0
1.35864 -2.96109 0
1.27724 -3.10026 0
1.43133 -3.14769 0
1.34993 -3.28685 0
1.43133 -3.14769 0
1.35864 -2.96109 0
1.51273 -3.00852 0
1.43133 -3.14769 0
1.51273 -3.00852 0
1.43133 -3.14769 0
1.27724 -3.10026 0
1.35864 -2.96109 0
1.27724 -3.10026 0
1.51273 -3.00852 0
1.66682 -3.05595 0
1.58542 -3.19512 0
1.66682 -3.05595 0
1.58542 -3.19512 0
1.73951 -3.24254 0
1.65811 -3.38171 0
1.73951 -3.24254 0
1.66682 -3.05595 0
1.82091 -3.10338 0
1.73951 -3.24254 0
1.82091 -3.10338 0
1.73951 -3.24254 0
1.58542 -3.19512 0
1.66682 -3.05595 0
1.58542 -3.19512 0
1.65811 -3.38171 0
1.50402 -3.33428 0
1.58542 -3.19512 0
1.50402 -3.33428 0
1.58542 -3.19512 0
1.43133 -3.14769 0
1.51273 -3.00852 0
1.43133 -3.14769 0
1.50402 -3.33428 0
1.34993 -3.28685 0
1.43133 -3.14769 0
1.34993 -3.28685 0
1.43133 -3.14769 0
1.58542 -3.19512 0
1.50402 -3.33428 0
1.58542 -3.19512 0
1.53015 -2.35699 0
1.68424 -2.40442 0
1.60284 -2.54359 0
1.68424 -2.40442 0
1.60284 -2.54359 0
1.75693 -2.59102 0
1.67553 -2.73019 0
1.75693 -2.59102 0
1.68424 -2.40442 0
1.83833 -2.45185 0
1.75693 -2.59102 0
1.83833 -2.45185 0
1.75693 -2.59102 0
1.60284 -2.54359 0
1.68424 -2.40442 0
1.60284 -2.54359 0
1.67553 -2.73019 0
1.82962 -2.77761 0
1.74822 -2.91678 0
1.82962 -2.77761 0
1.74822 -2.91678 0
1.90231 -2.96421 0
1.82091 -3.10338 0
1.90231 -2.96421 0
1.82962 -2.77761 0
1.98371 -2.82504 0
1.90231 -2.96421 0
1.98371 -2.82504 0
1.90231 -2.96421 0
1.74822 -2.91678 0
1.82962 -2.77761 0
1.74822 -2.91678 0
1.83833 -2.45185 0
1.99242 -2.49928 0
1.91102 -2.63845 0
1.99242 -2.49928 0
1.91102 -2.63845 0
2.06511 -2.68587 0
1.98371 -2.82504 0
2.06511 -2.68587 0
1.99242 -2.49928 0
2.14651 -2.54671 0
2.06511 -2.68587 0
2.14651 -2.54671 0
2.06511 -2.68587 0
1.91102 -2.63845 0
1.99242 -2.49928 0
1.91102 -2.63845 0
1.98371 -2.82504 0
1.82962 -2.77761 0
1.91102 -2.63845 0
1.82962 -2.77761 0
1.91102 -2.63845 0
1.75693 -2.59102 0
1.83833 -2.45185 0
1.75693 -2.59102 0
1.82962 -2.77761 0
1.67553 -2.73019 0
1.75693 -2.59102 0
1.67553 -2.73019 0
1.75693 -2.59102 0
1.91102 -2.63845 0
1.82962 -2.77761 0
1.91102 -2.63845 0
1.82091 -3.10338 0
1.66682 -3.05595 0
1.74822 -2.91678 0
1.66682 -3.05595 0
1.74822 -2.91678 0
1.59413 -2.86935 0
1.67553 -2.73019 0
1.59413 -2.86935 0
1.66682 -3.05595 0
1.51273 -3.00852 0
1.59413 -2.86935 0
1.51273 -3.00852 0
1.59413 -2.86935 0
1.74822 -2.91678 0
1.66682 -3.05595 0
1.74822 -2.91678 0
1.67553 -2.73019 0
1.52144 -2.68276 0
1.60284 -2.54359 0
1.52144 -2.68276 0
1.60284 -2.54359 0
1.44875 -2.49616 0
1.53015 -2.35699 0
1.44875 -2.49616 0
1.52144 -2.68276 0
1.36735 -2.63533 0
1.44875 -2.49616 0
1.36735 -2.63533 0
1.44875 -2.49616 0
1.60284 -2.54359 0
1.52144 -2.68276 0
1.60284 -2.54359 0
1.51273 -3.00852 0
1.35864 -2.96109 0
1.44004 -2.82192 0
1.35864 -2.96109 0
1.44004 -2.82192 0
1.28595 -2.7745 0
1.36735 -2.63533 0
1.28595 -2.7745 0
1.35864 -2.96109 0
1.20455 -2.91366 0
1.28595 -2.7745 0
1.20455 -2.91366 0
1.28595 -2.7745 0
1.44004 -2.82192 0
1.35864 -2.96109 0
1.44004 -2.82192 0
1.36735 -2.63533 0
1.52144 -2.68276 0
1.44004 -2.82192 0
1.52144 -2.68276 0
1.44004 -2.82192 0
1.59413 -2.86935 0
1.51273 -3.00852 0
1.59413 -2.86935 0
1.52144 -2.68276 0
1.67553 -2.73019 0
1.59413 -2.86935 0
1.67553 -2.73019 0
1.59413 -2.86935 0
1.44004 -2.82192 0
1.52144 -2.68276 0
1.44004 -2.82192 0
1.53942 -1.70864 0
1.5371 -1.87073 0
1.38301 -1.8233 0
1.5371 -1.87073 0
1.38301 -1.8233 0
1.38069 -1.98539 0
1.2266 -1.93796 0
1.38069 -1.98539 0
1.5371 -1.87073 0
1.53478 -2.03282 0
1.38069 -1.98539 0
1.53478 -2.03282 0
1.38069 -1.98539 0
1.38301 -1.8233 0
1.5371 -1.87073 0
1.38301 -1.8233 0
1.2266 -1.93796 0
1.22428 -2.10005 0
1.07019 -2.05262 0
1.22428 -2.10005 0
1.07019 -2.05262 0
1.06787 -2.21471 0
0.913783 -2.16728 0
1.06787 -2.21471 0
1.22428 -2.10005 0
1.22196 -2.26214 0
1.06787 -2.21471 0
1.22196 -2.26214 0
1.06787 -2.21471 0
1.07019 -2.05262 0
1.22428 -2.10005 0
1.07019 -2.05262 0
1.53478 -2.03282 0
1.53247 -2.19491 0
1.37837 -2.14748 0
1.53247 -2.19491 0
1.37837 -2.14748 0
1.37606 -2.30957 0
1.22196 -2.26214 0
1.37606 -2.30957 0
1.53247 -2.19491 0
1.53015 -2.35699 0
1.37606 -2.30957 0
1.53015 -2.35699 0
1.37606 -2.30957 0
1.37837 -2.14748 0
1.53247 -2.19491 0
1.37837 -2.14748 0
1.22196 -2.26214 0
1.22428 -2.10005 0
1.37837 -2.14748 0
1.22428 -2.10005 0
1.37837 -2.14748 0
1.38069 -1.98539 0
1.53478 -2.03282 0
1.38069 -1.98539 0
1.22428 -2.10005 0
1.2266 -1.93796 0
1.38069 -1.98539 0
1.2266 -1.93796 0
1.38069 -1.98539 0
1.37837 -2.14748 0
1.22428 -2.10005 0
1.37837 -2.14748 0
2.15579 -1.89835 0
2.15347 -2.06044 0
1.99938 -2.01301 0
2.15347 -2.06044 0
1.99938 -2.01301 0
1.99706 -2.1751 0
1.84297 -2.12767 0
1.99706 -2.1751 0
2.15347 -2.06044 0
2.15115 -2.22253 0
1.99706 -2.1751 0
2.15115 -2.22253 0
1.99706 -2.1751 0
1.99938 -2.01301 0
2.15347 -2.06044 0
1.99938 -2.01301 0
1.84297 -2.12767 0
1.84065 -2.28976 0
1.68656 -2.24233 0
1.84065 -2.28976 0
1.68656 -2.24233 0
1.68424 -2.40442 0
1.53015 -2.35699 0
1.68424 -2.40442 0
1.84065 -2.28976 0
1.83833 -2.45185 0
1.68424 -2.40442 0
1.83833 -2.45185 0
1.68424 -2.40442 0
1.68656 -2.24233 0
1.84065 -2.28976 0
1.68656 -2.24233 0
2.15115 -2.22253 0
2.14883 -2.38462 0
1.99474 -2.33719 0
2.14883 -2.38462 0
1.99474 -2.33719 0
1.99242 -2.49928 0
1.83833 -2.45185 0
1.99242 -2.49928 0
2.14883 -2.38462 0
2.14651 -2.54671 0
1.99242 -2.49928 0
2.14651 -2.54671 0
1.99242 -2.49928 0
1.99474 -2.33719 0
2.14883 -2.38462 0
1.99474 -2.33719 0
1.83833 -2.45185 0
1.84065 -2.28976 0
1.99474 -2.33719 0
1.84065 -2.28976 0
1.99474 -2.33719 0
1.99706 -2.1751 0
2.15115 -2.22253 0
1.99706 -2.1751 0
1.84065 -2.28976 0
1.84297 -2.12767 0
1.99706 -2.1751 0
1.84297 -2.12767 0
1.99706 -2.1751 0
1.99474 -2.33719 0
1.84065 -2.28976 0
1.99474 -2.33719 0
1.53015 -2.35699 0
1.53247 -2.19491 0
1.68656 -2.24233 0
1.53247 -2.19491 0
1.68656 -2.24233 0
1.68888 -2.08025 0
1.84297 -2.12767 0
1.68888 -2.08025 0
1.53247 -2.19491 0
1.53478 -2.03282 0
1.68888 -2.08025 0
1.53478 -2.03282 0
1.68888 -2.08025 0
1.68656 -2.24233 0
1.53247 -2.19491 0
1.68656 -2.24233 0
1.84297 -2.12767 0
1.84529 -1.96559 0
1.99938 -2.01301 0
1.84529 -1.96559 0
1.99938 -2.01301 0
2.0017 -1.85093 0
2.15579 -1.89835 0
2.0017 -1.85093 0
1.84529 -1.96559 0
1.8476 -1.8035 0
2.0017 -1.85093 0
1.8476 -1.8035 0
2.0017 -1.85093 0
1.99938 -2.01301 0
1.84529 -1.96559 0
1.99938 -2.01301 0
1.53478 -2.03282 0
1.5371 -1.87073 0
1.69119 -1.91816 0
1.5371 -1.87073 0
1.69119 -1.91816 0
1.69351 -1.75607 0
1.8476 -1.8035 0
1.69351 -1.75607 0
1.5371 -1.87073 0
1.53942 -1.70864 0
1.69351 -1.75607 0
1.53942 -1.70864 0
1.69351 -1.75607 0
1.69119 -1.91816 0
1.5371 -1.87073 0
1.69119 -1.91816 0
1.8476 -1.8035 0
1.84529 -1.96559 0
1.69119 -1.91816 0
1.84529 -1.96559 0
1.69119 -1.91816 0
1.68888 -2.08025 0
1.53478 -2.03282 0
1.68888 -2.08025 0
1.84529 -1.96559 0
1.84297 -2.12767 0
1.68888 -2.08025 0
1.84297 -2.12767 0
1.68888 -2.08025 0
1.69119 -1.91816 0
1.84529 -1.96559 0
1.69119 -1.91816 0
2.42178 -2.37878 0
2.28415 -2.46274 0
2.28646 -2.30066 0
2.28415 -2.46274 0
2.28646 -2.30066 0
2.14883 -2.38462 0
2.15115 -2.22253 0
2.14883 -2.38462 0
2.28415 -2.46274 0
2.14651 -2.54671 0
2.14883 -2.38462 0
2.14651 -2.54671 0
2.14883 -2.38462 0
2.28646 -2.30066 0
2.28415 -2.46274 0
2.28646 -2.30066 0
0 0 0
0.0284319 -0.107004 0
-0.0785328 -0.135586 0
0.0284319 -0.107004 0
-0.0785328 -0.135586 0
-0.0501009 -0.24259 0
-0.157066 -0.271171 0
-0.0501009 -0.24259 0
0.0284319 -0.107004 0
0.0568638 -0.214009 0
-0.0501009 -0.24259 0
0.0568638 -0.214009 0
-0.0501009 -0.24259 0
-0.0785328 -0.135586 0
0.0284319 -0.107004 0
-0.0785328 -0.135586 0
-0.157066 -0.271171 0
-0.128634 -0.378176 0
-0.235598 -0.406757 0
-0.128634 -0.378176 0
-0.235598 -0.406757 0
-0.207167 -0.513761 0
-0.314131 -0.542343 0
-0.207167 -0.513761 0
-0.128634 -0.378176 0
-0.100202 -0.48518 0
-0.207167 -0.513761 0
-0.100202 -0.48518 0
-0.207167 -0.513761 0
-0.235598 -0.406757 0
-0.128634 -0.378176 0
-0.235598 -0.406757 0
0.0568638 -0.214009 0
0.0852957 -0.321013 0
-0.021669 -0.349595 0
0.0852957 -0.321013 0
-0.021669 -0.349595 0
0.00676292 -0.456599 0
-0.100202 -0.48518 0
0.00676292 -0.456599 0
0.0852957 -0.321013 0
0.113728 -0.428018 0
0.00676292 -0.456599 0
0.113728 -0.428018 0
0.00676292 -0.456599 0
-0.021669 -0.349595 0
0.0852957 -0.321013 0
-0.021669 -0.349595 0
-0.100202 -0.48518 0
-0.128634 -0.378176 0
-0.021669 -0.349595 0
-0.128634 -0.378176 0
-0.021669 -0.349595 0
-0.0501009 -0.24259 0
0.0568638 -0.214009 0
-0.0501009 -0.24259 0
-0.128634 -0.378176 0
-0.157066 -0.271171 0
-0.0501009 -0.24259 0
-0.157066 -0.271171 0
-0.0501009 -0.24259 0
-0.021669 -0.349595 0
-0.128634 -0.378176 0
-0.021669 -0.349595 0
-0.314131 -0.542343 0
-0.285699 -0.649347 0
-0.392664 -0.677928 0
-0.285699 -0.649347 0
-0.392664 -0.677928 0
-0.364232 -0.784933 0
-0.471197 -0.813514 0
-0.364232 -0.784933 0
-0.285699 -0.649347 0
-0.257267 -0.756352 0
-0.364232 -0.784933 0
-0.257267 -0.756352 0
-0.364232 -0.784933 0
-0.392664 -0.677928 0
-0.285699 -0.649347 0
-0.392664 -0.677928 0
-0.257267 -0.756352 0
-0.228836 -0.863356 0
-0.3358 -0.891937 0
-0.228836 -0.863356 0
-0.3358 -0.891937 0
-0.307368 -0.998942 0
-0.414333 -1.02752 0
-0.307368 -0.998942 0
-0.228836 -0.863356 0
-0.200404 -0.970361 0
-0.307368 -0.998942 0
-0.200404 -0.970361 0
-0.307368 -0.998942 0
-0.3358 -0.891937 0
-0.228836 -0.863356 0
-0.3358 -0.891937 0
-0.414333 -1.02752 0
-0.442765 -0.920518 0
-0.3358 -0.891937 0
-0.442765 -0.920518 0
-0.3358 -0.891937 0
-0.364232 -0.784933 0
-0.257267 -0.756352 0
-0.364232 -0.784933 0
-0.442765 -0.920518 0
-0.471197 -0.813514 0
-0.364232 -0.784933 0
-0.471197 -0.813514 0
-0.364232 -0.784933 0
-0.3358 -0.891937 0
-0.442765 -0.920518 0
-0.3358 -0.891937 0
0.113728 -0.428018 0
0.14216 -0.535022 0
0.0351948 -0.563604 0
0.14216 -0.535022 0
0.0351948 -0.563604 0
0.0636267 -0.670608 0
-0.043338 -0.699189 0
0.0636267 -0.670608 0
0.14216 -0.535022 0
0.170591 -0.642027 0
0.0636267 -0.670608 0
0.170591 -0.642027 0
0.0636267 -0.670608 0
0.0351948 -0.563604 0
0.14216 -0.535022 0
0.0351948 -0.563604 0
-0.043338 -0.699189 0
-0.0149061 -0.806194 0
-0.121871 -0.834775 0
-0.0149061 -0.806194 0
-0.121871 -0.834775 0
-0.0934389 -0.941779 0
-0.200404 -0.970361 0
-0.0934389 -0.941779 0
-0.0149061 -0.806194 0
0.0135258 -0.913198 0
-0.0934389 -0.941779 0
0.0135258 -0.913198 0
-0.0934389 -0.941779 0
-0.121871 -0.834775 0
-0.0149061 -0.806194 0
-0.121871 -0.834775 0
0.170591 -0.642027 0
0.199023 -0.749031 0
0.0920587 -0.777613 0
0.199023 -0.749031 0
0.0920587 -0.777613 0
0.120491 -0.884617 0
0.0135258 -0.913198 0
0.120491 -0.884617 0
0.199023 -0.749031 0
0.227455 -0.856036 0
0.120491 -0.884617 0
0.227455 -0.856036 0
0.120491 -0.884617 0
0.0920587 -0.777613 0
0.199023 -0.749031 0
0.0920587 -0.777613 0
0.0135258 -0.913198 0
-0.0149061 -0.806194 0
0.0920587 -0.777613 0
-0.0149061 -0.806194 0
0.0920587 -0.777613 0
0.0636267 -0.670608 0
0.170591 -0.642027 0
0.0636267 -0.670608 0
-0.0149061 -0.806194 0
-0.043338 -0.699189 0
0.0636267 -0.670608 0
-0.043338 -0.699189 0
0.0636267 -0.670608 0
0.0920587 -0.777613 0
-0.0149061 -0.806194 0
0.0920587 -0.777613 0
-0.200404 -0.970361 0
-0.228836 -0.863356 0
-0.121871 -0.834775 0
-0.228836 -0.863356 0
-0.121871 -0.834775 0
-0.150303 -0.72777 0
-0.043338 -0.699189 0
-0.150303 -0.72777 0
-0.228836 -0.863356 0
-0.257267 -0.756352 0
-0.150303 -0.72777 0
-0.257267 -0.756352 0
-0.150303 -0.72777 0
-0.121871 -0.834775 0
-0.228836 -0.863356 0
-0.121871 -0.834775 0
-0.043338 -0.699189 0
-0.0717699 -0.592185 0
0.0351948 -0.563604 0
-0.0717699 -0.592185 0
0.0351948 -0.563604 0
0.00676292 -0.456599 0
0.113728 -0.428018 0
0.00676292 -0.456599 0
-0.0717699 -0.592185 0
-0.100202 -0.48518 0
0.00676292 -0.456599 0
-0.100202 -0.48518 0
0.00676292 -0.456599 0
0.0351948 -0.563604 0
-0.0717699 -0.592185 0
0.0351948 -0.563604 0
-0.257267 -0.756352 0
-0.285699 -0.649347 0
-0.178735 -0.620766 0
-0.285699 -0.649347 0
-0.178735 -0.620766 0
-0.207167 -0.513761 0
-0.100202 -0.48518 0
-0.207167 -0.513761 0
-0.285699 -0.649347 0
-0.314131 -0.542343 0
-0.207167 -0.513761 0
-0.314131 -0.542343 0
-0.207167 -0.513761 0
-0.178735 -0.620766 0
-0.285699 -0.649347 0
-0.178735 -0.620766 0
-0.100202 -0.48518 0
-0.0717699 -0.592185 0
-0.178735 -0.620766 0
-0.0717699 -0.592185 0
-0.178735 -0.620766 0
-0.150303 -0.72777 0
-0.257267 -0.756352 0
-0.150303 -0.72777 0
-0.0717699 -0.592185 0
-0.043338 -0.699189 0
-0.150303 -0.72777 0
-0.043338 -0.699189 0
-0.150303 -0.72777 0
-0.178735 -0.620766 0
-0.0717699 -0.592185 0
-0.178735 -0.620766 0
0.868763 -0.682759 0
0.761878 -0.711638 0
0.733446 -0.604634 0
0.761878 -0.711638 0
0.733446 -0.604634 0
0.626562 -0.633513 0
0.59813 -0.526509 0
0.626562 -0.633513 0
0.761878 -0.711638 0
0.654994 -0.740518 0
0.626562 -0.633513 0
0.654994 -0.740518 0
0.626562 -0.633513 0
0.733446 -0.604634 0
0.761878 -0.711638 0
0.733446 -0.604634 0
0.541266 -0.3125 0
0.434381 -0.341379 0
0.405949 -0.234375 0
0.434381 -0.341379 0
0.405949 -0.234375 0
0.299065 -0.263254 0
0.270633 -0.15625 0
0.299065 -0.263254 0
0.434381 -0.341379 0
0.327497 -0.370259 0
0.299065 -0.263254 0
0.327497 -0.370259 0
0.299065 -0.263254 0
0.405949 -0.234375 0
0.434381 -0.341379 0
0.405949 -0.234375 0
0.327497 -0.370259 0
0.220612 -0.399138 0
0.19218 -0.292134 0
0.220612 -0.399138 0
0.19218 -0.292134 0
0.0852957 -0.321013 0
0.0568638 -0.214009 0
0.0852957 -0.321013 0
0.220612 -0.399138 0
0.113728 -0.428018 0
0.0852957 -0.321013 0
0.113728 -0.428018 0
0.0852957 -0.321013 0
0.19218 -0.292134 0
0.220612 -0.399138 0
0.19218 -0.292134 0
0.0568638 -0.214009 0
0.163748 -0.185129 0
0.19218 -0.292134 0
0.163748 -0.185129 0
0.19218 -0.292134 0
0.299065 -0.263254 0
0.327497 -0.370259 0
0.299065 -0.263254 0
0.163748 -0.185129 0
0.270633 -0.15625 0
0.299065 -0.263254 0
0.270633 -0.15625 0
0.299065 -0.263254 0
0.19218 -0.292134 0
0.163748 -0.185129 0
0.19218 -0.292134 0
0.654994 -0.740518 0
0.548109 -0.769397 0
0.519677 -0.662393 0
0.548109 -0.769397 0
0.519677 -0.662393 0
0.412792 -0.691272 0
0.384361 -0.584268 0
0.412792 -0.691272 0
0.548109 -0.769397 0
0.441224 -0.798277 0
0.412792 -0.691272 0
0.441224 -0.798277 0
0.412792 -0.691272 0
0.519677 -0.662393 0
0.548109 -0.769397 0
0.519677 -0.662393 0
0.384361 -0.584268 0
0.277476 -0.613147 0
0.249044 -0.506143 0
0.277476 -0.613147 0
0.249044 -0.506143 0
0.14216 -0.535022 0
0.113728 -0.428018 0
0.14216 -0.535022 0
0.277476 -0.613147 0
0.170591 -0.642027 0
0.14216 -0.535022 0
0.170591 -0.642027 0
0.14216 -0.535022 0
0.249044 -0.506143 0
0.277476 -0.613147 0
0.249044 -0.506143 0
0.441224 -0.798277 0
0.33434 -0.827156 0
0.305908 -0.720152 0
0.33434 -0.827156 0
0.305908 -0.720152 0
0.199023 -0.749031 0
0.170591 -0.642027 0
0.199023 -0.749031 0
0.33434 -0.827156 0
0.227455 -0.856036 0
0.199023 -0.749031 0
0.227455 -0.856036 0
0.199023 -0.749031 0
0.305908 -0.720152 0
0.33434 -0.827156 0
0.305908 -0.720152 0
0.170591 -0.642027 0
0.277476 -0.613147 0
0.305908 -0.720152 0
0.277476 -0.613147 0
0.305908 -0.720152 0
0.412792 -0.691272 0
0.441224 -0.798277 0
0.412792 -0.691272 0
0.277476 -0.613147 0
0.384361 -0.584268 0
0.412792 -0.691272 0
0.384361 -0.584268 0
0.412792 -0.691272 0
0.305908 -0.720152 0
0.277476 -0.613147 0
0.305908 -0.720152 0
0.113728 -0.428018 0
0.220612 -0.399138 0
0.249044 -0.506143 0
0.220612 -0.399138 0
0.249044 -0.506143 0
0.355929 -0.477263 0
0.384361 -0.584268 0
0.355929 -0.477263 0
0.220612 -0.399138 0
0.327497 -0.370259 0
0.355929 -0.477263 0
0.327497 -0.370259 0
0.355929 -0.477263 0
0.249044 -0.506143 0
0.220612 -0.399138 0
0.249044 -0.506143 0
0.384361 -0.584268 0
0.491245 -0.555388 0
0.519677 -0.662393 0
0.491245 -0.555388 0
0.519677 -0.662393 0
0.626562 -0.633513 0
0.654994 -0.740518 0
0.626562 -0.633513 0
0.491245 -0.555388 0
0.59813 -0.526509 0
0.626562 -0.633513 0
0.59813 -0.526509 0
0.626562 -0.633513 0
0.519677 -0.662393 0
0.491245 -0.555388 0
0.519677 -0.662393 0
0.327497 -0.370259 0
0.434381 -0.341379 0
0.462813 -0.448384 0
0.434381 -0.341379 0
0.462813 -0.448384 0
0.569698 -0.419504 0
0.59813 -0.526509 0
0.569698 -0.419504 0
0.434381 -0.341379 0
0.541266 -0.3125 0
0.569698 -0.419504 0
0.541266 -0.3125 0
0.569698 -0.419504 0
0.462813 -0.448384 0
0.434381 -0.341379 0
0.462813 -0.448384 0
0.59813 -0.526509 0
0.491245 -0.555388 0
0.462813 -0.448384 0
0.491245 -0.555388 0
0.462813 -0.448384 0
0.355929 -0.477263 0
0.327497 -0.370259 0
0.355929 -0.477263 0
0.491245 -0.555388 0
0.384361 -0.584268 0
0.355929 -0.477263 0
0.384361 -0.584268 0
0.355929 -0.477263 0
0.462813 -0.448384 0
0.491245 -0.555388 0
0.462813 -0.448384 0
9.88891 -5 0
9.81212 -5.14285 0
9.73533 -5 0
9.81212 -5.14285 0
9.73533 -5 0
9.65854 -5.14285 0
9.58175 -5 0
9.65854 -5.14285 0
9.81212 -5.14285 0
9.73533 -5.28569 0
9.65854 -5.14285 0
9.73533 -5.28569 0
9.65854 -5.14285 0
9.73533 -5 0
9.81212 -5.14285 0
9.73533 -5 0
9.58175 -5 0
9.50495 -5.14285 0
9.42816 -5 0
9.50495 -5.14285 0
9.42816 -5 0
9.35137 -5.14285 0
9.27458 -5 0
9.35137 -5.14285 0
9.50495 -5.14285 0
9.42816 -5.28569 0
9.35137 -5.14285 0
9.42816 -5.28569 0
9.35137 -5.14285 0
9.42816 -5 0
9.50495 -5.14285 0
9.42816 -5 0
9.73533 -5.28569 0
9.65854 -5.42854 0
9.58175 -5.28569 0
9.65854 -5.42854 0
9.58175 -5.28569 0
9.50495 -5.42854 0
9.42816 -5.28569 0
9.50495 -5.42854 0
9.65854 -5.42854 0
9.58175 -5.57139 0
9.50495 -5.42854 0
9.58175 -5.57139 0
9.50495 -5.42854 0
9.58175 -5.28569 0
9.65854 -5.42854 0
9.58175 -5.28569 0
9.42816 -5.28569 0
9.50495 -5.14285 0
9.58175 -5.28569 0
9.50495 -5.14285 0
9.58175 -5.28569 0
9.65854 -5.14285 0
9.73533 -5.28569 0
9.65854 -5.14285 0
9.50495 -5.14285 0
9.58175 -5 0
9.65854 -5.14285 0
9.58175 -5 0
9.65854 -5.14285 0
9.58175 -5.28569 0
9.50495 -5.14285 0
9.58175 -5.28569 0
9.27458 -5 0
9.19779 -5.14285 0
9.121 -5 0
9.19779 -5.14285 0
9.121 -5 0
9.04421 -5.14285 0
8.96742 -5 0
9.04421 -5.14285 0
9.19779 -5.14285 0
9.121 -5.28569 0
9.04421 -5.14285 0
9.121 -5.28569 0
9.04421 -5.14285 0
9.121 -5 0
9.19779 -5.14285 0
9.121 -5 0
8.96742 -5 0
8.89063 -5.14285 0
8.81384 -5 0
8.89063 -5.14285 0
8.81384 -5 0
8.73704 -5.14285 0
8.66025 -5 0
8.73704 -5.14285 0
8.89063 -5.14285 0
8.81384 -5.28569 0
8.73704 -5.14285 0
8.81384 -5.28569 0
8.73704 -5.14285 0
8.81384 -5 0
8.89063 -5.14285 0
8.81384 -5 0
9.121 -5.28569 0
9.04421 -5.42854 0
8.96742 -5.28569 0
9.04421 -5.42854 0
8.96742 -5.28569 0
8.89063 -5.42854 0
8.81384 -5.28569 0
8.89063 -5.42854 0
9.04421 -5.42854 0
8.96742 -5.57139 0
8.89063 -5.42854 0
8.96742 -5.57139 0
8.89063 -5.42854 0
8.96742 -5.28569 0
9.04421 -5.42854 0
8.96742 -5.28569 0
8.81384 -5.28569 0
8.89063 -5.14285 0
8.96742 -5.28569 0
8.89063 -5.14285 0
8.96742 -5.28569 0
9.04421 -5.14285 0
9.121 -5.28569 0
9.04421 -5.14285 0
8.89063 -5.14285 0
8.96742 -5 0
9.04421 -5.14285 0
8.96742 -5 0
9.04421 -5.14285 0
8.96742 -5.28569 0
8.89063 -5.14285 0
8.96742 -5.28569 0
9.58175 -5.57139 0
9.50495 -5.71424 0
9.42816 -5.57139 0
9.50495 -5.71424 0
9.42816 -5.57139 0
9.35137 -5.71424 0
9.27458 -5.57139 0
9.35137 -5.71424 0
9.50495 -5.71424 0
9.42816 -5.85708 0
9.35137 -5.71424 0
9.42816 -5.85708 0
9.35137 -5.71424 0
9.42816 -5.57139 0
9.50495 -5.71424 0
9.42816 -5.57139 0
9.27458 -5.57139 0
9.19779 -5.71424 0
9.121 -5.57139 0
9.19779 -5.71424 0
9.121 -5.57139 0
9.04421 -5.71424 0
8.96742 -5.57139 0
9.04421 -5.71424 0
9.19779 -5.71424 0
9.121 -5.85708 0
9.04421 -5.71424 0
9.121 -5.85708 0
9.04421 -5.71424 0
9.121 -5.57139 0
9.19779 -5.71424 0
9.121 -5.57139 0
9.42816 -5.85708 0
9.35137 -5.99993 0
9.27458 -5.85708 0
9.35137 -5.99993 0
9.27458 -5.85708 0
9.19779 -5.99993 0
9.121 -5.85708 0
9.19779 -5.99993 0
9.35137 -5.99993 0
9.27458 -6.14278 0
9.19779 -5.99993 0
9.27458 -6.14278 0
9.19779 -5.99993 0
9.27458 -5.85708 0
9.35137 -5.99993 0
9.27458 -5.85708 0
9.121 -5.85708 0
9.19779 -5.71424 0
9.27458 -5.85708 0
9.19779 -5.71424 0
9.27458 -5.85708 0
9.35137 -5.71424 0
9.42816 -5.85708 0
9.35137 -5.71424 0
9.19779 -5.71424 0
9.27458 -5.57139 0
9.35137 -5.71424 0
9.27458 -5.57139 0
9.35137 -5.71424 0
9.27458 -5.85708 0
9.19779 -5.71424 0
9.27458 -5.85708 0
8.96742 -5.57139 0
9.04421 -5.42854 0
9.121 -5.57139 0
9.04421 -5.42854 0
9.121 -5.57139 0
9.19779 -5.42854 0
9.27458 -5.57139 0
9.19779 -5.42854 0
9.04421 -5.42854 0
9.121 -5.28569 0
9.19779 -5.42854 0
9.121 -5.28569 0
9.19779 -5.42854 0
9.121 -5.57139 0
9.04421 -5.42854 0
9.121 -5.57139 0
9.27458 -5.57139 0
9.35137 -5.42854 0
9.42816 -5.57139 0
9.35137 -5.42854 0
9.42816 -5.57139 0
9.50495 -5.42854 0
9.58175 -5.57139 0
9.50495 -5.42854 0
9.35137 -5.42854 0
9.42816 -5.28569 0
9.50495 -5.42854 0
9.42816 -5.28569 0
9.50495 -5.42854 0
9.42816 -5.57139 0
9.35137 -5.42854 0
9.42816 -5.57139 0
9.121 -5.28569 0
9.19779 -5.14285 0
9.27458 -5.28569 0
9.19779 -5.14285 0
9.27458 -5.28569 0
9.35137 -5.14285 0
9.42816 -5.28569 0
9.35137 -5.14285 0
9.19779 -5.14285 0
9.27458 -5 0
9.35137 -5.14285 0
9.27458 -5 0
9.35137 -5.14285 0
9.27458 -5.28569 0
9.19779 -5.14285 0
9.27458 -5.28569 0
9.42816 -5.28569 0
9.35137 -5.42854 0
9.27458 -5.28569 0
9.35137 -5.42854 0
9.27458 -5.28569 0
9.19779 -5.42854 0
9.121 -5.28569 0
9.19779 -5.42854 0
9.35137 -5.42854 0
9.27458 -5.57139 0
9.19779 -5.42854 0
9.27458 -5.57139 0
9.19779 -5.42854 0
9.27458 -5.28569 0
9.35137 -5.42854 0
9.27458 -5.28569 0
2.14651 -2.54671 0
2.24025 -2.69493 0
2.06511 -2.68587 0
2.24025 -2.69493 0
2.06511 -2.68587 0
2.15885 -2.8341 0
1.98371 -2.82504 0
2.15885 -2.8341 0
2.24025 -2.69493 0
2.334 -2.84315 0
2.15885 -2.8341 0
2.334 -2.84315 0
2.15885 -2.8341 0
2.06511 -2.68587 0
2.24025 -2.69493 0
2.06511 -2.68587 0
1.98371 -2.82504 0
2.07745 -2.97326 0
1.90231 -2.96421 0
2.07745 -2.97326 0
1.90231 -2.96421 0
1.99605 -3.11243 0
1.82091 -3.10338 0
1.99605 -3.11243 0
2.07745 -2.97326 0
2.1712 -3.12148 0
1.99605 -3.11243 0
2.1712 -3.12148 0
1.99605 -3.11243 0
1.90231 -2.96421 0
2.07745 -2.97326 0
1.90231 -2.96421 0
2.334 -2.84315 0
2.42774 -2.99137 0
2.2526 -2.98232 0
2.42774 -2.99137 0
2.2526 -2.98232 0
2.34634 -3.13054 0
2.1712 -3.12148 0
2.34634 -3.13054 0
2.42774 -2.99137 0
2.52148 -3.13959 0
2.34634 -3.13054 0
2.52148 -3.13959 0
2.34634 -3.13054 0
2.2526 -2.98232 0
2.42774 -2.99137 0
2.2526 -2.98232 0
2.1712 -3.12148 0
2.07745 -2.97326 0
2.2526 -2.98232 0
2.07745 -2.97326 0
2.2526 -2.98232 0
2.15885 -2.8341 0
2.334 -2.84315 0
2.15885 -2.8341 0
2.07745 -2.97326 0
1.98371 -2.82504 0
2.15885 -2.8341 0
1.98371 -2.82504 0
2.15885 -2.8341 0
2.2526 -2.98232 0
2.07745 -2.97326 0
2.2526 -2.98232 0
1.82091 -3.10338 0
1.91465 -3.2516 0
1.73951 -3.24254 0
1.91465 -3.2516 0
1.73951 -3.24254 0
1.83325 -3.39076 0
1.65811 -3.38171 0
1.83325 -3.39076 0
1.91465 -3.2516 0
2.0084 -3.39982 0
1.83325 -3.39076 0
2.0084 -3.39982 0
1.83325 -3.39076 0
1.73951 -3.24254 0
1.91465 -3.2516 0
1.73951 -3.24254 0
2.0084 -3.39982 0
2.10214 -3.54804 0
1.927 -3.53898 0
2.10214 -3.54804 0
1.927 -3.53898 0
2.02074 -3.6872 0
1.8456 -3.67815 0
2.02074 -3.6872 0
2.10214 -3.54804 0
2.19588 -3.69626 0
2.02074 -3.6872 0
2.19588 -3.69626 0
2.02074 -3.6872 0
1.927 -3.53898 0
2.10214 -3.54804 0
1.927 -3.53898 0
1.8456 -3.67815 0
1.75185 -3.52993 0
1.927 -3.53898 0
1.75185 -3.52993 0
1.927 -3.53898 0
1.83325 -3.39076 0
2.0084 -3.39982 0
1.83325 -3.39076 0
1.75185 -3.52993 0
1.65811 -3.38171 0
1.83325 -3.39076 0
1.65811 -3.38171 0
1.83325 -3.39076 0
1.927 -3.53898 0
1.75185 -3.52993 0
1.927 -3.53898 0
2.52148 -3.13959 0
2.61523 -3.28781 0
2.44008 -3.27876 0
2.61523 -3.28781 0
2.44008 -3.27876 0
2.53383 -3.42698 0
2.35868 -3.41792 0
2.53383 -3.42698 0
2.61523 -3.28781 0
2.70897 -3.43603 0
2.53383 -3.42698 0
2.70897 -3.43603 0
2.53383 -3.42698 0
2.44008 -3.27876 0
2.61523 -3.28781 0
2.44008 -3.27876 0
2.35868 -3.41792 0
2.45243 -3.56614 0
2.27728 -3.55709 0
2.45243 -3.56614 0
2.27728 -3.55709 0
2.37103 -3.70531 0
2.19588 -3.69626 0
2.37103 -3.70531 0
2.45243 -3.56614 0
2.54617 -3.71436 0
2.37103 -3.70531 0
2.54617 -3.71436 0
2.37103 -3.70531 0
2.27728 -3.55709 0
2.45243 -3.56614 0
2.27728 -3.55709 0
2.70897 -3.43603 0
2.80271 -3.58425 0
2.62757 -3.5752 0
2.80271 -3.58425 0
2.62757 -3.5752 0
2.72131 -3.72342 0
2.54617 -3.71436 0
2.72131 -3.72342 0
2.80271 -3.58425 0
2.89645 -3.73247 0
2.72131 -3.72342 0
2.89645 -3.73247 0
2.72131 -3.72342 0
2.62757 -3.5752 0
2.80271 -3.58425 0
2.62757 -3.5752 0
2.54617 -3.71436 0
2.45243 -3.56614 0
2.62757 -3.5752 0
2.45243 -3.56614 0
2.62757 -3.5752 0
2.53383 -3.42698 0
2.70897 -3.43603 0
2.53383 -3.42698 0
2.45243 -3.56614 0
2.35868 -3.41792 0
2.53383 -3.42698 0
2.35868 -3.41792 0
2.53383 -3.42698 0
2.62757 -3.5752 0
2.45243 -3.56614 0
2.62757 -3.5752 0
2.19588 -3.69626 0
2.10214 -3.54804 0
2.27728 -3.55709 0
2.10214 -3.54804 0
2.27728 -3.55709 0
2.18354 -3.40887 0
2.35868 -3.41792 0
2.18354 -3.40887 0
2.10214 -3.54804 0
2.0084 -3.39982 0
2.18354 -3.40887 0
2.0084 -3.39982 0
2.18354 -3.40887 0
2.27728 -3.55709 0
2.10214 -3.54804 0
2.27728 -3.55709 0
2.35868 -3.41792 0
2.26494 -3.2697 0
2.44008 -3.27876 0
2.26494 -3.2697 0
2.44008 -3.27876 0
2.34634 -3.13054 0
2.52148 -3.13959 0
2.34634 -3.13054 0
2.26494 -3.2697 0
2.1712 -3.12148 0
2.34634 -3.13054 0
2.1712 -3.12148 0
2.34634 -3.13054 0
2.44008 -3.27876 0
2.26494 -3.2697 0
2.44008 -3.27876 0
2.0084 -3.39982 0
1.91465 -3.2516 0
2.0898 -3.26065 0
1.91465 -3.2516 0
2.0898 -3.26065 0
1.99605 -3.11243 0
2.1712 -3.12148 0
1.99605 -3.11243 0
1.91465 -3.2516 0
1.82091 -3.10338 0
1.99605 -3.11243 0
1.82091 -3.10338 0
1.99605 -3.11243 0
2.0898 -3.26065 0
1.91465 -3.2516 0
2.0898 -3.26065 0
2.1712 -3.12148 0
2.26494 -3.2697 0
2.0898 -3.26065 0
2.26494 -3.2697 0
2.0898 -3.26065 0
2.18354 -3.40887 0
2.0084 -3.39982 0
2.18354 -3.40887 0
2.26494 -3.2697 0
2.35868 -3.41792 0
2.18354 -3.40887 0
2.35868 -3.41792 0
2.18354 -3.40887 0
2.0898 -3.26065 0
2.26494 -3.2697 0
2.0898 -3.26065 0
1.17566 -1.0887 0
1.09746 -1.14603 0
1.108 -1.04963 0
1.09746 -1.14603 0
1.108 -1.04963 0
1.0298 -1.10696 0
1.04034 -1.01057 0
1.0298 -1.10696 0
1.09746 -1.14603 0
1.01925 -1.20336 0
1.0298 -1.10696 0
1.01925 -1.20336 0
1.0298 -1.10696 0
1.108 -1.04963 0
1.09746 -1.14603 0
1.108 -1.04963 0
1.15457 -1.28148 0
1.07636 -1.33881 0
1.08691 -1.24242 0
1.07636 -1.33881 0
1.08691 -1.24242 0
1.0087 -1.29975 0
1.01925 -1.20336 0
1.0087 -1.29975 0
1.07636 -1.33881 0
0.998157 -1.39614 0
1.0087 -1.29975 0
0.998157 -1.39614 0
1.0087 -1.29975 0
1.08691 -1.24242 0
1.07636 -1.33881 0
1.08691 -1.24242 0
1.01925 -1.20336 0
1.09746 -1.14603 0
1.08691 -1.24242 0
1.09746 -1.14603 0
1.08691 -1.24242 0
1.16511 -1.18509 0
1.15457 -1.28148 0
1.16511 -1.18509 0
1.09746 -1.14603 0
1.17566 -1.0887 0
1.16511 -1.18509 0
1.17566 -1.0887 0
1.16511 -1.18509 0
1.08691 -1.24242 0
1.09746 -1.14603 0
1.08691 -1.24242 0
1.28988 -1.35961 0
1.14402 -1.37787 0
1.22223 -1.32054 0
1.14402 -1.37787 0
1.22223 -1.32054 0
1.07636 -1.33881 0
1.15457 -1.28148 0
1.07636 -1.33881 0
1.14402 -1.37787 0
0.998157 -1.39614 0
1.07636 -1.33881 0
0.998157 -1.39614 0
1.07636 -1.33881 0
1.22223 -1.32054 0
1.14402 -1.37787 0
1.22223 -1.32054 0
0.913783 -2.16728 0
0.924329 -2.07089 0
1.07019 -2.05262 0
0.924329 -2.07089 0
1.07019 -2.05262 0
1.08074 -1.95623 0
1.2266 -1.93796 0
1.08074 -1.95623 0
0.924329 -2.07089 0
0.934876 -1.9745 0
1.08074 -1.95623 0
0.934876 -1.9745 0
1.08074 -1.95623 0
1.07019 -2.05262 0
0.924329 -2.07089 0
1.07019 -2.05262 0
1.2266 -1.93796 0
1.23715 -1.84157 0
1.38301 -1.8233 0
1.23715 -1.84157 0
1.38301 -1.8233 0
1.39356 -1.72691 0
1.53942 -1.70864 0
1.39356 -1.72691 0
1.23715 -1.84157 0
1.2477 -1.74518 0
1.39356 -1.72691 0
1.2477 -1.74518 0
1.39356 -1.72691 0
1.38301 -1.8233 0
1.23715 -1.84157 0
1.38301 -1.8233 0
0.934876 -1.9745 0
0.945423 -1.8781 0
1.09129 -1.85984 0
0.945423 -1.8781 0
1.09129 -1.85984 0
1.10183 -1.76344 0
1.2477 -1.74518 0
1.10183 -1.76344 0
0.945423 -1.8781 0
0.95597 -1.78171 0
1.10183 -1.76344 0
0.95597 -1.78171 0
1.10183 -1.76344 0
1.09129 -1.85984 0
0.945423 -1.8781 0
1.09129 -1.85984 0
1.2477 -1.74518 0
1.23715 -1.84157 0
1.09129 -1.85984 0
1.23715 -1.84157 0
1.09129 -1.85984 0
1.08074 -1.95623 0
0.934876 -1.9745 0
1.08074 -1.95623 0
1.23715 -1.84157 0
1.2266 -1.93796 0
1.08074 -1.95623 0
1.2266 -1.93796 0
1.08074 -1.95623 0
1.09129 -1.85984 0
1.23715 -1.84157 0
1.09129 -1.85984 0
0.95597 -1.78171 0
0.966517 -1.68532 0
1.11238 -1.66705 0
0.966517 -1.68532 0
1.11238 -1.66705 0
1.12293 -1.57066 0
1.26879 -1.55239 0
1.12293 -1.57066 0
0.966517 -1.68532 0
0.977064 -1.58893 0
1.12293 -1.57066 0
0.977064 -1.58893 0
1.12293 -1.57066 0
1.11238 -1.66705 0
0.966517 -1.68532 0
1.11238 -1.66705 0
1.26879 -1.55239 0
1.27934 -1.456 0
1.4252 -1.43773 0
1.27934 -1.456 0
1.4252 -1.43773 0
1.43575 -1.34134 0
1.58161 -1.32307 0
1.43575 -1.34134 0
1.27934 -1.456 0
1.28988 -1.35961 0
1.43575 -1.34134 0
1.28988 -1.35961 0
1.43575 -1.34134 0
1.4252 -1.43773 0
1.27934 -1.456 0
1.4252 -1.43773 0
0.977064 -1.58893 0
0.98761 -1.49253 0
1.13347 -1.47427 0
0.98761 -1.49253 0
1.13347 -1.47427 0
1.14402 -1.37787 0
1.28988 -1.35961 0
1.14402 -1.37787 0
0.98761 -1.49253 0
0.998157 -1.39614 0
1.14402 -1.37787 0
0.998157 -1.39614 0
1.14402 -1.37787 0
1.13347 -1.47427 0
0.98761 -1.49253 0
1.13347 -1.47427 0
1.28988 -1.35961 0
1.27934 -1.456 0
1.13347 -1.47427 0
1.27934 -1.456 0
1.13347 -1.47427 0
1.12293 -1.57066 0
0.977064 -1.58893 0
1.12293 -1.57066 0
1.27934 -1.456 0
1.26879 -1.55239 0
1.12293 -1.57066 0
1.26879 -1.55239 0
1.12293 -1.57066 0
1.13347 -1.47427 0
1.27934 -1.456 0
1.13347 -1.47427 0
1.58161 -1.32307 0
1.57106 -1.41946 0
1.4252 -1.43773 0
1.57106 -1.41946 0
1.4252 -1.43773 0
1.41465 -1.53412 0
1.26879 -1.55239 0
1.41465 -1.53412 0
1.57106 -1.41946 0
1.56052 -1.51586 0
1.41465 -1.53412 0
1.56052 -1.51586 0
1.41465 -1.53412 0
1.4252 -1.43773 0
1.57106 -1.41946 0
1.4252 -1.43773 0
1.26879 -1.55239 0
1.25824 -1.64878 0
1.11238 -1.66705 0
1.25824 -1.64878 0
1.11238 -1.66705 0
1.10183 -1.76344 0
0.95597 -1.78171 0
1.10183 -1.76344 0
1.25824 -1.64878 0
1.2477 -1.74518 0
1.10183 -1.76344 0
1.2477 -1.74518 0
1.10183 -1.76344 0
1.11238 -1.66705 0
1.25824 -1.64878 0
1.11238 -1.66705 0
1.56052 -1.51586 0
1.54997 -1.61225 0
1.40411 -1.63052 0
1.54997 -1.61225 0
1.40411 -1.63052 0
1.39356 -1.72691 0
1.2477 -1.74518 0
1.39356 -1.72691 0
1.54997 -1.61225 0
1.53942 -1.70864 0
1.39356 -1.72691 0
1.53942 -1.70864 0
1.39356 -1.72691 0
1.40411 -1.63052 0
1.54997 -1.61225 0
1.40411 -1.63052 0
1.2477 -1.74518 0
1.25824 -1.64878 0
1.40411 -1.63052 0
1.25824 -1.64878 0
1.40411 -1.63052 0
1.41465 -1.53412 0
1.56052 -1.51586 0
1.41465 -1.53412 0
1.25824 -1.64878 0
1.26879 -1.55239 0
1.41465 -1.53412 0
1.26879 -1.55239 0
1.41465 -1.53412 0
1.40411 -1.63052 0
1.25824 -1.64878 0
1.40411 -1.63052 0
0.868763 -0.682759 0
0.858216 -0.779152 0
0.761878 -0.711638 0
0.858216 -0.779152 0
0.761878 -0.711638 0
0.751331 -0.808031 0
0.654994 -0.740518 0
0.751331 -0.808031 0
0.858216 -0.779152 0
0.847669 -0.875544 0
0.751331 -0.808031 0
0.847669 -0.875544 0
0.751331 -0.808031 0
0.761878 -0.711638 0
0.858216 -0.779152 0
0.761878 -0.711638 0
0.654994 -0.740518 0
0.644447 -0.836911 0
0.548109 -0.769397 0
0.644447 -0.836911 0
0.548109 -0.769397 0
0.537562 -0.86579 0
0.441224 -0.798277 0
0.537562 -0.86579 0
0.644447 -0.836911 0
0.6339 -0.933303 0
0.537562 -0.86579 0
0.6339 -0.933303 0
0.537562 -0.86579 0
0.548109 -0.769397 0
0.644447 -0.836911 0
0.548109 -0.769397 0
0.441224 -0.798277 0
0.430678 -0.89467 0
0.33434 -0.827156 0
0.430678 -0.89467 0
0.33434 -0.827156 0
0.323793 -0.923549 0
0.227455 -0.856036 0
0.323793 -0.923549 0
0.430678 -0.89467 0
0.420131 -0.991062 0
0.323793 -0.923549 0
0.420131 -0.991062 0
0.323793 -0.923549 0
0.33434 -0.827156 0
0.430678 -0.89467 0
0.33434 -0.827156 0
0.6339 -0.933303 0
0.623353 -1.0297 0
0.527015 -0.962183 0
0.623353 -1.0297 0
0.527015 -0.962183 0
0.516468 -1.05858 0
0.420131 -0.991062 0
0.516468 -1.05858 0
0.623353 -1.0297 0
0.612806 -1.12609 0
0.516468 -1.05858 0
0.612806 -1.12609 0
0.516468 -1.05858 0
0.527015 -0.962183 0
0.623353 -1.0297 0
0.527015 -0.962183 0
0.420131 -0.991062 0
0.430678 -0.89467 0
0.527015 -0.962183 0
0.430678 -0.89467 0
0.527015 -0.962183 0
0.537562 -0.86579 0
0.6339 -0.933303 0
0.537562 -0.86579 0
0.430678 -0.89467 0
0.441224 -0.798277 0
0.537562 -0.86579 0
0.441224 -0.798277 0
0.537562 -0.86579 0
0.527015 -0.962183 0
0.430678 -0.89467 0
0.527015 -0.962183 0
1.04034 -1.01057 0
1.0298 -1.10696 0
0.93346 -1.03945 0
1.0298 -1.10696 0
0.93346 -1.03945 0
0.922913 -1.13584 0
0.826575 -1.06833 0
0.922913 -1.13584 0
1.0298 -1.10696 0
1.01925 -1.20336 0
0.922913 -1.13584 0
1.01925 -1.20336 0
0.922913 -1.13584 0
0.93346 -1.03945 0
1.0298 -1.10696 0
0.93346 -1.03945 0
0.826575 -1.06833 0
0.816029 -1.16472 0
0.719691 -1.09721 0
0.816029 -1.16472 0
0.719691 -1.09721 0
0.709144 -1.1936 0
0.612806 -1.12609 0
0.709144 -1.1936 0
0.816029 -1.16472 0
0.805482 -1.26111 0
0.709144 -1.1936 0
0.805482 -1.26111 0
0.709144 -1.1936 0
0.719691 -1.09721 0
0.816029 -1.16472 0
0.719691 -1.09721 0
1.01925 -1.20336 0
1.0087 -1.29975 0
0.912366 -1.23224 0
1.0087 -1.29975 0
0.912366 -1.23224 0
0.901819 -1.32863 0
0.805482 -1.26111 0
0.901819 -1.32863 0
1.0087 -1.29975 0
0.998157 -1.39614 0
0.901819 -1.32863 0
0.998157 -1.39614 0
0.901819 -1.32863 0
0.912366 -1.23224 0
1.0087 -1.29975 0
0.912366 -1.23224 0
0.805482 -1.26111 0
0.816029 -1.16472 0
0.912366 -1.23224 0
0.816029 -1.16472 0
0.912366 -1.23224 0
0.922913 -1.13584 0
1.01925 -1.20336 0
0.922913 -1.13584 0
0.816029 -1.16472 0
0.826575 -1.06833 0
0.922913 -1.13584 0
0.826575 -1.06833 0
0.922913 -1.13584 0
0.912366 -1.23224 0
0.816029 -1.16472 0
0.912366 -1.23224 0
0.612806 -1.12609 0
0.623353 -1.0297 0
0.719691 -1.09721 0
0.623353 -1.0297 0
0.719691 -1.09721 0
0.730238 -1.00082 0
0.826575 -1.06833 0
0.730238 -1.00082 0
0.623353 -1.0297 0
0.6339 -0.933303 0
0.730238 -1.00082 0
0.6339 -0.933303 0
0.730238 -1.00082 0
0.719691 -1.09721 0
0.623353 -1.0297 0
0.719691 -1.09721 0
0.826575 -1.06833 0
0.837122 -0.971937 0
0.93346 -1.03945 0
0.837122 -0.971937 0
0.93346 -1.03945 0
0.944007 -0.943057 0
1.04034 -1.01057 0
0.944007 -0.943057 0
0.837122 -0.971937 0
0.847669 -0.875544 0
0.944007 -0.943057 0
0.847669 -0.875544 0
0.944007 -0.943057 0
0.93346 -1.03945 0
0.837122 -0.971937 0
0.93346 -1.03945 0
0.6339 -0.933303 0
0.644447 -0.836911 0
0.740784 -0.904424 0
0.644447 -0.836911 0
0.740784 -0.904424 0
0.751331 -0.808031 0
0.847669 -0.875544 0
0.751331 -0.808031 0
0.644447 -0.836911 0
0.654994 -0.740518 0
0.751331 -0.808031 0
0.654994 -0.740518 0
0.751331 -0.808031 0
0.740784 -0.904424 0
0.644447 -0.836911 0
0.740784 -0.904424 0
0.847669 -0.875544 0
0.837122 -0.971937 0
0.740784 -0.904424 0
0.837122 -0.971937 0
0.740784 -0.904424 0
0.730238 -1.00082 0
0.6339 -0.933303 0
0.730238 -1.00082 0
0.837122 -0.971937 0
0.826575 -1.06833 0
0.730238 -1.00082 0
0.826575 -1.06833 0
0.730238 -1.00082 0
0.740784 -0.904424 0
0.837122 -0.971937 0
0.740784 -0.904424 0
11.6578 -5.26539 0
11.443 -5.27618 0
11.5386 -5.1327 0
11.443 -5.27618 0
11.5386 -5.1327 0
11.3238 -5.14349 0
11.4195 -5 0
11.3238 -5.14349 0
11.443 -5.27618 0
11.2282 -5.28698 0
11.3238 -5.14349 0
11.2282 -5.28698 0
11.3238 -5.14349 0
11.5386 -5.1327 0
11.443 -5.27618 0
11.5386 -5.1327 0
11.4665 -5.55237 0
11.2517 -5.56316 0
11.3473 -5.41967 0
11.2517 -5.56316 0
11.3473 -5.41967 0
11.1325 -5.43047 0
11.2282 -5.28698 0
11.1325 -5.43047 0
11.2517 -5.56316 0
11.0368 -5.57396 0
11.1325 -5.43047 0
11.0368 -5.57396 0
11.1325 -5.43047 0
11.3473 -5.41967 0
11.2517 -5.56316 0
11.3473 -5.41967 0
11.2282 -5.28698 0
11.443 -5.27618 0
11.3473 -5.41967 0
11.443 -5.27618 0
11.3473 -5.41967 0
11.5622 -5.40888 0
11.4665 -5.55237 0
11.5622 -5.40888 0
11.443 -5.27618 0
11.6578 -5.26539 0
11.5622 -5.40888 0
11.6578 -5.26539 0
11.5622 -5.40888 0
11.3473 -5.41967 0
11.443 -5.27618 0
11.3473 -5.41967 0
9.88891 -5 0
9.98457 -5.14349 0
9.81212 -5.14285 0
9.98457 -5.14349 0
9.81212 -5.14285 0
9.90778 -5.28634 0
9.73533 -5.28569 0
9.90778 -5.28634 0
9.98457 -5.14349 0
10.0802 -5.28698 0
9.90778 -5.28634 0
10.0802 -5.28698 0
9.90778 -5.28634 0
9.81212 -5.14285 0
9.98457 -5.14349 0
9.81212 -5.14285 0
9.73533 -5.28569 0
9.83099 -5.42918 0
9.65854 -5.42854 0
9.83099 -5.42918 0
9.65854 -5.42854 0
9.7542 -5.57203 0
9.58175 -5.57139 0
9.7542 -5.57203 0
9.83099 -5.42918 0
9.92665 -5.57267 0
9.7542 -5.57203 0
9.92665 -5.57267 0
9.7542 -5.57203 0
9.65854 -5.42854 0
9.83099 -5.42918 0
9.65854 -5.42854 0
10.0802 -5.28698 0
10.1759 -5.43047 0
10.0034 -5.42982 0
10.1759 -5.43047 0
10.0034 -5.42982 0
10.0991 -5.57331 0
9.92665 -5.57267 0
10.0991 -5.57331 0
10.1759 -5.43047 0
10.2716 -5.57396 0
10.0991 -5.57331 0
10.2716 -5.57396 0
10.0991 -5.57331 0
10.0034 -5.42982 0
10.1759 -5.43047 0
10.0034 -5.42982 0
9.92665 -5.57267 0
9.83099 -5.42918 0
10.0034 -5.42982 0
9.83099 -5.42918 0
10.0034 -5.42982 0
9.90778 -5.28634 0
10.0802 -5.28698 0
9.90778 -5.28634 0
9.83099 -5.42918 0
9.73533 -5.28569 0
9.90778 -5.28634 0
9.73533 -5.28569 0
9.90778 -5.28634 0
10.0034 -5.42982 0
9.83099 -5.42918 0
10.0034 -5.42982 0
9.58175 -5.57139 0
9.67741 -5.71488 0
9.50495 -5.71424 0
9.67741 -5.71488 0
9.50495 -5.71424 0
9.60062 -5.85773 0
9.42816 -5.85708 0
9.60062 -5.85773 0
9.67741 -5.71488 0
9.77307 -5.85837 0
9.60062 -5.85773 0
9.77307 -5.85837 0
9.60062 -5.85773 0
9.50495 -5.71424 0
9.67741 -5.71488 0
9.50495 -5.71424 0
9.42816 -5.85708 0
9.52382 -6.00057 0
9.35137 -5.99993 0
9.52382 -6.00057 0
9.35137 -5.99993 0
9.44703 -6.14342 0
9.27458 -6.14278 0
9.44703 -6.14342 0
9.52382 -6.00057 0
9.61949 -6.14406 0
9.44703 -6.14342 0
9.61949 -6.14406 0
9.44703 -6.14342 0
9.35137 -5.99993 0
9.52382 -6.00057 0
9.35137 -5.99993 0
9.77307 -5.85837 0
9.86873 -6.00186 0
9.69628 -6.00121 0
9.86873 -6.00186 0
9.69628 -6.00121 0
9.79194 -6.1447 0
9.61949 -6.14406 0
9.79194 -6.1447 0
9.86873 -6.00186 0
9.96439 -6.14534 0
9.79194 -6.1447 0
9.96439 -6.14534 0
9.79194 -6.1447 0
9.69628 -6.00121 0
9.86873 -6.00186 0
9.69628 -6.00121 0
9.61949 -6.14406 0
9.52382 -6.00057 0
9.69628 -6.00121 0
9.52382 -6.00057 0
9.69628 -6.00121 0
9.60062 -5.85773 0
9.77307 -5.85837 0
9.60062 -5.85773 0
9.52382 -6.00057 0
9.42816 -5.85708 0
9.60062 -5.85773 0
9.42816 -5.85708 0
9.60062 -5.85773 0
9.69628 -6.00121 0
9.52382 -6.00057 0
9.69628 -6.00121 0
10.2716 -5.57396 0
10.3672 -5.71744 0
10.1948 -5.7168 0
10.3672 -5.71744 0
10.1948 -5.7168 0
10.2904 -5.86029 0
10.118 -5.85965 0
10.2904 -5.86029 0
10.3672 -5.71744 0
10.4629 -5.86093 0
10.2904 -5.86029 0
10.4629 -5.86093 0
10.2904 -5.86029 0
10.1948 -5.7168 0
10.3672 -5.71744 0
10.1948 -5.7168 0
10.118 -5.85965 0
10.2136 -6.00314 0
10.0412 -6.0025 0
10.2136 -6.00314 0
10.0412 -6.0025 0
10.1368 -6.14599 0
9.96439 -6.14534 0
10.1368 -6.14599 0
10.2136 -6.00314 0
10.3093 -6.14663 0
10.1368 -6.14599 0
10.3093 -6.14663 0
10.1368 -6.14599 0
10.0412 -6.0025 0
10.2136 -6.00314 0
10.0412 -6.0025 0
10.4629 -5.86093 0
10.5585 -6.00442 0
10.3861 -6.00378 0
10.5585 -6.00442 0
10.3861 -6.00378 0
10.4817 -6.14727 0
10.3093 -6.14663 0
10.4817 -6.14727 0
10.5585 -6.00442 0
10.6542 -6.14791 0
10.4817 -6.14727 0
10.6542 -6.14791 0
10.4817 -6.14727 0
10.3861 -6.00378 0
10.5585 -6.00442 0
10.3861 -6.00378 0
10.3093 -6.14663 0
10.2136 -6.00314 0
10.3861 -6.00378 0
10.2136 -6.00314 0
10.3861 -6.00378 0
10.2904 -5.86029 0
10.4629 -5.86093 0
10.2904 -5.86029 0
10.2136 -6.00314 0
10.118 -5.85965 0
10.2904 -5.86029 0
10.118 -5.85965 0
10.2904 -5.86029 0
10.3861 -6.00378 0
10.2136 -6.00314 0
10.3861 -6.00378 0
9.96439 -6.14534 0
9.86873 -6.00186 0
10.0412 -6.0025 0
9.86873 -6.00186 0
10.0412 -6.0025 0
9.94552 -5.85901 0
10.118 -5.85965 0
9.94552 -5.85901 0
9.86873 -6.00186 0
9.77307 -5.85837 0
9.94552 -5.85901 0
9.77307 -5.85837 0
9.94552 -5.85901 0
10.0412 -6.0025 0
9.86873 -6.00186 0
10.0412 -6.0025 0
10.118 -5.85965 0
10.0223 -5.71616 0
10.1948 -5.7168 0
10.0223 -5.71616 0
10.1948 -5.7168 0
10.0991 -5.57331 0
10.2716 -5.57396 0
10.0991 -5.57331 0
10.0223 -5.71616 0
9.92665 -5.57267 0
10.0991 -5.57331 0
9.92665 -5.57267 0
10.0991 -5.57331 0
10.1948 -5.7168 0
10.0223 -5.71616 0
10.1948 -5.7168 0
9.77307 -5.85837 0
9.67741 -5.71488 0
9.84986 -5.71552 0
9.67741 -5.71488 0
9.84986 -5.71552 0
9.7542 -5.57203 0
9.92665 -5.57267 0
9.7542 -5.57203 0
9.67741 -5.71488 0
9.58175 -5.57139 0
9.7542 -5.57203 0
9.58175 -5.57139 0
9.7542 -5.57203 0
9.84986 -5.71552 0
9.67741 -5.71488 0
9.84986 -5.71552 0
9.92665 -5.57267 0
10.0223 -5.71616 0
9.84986 -5.71552 0
10.0223 -5.71616 0
9.84986 -5.71552 0
9.94552 -5.85901 0
9.77307 -5.85837 0
9.94552 -5.85901 0
10.0223 -5.71616 0
10.118 -5.85965 0
9.94552 -5.85901 0
10.118 -5.85965 0
9.94552 -5.85901 0
9.84986 -5.71552 0
10.0223 -5.71616 0
9.84986 -5.71552 0
11.4195 -5 0
11.3238 -5.14349 0
11.2282 -5 0
11.3238 -5.14349 0
11.2282 -5 0
11.1325 -5.14349 0
11.0368 -5 0
11.1325 -5.14349 0
11.3238 -5.14349 0
11.2282 -5.28698 0
11.1325 -5.14349 0
11.2282 -5.28698 0
11.1325 -5.14349 0
11.2282 -5 0
11.3238 -5.14349 0
11.2282 -5 0
11.0368 -5 0
10.9412 -5.14349 0
10.8455 -5 0
10.9412 -5.14349 0
10.8455 -5 0
10.7499 -5.14349 0
10.6542 -5 0
10.7499 -5.14349 0
10.9412 -5.14349 0
10.8455 -5.28698 0
10.7499 -5.14349 0
10.8455 -5.28698 0
10.7499 -5.14349 0
10.8455 -5 0
10.9412 -5.14349 0
10.8455 -5 0
11.2282 -5.28698 0
11.1325 -5.43047 0
11.0368 -5.28698 0
11.1325 -5.43047 0
11.0368 -5.28698 0
10.9412 -5.43047 0
10.8455 -5.28698 0
10.9412 -5.43047 0
11.1325 -5.43047 0
11.0368 -5.57396 0
10.9412 -5.43047 0
11.0368 -5.57396 0
10.9412 -5.43047 0
11.0368 -5.28698 0
11.1325 -5.43047 0
11.0368 -5.28698 0
10.8455 -5.28698 0
10.9412 -5.14349 0
11.0368 -5.28698 0
10.9412 -5.14349 0
11.0368 -5.28698 0
11.1325 -5.14349 0
11.2282 -5.28698 0
11.1325 -5.14349 0
10.9412 -5.14349 0
11.0368 -5 0
11.1325 -5.14349 0
11.0368 -5 0
11.1325 -5.14349 0
11.0368 -5.28698 0
10.9412 -5.14349 0
11.0368 -5.28698 0
10.6542 -5 0
10.5585 -5.14349 0
10.4629 -5 0
10.5585 -5.14349 0
10.4629 -5 0
10.3672 -5.14349 0
10.2716 -5 0
10.3672 -5.14349 0
10.5585 -5.14349 0
10.4629 -5.28698 0
10.3672 -5.14349 0
10.4629 -5.28698 0
10.3672 -5.14349 0
10.4629 -5 0
10.5585 -5.14349 0
10.4629 -5 0
10.2716 -5 0
10.1759 -5.14349 0
10.0802 -5 0
10.1759 -5.14349 0
10.0802 -5 0
9.98457 -5.14349 0
9.88891 -5 0
9.98457 -5.14349 0
10.1759 -5.14349 0
10.0802 -5.28698 0
9.98457 -5.14349 0
10.0802 -5.28698 0
9.98457 -5.14349 0
10.0802 -5 0
10.1759 -5.14349 0
10.0802 -5 0
10.4629 -5.28698 0
10.3672 -5.43047 0
10.2716 -5.28698 0
10.3672 -5.43047 0
10.2716 -5.28698 0
10.1759 -5.43047 0
10.0802 -5.28698 0
10.1759 -5.43047 0
10.3672 -5.43047 0
10.2716 -5.57396 0
10.1759 -5.43047 0
10.2716 -5.57396 0
10.1759 -5.43047 0
10.2716 -5.28698 0
10.3672 -5.43047 0
10.2716 -5.28698 0
10.0802 -5.28698 0
10.1759 -5.14349 0
10.2716 -5.28698 0
10.1759 -5.14349 0
10.2716 -5.28698 0
10.3672 -5.14349 0
10.4629 -5.28698 0
10.3672 -5.14349 0
10.1759 -5.14349 0
10.2716 -5 0
10.3672 -5.14349 0
10.2716 -5 0
10.3672 -5.14349 0
10.2716 -5.28698 0
10.1759 -5.14349 0
10.2716 -5.28698 0
11.0368 -5.57396 0
10.9412 -5.71744 0
10.8455 -5.57396 0
10.9412 -5.71744 0
10.8455 -5.57396 0
10.7499 -5.71744 0
10.6542 -5.57396 0
10.7499 -5.71744 0
10.9412 -5.71744 0
10.8455 -5.86093 0
10.7499 -5.71744 0
10.8455 -5.86093 0
10.7499 -5.71744 0
10.8455 -5.57396 0
10.9412 -5.71744 0
10.8455 -5.57396 0
10.6542 -5.57396 0
10.5585 -5.71744 0
10.4629 -5.57396 0
10.5585 -5.71744 0
10.4629 -5.57396 0
10.3672 -5.71744 0
10.2716 -5.57396 0
10.3672 -5.71744 0
10.5585 -5.71744 0
10.4629 -5.86093 0
10.3672 -5.71744 0
10.4629 -5.86093 0
10.3672 -5.71744 0
10.4629 -5.57396 0
10.5585 -5.71744 0
10.4629 -5.57396 0
10.8455 -5.86093 0
10.7499 -6.00442 0
10.6542 -5.86093 0
10.7499 -6.00442 0
10.6542 -5.86093 0
10.5585 -6.00442 0
10.4629 -5.86093 0
10.5585 -6.00442 0
10.7499 -6.00442 0
10.6542 -6.14791 0
10.5585 -6.00442 0
10.6542 -6.14791 0
10.5585 -6.00442 0
10.6542 -5.86093 0
10.7499 -6.00442 0
10.6542 -5.86093 0
10.4629 -5.86093 0
10.5585 -5.71744 0
10.6542 -5.86093 0
10.5585 -5.71744 0
10.6542 -5.86093 0
10.7499 -5.71744 0
10.8455 -5.86093 0
10.7499 -5.71744 0
10.5585 -5.71744 0
10.6542 -5.57396 0
10.7499 -5.71744 0
10.6542 -5.57396 0
10.7499 -5.71744 0
10.6542 -5.86093 0
10.5585 -5.71744 0
10.6542 -5.86093 0
10.2716 -5.57396 0
10.3672 -5.43047 0
10.4629 -5.57396 0
10.3672 -5.43047 0
10.4629 -5.57396 0
10.5585 -5.43047 0
10.6542 -5.57396 0
10.5585 -5.43047 0
10.3672 -5.43047 0
10.4629 -5.28698 0
10.5585 -5.43047 0
10.4629 -5.28698 0
10.5585 -5.43047 0
10.4629 -5.57396 0
10.3672 -5.43047 0
10.4629 -5.57396 0
10.6542 -5.57396 0
10.7499 -5.43047 0
10.8455 -5.57396 0
10.7499 -5.43047 0
10.8455 -5.57396 0
10.9412 -5.43047 0
11.0368 -5.57396 0
10.9412 -5.43047 0
10.7499 -5.43047 0
10.8455 -5.28698 0
10.9412 -5.43047 0
10.8455 -5.28698 0
10.9412 -5.43047 0
10.8455 -5.57396 0
10.7499 -5.43047 0
10.8455 -5.57396 0
10.4629 -5.28698 0
10.5585 -5.14349 0
10.6542 -5.28698 0
10.5585 -5.14349 0
10.6542 -5.28698 0
10.7499 -5.14349 0
10.8455 -5.28698 0
10.7499 -5.14349 0
10.5585 -5.14349 0
10.6542 -5 0
10.7499 -5.14349 0
10.6542 -5 0
10.7499 -5.14349 0
10.6542 -5.28698 0
10.5585 -5.14349 0
10.6542 -5.28698 0
10.8455 -5.28698 0
10.7499 -5.43047 0
10.6542 -5.28698 0
10.7499 -5.43047 0
10.6542 -5.28698 0
10.5585 -5.43047 0
10.4629 -5.28698 0
10.5585 -5.43047 0
10.7499 -5.43047 0
10.6542 -5.57396 0
10.5585 -5.43047 0
10.6542 -5.57396 0
10.5585 -5.43047 0
10.6542 -5.28698 0
10.7499 -5.43047 0
10.6542 -5.28698 0
3.66109 -4.90881 0
3.46745 -4.93183 0
3.56551 -4.76177 0
3.46745 -4.93183 0
3.56551 -4.76177 0
3.37187 -4.78478 0
3.46993 -4.61473 0
3.37187 -4.78478 0
3.46745 -4.93183 0
3.27382 -4.95484 0
3.37187 -4.78478 0
3.27382 -4.95484 0
3.37187 -4.78478 0
3.56551 -4.76177 0
3.46745 -4.93183 0
3.56551 -4.76177 0
3.46993 -4.61473 0
3.2763 -4.63774 0
3.37435 -4.46768 0
3.2763 -4.63774 0
3.37435 -4.46768 0
3.18072 -4.4907 0
3.27877 -4.32064 0
3.18072 -4.4907 0
3.2763 -4.63774 0
3.08266 -4.66075 0
3.18072 -4.4907 0
3.08266 -4.66075 0
3.18072 -4.4907 0
3.37435 -4.46768 0
3.2763 -4.63774 0
3.37435 -4.46768 0
3.08266 -4.66075 0
3.2763 -4.63774 0
3.17824 -4.8078 0
3.2763 -4.63774 0
3.17824 -4.8078 0
3.37187 -4.78478 0
3.27382 -4.95484 0
3.37187 -4.78478 0
3.2763 -4.63774 0
3.46993 -4.61473 0
3.37187 -4.78478 0
3.46993 -4.61473 0
3.37187 -4.78478 0
3.17824 -4.8078 0
3.2763 -4.63774 0
3.17824 -4.8078 0
3.27877 -4.32064 0
3.08514 -4.34365 0
3.18319 -4.1736 0
3.08514 -4.34365 0
3.18319 -4.1736 0
2.98956 -4.19661 0
3.08761 -4.02656 0
2.98956 -4.19661 0
3.08514 -4.34365 0
2.89151 -4.36667 0
2.98956 -4.19661 0
2.89151 -4.36667 0
2.98956 -4.19661 0
3.18319 -4.1736 0
3.08514 -4.34365 0
3.18319 -4.1736 0
3.08761 -4.02656 0
2.89398 -4.04957 0
2.99203 -3.87951 0
2.89398 -4.04957 0
2.99203 -3.87951 0
2.7984 -3.90253 0
2.89645 -3.73247 0
2.7984 -3.90253 0
2.89398 -4.04957 0
2.70035 -4.07258 0
2.7984 -3.90253 0
2.70035 -4.07258 0
2.7984 -3.90253 0
2.99203 -3.87951 0
2.89398 -4.04957 0
2.99203 -3.87951 0
2.89151 -4.36667 0
2.69787 -4.38968 0
2.79593 -4.21962 0
2.69787 -4.38968 0
2.79593 -4.21962 0
2.6023 -4.24264 0
2.70035 -4.07258 0
2.6023 -4.24264 0
2.69787 -4.38968 0
2.50424 -4.41269 0
2.6023 -4.24264 0
2.50424 -4.41269 0
2.6023 -4.24264 0
2.79593 -4.21962 0
2.69787 -4.38968 0
2.79593 -4.21962 0
2.70035 -4.07258 0
2.89398 -4.04957 0
2.79593 -4.21962 0
2.89398 -4.04957 0
2.79593 -4.21962 0
2.98956 -4.19661 0
2.89151 -4.36667 0
2.98956 -4.19661 0
2.89398 -4.04957 0
3.08761 -4.02656 0
2.98956 -4.19661 0
3.08761 -4.02656 0
2.98956 -4.19661 0
2.79593 -4.21962 0
2.89398 -4.04957 0
2.79593 -4.21962 0
2.89151 -4.36667 0
3.08514 -4.34365 0
2.98709 -4.51371 0
3.08514 -4.34365 0
2.98709 -4.51371 0
3.18072 -4.4907 0
3.08266 -4.66075 0
3.18072 -4.4907 0
3.08514 -4.34365 0
3.27877 -4.32064 0
3.18072 -4.4907 0
3.27877 -4.32064 0
3.18072 -4.4907 0
2.98709 -4.51371 0
3.08514 -4.34365 0
2.98709 -4.51371 0
2.89645 -3.73247 0
2.7984 -3.90253 0
2.72131 -3.72342 0
2.7984 -3.90253 0
2.72131 -3.72342 0
2.62326 -3.89347 0
2.54617 -3.71436 0
2.62326 -3.89347 0
2.7984 -3.90253 0
2.70035 -4.07258 0
2.62326 -3.89347 0
2.70035 -4.07258 0
2.62326 -3.89347 0
2.72131 -3.72342 0
2.7984 -3.90253 0
2.72131 -3.72342 0
2.54617 -3.71436 0
2.44812 -3.88442 0
2.37103 -3.70531 0
2.44812 -3.88442 0
2.37103 -3.70531 0
2.27297 -3.87537 0
2.19588 -3.69626 0
2.27297 -3.87537 0
2.44812 -3.88442 0
2.35006 -4.05447 0
2.27297 -3.87537 0
2.35006 -4.05447 0
2.27297 -3.87537 0
2.37103 -3.70531 0
2.44812 -3.88442 0
2.37103 -3.70531 0
2.70035 -4.07258 0
2.6023 -4.24264 0
2.52521 -4.06353 0
2.6023 -4.24264 0
2.52521 -4.06353 0
2.42715 -4.23358 0
2.35006 -4.05447 0
2.42715 -4.23358 0
2.6023 -4.24264 0
2.50424 -4.41269 0
2.42715 -4.23358 0
2.50424 -4.41269 0
2.42715 -4.23358 0
2.52521 -4.06353 0
2.6023 -4.24264 0
2.52521 -4.06353 0
2.35006 -4.05447 0
2.44812 -3.88442 0
2.52521 -4.06353 0
2.44812 -3.88442 0
2.52521 -4.06353 0
2.62326 -3.89347 0
2.70035 -4.07258 0
2.62326 -3.89347 0
2.44812 -3.88442 0
2.54617 -3.71436 0
2.62326 -3.89347 0
2.54617 -3.71436 0
2.62326 -3.89347 0
2.52521 -4.06353 0
2.44812 -3.88442 0
2.52521 -4.06353 0
2.19588 -3.69626 0
2.09783 -3.86631 0
2.02074 -3.6872 0
2.09783 -3.86631 0
2.02074 -3.6872 0
1.92269 -3.85726 0
1.8456 -3.67815 0
1.92269 -3.85726 0
2.09783 -3.86631 0
1.99978 -4.03637 0
1.92269 -3.85726 0
1.99978 -4.03637 0
1.92269 -3.85726 0
2.02074 -3.6872 0
2.09783 -3.86631 0
2.02074 -3.6872 0
1.99978 -4.03637 0
2.09783 -3.86631 0
2.17492 -4.04542 0
2.09783 -3.86631 0
2.17492 -4.04542 0
2.27297 -3.87537 0
2.35006 -4.05447 0
2.27297 -3.87537 0
2.09783 -3.86631 0
2.19588 -3.69626 0
2.27297 -3.87537 0
2.19588 -3.69626 0
2.27297 -3.87537 0
2.17492 -4.04542 0
2.09783 -3.86631 0
2.17492 -4.04542 0
7.57772 -4.375 0
7.43946 -4.45822 0
7.44241 -4.29688 0
7.43946 -4.45822 0
7.44241 -4.29688 0
7.30415 -4.3801 0
7.30709 -4.21875 0
7.30415 -4.3801 0
7.43946 -4.45822 0
7.3012 -4.54144 0
7.30415 -4.3801 0
7.3012 -4.54144 0
7.30415 -4.3801 0
7.44241 -4.29688 0
7.43946 -4.45822 0
7.44241 -4.29688 0
7.30709 -4.21875 0
7.16883 -4.30197 0
7.17177 -4.14063 0
7.16883 -4.30197 0
7.17177 -4.14063 0
7.03351 -4.22385 0
7.03646 -4.0625 0
7.03351 -4.22385 0
7.16883 -4.30197 0
7.03057 -4.38519 0
7.03351 -4.22385 0
7.03057 -4.38519 0
7.03351 -4.22385 0
7.17177 -4.14063 0
7.16883 -4.30197 0
7.17177 -4.14063 0
7.03057 -4.38519 0
7.16883 -4.30197 0
7.16589 -4.46332 0
7.16883 -4.30197 0
7.16589 -4.46332 0
7.30415 -4.3801 0
7.3012 -4.54144 0
7.30415 -4.3801 0
7.16883 -4.30197 0
7.30709 -4.21875 0
7.30415 -4.3801 0
7.30709 -4.21875 0
7.30415 -4.3801 0
7.16589 -4.46332 0
7.16883 -4.30197 0
7.16589 -4.46332 0
6.74817 -4.87433 0
6.60991 -4.95756 0
6.61285 -4.79621 0
6.60991 -4.95756 0
6.61285 -4.79621 0
6.47459 -4.87943 0
6.47753 -4.71808 0
6.47459 -4.87943 0
6.60991 -4.95756 0
6.47165 -5.04078 0
6.47459 -4.87943 0
6.47165 -5.04078 0
6.47459 -4.87943 0
6.61285 -4.79621 0
6.60991 -4.95756 0
6.61285 -4.79621 0
3.66109 -4.90881 0
3.74177 -4.76906 0
3.85692 -4.88212 0
3.74177 -4.76906 0
3.85692 -4.88212 0
3.9376 -4.74237 0
4.05275 -4.85543 0
3.9376 -4.74237 0
3.74177 -4.76906 0
3.82246 -4.62931 0
3.9376 -4.74237 0
3.82246 -4.62931 0
3.9376 -4.74237 0
3.85692 -4.88212 0
3.74177 -4.76906 0
3.85692 -4.88212 0
4.05275 -4.85543 0
4.13344 -4.71568 0
4.24858 -4.82874 0
4.13344 -4.71568 0
4.24858 -4.82874 0
4.32927 -4.68899 0
4.44441 -4.80205 0
4.32927 -4.68899 0
4.13344 -4.71568 0
4.21412 -4.57592 0
4.32927 -4.68899 0
4.21412 -4.57592 0
4.32927 -4.68899 0
4.24858 -4.82874 0
4.13344 -4.71568 0
4.24858 -4.82874 0
3.82246 -4.62931 0
3.90315 -4.48955 0
4.01829 -4.60261 0
3.90315 -4.48955 0
4.01829 -4.60261 0
4.09898 -4.46286 0
4.21412 -4.57592 0
4.09898 -4.46286 0
3.90315 -4.48955 0
3.98383 -4.3498 0
4.09898 -4.46286 0
3.98383 -4.3498 0
4.09898 -4.46286 0
4.01829 -4.60261 0
3.90315 -4.48955 0
4.01829 -4.60261 0
4.21412 -4.57592 0
4.13344 -4.71568 0
4.01829 -4.60261 0
4.13344 -4.71568 0
4.01829 -4.60261 0
3.9376 -4.74237 0
3.82246 -4.62931 0
3.9376 -4.74237 0
4.13344 -4.71568 0
4.05275 -4.85543 0
3.9376 -4.74237 0
4.05275 -4.85543 0
3.9376 -4.74237 0
4.01829 -4.60261 0
4.13344 -4.71568 0
4.01829 -4.60261 0
4.44441 -4.80205 0
4.5251 -4.6623 0
4.64024 -4.77536 0
4.5251 -4.6623 0
4.64024 -4.77536 0
4.72093 -4.63561 0
4.83608 -4.74867 0
4.72093 -4.63561 0
4.5251 -4.6623 0
4.60579 -4.52254 0
4.72093 -4.63561 0
4.60579 -4.52254 0
4.72093 -4.63561 0
4.64024 -4.77536 0
4.5251 -4.6623 0
4.64024 -4.77536 0
4.83608 -4.74867 0
4.91676 -4.60892 0
5.03191 -4.72198 0
4.91676 -4.60892 0
5.03191 -4.72198 0
5.1126 -4.58222 0
5.22774 -4.69529 0
5.1126 -4.58222 0
4.91676 -4.60892 0
4.99745 -4.46916 0
5.1126 -4.58222 0
4.99745 -4.46916 0
5.1126 -4.58222 0
5.03191 -4.72198 0
4.91676 -4.60892 0
5.03191 -4.72198 0
4.60579 -4.52254 0
4.68647 -4.38279 0
4.80162 -4.49585 0
4.68647 -4.38279 0
4.80162 -4.49585 0
4.88231 -4.3561 0
4.99745 -4.46916 0
4.88231 -4.3561 0
4.68647 -4.38279 0
4.76716 -4.24303 0
4.88231 -4.3561 0
4.76716 -4.24303 0
4.88231 -4.3561 0
4.80162 -4.49585 0
4.68647 -4.38279 0
4.80162 -4.49585 0
4.99745 -4.46916 0
4.91676 -4.60892 0
4.80162 -4.49585 0
4.91676 -4.60892 0
4.80162 -4.49585 0
4.72093 -4.63561 0
4.60579 -4.52254 0
4.72093 -4.63561 0
4.91676 -4.60892 0
4.83608 -4.74867 0
4.72093 -4.63561 0
4.83608 -4.74867 0
4.72093 -4.63561 0
4.80162 -4.49585 0
4.91676 -4.60892 0
4.80162 -4.49585 0
3.98383 -4.3498 0
4.06452 -4.21004 0
4.17967 -4.32311 0
4.06452 -4.21004 0
4.17967 -4.32311 0
4.26035 -4.18335 0
4.3755 -4.29642 0
4.26035 -4.18335 0
4.06452 -4.21004 0
4.14521 -4.07029 0
4.26035 -4.18335 0
4.14521 -4.07029 0
4.26035 -4.18335 0
4.17967 -4.32311 0
4.06452 -4.21004 0
4.17967 -4.32311 0
4.3755 -4.29642 0
4.45618 -4.15666 0
4.57133 -4.26972 0
4.45618 -4.15666 0
4.57133 -4.26972 0
4.65202 -4.12997 0
4.76716 -4.24303 0
4.65202 -4.12997 0
4.45618 -4.15666 0
4.53687 -4.01691 0
4.65202 -4.12997 0
4.53687 -4.01691 0
4.65202 -4.12997 0
4.57133 -4.26972 0
4.45618 -4.15666 0
4.57133 -4.26972 0
4.14521 -4.07029 0
4.2259 -3.93053 0
4.34104 -4.0436 0
4.2259 -3.93053 0
4.34104 -4.0436 0
4.42173 -3.90384 0
4.53687 -4.01691 0
4.42173 -3.90384 0
4.2259 -3.93053 0
4.30658 -3.79078 0
4.42173 -3.90384 0
4.30658 -3.79078 0
4.42173 -3.90384 0
4.34104 -4.0436 0
4.2259 -3.93053 0
4.34104 -4.0436 0
4.53687 -4.01691 0
4.45618 -4.15666 0
4.34104 -4.0436 0
4.45618 -4.15666 0
4.34104 -4.0436 0
4.26035 -4.18335 0
4.14521 -4.07029 0
4.26035 -4.18335 0
4.45618 -4.15666 0
4.3755 -4.29642 0
4.26035 -4.18335 0
4.3755 -4.29642 0
4.26035 -4.18335 0
4.34104 -4.0436 0
4.45618 -4.15666 0
4.34104 -4.0436 0
4.76716 -4.24303 0
4.68647 -4.38279 0
4.57133 -4.26972 0
4.68647 -4.38279 0
4.57133 -4.26972 0
4.49064 -4.40948 0
4.3755 -4.29642 0
4.49064 -4.40948 0
4.68647 -4.38279 0
4.60579 -4.52254 0
4.49064 -4.40948 0
4.60579 -4.52254 0
4.49064 -4.40948 0
4.57133 -4.26972 0
4.68647 -4.38279 0
4.57133 -4.26972 0
4.3755 -4.29642 0
4.29481 -4.43617 0
4.17967 -4.32311 0
4.29481 -4.43617 0
4.17967 -4.32311 0
4.09898 -4.46286 0
3.98383 -4.3498 0
4.09898 -4.46286 0
4.29481 -4.43617 0
4.21412 -4.57592 0
4.09898 -4.46286 0
4.21412 -4.57592 0
4.09898 -4.46286 0
4.17967 -4.32311 0
4.29481 -4.43617 0
4.17967 -4.32311 0
4.60579 -4.52254 0
4.5251 -4.6623 0
4.40996 -4.54923 0
4.5251 -4.6623 0
4.40996 -4.54923 0
4.32927 -4.68899 0
4.21412 -4.57592 0
4.32927 -4.68899 0
4.5251 -4.6623 0
4.44441 -4.80205 0
4.32927 -4.68899 0
4.44441 -4.80205 0
4.32927 -4.68899 0
4.40996 -4.54923 0
4.5251 -4.6623 0
4.40996 -4.54923 0
4.21412 -4.57592 0
4.29481 -4.43617 0
4.40996 -4.54923 0
4.29481 -4.43617 0
4.40996 -4.54923 0
4.49064 -4.40948 0
4.60579 -4.52254 0
4.49064 -4.40948 0
4.29481 -4.43617 0
4.3755 -4.29642 0
4.49064 -4.40948 0
4.3755 -4.29642 0
4.49064 -4.40948 0
4.40996 -4.54923 0
4.29481 -4.43617 0
4.40996 -4.54923 0
2.89645 -3.73247 0
3.07272 -3.73976 0
2.99203 -3.87951 0
3.07272 -3.73976 0
2.99203 -3.87951 0
3.1683 -3.8868 0
3.08761 -4.02656 0
3.1683 -3.8868 0
3.07272 -3.73976 0
3.24899 -3.74705 0
3.1683 -3.8868 0
3.24899 -3.74705 0
3.1683 -3.8868 0
2.99203 -3.87951 0
3.07272 -3.73976 0
2.99203 -3.87951 0
3.08761 -4.02656 0
3.26388 -4.03384 0
3.18319 -4.1736 0
3.26388 -4.03384 0
3.18319 -4.1736 0
3.35946 -4.18089 0
3.27877 -4.32064 0
3.35946 -4.18089 0
3.26388 -4.03384 0
3.44014 -4.04113 0
3.35946 -4.18089 0
3.44014 -4.04113 0
3.35946 -4.18089 0
3.18319 -4.1736 0
3.26388 -4.03384 0
3.18319 -4.1736 0
3.24899 -3.74705 0
3.42525 -3.75434 0
3.34457 -3.89409 0
3.42525 -3.75434 0
3.34457 -3.89409 0
3.52083 -3.90138 0
3.44014 -4.04113 0
3.52083 -3.90138 0
3.42525 -3.75434 0
3.60152 -3.76162 0
3.52083 -3.90138 0
3.60152 -3.76162 0
3.52083 -3.90138 0
3.34457 -3.89409 0
3.42525 -3.75434 0
3.34457 -3.89409 0
3.44014 -4.04113 0
3.26388 -4.03384 0
3.34457 -3.89409 0
3.26388 -4.03384 0
3.34457 -3.89409 0
3.1683 -3.8868 0
3.24899 -3.74705 0
3.1683 -3.8868 0
3.26388 -4.03384 0
3.08761 -4.02656 0
3.1683 -3.8868 0
3.08761 -4.02656 0
3.1683 -3.8868 0
3.34457 -3.89409 0
3.26388 -4.03384 0
3.34457 -3.89409 0
3.27877 -4.32064 0
3.45504 -4.32793 0
3.37435 -4.46768 0
3.45504 -4.32793 0
3.37435 -4.46768 0
3.55061 -4.47497 0
3.46993 -4.61473 0
3.55061 -4.47497 0
3.45504 -4.32793 0
3.6313 -4.33522 0
3.55061 -4.47497 0
3.6313 -4.33522 0
3.55061 -4.47497 0
3.37435 -4.46768 0
3.45504 -4.32793 0
3.37435 -4.46768 0
3.46993 -4.61473 0
3.64619 -4.62202 0
3.56551 -4.76177 0
3.64619 -4.62202 0
3.56551 -4.76177 0
3.74177 -4.76906 0
3.66109 -4.90881 0
3.74177 -4.76906 0
3.64619 -4.62202 0
3.82246 -4.62931 0
3.74177 -4.76906 0
3.82246 -4.62931 0
3.74177 -4.76906 0
3.56551 -4.76177 0
3.64619 -4.62202 0
3.56551 -4.76177 0
3.6313 -4.33522 0
3.80757 -4.34251 0
3.72688 -4.48226 0
3.80757 -4.34251 0
3.72688 -4.48226 0
3.90315 -4.48955 0
3.82246 -4.62931 0
3.90315 -4.48955 0
3.80757 -4.34251 0
3.98383 -4.3498 0
3.90315 -4.48955 0
3.98383 -4.3498 0
3.90315 -4.48955 0
3.72688 -4.48226 0
3.80757 -4.34251 0
3.72688 -4.48226 0
3.82246 -4.62931 0
3.64619 -4.62202 0
3.72688 -4.48226 0
3.64619 -4.62202 0
3.72688 -4.48226 0
3.55061 -4.47497 0
3.6313 -4.33522 0
3.55061 -4.47497 0
3.64619 -4.62202 0
3.46993 -4.61473 0
3.55061 -4.47497 0
3.46993 -4.61473 0
3.55061 -4.47497 0
3.72688 -4.48226 0
3.64619 -4.62202 0
3.72688 -4.48226 0
3.60152 -3.76162 0
3.77778 -3.76891 0
3.6971 -3.90867 0
3.77778 -3.76891 0
3.6971 -3.90867 0
3.87336 -3.91596 0
3.79268 -4.05571 0
3.87336 -3.91596 0
3.77778 -3.76891 0
3.95405 -3.7762 0
3.87336 -3.91596 0
3.95405 -3.7762 0
3.87336 -3.91596 0
3.6971 -3.90867 0
3.77778 -3.76891 0
3.6971 -3.90867 0
3.79268 -4.05571 0
3.96894 -4.063 0
3.88826 -4.20275 0
3.96894 -4.063 0
3.88826 -4.20275 0
4.06452 -4.21004 0
3.98383 -4.3498 0
4.06452 -4.21004 0
3.96894 -4.063 0
4.14521 -4.07029 0
4.06452 -4.21004 0
4.14521 -4.07029 0
4.06452 -4.21004 0
3.88826 -4.20275 0
3.96894 -4.063 0
3.88826 -4.20275 0
3.95405 -3.7762 0
4.13032 -3.78349 0
4.04963 -3.92325 0
4.13032 -3.78349 0
4.04963 -3.92325 0
4.2259 -3.93053 0
4.14521 -4.07029 0
4.2259 -3.93053 0
4.13032 -3.78349 0
4.30658 -3.79078 0
4.2259 -3.93053 0
4.30658 -3.79078 0
4.2259 -3.93053 0
4.04963 -3.92325 0
4.13032 -3.78349 0
4.04963 -3.92325 0
4.14521 -4.07029 0
3.96894 -4.063 0
4.04963 -3.92325 0
3.96894 -4.063 0
4.04963 -3.92325 0
3.87336 -3.91596 0
3.95405 -3.7762 0
3.87336 -3.91596 0
3.96894 -4.063 0
3.79268 -4.05571 0
3.87336 -3.91596 0
3.79268 -4.05571 0
3.87336 -3.91596 0
4.04963 -3.92325 0
3.96894 -4.063 0
4.04963 -3.92325 0
3.98383 -4.3498 0
3.80757 -4.34251 0
3.88826 -4.20275 0
3.80757 -4.34251 0
3.88826 -4.20275 0
3.71199 -4.19547 0
3.79268 -4.05571 0
3.71199 -4.19547 0
3.80757 -4.34251 0
3.6313 -4.33522 0
3.71199 -4.19547 0
3.6313 -4.33522 0
3.71199 -4.19547 0
3.88826 -4.20275 0
3.80757 -4.34251 0
3.88826 -4.20275 0
3.79268 -4.05571 0
3.61641 -4.04842 0
3.6971 -3.90867 0
3.61641 -4.04842 0
3.6971 -3.90867 0
3.52083 -3.90138 0
3.60152 -3.76162 0
3.52083 -3.90138 0
3.61641 -4.04842 0
3.44014 -4.04113 0
3.52083 -3.90138 0
3.44014 -4.04113 0
3.52083 -3.90138 0
3.6971 -3.90867 0
3.61641 -4.04842 0
3.6971 -3.90867 0
3.6313 -4.33522 0
3.45504 -4.32793 0
3.53572 -4.18818 0
3.45504 -4.32793 0
3.53572 -4.18818 0
3.35946 -4.18089 0
3.44014 -4.04113 0
3.35946 -4.18089 0
3.45504 -4.32793 0
3.27877 -4.32064 0
3.35946 -4.18089 0
3.27877 -4.32064 0
3.35946 -4.18089 0
3.53572 -4.18818 0
3.45504 -4.32793 0
3.53572 -4.18818 0
3.44014 -4.04113 0
3.61641 -4.04842 0
3.53572 -4.18818 0
3.61641 -4.04842 0
3.53572 -4.18818 0
3.71199 -4.19547 0
3.6313 -4.33522 0
3.71199 -4.19547 0
3.61641 -4.04842 0
3.79268 -4.05571 0
3.71199 -4.19547 0
3.79268 -4.05571 0
3.71199 -4.19547 0
3.53572 -4.18818 0
3.61641 -4.04842 0
3.53572 -4.18818 0
2.14651 -2.54671 0
2.26032 -2.57848 0
2.24025 -2.69493 0
2.26032 -2.57848 0
2.24025 -2.69493 0
2.35406 -2.7267 0
2.334 -2.84315 0
2.35406 -2.7267 0
2.26032 -2.57848 0
2.37413 -2.61025 0
2.35406 -2.7267 0
2.37413 -2.61025 0
2.35406 -2.7267 0
2.24025 -2.69493 0
2.26032 -2.57848 0
2.24025 -2.69493 0
2.334 -2.84315 0
2.44781 -2.87492 0
2.42774 -2.99137 0
2.44781 -2.87492 0
2.42774 -2.99137 0
2.54155 -3.02314 0
2.52148 -3.13959 0
2.54155 -3.02314 0
2.44781 -2.87492 0
2.56162 -2.90669 0
2.54155 -3.02314 0
2.56162 -2.90669 0
2.54155 -3.02314 0
2.42774 -2.99137 0
2.44781 -2.87492 0
2.42774 -2.99137 0
2.37413 -2.61025 0
2.48794 -2.64203 0
2.46788 -2.75847 0
2.48794 -2.64203 0
2.46788 -2.75847 0
2.58169 -2.79025 0
2.56162 -2.90669 0
2.58169 -2.79025 0
2.48794 -2.64203 0
2.60176 -2.6738 0
2.58169 -2.79025 0
2.60176 -2.6738 0
2.58169 -2.79025 0
2.46788 -2.75847 0
2.48794 -2.64203 0
2.46788 -2.75847 0
2.56162 -2.90669 0
2.44781 -2.87492 0
2.46788 -2.75847 0
2.44781 -2.87492 0
2.46788 -2.75847 0
2.35406 -2.7267 0
2.37413 -2.61025 0
2.35406 -2.7267 0
2.44781 -2.87492 0
2.334 -2.84315 0
2.35406 -2.7267 0
2.334 -2.84315 0
2.35406 -2.7267 0
2.46788 -2.75847 0
2.44781 -2.87492 0
2.46788 -2.75847 0
2.52148 -3.13959 0
2.63529 -3.17136 0
2.61523 -3.28781 0
2.63529 -3.17136 0
2.61523 -3.28781 0
2.72904 -3.31958 0
2.70897 -3.43603 0
2.72904 -3.31958 0
2.63529 -3.17136 0
2.74911 -3.20314 0
2.72904 -3.31958 0
2.74911 -3.20314 0
2.72904 -3.31958 0
2.61523 -3.28781 0
2.63529 -3.17136 0
2.61523 -3.28781 0
2.70897 -3.43603 0
2.82278 -3.4678 0
2.80271 -3.58425 0
2.82278 -3.4678 0
2.80271 -3.58425 0
2.91652 -3.61602 0
2.89645 -3.73247 0
2.91652 -3.61602 0
2.82278 -3.4678 0
2.93659 -3.49958 0
2.91652 -3.61602 0
2.93659 -3.49958 0
2.91652 -3.61602 0
2.80271 -3.58425 0
2.82278 -3.4678 0
2.80271 -3.58425 0
2.74911 -3.20314 0
2.86292 -3.23491 0
2.84285 -3.35136 0
2.86292 -3.23491 0
2.84285 -3.35136 0
2.95666 -3.38313 0
2.93659 -3.49958 0
2.95666 -3.38313 0
2.86292 -3.23491 0
2.97673 -3.26668 0
2.95666 -3.38313 0
2.97673 -3.26668 0
2.95666 -3.38313 0
2.84285 -3.35136 0
2.86292 -3.23491 0
2.84285 -3.35136 0
2.93659 -3.49958 0
2.82278 -3.4678 0
2.84285 -3.35136 0
2.82278 -3.4678 0
2.84285 -3.35136 0
2.72904 -3.31958 0
2.74911 -3.20314 0
2.72904 -3.31958 0
2.82278 -3.4678 0
2.70897 -3.43603 0
2.72904 -3.31958 0
2.70897 -3.43603 0
2.72904 -3.31958 0
2.84285 -3.35136 0
2.82278 -3.4678 0
2.84285 -3.35136 0
2.60176 -2.6738 0
2.71557 -2.70557 0
2.6955 -2.82202 0
2.71557 -2.70557 0
2.6955 -2.82202 0
2.80931 -2.85379 0
2.78924 -2.97024 0
2.80931 -2.85379 0
2.71557 -2.70557 0
2.82938 -2.73735 0
2.80931 -2.85379 0
2.82938 -2.73735 0
2.80931 -2.85379 0
2.6955 -2.82202 0
2.71557 -2.70557 0
2.6955 -2.82202 0
2.78924 -2.97024 0
2.90305 -3.00201 0
2.88299 -3.11846 0
2.90305 -3.00201 0
2.88299 -3.11846 0
2.9968 -3.15024 0
2.97673 -3.26668 0
2.9968 -3.15024 0
2.90305 -3.00201 0
3.01687 -3.03379 0
2.9968 -3.15024 0
3.01687 -3.03379 0
2.9968 -3.15024 0
2.88299 -3.11846 0
2.90305 -3.00201 0
2.88299 -3.11846 0
3.01687 -3.03379 0
2.90305 -3.00201 0
2.92312 -2.88557 0
2.90305 -3.00201 0
2.92312 -2.88557 0
2.80931 -2.85379 0
2.82938 -2.73735 0
2.80931 -2.85379 0
2.90305 -3.00201 0
2.78924 -2.97024 0
2.80931 -2.85379 0
2.78924 -2.97024 0
2.80931 -2.85379 0
2.92312 -2.88557 0
2.90305 -3.00201 0
2.92312 -2.88557 0
2.97673 -3.26668 0
2.86292 -3.23491 0
2.88299 -3.11846 0
2.86292 -3.23491 0
2.88299 -3.11846 0
2.76917 -3.08669 0
2.78924 -2.97024 0
2.76917 -3.08669 0
2.86292 -3.23491 0
2.74911 -3.20314 0
2.76917 -3.08669 0
2.74911 -3.20314 0
2.76917 -3.08669 0
2.88299 -3.11846 0
2.86292 -3.23491 0
2.88299 -3.11846 0
2.78924 -2.97024 0
2.67543 -2.93847 0
2.6955 -2.82202 0
2.67543 -2.93847 0
2.6955 -2.82202 0
2.58169 -2.79025 0
2.60176 -2.6738 0
2.58169 -2.79025 0
2.67543 -2.93847 0
2.56162 -2.90669 0
2.58169 -2.79025 0
2.56162 -2.90669 0
2.58169 -2.79025 0
2.6955 -2.82202 0
2.67543 -2.93847 0
2.6955 -2.82202 0
2.74911 -3.20314 0
2.63529 -3.17136 0
2.65536 -3.05492 0
2.63529 -3.17136 0
2.65536 -3.05492 0
2.54155 -3.02314 0
2.56162 -2.90669 0
2.54155 -3.02314 0
2.63529 -3.17136 0
2.52148 -3.13959 0
2.54155 -3.02314 0
2.52148 -3.13959 0
2.54155 -3.02314 0
2.65536 -3.05492 0
2.63529 -3.17136 0
2.65536 -3.05492 0
2.56162 -2.90669 0
2.67543 -2.93847 0
2.65536 -3.05492 0
2.67543 -2.93847 0
2.65536 -3.05492 0
2.76917 -3.08669 0
2.74911 -3.20314 0
2.76917 -3.08669 0
2.67543 -2.93847 0
2.78924 -2.97024 0
2.76917 -3.08669 0
2.78924 -2.97024 0
2.76917 -3.08669 0
2.65536 -3.05492 0
2.67543 -2.93847 0
2.65536 -3.05492 0
2.42178 -2.37878 0
2.39796 -2.49452 0
2.28415 -2.46274 0
2.39796 -2.49452 0
2.28415 -2.46274 0
2.26032 -2.57848 0
2.14651 -2.54671 0
2.26032 -2.57848 0
2.39796 -2.49452 0
2.37413 -2.61025 0
2.26032 -2.57848 0
2.37413 -2.61025 0
2.26032 -2.57848 0
2.28415 -2.46274 0
2.39796 -2.49452 0
2.28415 -2.46274 0
2.6494 -2.44233 0
2.62558 -2.55806 0
2.51177 -2.52629 0
2.62558 -2.55806 0
2.51177 -2.52629 0
2.48794 -2.64203 0
2.37413 -2.61025 0
2.48794 -2.64203 0
2.62558 -2.55806 0
2.60176 -2.6738 0
2.48794 -2.64203 0
2.60176 -2.6738 0
2.48794 -2.64203 0
2.51177 -2.52629 0
2.62558 -2.55806 0
2.51177 -2.52629 0
2.37413 -2.61025 0
2.39796 -2.49452 0
2.51177 -2.52629 0
2.39796 -2.49452 0
2.51177 -2.52629 0
2.53559 -2.41055 0
2.6494 -2.44233 0
2.53559 -2.41055 0
2.39796 -2.49452 0
2.42178 -2.37878 0
2.53559 -2.41055 0
2.42178 -2.37878 0
2.53559 -2.41055 0
2.51177 -2.52629 0
2.39796 -2.49452 0
2.51177 -2.52629 0
0.913783 -2.16728 0
0.825873 -2.10889 0
0.924329 -2.07089 0
0.825873 -2.10889 0
0.924329 -2.07089 0
0.83642 -2.0125 0
0.934876 -1.9745 0
0.83642 -2.0125 0
0.825873 -2.10889 0
0.737964 -2.0505 0
0.83642 -2.0125 0
0.737964 -2.0505 0
0.83642 -2.0125 0
0.924329 -2.07089 0
0.825873 -2.10889 0
0.924329 -2.07089 0
0.934876 -1.9745 0
0.846967 -1.9161 0
0.945423 -1.8781 0
0.846967 -1.9161 0
0.945423 -1.8781 0
0.857514 -1.81971 0
0.95597 -1.78171 0
0.857514 -1.81971 0
0.846967 -1.9161 0
0.759058 -1.85771 0
0.857514 -1.81971 0
0.759058 -1.85771 0
0.857514 -1.81971 0
0.945423 -1.8781 0
0.846967 -1.9161 0
0.945423 -1.8781 0
0.737964 -2.0505 0
0.650055 -1.99211 0
0.748511 -1.95411 0
0.650055 -1.99211 0
0.748511 -1.95411 0
0.660602 -1.89571 0
0.759058 -1.85771 0
0.660602 -1.89571 0
0.650055 -1.99211 0
0.562145 -1.93371 0
0.660602 -1.89571 0
0.562145 -1.93371 0
0.660602 -1.89571 0
0.748511 -1.95411 0
0.650055 -1.99211 0
0.748511 -1.95411 0
0.759058 -1.85771 0
0.846967 -1.9161 0
0.748511 -1.95411 0
0.846967 -1.9161 0
0.748511 -1.95411 0
0.83642 -2.0125 0
0.737964 -2.0505 0
0.83642 -2.0125 0
0.846967 -1.9161 0
0.934876 -1.9745 0
0.83642 -2.0125 0
0.934876 -1.9745 0
0.83642 -2.0125 0
0.748511 -1.95411 0
0.846967 -1.9161 0
0.748511 -1.95411 0
0.95597 -1.78171 0
0.868061 -1.72332 0
0.966517 -1.68532 0
0.868061 -1.72332 0
0.966517 -1.68532 0
0.878607 -1.62693 0
0.977064 -1.58893 0
0.878607 -1.62693 0
0.868061 -1.72332 0
0.780151 -1.66493 0
0.878607 -1.62693 0
0.780151 -1.66493 0
0.878607 -1.62693 0
0.966517 -1.68532 0
0.868061 -1.72332 0
0.966517 -1.68532 0
0.977064 -1.58893 0
0.889154 -1.53053 0
0.98761 -1.49253 0
0.889154 -1.53053 0
0.98761 -1.49253 0
0.899701 -1.43414 0
0.998157 -1.39614 0
0.899701 -1.43414 0
0.889154 -1.53053 0
0.801245 -1.47214 0
0.899701 -1.43414 0
0.801245 -1.47214 0
0.899701 -1.43414 0
0.98761 -1.49253 0
0.889154 -1.53053 0
0.98761 -1.49253 0
0.780151 -1.66493 0
0.692242 -1.60654 0
0.790698 -1.56854 0
0.692242 -1.60654 0
0.790698 -1.56854 0
0.702789 -1.51014 0
0.801245 -1.47214 0
0.702789 -1.51014 0
0.692242 -1.60654 0
0.604333 -1.54814 0
0.702789 -1.51014 0
0.604333 -1.54814 0
0.702789 -1.51014 0
0.790698 -1.56854 0
0.692242 -1.60654 0
0.790698 -1.56854 0
0.801245 -1.47214 0
0.889154 -1.53053 0
0.790698 -1.56854 0
0.889154 -1.53053 0
0.790698 -1.56854 0
0.878607 -1.62693 0
0.780151 -1.66493 0
0.878607 -1.62693 0
0.889154 -1.53053 0
0.977064 -1.58893 0
0.878607 -1.62693 0
0.977064 -1.58893 0
0.878607 -1.62693 0
0.790698 -1.56854 0
0.889154 -1.53053 0
0.790698 -1.56854 0
0.562145 -1.93371 0
0.474236 -1.87532 0
0.572692 -1.83732 0
0.474236 -1.87532 0
0.572692 -1.83732 0
0.484783 -1.77893 0
0.583239 -1.74093 0
0.484783 -1.77893 0
0.474236 -1.87532 0
0.386327 -1.81693 0
0.484783 -1.77893 0
0.386327 -1.81693 0
0.484783 -1.77893 0
0.572692 -1.83732 0
0.474236 -1.87532 0
0.572692 -1.83732 0
0.583239 -1.74093 0
0.49533 -1.68254 0
0.593786 -1.64454 0
0.49533 -1.68254 0
0.593786 -1.64454 0
0.505877 -1.58614 0
0.604333 -1.54814 0
0.505877 -1.58614 0
0.49533 -1.68254 0
0.407421 -1.62415 0
0.505877 -1.58614 0
0.407421 -1.62415 0
0.505877 -1.58614 0
0.593786 -1.64454 0
0.49533 -1.68254 0
0.593786 -1.64454 0
0.386327 -1.81693 0
0.298418 -1.75854 0
0.396874 -1.72054 0
0.298418 -1.75854 0
0.396874 -1.72054 0
0.308964 -1.66215 0
0.407421 -1.62415 0
0.308964 -1.66215 0
0.298418 -1.75854 0
0.210508 -1.70015 0
0.308964 -1.66215 0
0.210508 -1.70015 0
0.308964 -1.66215 0
0.396874 -1.72054 0
0.298418 -1.75854 0
0.396874 -1.72054 0
0.407421 -1.62415 0
0.49533 -1.68254 0
0.396874 -1.72054 0
0.49533 -1.68254 0
0.396874 -1.72054 0
0.484783 -1.77893 0
0.386327 -1.81693 0
0.484783 -1.77893 0
0.49533 -1.68254 0
0.583239 -1.74093 0
0.484783 -1.77893 0
0.583239 -1.74093 0
0.484783 -1.77893 0
0.396874 -1.72054 0
0.49533 -1.68254 0
0.396874 -1.72054 0
0.604333 -1.54814 0
0.692242 -1.60654 0
0.593786 -1.64454 0
0.692242 -1.60654 0
0.593786 -1.64454 0
0.681695 -1.70293 0
0.583239 -1.74093 0
0.681695 -1.70293 0
0.692242 -1.60654 0
0.780151 -1.66493 0
0.681695 -1.70293 0
0.780151 -1.66493 0
0.681695 -1.70293 0
0.593786 -1.64454 0
0.692242 -1.60654 0
0.593786 -1.64454 0
0.583239 -1.74093 0
0.671148 -1.79932 0
0.572692 -1.83732 0
0.671148 -1.79932 0
0.572692 -1.83732 0
0.660602 -1.89571 0
0.562145 -1.93371 0
0.660602 -1.89571 0
0.671148 -1.79932 0
0.759058 -1.85771 0
0.660602 -1.89571 0
0.759058 -1.85771 0
0.660602 -1.89571 0
0.572692 -1.83732 0
0.671148 -1.79932 0
0.572692 -1.83732 0
0.780151 -1.66493 0
0.868061 -1.72332 0
0.769605 -1.76132 0
0.868061 -1.72332 0
0.769605 -1.76132 0
0.857514 -1.81971 0
0.759058 -1.85771 0
0.857514 -1.81971 0
0.868061 -1.72332 0
0.95597 -1.78171 0
0.857514 -1.81971 0
0.95597 -1.78171 0
0.857514 -1.81971 0
0.769605 -1.76132 0
0.868061 -1.72332 0
0.769605 -1.76132 0
0.759058 -1.85771 0
0.671148 -1.79932 0
0.769605 -1.76132 0
0.671148 -1.79932 0
0.769605 -1.76132 0
0.681695 -1.70293 0
0.780151 -1.66493 0
0.681695 -1.70293 0
0.671148 -1.79932 0
0.583239 -1.74093 0
0.681695 -1.70293 0
0.583239 -1.74093 0
0.681695 -1.70293 0
0.769605 -1.76132 0
0.671148 -1.79932 0
0.769605 -1.76132 0
0.998157 -1.39614 0
0.899701 -1.43414 0
0.901819 -1.32863 0
0.899701 -1.43414 0
0.901819 -1.32863 0
0.803363 -1.36663 0
0.805482 -1.26111 0
0.803363 -1.36663 0
0.899701 -1.43414 0
0.801245 -1.47214 0
0.803363 -1.36663 0
0.801245 -1.47214 0
0.803363 -1.36663 0
0.901819 -1.32863 0
0.899701 -1.43414 0
0.901819 -1.32863 0
0.805482 -1.26111 0
0.707026 -1.29912 0
0.709144 -1.1936 0
0.707026 -1.29912 0
0.709144 -1.1936 0
0.610688 -1.2316 0
0.612806 -1.12609 0
0.610688 -1.2316 0
0.707026 -1.29912 0
0.608569 -1.33712 0
0.610688 -1.2316 0
0.608569 -1.33712 0
0.610688 -1.2316 0
0.709144 -1.1936 0
0.707026 -1.29912 0
0.709144 -1.1936 0
0.801245 -1.47214 0
0.702789 -1.51014 0
0.704907 -1.40463 0
0.702789 -1.51014 0
0.704907 -1.40463 0
0.606451 -1.44263 0
0.608569 -1.33712 0
0.606451 -1.44263 0
0.702789 -1.51014 0
0.604333 -1.54814 0
0.606451 -1.44263 0
0.604333 -1.54814 0
0.606451 -1.44263 0
0.704907 -1.40463 0
0.702789 -1.51014 0
0.704907 -1.40463 0
0.608569 -1.33712 0
0.707026 -1.29912 0
0.704907 -1.40463 0
0.707026 -1.29912 0
0.704907 -1.40463 0
0.803363 -1.36663 0
0.801245 -1.47214 0
0.803363 -1.36663 0
0.707026 -1.29912 0
0.805482 -1.26111 0
0.803363 -1.36663 0
0.805482 -1.26111 0
0.803363 -1.36663 0
0.704907 -1.40463 0
0.707026 -1.29912 0
0.704907 -1.40463 0
0.612806 -1.12609 0
0.51435 -1.16409 0
0.516468 -1.05858 0
0.51435 -1.16409 0
0.516468 -1.05858 0
0.418012 -1.09658 0
0.420131 -0.991062 0
0.418012 -1.09658 0
0.51435 -1.16409 0
0.415894 -1.20209 0
0.418012 -1.09658 0
0.415894 -1.20209 0
0.418012 -1.09658 0
0.516468 -1.05858 0
0.51435 -1.16409 0
0.516468 -1.05858 0
0.420131 -0.991062 0
0.321675 -1.02906 0
0.323793 -0.923549 0
0.321675 -1.02906 0
0.323793 -0.923549 0
0.225337 -0.96155 0
0.227455 -0.856036 0
0.225337 -0.96155 0
0.321675 -1.02906 0
0.223219 -1.06706 0
0.225337 -0.96155 0
0.223219 -1.06706 0
0.225337 -0.96155 0
0.323793 -0.923549 0
0.321675 -1.02906 0
0.323793 -0.923549 0
0.415894 -1.20209 0
0.317438 -1.24009 0
0.319556 -1.13458 0
0.317438 -1.24009 0
0.319556 -1.13458 0
0.2211 -1.17258 0
0.223219 -1.06706 0
0.2211 -1.17258 0
0.317438 -1.24009 0
0.218982 -1.27809 0
0.2211 -1.17258 0
0.218982 -1.27809 0
0.2211 -1.17258 0
0.319556 -1.13458 0
0.317438 -1.24009 0
0.319556 -1.13458 0
0.223219 -1.06706 0
0.321675 -1.02906 0
0.319556 -1.13458 0
0.321675 -1.02906 0
0.319556 -1.13458 0
0.418012 -1.09658 0
0.415894 -1.20209 0
0.418012 -1.09658 0
0.321675 -1.02906 0
0.420131 -0.991062 0
0.418012 -1.09658 0
0.420131 -0.991062 0
0.418012 -1.09658 0
0.319556 -1.13458 0
0.321675 -1.02906 0
0.319556 -1.13458 0
0.604333 -1.54814 0
0.505877 -1.58614 0
0.507995 -1.48063 0
0.505877 -1.58614 0
0.507995 -1.48063 0
0.409539 -1.51863 0
0.411657 -1.41312 0
0.409539 -1.51863 0
0.505877 -1.58614 0
0.407421 -1.62415 0
0.409539 -1.51863 0
0.407421 -1.62415 0
0.409539 -1.51863 0
0.507995 -1.48063 0
0.505877 -1.58614 0
0.507995 -1.48063 0
0.411657 -1.41312 0
0.313201 -1.45112 0
0.31532 -1.3456 0
0.313201 -1.45112 0
0.31532 -1.3456 0
0.216863 -1.38361 0
0.218982 -1.27809 0
0.216863 -1.38361 0
0.313201 -1.45112 0
0.214745 -1.48912 0
0.216863 -1.38361 0
0.214745 -1.48912 0
0.216863 -1.38361 0
0.31532 -1.3456 0
0.313201 -1.45112 0
0.31532 -1.3456 0
0.407421 -1.62415 0
0.308964 -1.66215 0
0.311083 -1.55663 0
0.308964 -1.66215 0
0.311083 -1.55663 0
0.212627 -1.59463 0
0.214745 -1.48912 0
0.212627 -1.59463 0
0.308964 -1.66215 0
0.210508 -1.70015 0
0.212627 -1.59463 0
0.210508 -1.70015 0
0.212627 -1.59463 0
0.311083 -1.55663 0
0.308964 -1.66215 0
0.311083 -1.55663 0
0.214745 -1.48912 0
0.313201 -1.45112 0
0.311083 -1.55663 0
0.313201 -1.45112 0
0.311083 -1.55663 0
0.409539 -1.51863 0
0.407421 -1.62415 0
0.409539 -1.51863 0
0.313201 -1.45112 0
0.411657 -1.41312 0
0.409539 -1.51863 0
0.411657 -1.41312 0
0.409539 -1.51863 0
0.311083 -1.55663 0
0.313201 -1.45112 0
0.311083 -1.55663 0
0.218982 -1.27809 0
0.317438 -1.24009 0
0.31532 -1.3456 0
0.317438 -1.24009 0
0.31532 -1.3456 0
0.413776 -1.3076 0
0.411657 -1.41312 0
0.413776 -1.3076 0
0.317438 -1.24009 0
0.415894 -1.20209 0
0.413776 -1.3076 0
0.415894 -1.20209 0
0.413776 -1.3076 0
0.31532 -1.3456 0
0.317438 -1.24009 0
0.31532 -1.3456 0
0.411657 -1.41312 0
0.510113 -1.37512 0
0.507995 -1.48063 0
0.510113 -1.37512 0
0.507995 -1.48063 0
0.606451 -1.44263 0
0.604333 -1.54814 0
0.606451 -1.44263 0
0.510113 -1.37512 0
0.608569 -1.33712 0
0.606451 -1.44263 0
0.608569 -1.33712 0
0.606451 -1.44263 0
0.507995 -1.48063 0
0.510113 -1.37512 0
0.507995 -1.48063 0
0.415894 -1.20209 0
0.51435 -1.16409 0
0.512232 -1.2696 0
0.51435 -1.16409 0
0.512232 -1.2696 0
0.610688 -1.2316 0
0.608569 -1.33712 0
0.610688 -1.2316 0
0.51435 -1.16409 0
0.612806 -1.12609 0
0.610688 -1.2316 0
0.612806 -1.12609 0
0.610688 -1.2316 0
0.512232 -1.2696 0
0.51435 -1.16409 0
0.512232 -1.2696 0
0.608569 -1.33712 0
0.510113 -1.37512 0
0.512232 -1.2696 0
0.510113 -1.37512 0
0.512232 -1.2696 0
0.413776 -1.3076 0
0.415894 -1.20209 0
0.413776 -1.3076 0
0.510113 -1.37512 0
0.411657 -1.41312 0
0.413776 -1.3076 0
0.411657 -1.41312 0
0.413776 -1.3076 0
0.512232 -1.2696 0
0.510113 -1.37512 0
0.512232 -1.2696 0
0.227455 -0.856036 0
0.225337 -0.96155 0
0.120491 -0.884617 0
0.225337 -0.96155 0
0.120491 -0.884617 0
0.118372 -0.990131 0
0.0135258 -0.913198 0
0.118372 -0.990131 0
0.225337 -0.96155 0
0.223219 -1.06706 0
0.118372 -0.990131 0
0.223219 -1.06706 0
0.118372 -0.990131 0
0.120491 -0.884617 0
0.225337 -0.96155 0
0.120491 -0.884617 0
0.0135258 -0.913198 0
0.0114075 -1.01871 0
-0.0934389 -0.941779 0
0.0114075 -1.01871 0
-0.0934389 -0.941779 0
-0.0955573 -1.04729 0
-0.200404 -0.970361 0
-0.0955573 -1.04729 0
0.0114075 -1.01871 0
0.0092891 -1.12423 0
-0.0955573 -1.04729 0
0.0092891 -1.12423 0
-0.0955573 -1.04729 0
-0.0934389 -0.941779 0
0.0114075 -1.01871 0
-0.0934389 -0.941779 0
0.223219 -1.06706 0
0.2211 -1.17258 0
0.116254 -1.09564 0
0.2211 -1.17258 0
0.116254 -1.09564 0
0.114135 -1.20116 0
0.0092891 -1.12423 0
0.114135 -1.20116 0
0.2211 -1.17258 0
0.218982 -1.27809 0
0.114135 -1.20116 0
0.218982 -1.27809 0
0.114135 -1.20116 0
0.116254 -1.09564 0
0.2211 -1.17258 0
0.116254 -1.09564 0
0.0092891 -1.12423 0
0.0114075 -1.01871 0
0.116254 -1.09564 0
0.0114075 -1.01871 0
0.116254 -1.09564 0
0.118372 -0.990131 0
0.223219 -1.06706 0
0.118372 -0.990131 0
0.0114075 -1.01871 0
0.0135258 -0.913198 0
0.118372 -0.990131 0
0.0135258 -0.913198 0
0.118372 -0.990131 0
0.116254 -1.09564 0
0.0114075 -1.01871 0
0.116254 -1.09564 0
-0.200404 -0.970361 0
-0.202522 -1.07587 0
-0.307368 -0.998942 0
-0.202522 -1.07587 0
-0.307368 -0.998942 0
-0.309487 -1.10446 0
-0.414333 -1.02752 0
-0.309487 -1.10446 0
-0.202522 -1.07587 0
-0.20464 -1.18139 0
-0.309487 -1.10446 0
-0.20464 -1.18139 0
-0.309487 -1.10446 0
-0.307368 -0.998942 0
-0.202522 -1.07587 0
-0.307368 -0.998942 0
-0.20464 -1.18139 0
-0.206759 -1.2869 0
-0.311605 -1.20997 0
-0.206759 -1.2869 0
-0.311605 -1.20997 0
-0.313723 -1.31548 0
-0.41857 -1.23855 0
-0.313723 -1.31548 0
-0.206759 -1.2869 0
-0.208877 -1.39242 0
-0.313723 -1.31548 0
-0.208877 -1.39242 0
-0.313723 -1.31548 0
-0.311605 -1.20997 0
-0.206759 -1.2869 0
-0.311605 -1.20997 0
-0.41857 -1.23855 0
-0.416451 -1.13304 0
-0.311605 -1.20997 0
-0.416451 -1.13304 0
-0.311605 -1.20997 0
-0.309487 -1.10446 0
-0.20464 -1.18139 0
-0.309487 -1.10446 0
-0.416451 -1.13304 0
-0.414333 -1.02752 0
-0.309487 -1.10446 0
-0.414333 -1.02752 0
-0.309487 -1.10446 0
-0.311605 -1.20997 0
-0.416451 -1.13304 0
-0.311605 -1.20997 0
0.218982 -1.27809 0
0.216863 -1.38361 0
0.112017 -1.30667 0
0.216863 -1.38361 0
0.112017 -1.30667 0
0.109899 -1.41219 0
0.00505236 -1.33525 0
0.109899 -1.41219 0
0.216863 -1.38361 0
0.214745 -1.48912 0
0.109899 -1.41219 0
0.214745 -1.48912 0
0.109899 -1.41219 0
0.112017 -1.30667 0
0.216863 -1.38361 0
0.112017 -1.30667 0
0.00505236 -1.33525 0
0.00293398 -1.44077 0
-0.101912 -1.36383 0
0.00293398 -1.44077 0
-0.101912 -1.36383 0
-0.104031 -1.46935 0
-0.208877 -1.39242 0
-0.104031 -1.46935 0
0.00293398 -1.44077 0
0.000815613 -1.54628 0
-0.104031 -1.46935 0
0.000815613 -1.54628 0
-0.104031 -1.46935 0
-0.101912 -1.36383 0
0.00293398 -1.44077 0
-0.101912 -1.36383 0
0.214745 -1.48912 0
0.212627 -1.59463 0
0.10778 -1.5177 0
0.212627 -1.59463 0
0.10778 -1.5177 0
0.105662 -1.62321 0
0.000815613 -1.54628 0
0.105662 -1.62321 0
0.212627 -1.59463 0
0.210508 -1.70015 0
0.105662 -1.62321 0
0.210508 -1.70015 0
0.105662 -1.62321 0
0.10778 -1.5177 0
0.212627 -1.59463 0
0.10778 -1.5177 0
0.000815613 -1.54628 0
0.00293398 -1.44077 0
0.10778 -1.5177 0
0.00293398 -1.44077 0
0.10778 -1.5177 0
0.109899 -1.41219 0
0.214745 -1.48912 0
0.109899 -1.41219 0
0.00293398 -1.44077 0
0.00505236 -1.33525 0
0.109899 -1.41219 0
0.00505236 -1.33525 0
0.109899 -1.41219 0
0.10778 -1.5177 0
0.00293398 -1.44077 0
0.10778 -1.5177 0
-0.208877 -1.39242 0
-0.206759 -1.2869 0
-0.101912 -1.36383 0
-0.206759 -1.2869 0
-0.101912 -1.36383 0
-0.099794 -1.25832 0
0.00505236 -1.33525 0
-0.099794 -1.25832 0
-0.206759 -1.2869 0
-0.20464 -1.18139 0
-0.099794 -1.25832 0
-0.20464 -1.18139 0
-0.099794 -1.25832 0
-0.101912 -1.36383 0
-0.206759 -1.2869 0
-0.101912 -1.36383 0
0.00505236 -1.33525 0
0.00717073 -1.22974 0
0.112017 -1.30667 0
0.00717073 -1.22974 0
0.112017 -1.30667 0
0.114135 -1.20116 0
0.218982 -1.27809 0
0.114135 -1.20116 0
0.00717073 -1.22974 0
0.0092891 -1.12423 0
0.114135 -1.20116 0
0.0092891 -1.12423 0
0.114135 -1.20116 0
0.112017 -1.30667 0
0.00717073 -1.22974 0
0.112017 -1.30667 0
-0.20464 -1.18139 0
-0.202522 -1.07587 0
-0.0976756 -1.15281 0
-0.202522 -1.07587 0
-0.0976756 -1.15281 0
-0.0955573 -1.04729 0
0.0092891 -1.12423 0
-0.0955573 -1.04729 0
-0.202522 -1.07587 0
-0.200404 -0.970361 0
-0.0955573 -1.04729 0
-0.200404 -0.970361 0
-0.0955573 -1.04729 0
-0.0976756 -1.15281 0
-0.202522 -1.07587 0
-0.0976756 -1.15281 0
0.0092891 -1.12423 0
0.00717073 -1.22974 0
-0.0976756 -1.15281 0
0.00717073 -1.22974 0
-0.0976756 -1.15281 0
-0.099794 -1.25832 0
-0.20464 -1.18139 0
-0.099794 -1.25832 0
0.00717073 -1.22974 0
0.00505236 -1.33525 0
-0.099794 -1.25832 0
0.00505236 -1.33525 0
-0.099794 -1.25832 0
-0.0976756 -1.15281 0
0.00717073 -1.22974 0
-0.0976756 -1.15281 0
0.000815613 -1.54628 0
0.105662 -1.62321 0
0.000815613 -1.70297 0
0.105662 -1.62321 0
0.000815613 -1.70297 0
0.105662 -1.7799 0
0.000815613 -1.85966 0
0.105662 -1.7799 0
0.105662 -1.62321 0
0.210508 -1.70015 0
0.105662 -1.7799 0
0.210508 -1.70015 0
0.105662 -1.7799 0
0.000815613 -1.70297 0
0.105662 -1.62321 0
0.000815613 -1.70297 0
0.000815613 -1.85966 0
0.105662 -1.7799 0
0.111464 -1.97774 0
0.105662 -1.7799 0
0.111464 -1.97774 0
0.21631 -1.89798 0
0.222112 -2.09582 0
0.21631 -1.89798 0
0.105662 -1.7799 0
0.210508 -1.70015 0
0.21631 -1.89798 0
0.210508 -1.70015 0
0.21631 -1.89798 0
0.111464 -1.97774 0
0.105662 -1.7799 0
0.111464 -1.97774 0
0.749568 -2.44617 0
0.743766 -2.24833 0
0.831675 -2.30672 0
0.743766 -2.24833 0
0.831675 -2.30672 0
0.825873 -2.10889 0
0.913783 -2.16728 0
0.825873 -2.10889 0
0.743766 -2.24833 0
0.737964 -2.0505 0
0.825873 -2.10889 0
0.737964 -2.0505 0
0.825873 -2.10889 0
0.831675 -2.30672 0
0.743766 -2.24833 0
0.831675 -2.30672 0
0.573749 -2.32938 0
0.567947 -2.13155 0
0.655857 -2.18994 0
0.567947 -2.13155 0
0.655857 -2.18994 0
0.650055 -1.99211 0
0.737964 -2.0505 0
0.650055 -1.99211 0
0.567947 -2.13155 0
0.562145 -1.93371 0
0.650055 -1.99211 0
0.562145 -1.93371 0
0.650055 -1.99211 0
0.655857 -2.18994 0
0.567947 -2.13155 0
0.655857 -2.18994 0
0.737964 -2.0505 0
0.743766 -2.24833 0
0.655857 -2.18994 0
0.743766 -2.24833 0
0.655857 -2.18994 0
0.661658 -2.38778 0
0.573749 -2.32938 0
0.661658 -2.38778 0
0.743766 -2.24833 0
0.749568 -2.44617 0
0.661658 -2.38778 0
0.749568 -2.44617 0
0.661658 -2.38778 0
0.655857 -2.18994 0
0.743766 -2.24833 0
0.655857 -2.18994 0
0.39793 -2.2126 0
0.392129 -2.01477 0
0.480038 -2.07316 0
0.392129 -2.01477 0
0.480038 -2.07316 0
0.474236 -1.87532 0
0.562145 -1.93371 0
0.474236 -1.87532 0
0.392129 -2.01477 0
0.386327 -1.81693 0
0.474236 -1.87532 0
0.386327 -1.81693 0
0.474236 -1.87532 0
0.480038 -2.07316 0
0.392129 -2.01477 0
0.480038 -2.07316 0
0.222112 -2.09582 0
0.21631 -1.89798 0
0.304219 -1.95637 0
0.21631 -1.89798 0
0.304219 -1.95637 0
0.298418 -1.75854 0
0.386327 -1.81693 0
0.298418 -1.75854 0
0.21631 -1.89798 0
0.210508 -1.70015 0
0.298418 -1.75854 0
0.210508 -1.70015 0
0.298418 -1.75854 0
0.304219 -1.95637 0
0.21631 -1.89798 0
0.304219 -1.95637 0
0.386327 -1.81693 0
0.392129 -2.01477 0
0.304219 -1.95637 0
0.392129 -2.01477 0
0.304219 -1.95637 0
0.310021 -2.15421 0
0.222112 -2.09582 0
0.310021 -2.15421 0
0.392129 -2.01477 0
0.39793 -2.2126 0
0.310021 -2.15421 0
0.39793 -2.2126 0
0.310021 -2.15421 0
0.304219 -1.95637 0
0.392129 -2.01477 0
0.304219 -1.95637 0
0.562145 -1.93371 0
0.567947 -2.13155 0
0.480038 -2.07316 0
0.567947 -2.13155 0
0.480038 -2.07316 0
0.48584 -2.27099 0
0.39793 -2.2126 0
0.48584 -2.27099 0
0.567947 -2.13155 0
0.573749 -2.32938 0
0.48584 -2.27099 0
0.573749 -2.32938 0
0.48584 -2.27099 0
0.480038 -2.07316 0
0.567947 -2.13155 0
0.480038 -2.07316 0
10.3093 -6.14663 0
10.2962 -6.30543 0
10.1368 -6.14599 0
10.2962 -6.30543 0
10.1368 -6.14599 0
10.1237 -6.30479 0
9.96439 -6.14534 0
10.1237 -6.30479 0
10.2962 -6.30543 0
10.283 -6.46423 0
10.1237 -6.30479 0
10.283 -6.46423 0
10.1237 -6.30479 0
10.1368 -6.14599 0
10.2962 -6.30543 0
10.1368 -6.14599 0
9.96439 -6.14534 0
9.95126 -6.30415 0
9.79194 -6.1447 0
9.95126 -6.30415 0
9.79194 -6.1447 0
9.77881 -6.3035 0
9.61949 -6.14406 0
9.77881 -6.3035 0
9.95126 -6.30415 0
9.93812 -6.46295 0
9.77881 -6.3035 0
9.93812 -6.46295 0
9.77881 -6.3035 0
9.79194 -6.1447 0
9.95126 -6.30415 0
9.79194 -6.1447 0
9.61949 -6.14406 0
9.60635 -6.30286 0
9.44703 -6.14342 0
9.60635 -6.30286 0
9.44703 -6.14342 0
9.4339 -6.30222 0
9.27458 -6.14278 0
9.4339 -6.30222 0
9.60635 -6.30286 0
9.59322 -6.46166 0
9.4339 -6.30222 0
9.59322 -6.46166 0
9.4339 -6.30222 0
9.44703 -6.14342 0
9.60635 -6.30286 0
9.44703 -6.14342 0
9.59322 -6.46166 0
9.60635 -6.30286 0
9.76567 -6.46231 0
9.60635 -6.30286 0
9.76567 -6.46231 0
9.77881 -6.3035 0
9.93812 -6.46295 0
9.77881 -6.3035 0
9.60635 -6.30286 0
9.61949 -6.14406 0
9.77881 -6.3035 0
9.61949 -6.14406 0
9.77881 -6.3035 0
9.76567 -6.46231 0
9.60635 -6.30286 0
9.76567 -6.46231 0
9.93812 -6.46295 0
9.95126 -6.30415 0
10.1106 -6.46359 0
9.95126 -6.30415 0
10.1106 -6.46359 0
10.1237 -6.30479 0
10.283 -6.46423 0
10.1237 -6.30479 0
9.95126 -6.30415 0
9.96439 -6.14534 0
10.1237 -6.30479 0
9.96439 -6.14534 0
10.1237 -6.30479 0
10.1106 -6.46359 0
9.95126 -6.30415 0
10.1106 -6.46359 0
9.27458 -6.14278 0
9.4339 -6.30222 0
9.27458 -6.30496 0
9.4339 -6.30222 0
9.27458 -6.30496 0
9.4339 -6.4644 0
9.27458 -6.46714 0
9.4339 -6.4644 0
9.4339 -6.30222 0
9.59322 -6.46166 0
9.4339 -6.4644 0
9.59322 -6.46166 0
9.4339 -6.4644 0
9.27458 -6.30496 0
9.4339 -6.30222 0
9.27458 -6.30496 0
5.22774 -4.69529 0
5.16864 -4.88669 0
5.03191 -4.72198 0
5.16864 -4.88669 0
5.03191 -4.72198 0
4.97281 -4.91338 0
4.83608 -4.74867 0
4.97281 -4.91338 0
5.16864 -4.88669 0
5.10955 -5.0781 0
4.97281 -4.91338 0
5.10955 -5.0781 0
4.97281 -4.91338 0
5.03191 -4.72198 0
5.16864 -4.88669 0
5.03191 -4.72198 0
4.83608 -4.74867 0
4.77698 -4.94007 0
4.64024 -4.77536 0
4.77698 -4.94007 0
4.64024 -4.77536 0
4.58115 -4.96676 0
4.44441 -4.80205 0
4.58115 -4.96676 0
4.77698 -4.94007 0
4.71788 -5.13148 0
4.58115 -4.96676 0
4.71788 -5.13148 0
4.58115 -4.96676 0
4.64024 -4.77536 0
4.77698 -4.94007 0
4.64024 -4.77536 0
5.10955 -5.0781 0
5.05045 -5.2695 0
4.91371 -5.10479 0
5.05045 -5.2695 0
4.91371 -5.10479 0
4.85462 -5.29619 0
4.71788 -5.13148 0
4.85462 -5.29619 0
5.05045 -5.2695 0
4.99135 -5.4609 0
4.85462 -5.29619 0
4.99135 -5.4609 0
4.85462 -5.29619 0
4.91371 -5.10479 0
5.05045 -5.2695 0
4.91371 -5.10479 0
4.71788 -5.13148 0
4.77698 -4.94007 0
4.91371 -5.10479 0
4.77698 -4.94007 0
4.91371 -5.10479 0
4.97281 -4.91338 0
5.10955 -5.0781 0
4.97281 -4.91338 0
4.77698 -4.94007 0
4.83608 -4.74867 0
4.97281 -4.91338 0
4.83608 -4.74867 0
4.97281 -4.91338 0
4.91371 -5.10479 0
4.77698 -4.94007 0
4.91371 -5.10479 0
4.44441 -4.80205 0
4.38532 -4.99345 0
4.24858 -4.82874 0
4.38532 -4.99345 0
4.24858 -4.82874 0
4.18948 -5.02015 0
4.05275 -4.85543 0
4.18948 -5.02015 0
4.38532 -4.99345 0
4.32622 -5.18486 0
4.18948 -5.02015 0
4.32622 -5.18486 0
4.18948 -5.02015 0
4.24858 -4.82874 0
4.38532 -4.99345 0
4.24858 -4.82874 0
4.05275 -4.85543 0
3.99365 -5.04684 0
3.85692 -4.88212 0
3.99365 -5.04684 0
3.85692 -4.88212 0
3.79782 -5.07353 0
3.66109 -4.90881 0
3.79782 -5.07353 0
3.99365 -5.04684 0
3.93456 -5.23824 0
3.79782 -5.07353 0
3.93456 -5.23824 0
3.79782 -5.07353 0
3.85692 -4.88212 0
3.99365 -5.04684 0
3.85692 -4.88212 0
4.32622 -5.18486 0
4.26712 -5.37626 0
4.13039 -5.21155 0
4.26712 -5.37626 0
4.13039 -5.21155 0
4.07129 -5.40295 0
3.93456 -5.23824 0
4.07129 -5.40295 0
4.26712 -5.37626 0
4.20803 -5.56767 0
4.07129 -5.40295 0
4.20803 -5.56767 0
4.07129 -5.40295 0
4.13039 -5.21155 0
4.26712 -5.37626 0
4.13039 -5.21155 0
3.93456 -5.23824 0
3.99365 -5.04684 0
4.13039 -5.21155 0
3.99365 -5.04684 0
4.13039 -5.21155 0
4.18948 -5.02015 0
4.32622 -5.18486 0
4.18948 -5.02015 0
3.99365 -5.04684 0
4.05275 -4.85543 0
4.18948 -5.02015 0
4.05275 -4.85543 0
4.18948 -5.02015 0
4.13039 -5.21155 0
3.99365 -5.04684 0
4.13039 -5.21155 0
4.99135 -5.4609 0
4.93226 -5.65231 0
4.79552 -5.48759 0
4.93226 -5.65231 0
4.79552 -5.48759 0
4.73642 -5.679 0
4.59969 -5.51428 0
4.73642 -5.679 0
4.93226 -5.65231 0
4.87316 -5.84371 0
4.73642 -5.679 0
4.87316 -5.84371 0
4.73642 -5.679 0
4.79552 -5.48759 0
4.93226 -5.65231 0
4.79552 -5.48759 0
4.20803 -5.56767 0
4.26712 -5.37626 0
4.40386 -5.54098 0
4.26712 -5.37626 0
4.40386 -5.54098 0
4.46295 -5.34957 0
4.59969 -5.51428 0
4.46295 -5.34957 0
4.26712 -5.37626 0
4.32622 -5.18486 0
4.46295 -5.34957 0
4.32622 -5.18486 0
4.46295 -5.34957 0
4.40386 -5.54098 0
4.26712 -5.37626 0
4.40386 -5.54098 0
4.59969 -5.51428 0
4.65879 -5.32288 0
4.79552 -5.48759 0
4.65879 -5.32288 0
4.79552 -5.48759 0
4.85462 -5.29619 0
4.99135 -5.4609 0
4.85462 -5.29619 0
4.65879 -5.32288 0
4.71788 -5.13148 0
4.85462 -5.29619 0
4.71788 -5.13148 0
4.85462 -5.29619 0
4.79552 -5.48759 0
4.65879 -5.32288 0
4.79552 -5.48759 0
4.32622 -5.18486 0
4.38532 -4.99345 0
4.52205 -5.15817 0
4.38532 -4.99345 0
4.52205 -5.15817 0
4.58115 -4.96676 0
4.71788 -5.13148 0
4.58115 -4.96676 0
4.38532 -4.99345 0
4.44441 -4.80205 0
4.58115 -4.96676 0
4.44441 -4.80205 0
4.58115 -4.96676 0
4.52205 -5.15817 0
4.38532 -4.99345 0
4.52205 -5.15817 0
4.71788 -5.13148 0
4.65879 -5.32288 0
4.52205 -5.15817 0
4.65879 -5.32288 0
4.52205 -5.15817 0
4.46295 -5.34957 0
4.32622 -5.18486 0
4.46295 -5.34957 0
4.65879 -5.32288 0
4.59969 -5.51428 0
4.46295 -5.34957 0
4.59969 -5.51428 0
4.46295 -5.34957 0
4.52205 -5.15817 0
4.65879 -5.32288 0
4.52205 -5.15817 0
9.27458 -6.14278 0
9.14761 -6.11897 0
9.19779 -5.99993 0
9.14761 -6.11897 0
9.19779 -5.99993 0
9.07082 -5.97612 0
9.121 -5.85708 0
9.07082 -5.97612 0
9.14761 -6.11897 0
9.02064 -6.09516 0
9.07082 -5.97612 0
9.02064 -6.09516 0
9.07082 -5.97612 0
9.19779 -5.99993 0
9.14761 -6.11897 0
9.19779 -5.99993 0
9.121 -5.85708 0
8.99403 -5.83328 0
9.04421 -5.71424 0
8.99403 -5.83328 0
9.04421 -5.71424 0
8.91724 -5.69043 0
8.96742 -5.57139 0
8.91724 -5.69043 0
8.99403 -5.83328 0
8.86706 -5.80947 0
8.91724 -5.69043 0
8.86706 -5.80947 0
8.91724 -5.69043 0
9.04421 -5.71424 0
8.99403 -5.83328 0
9.04421 -5.71424 0
9.02064 -6.09516 0
8.89367 -6.07135 0
8.94385 -5.95231 0
8.89367 -6.07135 0
8.94385 -5.95231 0
8.81688 -5.92851 0
8.86706 -5.80947 0
8.81688 -5.92851 0
8.89367 -6.07135 0
8.7667 -6.04754 0
8.81688 -5.92851 0
8.7667 -6.04754 0
8.81688 -5.92851 0
8.94385 -5.95231 0
8.89367 -6.07135 0
8.94385 -5.95231 0
8.86706 -5.80947 0
8.99403 -5.83328 0
8.94385 -5.95231 0
8.99403 -5.83328 0
8.94385 -5.95231 0
9.07082 -5.97612 0
9.02064 -6.09516 0
9.07082 -5.97612 0
8.99403 -5.83328 0
9.121 -5.85708 0
9.07082 -5.97612 0
9.121 -5.85708 0
9.07082 -5.97612 0
8.94385 -5.95231 0
8.99403 -5.83328 0
8.94385 -5.95231 0
8.96742 -5.57139 0
8.84045 -5.54758 0
8.89063 -5.42854 0
8.84045 -5.54758 0
8.89063 -5.42854 0
8.76366 -5.40473 0
8.81384 -5.28569 0
8.76366 -5.40473 0
8.84045 -5.54758 0
8.71348 -5.52377 0
8.76366 -5.40473 0
8.71348 -5.52377 0
8.76366 -5.40473 0
8.89063 -5.42854 0
8.84045 -5.54758 0
8.89063 -5.42854 0
8.81384 -5.28569 0
8.68687 -5.26189 0
8.73704 -5.14285 0
8.68687 -5.26189 0
8.73704 -5.14285 0
8.61008 -5.11904 0
8.66025 -5 0
8.61008 -5.11904 0
8.68687 -5.26189 0
8.5599 -5.23808 0
8.61008 -5.11904 0
8.5599 -5.23808 0
8.61008 -5.11904 0
8.73704 -5.14285 0
8.68687 -5.26189 0
8.73704 -5.14285 0
8.71348 -5.52377 0
8.58651 -5.49996 0
8.63669 -5.38092 0
8.58651 -5.49996 0
8.63669 -5.38092 0
8.50972 -5.35712 0
8.5599 -5.23808 0
8.50972 -5.35712 0
8.58651 -5.49996 0
8.45954 -5.47615 0
8.50972 -5.35712 0
8.45954 -5.47615 0
8.50972 -5.35712 0
8.63669 -5.38092 0
8.58651 -5.49996 0
8.63669 -5.38092 0
8.5599 -5.23808 0
8.68687 -5.26189 0
8.63669 -5.38092 0
8.68687 -5.26189 0
8.63669 -5.38092 0
8.76366 -5.40473 0
8.71348 -5.52377 0
8.76366 -5.40473 0
8.68687 -5.26189 0
8.81384 -5.28569 0
8.76366 -5.40473 0
8.81384 -5.28569 0
8.76366 -5.40473 0
8.63669 -5.38092 0
8.68687 -5.26189 0
8.63669 -5.38092 0
8.7667 -6.04754 0
8.63973 -6.02374 0
8.68991 -5.9047 0
8.63973 -6.02374 0
8.68991 -5.9047 0
8.56294 -5.88089 0
8.61312 -5.76185 0
8.56294 -5.88089 0
8.63973 -6.02374 0
8.51277 -5.99993 0
8.56294 -5.88089 0
8.51277 -5.99993 0
8.56294 -5.88089 0
8.68991 -5.9047 0
8.63973 -6.02374 0
8.68991 -5.9047 0
8.61312 -5.76185 0
8.48615 -5.73804 0
8.53633 -5.619 0
8.48615 -5.73804 0
8.53633 -5.619 0
8.40936 -5.59519 0
8.45954 -5.47615 0
8.40936 -5.59519 0
8.48615 -5.73804 0
8.35918 -5.71423 0
8.40936 -5.59519 0
8.35918 -5.71423 0
8.40936 -5.59519 0
8.53633 -5.619 0
8.48615 -5.73804 0
8.53633 -5.619 0
8.51277 -5.99993 0
8.3858 -5.97612 0
8.43597 -5.85708 0
8.3858 -5.97612 0
8.43597 -5.85708 0
8.309 -5.83327 0
8.35918 -5.71423 0
8.309 -5.83327 0
8.3858 -5.97612 0
8.25883 -5.95231 0
8.309 -5.83327 0
8.25883 -5.95231 0
8.309 -5.83327 0
8.43597 -5.85708 0
8.3858 -5.97612 0
8.43597 -5.85708 0
8.35918 -5.71423 0
8.48615 -5.73804 0
8.43597 -5.85708 0
8.48615 -5.73804 0
8.43597 -5.85708 0
8.56294 -5.88089 0
8.51277 -5.99993 0
8.56294 -5.88089 0
8.48615 -5.73804 0
8.61312 -5.76185 0
8.56294 -5.88089 0
8.61312 -5.76185 0
8.56294 -5.88089 0
8.43597 -5.85708 0
8.48615 -5.73804 0
8.43597 -5.85708 0
8.45954 -5.47615 0
8.58651 -5.49996 0
8.53633 -5.619 0
8.58651 -5.49996 0
8.53633 -5.619 0
8.6633 -5.64281 0
8.61312 -5.76185 0
8.6633 -5.64281 0
8.58651 -5.49996 0
8.71348 -5.52377 0
8.6633 -5.64281 0
8.71348 -5.52377 0
8.6633 -5.64281 0
8.53633 -5.619 0
8.58651 -5.49996 0
8.53633 -5.619 0
8.61312 -5.76185 0
8.74009 -5.78566 0
8.68991 -5.9047 0
8.74009 -5.78566 0
8.68991 -5.9047 0
8.81688 -5.92851 0
8.7667 -6.04754 0
8.81688 -5.92851 0
8.74009 -5.78566 0
8.86706 -5.80947 0
8.81688 -5.92851 0
8.86706 -5.80947 0
8.81688 -5.92851 0
8.68991 -5.9047 0
8.74009 -5.78566 0
8.68991 -5.9047 0
8.71348 -5.52377 0
8.84045 -5.54758 0
8.79027 -5.66662 0
8.84045 -5.54758 0
8.79027 -5.66662 0
8.91724 -5.69043 0
8.86706 -5.80947 0
8.91724 -5.69043 0
8.84045 -5.54758 0
8.96742 -5.57139 0
8.91724 -5.69043 0
8.96742 -5.57139 0
8.91724 -5.69043 0
8.79027 -5.66662 0
8.84045 -5.54758 0
8.79027 -5.66662 0
8.86706 -5.80947 0
8.74009 -5.78566 0
8.79027 -5.66662 0
8.74009 -5.78566 0
8.79027 -5.66662 0
8.6633 -5.64281 0
8.71348 -5.52377 0
8.6633 -5.64281 0
8.74009 -5.78566 0
8.61312 -5.76185 0
8.6633 -5.64281 0
8.61312 -5.76185 0
8.6633 -5.64281 0
8.79027 -5.66662 0
8.74009 -5.78566 0
8.79027 -5.66662 0
7.80646 -6.5817 0
7.88185 -6.4768 0
8.00882 -6.66279 0
7.88185 -6.4768 0
8.00882 -6.66279 0
8.08422 -6.55789 0
8.21119 -6.74388 0
8.08422 -6.55789 0
7.88185 -6.4768 0
7.95725 -6.3719 0
8.08422 -6.55789 0
7.95725 -6.3719 0
8.08422 -6.55789 0
8.00882 -6.66279 0
7.88185 -6.4768 0
8.00882 -6.66279 0
7.95725 -6.3719 0
8.03264 -6.26701 0
8.15961 -6.45299 0
8.03264 -6.26701 0
8.15961 -6.45299 0
8.23501 -6.3481 0
8.36198 -6.53408 0
8.23501 -6.3481 0
8.03264 -6.26701 0
8.10804 -6.16211 0
8.23501 -6.3481 0
8.10804 -6.16211 0
8.23501 -6.3481 0
8.15961 -6.45299 0
8.03264 -6.26701 0
8.15961 -6.45299 0
8.36198 -6.53408 0
8.43737 -6.42918 0
8.56434 -6.61517 0
8.43737 -6.42918 0
8.56434 -6.61517 0
8.63973 -6.51027 0
8.7667 -6.69626 0
8.63973 -6.51027 0
8.43737 -6.42918 0
8.51277 -6.32429 0
8.63973 -6.51027 0
8.51277 -6.32429 0
8.63973 -6.51027 0
8.56434 -6.61517 0
8.43737 -6.42918 0
8.56434 -6.61517 0
8.10804 -6.16211 0
8.18343 -6.05721 0
8.3104 -6.2432 0
8.18343 -6.05721 0
8.3104 -6.2432 0
8.3858 -6.1383 0
8.51277 -6.32429 0
8.3858 -6.1383 0
8.18343 -6.05721 0
8.25883 -5.95231 0
8.3858 -6.1383 0
8.25883 -5.95231 0
8.3858 -6.1383 0
8.3104 -6.2432 0
8.18343 -6.05721 0
8.3104 -6.2432 0
8.51277 -6.32429 0
8.43737 -6.42918 0
8.3104 -6.2432 0
8.43737 -6.42918 0
8.3104 -6.2432 0
8.23501 -6.3481 0
8.10804 -6.16211 0
8.23501 -6.3481 0
8.43737 -6.42918 0
8.36198 -6.53408 0
8.23501 -6.3481 0
8.36198 -6.53408 0
8.23501 -6.3481 0
8.3104 -6.2432 0
8.43737 -6.42918 0
8.3104 -6.2432 0
8.36198 -6.53408 0
8.28658 -6.63898 0
8.15961 -6.45299 0
8.28658 -6.63898 0
8.15961 -6.45299 0
8.08422 -6.55789 0
7.95725 -6.3719 0
8.08422 -6.55789 0
8.28658 -6.63898 0
8.21119 -6.74388 0
8.08422 -6.55789 0
8.21119 -6.74388 0
8.08422 -6.55789 0
8.15961 -6.45299 0
8.28658 -6.63898 0
8.15961 -6.45299 0
9.27458 -6.46714 0
9.14761 -6.28115 0
9.27458 -6.30496 0
9.14761 -6.28115 0
9.27458 -6.30496 0
9.14761 -6.11897 0
9.27458 -6.14278 0
9.14761 -6.11897 0
9.14761 -6.28115 0
9.02064 -6.09516 0
9.14761 -6.11897 0
9.02064 -6.09516 0
9.14761 -6.11897 0
9.27458 -6.30496 0
9.14761 -6.28115 0
9.27458 -6.30496 0
9.02064 -6.41952 0
8.89367 -6.23353 0
9.02064 -6.25734 0
8.89367 -6.23353 0
9.02064 -6.25734 0
8.89367 -6.07135 0
9.02064 -6.09516 0
8.89367 -6.07135 0
8.89367 -6.23353 0
8.7667 -6.04754 0
8.89367 -6.07135 0
8.7667 -6.04754 0
8.89367 -6.07135 0
9.02064 -6.25734 0
8.89367 -6.23353 0
9.02064 -6.25734 0
9.02064 -6.09516 0
9.14761 -6.28115 0
9.02064 -6.25734 0
9.14761 -6.28115 0
9.02064 -6.25734 0
9.14761 -6.44333 0
9.02064 -6.41952 0
9.14761 -6.44333 0
9.14761 -6.28115 0
9.27458 -6.46714 0
9.14761 -6.44333 0
9.27458 -6.46714 0
9.14761 -6.44333 0
9.02064 -6.25734 0
9.14761 -6.28115 0
9.02064 -6.25734 0
8.7667 -6.69626 0
8.63973 -6.51027 0
8.7667 -6.53408 0
8.63973 -6.51027 0
8.7667 -6.53408 0
8.63973 -6.3481 0
8.7667 -6.3719 0
8.63973 -6.3481 0
8.63973 -6.51027 0
8.51277 -6.32429 0
8.63973 -6.3481 0
8.51277 -6.32429 0
8.63973 -6.3481 0
8.7667 -6.53408 0
8.63973 -6.51027 0
8.7667 -6.53408 0
8.7667 -6.3719 0
8.63973 -6.18592 0
8.7667 -6.20972 0
8.63973 -6.18592 0
8.7667 -6.20972 0
8.63973 -6.02374 0
8.7667 -6.04754 0
8.63973 -6.02374 0
8.63973 -6.18592 0
8.51277 -5.99993 0
8.63973 -6.02374 0
8.51277 -5.99993 0
8.63973 -6.02374 0
8.7667 -6.20972 0
8.63973 -6.18592 0
8.7667 -6.20972 0
8.51277 -6.32429 0
8.3858 -6.1383 0
8.51277 -6.16211 0
8.3858 -6.1383 0
8.51277 -6.16211 0
8.3858 -5.97612 0
8.51277 -5.99993 0
8.3858 -5.97612 0
8.3858 -6.1383 0
8.25883 -5.95231 0
8.3858 -5.97612 0
8.25883 -5.95231 0
8.3858 -5.97612 0
8.51277 -6.16211 0
8.3858 -6.1383 0
8.51277 -6.16211 0
8.51277 -5.99993 0
8.63973 -6.18592 0
8.51277 -6.16211 0
8.63973 -6.18592 0
8.51277 -6.16211 0
8.63973 -6.3481 0
8.51277 -6.32429 0
8.63973 -6.3481 0
8.63973 -6.18592 0
8.7667 -6.3719 0
8.63973 -6.3481 0
8.7667 -6.3719 0
8.63973 -6.3481 0
8.51277 -6.16211 0
8.63973 -6.18592 0
8.51277 -6.16211 0
8.7667 -6.04754 0
8.89367 -6.23353 0
8.7667 -6.20972 0
8.89367 -6.23353 0
8.7667 -6.20972 0
8.89367 -6.39571 0
8.7667 -6.3719 0
8.89367 -6.39571 0
8.89367 -6.23353 0
9.02064 -6.41952 0
8.89367 -6.39571 0
9.02064 -6.41952 0
8.89367 -6.39571 0
8.7667 -6.20972 0
8.89367 -6.23353 0
8.7667 -6.20972 0
8.7667 -6.3719 0
8.89367 -6.55789 0
8.7667 -6.53408 0
8.89367 -6.55789 0
8.7667 -6.53408 0
8.89367 -6.72007 0
8.7667 -6.69626 0
8.89367 -6.72007 0
8.89367 -6.55789 0
9.02064 -6.74388 0
8.89367 -6.72007 0
9.02064 -6.74388 0
8.89367 -6.72007 0
8.7667 -6.53408 0
8.89367 -6.55789 0
8.7667 -6.53408 0
9.02064 -6.74388 0
8.89367 -6.55789 0
9.02064 -6.5817 0
8.89367 -6.55789 0
9.02064 -6.5817 0
8.89367 -6.39571 0
9.02064 -6.41952 0
8.89367 -6.39571 0
8.89367 -6.55789 0
8.7667 -6.3719 0
8.89367 -6.39571 0
8.7667 -6.3719 0
8.89367 -6.39571 0
9.02064 -6.5817 0
8.89367 -6.55789 0
9.02064 -6.5817 0
4.53687 -4.01691 0
4.66357 -4.03183 0
4.65202 -4.12997 0
4.66357 -4.03183 0
4.65202 -4.12997 0
4.77872 -4.14489 0
4.76716 -4.24303 0
4.77872 -4.14489 0
4.66357 -4.03183 0
4.79028 -4.04675 0
4.77872 -4.14489 0
4.79028 -4.04675 0
4.77872 -4.14489 0
4.65202 -4.12997 0
4.66357 -4.03183 0
4.65202 -4.12997 0
4.76716 -4.24303 0
4.89386 -4.25795 0
4.88231 -4.3561 0
4.89386 -4.25795 0
4.88231 -4.3561 0
5.00901 -4.37102 0
4.99745 -4.46916 0
5.00901 -4.37102 0
4.89386 -4.25795 0
5.02057 -4.27288 0
5.00901 -4.37102 0
5.02057 -4.27288 0
5.00901 -4.37102 0
4.88231 -4.3561 0
4.89386 -4.25795 0
4.88231 -4.3561 0
4.99745 -4.46916 0
5.12415 -4.48408 0
5.1126 -4.58222 0
5.12415 -4.48408 0
5.1126 -4.58222 0
5.2393 -4.59715 0
5.22774 -4.69529 0
5.2393 -4.59715 0
5.12415 -4.48408 0
5.25086 -4.499 0
5.2393 -4.59715 0
5.25086 -4.499 0
5.2393 -4.59715 0
5.1126 -4.58222 0
5.12415 -4.48408 0
5.1126 -4.58222 0
5.02057 -4.27288 0
5.14727 -4.2878 0
5.13571 -4.38594 0
5.14727 -4.2878 0
5.13571 -4.38594 0
5.26241 -4.40086 0
5.25086 -4.499 0
5.26241 -4.40086 0
5.14727 -4.2878 0
5.27397 -4.30272 0
5.26241 -4.40086 0
5.27397 -4.30272 0
5.26241 -4.40086 0
5.13571 -4.38594 0
5.14727 -4.2878 0
5.13571 -4.38594 0
5.25086 -4.499 0
5.12415 -4.48408 0
5.13571 -4.38594 0
5.12415 -4.48408 0
5.13571 -4.38594 0
5.00901 -4.37102 0
5.02057 -4.27288 0
5.00901 -4.37102 0
5.12415 -4.48408 0
4.99745 -4.46916 0
5.00901 -4.37102 0
4.99745 -4.46916 0
5.00901 -4.37102 0
5.13571 -4.38594 0
5.12415 -4.48408 0
5.13571 -4.38594 0
5.02057 -4.27288 0
4.89386 -4.25795 0
4.90542 -4.15981 0
4.89386 -4.25795 0
4.90542 -4.15981 0
4.77872 -4.14489 0
4.79028 -4.04675 0
4.77872 -4.14489 0
4.89386 -4.25795 0
4.76716 -4.24303 0
4.77872 -4.14489 0
4.76716 -4.24303 0
4.77872 -4.14489 0
4.90542 -4.15981 0
4.89386 -4.25795 0
4.90542 -4.15981 0
3.057 -2.80089 0
3.15092 -2.84279 0
3.03693 -2.91734 0
3.15092 -2.84279 0
3.03693 -2.91734 0
3.13085 -2.95924 0
3.01687 -3.03379 0
3.13085 -2.95924 0
3.15092 -2.84279 0
3.24484 -2.88469 0
3.13085 -2.95924 0
3.24484 -2.88469 0
3.13085 -2.95924 0
3.03693 -2.91734 0
3.15092 -2.84279 0
3.03693 -2.91734 0
3.01687 -3.03379 0
3.11078 -3.07569 0
2.9968 -3.15024 0
3.11078 -3.07569 0
2.9968 -3.15024 0
3.09071 -3.19213 0
2.97673 -3.26668 0
3.09071 -3.19213 0
3.11078 -3.07569 0
3.2047 -3.11759 0
3.09071 -3.19213 0
3.2047 -3.11759 0
3.09071 -3.19213 0
2.9968 -3.15024 0
3.11078 -3.07569 0
2.9968 -3.15024 0
3.2047 -3.11759 0
3.11078 -3.07569 0
3.22477 -3.00114 0
3.11078 -3.07569 0
3.22477 -3.00114 0
3.13085 -2.95924 0
3.24484 -2.88469 0
3.13085 -2.95924 0
3.11078 -3.07569 0
3.01687 -3.03379 0
3.13085 -2.95924 0
3.01687 -3.03379 0
3.13085 -2.95924 0
3.22477 -3.00114 0
3.11078 -3.07569 0
3.22477 -3.00114 0
2.97673 -3.26668 0
3.07065 -3.30858 0
2.95666 -3.38313 0
3.07065 -3.30858 0
2.95666 -3.38313 0
3.05058 -3.42503 0
2.93659 -3.49958 0
3.05058 -3.42503 0
3.07065 -3.30858 0
3.16456 -3.35048 0
3.05058 -3.42503 0
3.16456 -3.35048 0
3.05058 -3.42503 0
2.95666 -3.38313 0
3.07065 -3.30858 0
2.95666 -3.38313 0
2.93659 -3.49958 0
3.03051 -3.54147 0
2.91652 -3.61602 0
3.03051 -3.54147 0
2.91652 -3.61602 0
3.01044 -3.65792 0
2.89645 -3.73247 0
3.01044 -3.65792 0
3.03051 -3.54147 0
3.12443 -3.58337 0
3.01044 -3.65792 0
3.12443 -3.58337 0
3.01044 -3.65792 0
2.91652 -3.61602 0
3.03051 -3.54147 0
2.91652 -3.61602 0
3.16456 -3.35048 0
3.25848 -3.39238 0
3.14449 -3.46693 0
3.25848 -3.39238 0
3.14449 -3.46693 0
3.23841 -3.50883 0
3.12443 -3.58337 0
3.23841 -3.50883 0
3.25848 -3.39238 0
3.3524 -3.43428 0
3.23841 -3.50883 0
3.3524 -3.43428 0
3.23841 -3.50883 0
3.14449 -3.46693 0
3.25848 -3.39238 0
3.14449 -3.46693 0
3.12443 -3.58337 0
3.03051 -3.54147 0
3.14449 -3.46693 0
3.03051 -3.54147 0
3.14449 -3.46693 0
3.05058 -3.42503 0
3.16456 -3.35048 0
3.05058 -3.42503 0
3.03051 -3.54147 0
2.93659 -3.49958 0
3.05058 -3.42503 0
2.93659 -3.49958 0
3.05058 -3.42503 0
3.14449 -3.46693 0
3.03051 -3.54147 0
3.14449 -3.46693 0
3.39254 -3.20138 0
3.48645 -3.24328 0
3.37247 -3.31783 0
3.48645 -3.24328 0
3.37247 -3.31783 0
3.46638 -3.35973 0
3.3524 -3.43428 0
3.46638 -3.35973 0
3.48645 -3.24328 0
3.58037 -3.28518 0
3.46638 -3.35973 0
3.58037 -3.28518 0
3.46638 -3.35973 0
3.37247 -3.31783 0
3.48645 -3.24328 0
3.37247 -3.31783 0
3.3524 -3.43428 0
3.25848 -3.39238 0
3.37247 -3.31783 0
3.25848 -3.39238 0
3.37247 -3.31783 0
3.27855 -3.27593 0
3.39254 -3.20138 0
3.27855 -3.27593 0
3.25848 -3.39238 0
3.16456 -3.35048 0
3.27855 -3.27593 0
3.16456 -3.35048 0
3.27855 -3.27593 0
3.37247 -3.31783 0
3.25848 -3.39238 0
3.37247 -3.31783 0
3.16456 -3.35048 0
3.07065 -3.30858 0
3.18463 -3.23403 0
3.07065 -3.30858 0
3.18463 -3.23403 0
3.09071 -3.19213 0
3.2047 -3.11759 0
3.09071 -3.19213 0
3.07065 -3.30858 0
2.97673 -3.26668 0
3.09071 -3.19213 0
2.97673 -3.26668 0
3.09071 -3.19213 0
3.18463 -3.23403 0
3.07065 -3.30858 0
3.18463 -3.23403 0
3.2047 -3.11759 0
3.29862 -3.15949 0
3.18463 -3.23403 0
3.29862 -3.15949 0
3.18463 -3.23403 0
3.27855 -3.27593 0
3.16456 -3.35048 0
3.27855 -3.27593 0
3.29862 -3.15949 0
3.39254 -3.20138 0
3.27855 -3.27593 0
3.39254 -3.20138 0
3.27855 -3.27593 0
3.18463 -3.23403 0
3.29862 -3.15949 0
3.18463 -3.23403 0
2.89645 -3.73247 0
3.01044 -3.65792 0
3.07272 -3.73976 0
3.01044 -3.65792 0
3.07272 -3.73976 0
3.18671 -3.66521 0
3.24899 -3.74705 0
3.18671 -3.66521 0
3.01044 -3.65792 0
3.12443 -3.58337 0
3.18671 -3.66521 0
3.12443 -3.58337 0
3.18671 -3.66521 0
3.07272 -3.73976 0
3.01044 -3.65792 0
3.07272 -3.73976 0
3.24899 -3.74705 0
3.36297 -3.6725 0
3.42525 -3.75434 0
3.36297 -3.6725 0
3.42525 -3.75434 0
3.53924 -3.67979 0
3.60152 -3.76162 0
3.53924 -3.67979 0
3.36297 -3.6725 0
3.47696 -3.59795 0
3.53924 -3.67979 0
3.47696 -3.59795 0
3.53924 -3.67979 0
3.42525 -3.75434 0
3.36297 -3.6725 0
3.42525 -3.75434 0
3.12443 -3.58337 0
3.23841 -3.50883 0
3.30069 -3.59066 0
3.23841 -3.50883 0
3.30069 -3.59066 0
3.41468 -3.51611 0
3.47696 -3.59795 0
3.41468 -3.51611 0
3.23841 -3.50883 0
3.3524 -3.43428 0
3.41468 -3.51611 0
3.3524 -3.43428 0
3.41468 -3.51611 0
3.30069 -3.59066 0
3.23841 -3.50883 0
3.30069 -3.59066 0
3.47696 -3.59795 0
3.36297 -3.6725 0
3.30069 -3.59066 0
3.36297 -3.6725 0
3.30069 -3.59066 0
3.18671 -3.66521 0
3.12443 -3.58337 0
3.18671 -3.66521 0
3.36297 -3.6725 0
3.24899 -3.74705 0
3.18671 -3.66521 0
3.24899 -3.74705 0
3.18671 -3.66521 0
3.30069 -3.59066 0
3.36297 -3.6725 0
3.30069 -3.59066 0
3.60152 -3.76162 0
3.7155 -3.68708 0
3.77778 -3.76891 0
3.7155 -3.68708 0
3.77778 -3.76891 0
3.89177 -3.69437 0
3.95405 -3.7762 0
3.89177 -3.69437 0
3.7155 -3.68708 0
3.82949 -3.61253 0
3.89177 -3.69437 0
3.82949 -3.61253 0
3.89177 -3.69437 0
3.77778 -3.76891 0
3.7155 -3.68708 0
3.77778 -3.76891 0
3.95405 -3.7762 0
4.06804 -3.70165 0
4.13032 -3.78349 0
4.06804 -3.70165 0
4.13032 -3.78349 0
4.2443 -3.70894 0
4.30658 -3.79078 0
4.2443 -3.70894 0
4.06804 -3.70165 0
4.18202 -3.62711 0
4.2443 -3.70894 0
4.18202 -3.62711 0
4.2443 -3.70894 0
4.13032 -3.78349 0
4.06804 -3.70165 0
4.13032 -3.78349 0
4.18202 -3.62711 0
4.06804 -3.70165 0
4.00576 -3.61982 0
4.06804 -3.70165 0
4.00576 -3.61982 0
3.89177 -3.69437 0
3.82949 -3.61253 0
3.89177 -3.69437 0
4.06804 -3.70165 0
3.95405 -3.7762 0
3.89177 -3.69437 0
3.95405 -3.7762 0
3.89177 -3.69437 0
4.00576 -3.61982 0
4.06804 -3.70165 0
4.00576 -3.61982 0
3.3524 -3.43428 0
3.46638 -3.35973 0
3.52866 -3.44157 0
3.46638 -3.35973 0
3.52866 -3.44157 0
3.64265 -3.36702 0
3.70493 -3.44886 0
3.64265 -3.36702 0
3.46638 -3.35973 0
3.58037 -3.28518 0
3.64265 -3.36702 0
3.58037 -3.28518 0
3.64265 -3.36702 0
3.52866 -3.44157 0
3.46638 -3.35973 0
3.52866 -3.44157 0
3.70493 -3.44886 0
3.59094 -3.5234 0
3.52866 -3.44157 0
3.59094 -3.5234 0
3.52866 -3.44157 0
3.41468 -3.51611 0
3.3524 -3.43428 0
3.41468 -3.51611 0
3.59094 -3.5234 0
3.47696 -3.59795 0
3.41468 -3.51611 0
3.47696 -3.59795 0
3.41468 -3.51611 0
3.52866 -3.44157 0
3.59094 -3.5234 0
3.52866 -3.44157 0
3.82949 -3.61253 0
3.7155 -3.68708 0
3.65322 -3.60524 0
3.7155 -3.68708 0
3.65322 -3.60524 0
3.53924 -3.67979 0
3.47696 -3.59795 0
3.53924 -3.67979 0
3.7155 -3.68708 0
3.60152 -3.76162 0
3.53924 -3.67979 0
3.60152 -3.76162 0
3.53924 -3.67979 0
3.65322 -3.60524 0
3.7155 -3.68708 0
3.65322 -3.60524 0
3.47696 -3.59795 0
3.59094 -3.5234 0
3.65322 -3.60524 0
3.59094 -3.5234 0
3.65322 -3.60524 0
3.76721 -3.53069 0
3.82949 -3.61253 0
3.76721 -3.53069 0
3.59094 -3.5234 0
3.70493 -3.44886 0
3.76721 -3.53069 0
3.70493 -3.44886 0
3.76721 -3.53069 0
3.65322 -3.60524 0
3.59094 -3.5234 0
3.65322 -3.60524 0
6.59317 -6.23434 0
6.4728 -6.16231 0
6.57798 -6.08514 0
6.4728 -6.16231 0
6.57798 -6.08514 0
6.45761 -6.01312 0
6.56279 -5.93595 0
6.45761 -6.01312 0
6.4728 -6.16231 0
6.35243 -6.09029 0
6.45761 -6.01312 0
6.35243 -6.09029 0
6.45761 -6.01312 0
6.57798 -6.08514 0
6.4728 -6.16231 0
6.57798 -6.08514 0
6.56279 -5.93595 0
6.44242 -5.86392 0
6.5476 -5.78675 0
6.44242 -5.86392 0
6.5476 -5.78675 0
6.42723 -5.71473 0
6.53241 -5.63756 0
6.42723 -5.71473 0
6.44242 -5.86392 0
6.32205 -5.7919 0
6.42723 -5.71473 0
6.32205 -5.7919 0
6.42723 -5.71473 0
6.5476 -5.78675 0
6.44242 -5.86392 0
6.5476 -5.78675 0
6.35243 -6.09029 0
6.23207 -6.01827 0
6.33724 -5.9411 0
6.23207 -6.01827 0
6.33724 -5.9411 0
6.21688 -5.86908 0
6.32205 -5.7919 0
6.21688 -5.86908 0
6.23207 -6.01827 0
6.1117 -5.94625 0
6.21688 -5.86908 0
6.1117 -5.94625 0
6.21688 -5.86908 0
6.33724 -5.9411 0
6.23207 -6.01827 0
6.33724 -5.9411 0
6.32205 -5.7919 0
6.44242 -5.86392 0
6.33724 -5.9411 0
6.44242 -5.86392 0
6.33724 -5.9411 0
6.45761 -6.01312 0
6.35243 -6.09029 0
6.45761 -6.01312 0
6.44242 -5.86392 0
6.56279 -5.93595 0
6.45761 -6.01312 0
6.56279 -5.93595 0
6.45761 -6.01312 0
6.33724 -5.9411 0
6.44242 -5.86392 0
6.33724 -5.9411 0
6.53241 -5.63756 0
6.41204 -5.56554 0
6.51722 -5.48836 0
6.41204 -5.56554 0
6.51722 -5.48836 0
6.39685 -5.41634 0
6.50203 -5.33917 0
6.39685 -5.41634 0
6.41204 -5.56554 0
6.29167 -5.49351 0
6.39685 -5.41634 0
6.29167 -5.49351 0
6.39685 -5.41634 0
6.51722 -5.48836 0
6.41204 -5.56554 0
6.51722 -5.48836 0
6.50203 -5.33917 0
6.38166 -5.26715 0
6.48684 -5.18997 0
6.38166 -5.26715 0
6.48684 -5.18997 0
6.36647 -5.11795 0
6.47165 -5.04078 0
6.36647 -5.11795 0
6.38166 -5.26715 0
6.26129 -5.19513 0
6.36647 -5.11795 0
6.26129 -5.19513 0
6.36647 -5.11795 0
6.48684 -5.18997 0
6.38166 -5.26715 0
6.48684 -5.18997 0
6.29167 -5.49351 0
6.17131 -5.42149 0
6.27648 -5.34432 0
6.17131 -5.42149 0
6.27648 -5.34432 0
6.15612 -5.2723 0
6.26129 -5.19513 0
6.15612 -5.2723 0
6.17131 -5.42149 0
6.05094 -5.34947 0
6.15612 -5.2723 0
6.05094 -5.34947 0
6.15612 -5.2723 0
6.27648 -5.34432 0
6.17131 -5.42149 0
6.27648 -5.34432 0
6.26129 -5.19513 0
6.38166 -5.26715 0
6.27648 -5.34432 0
6.38166 -5.26715 0
6.27648 -5.34432 0
6.39685 -5.41634 0
6.29167 -5.49351 0
6.39685 -5.41634 0
6.38166 -5.26715 0
6.50203 -5.33917 0
6.39685 -5.41634 0
6.50203 -5.33917 0
6.39685 -5.41634 0
6.27648 -5.34432 0
6.38166 -5.26715 0
6.27648 -5.34432 0
6.1117 -5.94625 0
5.99134 -5.87423 0
6.09651 -5.79705 0
5.99134 -5.87423 0
6.09651 -5.79705 0
5.97615 -5.72503 0
6.08132 -5.64786 0
5.97615 -5.72503 0
5.99134 -5.87423 0
5.87097 -5.80221 0
5.97615 -5.72503 0
5.87097 -5.80221 0
5.97615 -5.72503 0
6.09651 -5.79705 0
5.99134 -5.87423 0
6.09651 -5.79705 0
6.08132 -5.64786 0
5.96096 -5.57584 0
6.06613 -5.49867 0
5.96096 -5.57584 0
6.06613 -5.49867 0
5.94577 -5.42664 0
6.05094 -5.34947 0
5.94577 -5.42664 0
5.96096 -5.57584 0
5.84059 -5.50382 0
5.94577 -5.42664 0
5.84059 -5.50382 0
5.94577 -5.42664 0
6.06613 -5.49867 0
5.96096 -5.57584 0
6.06613 -5.49867 0
5.87097 -5.80221 0
5.7506 -5.73018 0
5.85578 -5.65301 0
5.7506 -5.73018 0
5.85578 -5.65301 0
5.73541 -5.58099 0
5.84059 -5.50382 0
5.73541 -5.58099 0
5.7506 -5.73018 0
5.63024 -5.65816 0
5.73541 -5.58099 0
5.63024 -5.65816 0
5.73541 -5.58099 0
5.85578 -5.65301 0
5.7506 -5.73018 0
5.85578 -5.65301 0
5.84059 -5.50382 0
5.96096 -5.57584 0
5.85578 -5.65301 0
5.96096 -5.57584 0
5.85578 -5.65301 0
5.97615 -5.72503 0
5.87097 -5.80221 0
5.97615 -5.72503 0
5.96096 -5.57584 0
6.08132 -5.64786 0
5.97615 -5.72503 0
6.08132 -5.64786 0
5.97615 -5.72503 0
5.85578 -5.65301 0
5.96096 -5.57584 0
5.85578 -5.65301 0
6.05094 -5.34947 0
6.17131 -5.42149 0
6.06613 -5.49867 0
6.17131 -5.42149 0
6.06613 -5.49867 0
6.1865 -5.57069 0
6.08132 -5.64786 0
6.1865 -5.57069 0
6.17131 -5.42149 0
6.29167 -5.49351 0
6.1865 -5.57069 0
6.29167 -5.49351 0
6.1865 -5.57069 0
6.06613 -5.49867 0
6.17131 -5.42149 0
6.06613 -5.49867 0
6.08132 -5.64786 0
6.20169 -5.71988 0
6.09651 -5.79705 0
6.20169 -5.71988 0
6.09651 -5.79705 0
6.21688 -5.86908 0
6.1117 -5.94625 0
6.21688 -5.86908 0
6.20169 -5.71988 0
6.32205 -5.7919 0
6.21688 -5.86908 0
6.32205 -5.7919 0
6.21688 -5.86908 0
6.09651 -5.79705 0
6.20169 -5.71988 0
6.09651 -5.79705 0
6.29167 -5.49351 0
6.41204 -5.56554 0
6.30686 -5.64271 0
6.41204 -5.56554 0
6.30686 -5.64271 0
6.42723 -5.71473 0
6.32205 -5.7919 0
6.42723 -5.71473 0
6.41204 -5.56554 0
6.53241 -5.63756 0
6.42723 -5.71473 0
6.53241 -5.63756 0
6.42723 -5.71473 0
6.30686 -5.64271 0
6.41204 -5.56554 0
6.30686 -5.64271 0
6.32205 -5.7919 0
6.20169 -5.71988 0
6.30686 -5.64271 0
6.20169 -5.71988 0
6.30686 -5.64271 0
6.1865 -5.57069 0
6.29167 -5.49351 0
6.1865 -5.57069 0
6.20169 -5.71988 0
6.08132 -5.64786 0
6.1865 -5.57069 0
6.08132 -5.64786 0
6.1865 -5.57069 0
6.30686 -5.64271 0
6.20169 -5.71988 0
6.30686 -5.64271 0
6.43905 -6.49165 0
6.39574 -6.29097 0
6.51611 -6.36299 0
6.39574 -6.29097 0
6.51611 -6.36299 0
6.4728 -6.16231 0
6.59317 -6.23434 0
6.4728 -6.16231 0
6.39574 -6.29097 0
6.35243 -6.09029 0
6.4728 -6.16231 0
6.35243 -6.09029 0
6.4728 -6.16231 0
6.51611 -6.36299 0
6.39574 -6.29097 0
6.51611 -6.36299 0
6.19832 -6.3476 0
6.15501 -6.14693 0
6.27538 -6.21895 0
6.15501 -6.14693 0
6.27538 -6.21895 0
6.23207 -6.01827 0
6.35243 -6.09029 0
6.23207 -6.01827 0
6.15501 -6.14693 0
6.1117 -5.94625 0
6.23207 -6.01827 0
6.1117 -5.94625 0
6.23207 -6.01827 0
6.27538 -6.21895 0
6.15501 -6.14693 0
6.27538 -6.21895 0
6.35243 -6.09029 0
6.39574 -6.29097 0
6.27538 -6.21895 0
6.39574 -6.29097 0
6.27538 -6.21895 0
6.31869 -6.41962 0
6.19832 -6.3476 0
6.31869 -6.41962 0
6.39574 -6.29097 0
6.43905 -6.49165 0
6.31869 -6.41962 0
6.43905 -6.49165 0
6.31869 -6.41962 0
6.27538 -6.21895 0
6.39574 -6.29097 0
6.27538 -6.21895 0
5.95759 -6.20356 0
5.91428 -6.00288 0
6.03465 -6.0749 0
5.91428 -6.00288 0
6.03465 -6.0749 0
5.99134 -5.87423 0
6.1117 -5.94625 0
5.99134 -5.87423 0
5.91428 -6.00288 0
5.87097 -5.80221 0
5.99134 -5.87423 0
5.87097 -5.80221 0
5.99134 -5.87423 0
6.03465 -6.0749 0
5.91428 -6.00288 0
6.03465 -6.0749 0
5.71686 -6.05952 0
5.67355 -5.85884 0
5.79391 -5.93086 0
5.67355 -5.85884 0
5.79391 -5.93086 0
5.7506 -5.73018 0
5.87097 -5.80221 0
5.7506 -5.73018 0
5.67355 -5.85884 0
5.63024 -5.65816 0
5.7506 -5.73018 0
5.63024 -5.65816 0
5.7506 -5.73018 0
5.79391 -5.93086 0
5.67355 -5.85884 0
5.79391 -5.93086 0
5.87097 -5.80221 0
5.91428 -6.00288 0
5.79391 -5.93086 0
5.91428 -6.00288 0
5.79391 -5.93086 0
5.83722 -6.13154 0
5.71686 -6.05952 0
5.83722 -6.13154 0
5.91428 -6.00288 0
5.95759 -6.20356 0
5.83722 -6.13154 0
5.95759 -6.20356 0
5.83722 -6.13154 0
5.79391 -5.93086 0
5.91428 -6.00288 0
5.79391 -5.93086 0
6.1117 -5.94625 0
6.15501 -6.14693 0
6.03465 -6.0749 0
6.15501 -6.14693 0
6.03465 -6.0749 0
6.07796 -6.27558 0
5.95759 -6.20356 0
6.07796 -6.27558 0
6.15501 -6.14693 0
6.19832 -6.3476 0
6.07796 -6.27558 0
6.19832 -6.3476 0
6.07796 -6.27558 0
6.03465 -6.0749 0
6.15501 -6.14693 0
6.03465 -6.0749 0
5.41142 -5.80025 0
5.52083 -5.72921 0
5.56414 -5.92988 0
5.52083 -5.72921 0
5.56414 -5.92988 0
5.67355 -5.85884 0
5.71686 -6.05952 0
5.67355 -5.85884 0
5.52083 -5.72921 0
5.63024 -5.65816 0
5.67355 -5.85884 0
5.63024 -5.65816 0
5.67355 -5.85884 0
5.56414 -5.92988 0
5.52083 -5.72921 0
5.56414 -5.92988 0
5.71686 -6.05952 0
5.60745 -6.13056 0
5.56414 -5.92988 0
5.60745 -6.13056 0
5.56414 -5.92988 0
5.45473 -6.00093 0
5.41142 -5.80025 0
5.45473 -6.00093 0
5.60745 -6.13056 0
5.49804 -6.2016 0
5.45473 -6.00093 0
5.49804 -6.2016 0
5.45473 -6.00093 0
5.56414 -5.92988 0
5.60745 -6.13056 0
5.56414 -5.92988 0
5.22774 -4.69529 0
5.27805 -4.81565 0
5.16864 -4.88669 0
5.27805 -4.81565 0
5.16864 -4.88669 0
5.21896 -5.00705 0
5.10955 -5.0781 0
5.21896 -5.00705 0
5.27805 -4.81565 0
5.32836 -4.93601 0
5.21896 -5.00705 0
5.32836 -4.93601 0
5.21896 -5.00705 0
5.16864 -4.88669 0
5.27805 -4.81565 0
5.16864 -4.88669 0
5.10955 -5.0781 0
5.15986 -5.19846 0
5.05045 -5.2695 0
5.15986 -5.19846 0
5.05045 -5.2695 0
5.10076 -5.38986 0
4.99135 -5.4609 0
5.10076 -5.38986 0
5.15986 -5.19846 0
5.21017 -5.31881 0
5.10076 -5.38986 0
5.21017 -5.31881 0
5.10076 -5.38986 0
5.05045 -5.2695 0
5.15986 -5.19846 0
5.05045 -5.2695 0
5.32836 -4.93601 0
5.37868 -5.05637 0
5.26927 -5.12741 0
5.37868 -5.05637 0
5.26927 -5.12741 0
5.31958 -5.24777 0
5.21017 -5.31881 0
5.31958 -5.24777 0
5.37868 -5.05637 0
5.42899 -5.17673 0
5.31958 -5.24777 0
5.42899 -5.17673 0
5.31958 -5.24777 0
5.26927 -5.12741 0
5.37868 -5.05637 0
5.26927 -5.12741 0
5.21017 -5.31881 0
5.15986 -5.19846 0
5.26927 -5.12741 0
5.15986 -5.19846 0
5.26927 -5.12741 0
5.21896 -5.00705 0
5.32836 -4.93601 0
5.21896 -5.00705 0
5.15986 -5.19846 0
5.10955 -5.0781 0
5.21896 -5.00705 0
5.10955 -5.0781 0
5.21896 -5.00705 0
5.26927 -5.12741 0
5.15986 -5.19846 0
5.26927 -5.12741 0
4.99135 -5.4609 0
5.04166 -5.58126 0
4.93226 -5.65231 0
5.04166 -5.58126 0
4.93226 -5.65231 0
4.98257 -5.77267 0
4.87316 -5.84371 0
4.98257 -5.77267 0
5.04166 -5.58126 0
5.09198 -5.70162 0
4.98257 -5.77267 0
5.09198 -5.70162 0
4.98257 -5.77267 0
4.93226 -5.65231 0
5.04166 -5.58126 0
4.93226 -5.65231 0
4.97378 -6.08443 0
4.92347 -5.96407 0
5.03288 -5.89303 0
4.92347 -5.96407 0
5.03288 -5.89303 0
4.98257 -5.77267 0
5.09198 -5.70162 0
4.98257 -5.77267 0
4.92347 -5.96407 0
4.87316 -5.84371 0
4.98257 -5.77267 0
4.87316 -5.84371 0
4.98257 -5.77267 0
5.03288 -5.89303 0
4.92347 -5.96407 0
5.03288 -5.89303 0
5.42899 -5.17673 0
5.4793 -5.29708 0
5.36989 -5.36813 0
5.4793 -5.29708 0
5.36989 -5.36813 0
5.4202 -5.48849 0
5.3108 -5.55953 0
5.4202 -5.48849 0
5.4793 -5.29708 0
5.52961 -5.41744 0
5.4202 -5.48849 0
5.52961 -5.41744 0
5.4202 -5.48849 0
5.36989 -5.36813 0
5.4793 -5.29708 0
5.36989 -5.36813 0
5.3108 -5.55953 0
5.36111 -5.67989 0
5.2517 -5.75094 0
5.36111 -5.67989 0
5.2517 -5.75094 0
5.30201 -5.8713 0
5.1926 -5.94234 0
5.30201 -5.8713 0
5.36111 -5.67989 0
5.41142 -5.80025 0
5.30201 -5.8713 0
5.41142 -5.80025 0
5.30201 -5.8713 0
5.2517 -5.75094 0
5.36111 -5.67989 0
5.2517 -5.75094 0
5.52961 -5.41744 0
5.57993 -5.5378 0
5.47052 -5.60885 0
5.57993 -5.5378 0
5.47052 -5.60885 0
5.52083 -5.72921 0
5.41142 -5.80025 0
5.52083 -5.72921 0
5.57993 -5.5378 0
5.63024 -5.65816 0
5.52083 -5.72921 0
5.63024 -5.65816 0
5.52083 -5.72921 0
5.47052 -5.60885 0
5.57993 -5.5378 0
5.47052 -5.60885 0
5.41142 -5.80025 0
5.36111 -5.67989 0
5.47052 -5.60885 0
5.36111 -5.67989 0
5.47052 -5.60885 0
5.4202 -5.48849 0
5.52961 -5.41744 0
5.4202 -5.48849 0
5.36111 -5.67989 0
5.3108 -5.55953 0
5.4202 -5.48849 0
5.3108 -5.55953 0
5.4202 -5.48849 0
5.47052 -5.60885 0
5.36111 -5.67989 0
5.47052 -5.60885 0
5.1926 -5.94234 0
5.14229 -5.82198 0
5.2517 -5.75094 0
5.14229 -5.82198 0
5.2517 -5.75094 0
5.20139 -5.63058 0
5.3108 -5.55953 0
5.20139 -5.63058 0
5.14229 -5.82198 0
5.09198 -5.70162 0
5.20139 -5.63058 0
5.09198 -5.70162 0
5.20139 -5.63058 0
5.2517 -5.75094 0
5.14229 -5.82198 0
5.2517 -5.75094 0
5.3108 -5.55953 0
5.26048 -5.43917 0
5.36989 -5.36813 0
5.26048 -5.43917 0
5.36989 -5.36813 0
5.31958 -5.24777 0
5.42899 -5.17673 0
5.31958 -5.24777 0
5.26048 -5.43917 0
5.21017 -5.31881 0
5.31958 -5.24777 0
5.21017 -5.31881 0
5.31958 -5.24777 0
5.36989 -5.36813 0
5.26048 -5.43917 0
5.36989 -5.36813 0
5.09198 -5.70162 0
5.04166 -5.58126 0
5.15107 -5.51022 0
5.04166 -5.58126 0
5.15107 -5.51022 0
5.10076 -5.38986 0
5.21017 -5.31881 0
5.10076 -5.38986 0
5.04166 -5.58126 0
4.99135 -5.4609 0
5.10076 -5.38986 0
4.99135 -5.4609 0
5.10076 -5.38986 0
5.15107 -5.51022 0
5.04166 -5.58126 0
5.15107 -5.51022 0
5.21017 -5.31881 0
5.26048 -5.43917 0
5.15107 -5.51022 0
5.26048 -5.43917 0
5.15107 -5.51022 0
5.20139 -5.63058 0
5.09198 -5.70162 0
5.20139 -5.63058 0
5.26048 -5.43917 0
5.3108 -5.55953 0
5.20139 -5.63058 0
5.3108 -5.55953 0
5.20139 -5.63058 0
5.15107 -5.51022 0
5.26048 -5.43917 0
5.15107 -5.51022 0
8.25883 -5.95231 0
8.24135 -5.79421 0
8.309 -5.83327 0
8.24135 -5.79421 0
8.309 -5.83327 0
8.29152 -5.67517 0
8.35918 -5.71423 0
8.29152 -5.67517 0
8.24135 -5.79421 0
8.22387 -5.63611 0
8.29152 -5.67517 0
8.22387 -5.63611 0
8.29152 -5.67517 0
8.309 -5.83327 0
8.24135 -5.79421 0
8.309 -5.83327 0
8.35918 -5.71423 0
8.3417 -5.55613 0
8.40936 -5.59519 0
8.3417 -5.55613 0
8.40936 -5.59519 0
8.39188 -5.43709 0
8.45954 -5.47615 0
8.39188 -5.43709 0
8.3417 -5.55613 0
8.32422 -5.39803 0
8.39188 -5.43709 0
8.32422 -5.39803 0
8.39188 -5.43709 0
8.40936 -5.59519 0
8.3417 -5.55613 0
8.40936 -5.59519 0
8.22387 -5.63611 0
8.20639 -5.47801 0
8.27405 -5.51707 0
8.20639 -5.47801 0
8.27405 -5.51707 0
8.25657 -5.35897 0
8.32422 -5.39803 0
8.25657 -5.35897 0
8.20639 -5.47801 0
8.18891 -5.3199 0
8.25657 -5.35897 0
8.18891 -5.3199 0
8.25657 -5.35897 0
8.27405 -5.51707 0
8.20639 -5.47801 0
8.27405 -5.51707 0
8.32422 -5.39803 0
8.3417 -5.55613 0
8.27405 -5.51707 0
8.3417 -5.55613 0
8.27405 -5.51707 0
8.29152 -5.67517 0
8.22387 -5.63611 0
8.29152 -5.67517 0
8.3417 -5.55613 0
8.35918 -5.71423 0
8.29152 -5.67517 0
8.35918 -5.71423 0
8.29152 -5.67517 0
8.27405 -5.51707 0
8.3417 -5.55613 0
8.27405 -5.51707 0
8.45954 -5.47615 0
8.44206 -5.31805 0
8.50972 -5.35712 0
8.44206 -5.31805 0
8.50972 -5.35712 0
8.49224 -5.19901 0
8.5599 -5.23808 0
8.49224 -5.19901 0
8.44206 -5.31805 0
8.42458 -5.15995 0
8.49224 -5.19901 0
8.42458 -5.15995 0
8.49224 -5.19901 0
8.50972 -5.35712 0
8.44206 -5.31805 0
8.50972 -5.35712 0
8.5599 -5.23808 0
8.54242 -5.07998 0
8.61008 -5.11904 0
8.54242 -5.07998 0
8.61008 -5.11904 0
8.5926 -4.96094 0
8.66025 -5 0
8.5926 -4.96094 0
8.54242 -5.07998 0
8.52494 -4.92188 0
8.5926 -4.96094 0
8.52494 -4.92188 0
8.5926 -4.96094 0
8.61008 -5.11904 0
8.54242 -5.07998 0
8.61008 -5.11904 0
8.42458 -5.15995 0
8.4071 -5.00185 0
8.47476 -5.04091 0
8.4071 -5.00185 0
8.47476 -5.04091 0
8.45728 -4.88281 0
8.52494 -4.92188 0
8.45728 -4.88281 0
8.4071 -5.00185 0
8.38962 -4.84375 0
8.45728 -4.88281 0
8.38962 -4.84375 0
8.45728 -4.88281 0
8.47476 -5.04091 0
8.4071 -5.00185 0
8.47476 -5.04091 0
8.52494 -4.92188 0
8.54242 -5.07998 0
8.47476 -5.04091 0
8.54242 -5.07998 0
8.47476 -5.04091 0
8.49224 -5.19901 0
8.42458 -5.15995 0
8.49224 -5.19901 0
8.54242 -5.07998 0
8.5599 -5.23808 0
8.49224 -5.19901 0
8.5599 -5.23808 0
8.49224 -5.19901 0
8.47476 -5.04091 0
8.54242 -5.07998 0
8.47476 -5.04091 0
8.18891 -5.3199 0
8.17143 -5.1618 0
8.23909 -5.20087 0
8.17143 -5.1618 0
8.23909 -5.20087 0
8.22161 -5.04276 0
8.28926 -5.08183 0
8.22161 -5.04276 0
8.17143 -5.1618 0
8.15395 -5.0037 0
8.22161 -5.04276 0
8.15395 -5.0037 0
8.22161 -5.04276 0
8.23909 -5.20087 0
8.17143 -5.1618 0
8.23909 -5.20087 0
8.28926 -5.08183 0
8.27178 -4.92373 0
8.33944 -4.96279 0
8.27178 -4.92373 0
8.33944 -4.96279 0
8.32196 -4.80469 0
8.38962 -4.84375 0
8.32196 -4.80469 0
8.27178 -4.92373 0
8.2543 -4.76563 0
8.32196 -4.80469 0
8.2543 -4.76563 0
8.32196 -4.80469 0
8.33944 -4.96279 0
8.27178 -4.92373 0
8.33944 -4.96279 0
8.15395 -5.0037 0
8.13647 -4.8456 0
8.20413 -4.88466 0
8.13647 -4.8456 0
8.20413 -4.88466 0
8.18665 -4.72656 0
8.2543 -4.76563 0
8.18665 -4.72656 0
8.13647 -4.8456 0
8.11899 -4.6875 0
8.18665 -4.72656 0
8.11899 -4.6875 0
8.18665 -4.72656 0
8.20413 -4.88466 0
8.13647 -4.8456 0
8.20413 -4.88466 0
8.2543 -4.76563 0
8.27178 -4.92373 0
8.20413 -4.88466 0
8.27178 -4.92373 0
8.20413 -4.88466 0
8.22161 -5.04276 0
8.15395 -5.0037 0
8.22161 -5.04276 0
8.27178 -4.92373 0
8.28926 -5.08183 0
8.22161 -5.04276 0
8.28926 -5.08183 0
8.22161 -5.04276 0
8.20413 -4.88466 0
8.27178 -4.92373 0
8.20413 -4.88466 0
8.38962 -4.84375 0
8.4071 -5.00185 0
8.33944 -4.96279 0
8.4071 -5.00185 0
8.33944 -4.96279 0
8.35692 -5.12089 0
8.28926 -5.08183 0
8.35692 -5.12089 0
8.4071 -5.00185 0
8.42458 -5.15995 0
8.35692 -5.12089 0
8.42458 -5.15995 0
8.35692 -5.12089 0
8.33944 -4.96279 0
8.4071 -5.00185 0
8.33944 -4.96279 0
8.28926 -5.08183 0
8.30674 -5.23993 0
8.23909 -5.20087 0
8.30674 -5.23993 0
8.23909 -5.20087 0
8.25657 -5.35897 0
8.18891 -5.3199 0
8.25657 -5.35897 0
8.30674 -5.23993 0
8.32422 -5.39803 0
8.25657 -5.35897 0
8.32422 -5.39803 0
8.25657 -5.35897 0
8.23909 -5.20087 0
8.30674 -5.23993 0
8.23909 -5.20087 0
8.42458 -5.15995 0
8.44206 -5.31805 0
8.3744 -5.27899 0
8.44206 -5.31805 0
8.3744 -5.27899 0
8.39188 -5.43709 0
8.32422 -5.39803 0
8.39188 -5.43709 0
8.44206 -5.31805 0
8.45954 -5.47615 0
8.39188 -5.43709 0
8.45954 -5.47615 0
8.39188 -5.43709 0
8.3744 -5.27899 0
8.44206 -5.31805 0
8.3744 -5.27899 0
8.32422 -5.39803 0
8.30674 -5.23993 0
8.3744 -5.27899 0
8.30674 -5.23993 0
8.3744 -5.27899 0
8.35692 -5.12089 0
8.42458 -5.15995 0
8.35692 -5.12089 0
8.30674 -5.23993 0
8.28926 -5.08183 0
8.35692 -5.12089 0
8.28926 -5.08183 0
8.35692 -5.12089 0
8.3744 -5.27899 0
8.30674 -5.23993 0
8.3744 -5.27899 0
6.47165 -5.04078 0
6.57956 -5.10516 0
6.48684 -5.18997 0
6.57956 -5.10516 0
6.48684 -5.18997 0
6.59475 -5.25436 0
6.50203 -5.33917 0
6.59475 -5.25436 0
6.57956 -5.10516 0
6.68748 -5.16955 0
6.59475 -5.25436 0
6.68748 -5.16955 0
6.59475 -5.25436 0
6.48684 -5.18997 0
6.57956 -5.10516 0
6.48684 -5.18997 0
6.50203 -5.33917 0
6.60994 -5.40355 0
6.51722 -5.48836 0
6.60994 -5.40355 0
6.51722 -5.48836 0
6.62513 -5.55275 0
6.53241 -5.63756 0
6.62513 -5.55275 0
6.60994 -5.40355 0
6.71786 -5.46793 0
6.62513 -5.55275 0
6.71786 -5.46793 0
6.62513 -5.55275 0
6.51722 -5.48836 0
6.60994 -5.40355 0
6.51722 -5.48836 0
6.68748 -5.16955 0
6.7954 -5.23393 0
6.70267 -5.31874 0
6.7954 -5.23393 0
6.70267 -5.31874 0
6.81059 -5.38312 0
6.71786 -5.46793 0
6.81059 -5.38312 0
6.7954 -5.23393 0
6.90332 -5.29831 0
6.81059 -5.38312 0
6.90332 -5.29831 0
6.81059 -5.38312 0
6.70267 -5.31874 0
6.7954 -5.23393 0
6.70267 -5.31874 0
6.71786 -5.46793 0
6.60994 -5.40355 0
6.70267 -5.31874 0
6.60994 -5.40355 0
6.70267 -5.31874 0
6.59475 -5.25436 0
6.68748 -5.16955 0
6.59475 -5.25436 0
6.60994 -5.40355 0
6.50203 -5.33917 0
6.59475 -5.25436 0
6.50203 -5.33917 0
6.59475 -5.25436 0
6.70267 -5.31874 0
6.60994 -5.40355 0
6.70267 -5.31874 0
6.53241 -5.63756 0
6.64032 -5.70194 0
6.5476 -5.78675 0
6.64032 -5.70194 0
6.5476 -5.78675 0
6.65551 -5.85114 0
6.56279 -5.93595 0
6.65551 -5.85114 0
6.64032 -5.70194 0
6.74824 -5.76632 0
6.65551 -5.85114 0
6.74824 -5.76632 0
6.65551 -5.85114 0
6.5476 -5.78675 0
6.64032 -5.70194 0
6.5476 -5.78675 0
6.56279 -5.93595 0
6.6707 -6.00033 0
6.57798 -6.08514 0
6.6707 -6.00033 0
6.57798 -6.08514 0
6.68589 -6.14952 0
6.59317 -6.23434 0
6.68589 -6.14952 0
6.6707 -6.00033 0
6.77862 -6.06471 0
6.68589 -6.14952 0
6.77862 -6.06471 0
6.68589 -6.14952 0
6.57798 -6.08514 0
6.6707 -6.00033 0
6.57798 -6.08514 0
6.74824 -5.76632 0
6.85616 -5.83071 0
6.76343 -5.91552 0
6.85616 -5.83071 0
6.76343 -5.91552 0
6.87135 -5.9799 0
6.77862 -6.06471 0
6.87135 -5.9799 0
6.85616 -5.83071 0
6.96408 -5.89509 0
6.87135 -5.9799 0
6.96408 -5.89509 0
6.87135 -5.9799 0
6.76343 -5.91552 0
6.85616 -5.83071 0
6.76343 -5.91552 0
6.77862 -6.06471 0
6.6707 -6.00033 0
6.76343 -5.91552 0
6.6707 -6.00033 0
6.76343 -5.91552 0
6.65551 -5.85114 0
6.74824 -5.76632 0
6.65551 -5.85114 0
6.6707 -6.00033 0
6.56279 -5.93595 0
6.65551 -5.85114 0
6.56279 -5.93595 0
6.65551 -5.85114 0
6.76343 -5.91552 0
6.6707 -6.00033 0
6.76343 -5.91552 0
6.90332 -5.29831 0
7.01124 -5.3627 0
6.91851 -5.44751 0
7.01124 -5.3627 0
6.91851 -5.44751 0
7.02643 -5.51189 0
6.9337 -5.5967 0
7.02643 -5.51189 0
7.01124 -5.3627 0
7.11916 -5.42708 0
7.02643 -5.51189 0
7.11916 -5.42708 0
7.02643 -5.51189 0
6.91851 -5.44751 0
7.01124 -5.3627 0
6.91851 -5.44751 0
6.9337 -5.5967 0
7.04162 -5.66108 0
6.94889 -5.7459 0
7.04162 -5.66108 0
6.94889 -5.7459 0
7.05681 -5.81028 0
6.96408 -5.89509 0
7.05681 -5.81028 0
7.04162 -5.66108 0
7.14953 -5.72547 0
7.05681 -5.81028 0
7.14953 -5.72547 0
7.05681 -5.81028 0
6.94889 -5.7459 0
7.04162 -5.66108 0
6.94889 -5.7459 0
7.11916 -5.42708 0
7.22707 -5.49146 0
7.13434 -5.57627 0
7.22707 -5.49146 0
7.13434 -5.57627 0
7.24226 -5.64066 0
7.14953 -5.72547 0
7.24226 -5.64066 0
7.22707 -5.49146 0
7.33499 -5.55584 0
7.24226 -5.64066 0
7.33499 -5.55584 0
7.24226 -5.64066 0
7.13434 -5.57627 0
7.22707 -5.49146 0
7.13434 -5.57627 0
7.14953 -5.72547 0
7.04162 -5.66108 0
7.13434 -5.57627 0
7.04162 -5.66108 0
7.13434 -5.57627 0
7.02643 -5.51189 0
7.11916 -5.42708 0
7.02643 -5.51189 0
7.04162 -5.66108 0
6.9337 -5.5967 0
7.02643 -5.51189 0
6.9337 -5.5967 0
7.02643 -5.51189 0
7.13434 -5.57627 0
7.04162 -5.66108 0
7.13434 -5.57627 0
6.96408 -5.89509 0
6.85616 -5.83071 0
6.94889 -5.7459 0
6.85616 -5.83071 0
6.94889 -5.7459 0
6.84097 -5.68151 0
6.9337 -5.5967 0
6.84097 -5.68151 0
6.85616 -5.83071 0
6.74824 -5.76632 0
6.84097 -5.68151 0
6.74824 -5.76632 0
6.84097 -5.68151 0
6.94889 -5.7459 0
6.85616 -5.83071 0
6.94889 -5.7459 0
6.9337 -5.5967 0
6.82578 -5.53232 0
6.91851 -5.44751 0
6.82578 -5.53232 0
6.91851 -5.44751 0
6.81059 -5.38312 0
6.90332 -5.29831 0
6.81059 -5.38312 0
6.82578 -5.53232 0
6.71786 -5.46793 0
6.81059 -5.38312 0
6.71786 -5.46793 0
6.81059 -5.38312 0
6.91851 -5.44751 0
6.82578 -5.53232 0
6.91851 -5.44751 0
6.74824 -5.76632 0
6.64032 -5.70194 0
6.73305 -5.61713 0
6.64032 -5.70194 0
6.73305 -5.61713 0
6.62513 -5.55275 0
6.71786 -5.46793 0
6.62513 -5.55275 0
6.64032 -5.70194 0
6.53241 -5.63756 0
6.62513 -5.55275 0
6.53241 -5.63756 0
6.62513 -5.55275 0
6.73305 -5.61713 0
6.64032 -5.70194 0
6.73305 -5.61713 0
6.71786 -5.46793 0
6.82578 -5.53232 0
6.73305 -5.61713 0
6.82578 -5.53232 0
6.73305 -5.61713 0
6.84097 -5.68151 0
6.74824 -5.76632 0
6.84097 -5.68151 0
6.82578 -5.53232 0
6.9337 -5.5967 0
6.84097 -5.68151 0
6.9337 -5.5967 0
6.84097 -5.68151 0
6.73305 -5.61713 0
6.82578 -5.53232 0
6.73305 -5.61713 0
6.59317 -6.23434 0
6.68589 -6.14952 0
6.72598 -6.30398 0
6.68589 -6.14952 0
6.72598 -6.30398 0
6.81871 -6.21917 0
6.85879 -6.37363 0
6.81871 -6.21917 0
6.68589 -6.14952 0
6.77862 -6.06471 0
6.81871 -6.21917 0
6.77862 -6.06471 0
6.81871 -6.21917 0
6.72598 -6.30398 0
6.68589 -6.14952 0
6.72598 -6.30398 0
6.85879 -6.37363 0
6.95152 -6.28881 0
6.9916 -6.44327 0
6.95152 -6.28881 0
6.9916 -6.44327 0
7.08433 -6.35846 0
7.12442 -6.51292 0
7.08433 -6.35846 0
6.95152 -6.28881 0
7.04425 -6.204 0
7.08433 -6.35846 0
7.04425 -6.204 0
7.08433 -6.35846 0
6.9916 -6.44327 0
6.95152 -6.28881 0
6.9916 -6.44327 0
6.77862 -6.06471 0
6.87135 -5.9799 0
6.91143 -6.13436 0
6.87135 -5.9799 0
6.91143 -6.13436 0
7.00416 -6.04955 0
7.04425 -6.204 0
7.00416 -6.04955 0
6.87135 -5.9799 0
6.96408 -5.89509 0
7.00416 -6.04955 0
6.96408 -5.89509 0
7.00416 -6.04955 0
6.91143 -6.13436 0
6.87135 -5.9799 0
6.91143 -6.13436 0
7.04425 -6.204 0
6.95152 -6.28881 0
6.91143 -6.13436 0
6.95152 -6.28881 0
6.91143 -6.13436 0
6.81871 -6.21917 0
6.77862 -6.06471 0
6.81871 -6.21917 0
6.95152 -6.28881 0
6.85879 -6.37363 0
6.81871 -6.21917 0
6.85879 -6.37363 0
6.81871 -6.21917 0
6.91143 -6.13436 0
6.95152 -6.28881 0
6.91143 -6.13436 0
7.12442 -6.51292 0
7.21714 -6.42811 0
7.25723 -6.58256 0
7.21714 -6.42811 0
7.25723 -6.58256 0
7.34996 -6.49775 0
7.39004 -6.65221 0
7.34996 -6.49775 0
7.21714 -6.42811 0
7.30987 -6.34329 0
7.34996 -6.49775 0
7.30987 -6.34329 0
7.34996 -6.49775 0
7.25723 -6.58256 0
7.21714 -6.42811 0
7.25723 -6.58256 0
7.30987 -6.34329 0
7.4026 -6.25848 0
7.44269 -6.41294 0
7.4026 -6.25848 0
7.44269 -6.41294 0
7.53541 -6.32813 0
7.5755 -6.48258 0
7.53541 -6.32813 0
7.4026 -6.25848 0
7.49533 -6.17367 0
7.53541 -6.32813 0
7.49533 -6.17367 0
7.53541 -6.32813 0
7.44269 -6.41294 0
7.4026 -6.25848 0
7.44269 -6.41294 0
7.5755 -6.48258 0
7.48277 -6.5674 0
7.44269 -6.41294 0
7.48277 -6.5674 0
7.44269 -6.41294 0
7.34996 -6.49775 0
7.30987 -6.34329 0
7.34996 -6.49775 0
7.48277 -6.5674 0
7.39004 -6.65221 0
7.34996 -6.49775 0
7.39004 -6.65221 0
7.34996 -6.49775 0
7.44269 -6.41294 0
7.48277 -6.5674 0
7.44269 -6.41294 0
6.96408 -5.89509 0
7.05681 -5.81028 0
7.09689 -5.96474 0
7.05681 -5.81028 0
7.09689 -5.96474 0
7.18962 -5.87992 0
7.2297 -6.03438 0
7.18962 -5.87992 0
7.05681 -5.81028 0
7.14953 -5.72547 0
7.18962 -5.87992 0
7.14953 -5.72547 0
7.18962 -5.87992 0
7.09689 -5.96474 0
7.05681 -5.81028 0
7.09689 -5.96474 0
7.2297 -6.03438 0
7.32243 -5.94957 0
7.36252 -6.10403 0
7.32243 -5.94957 0
7.36252 -6.10403 0
7.45524 -6.01921 0
7.49533 -6.17367 0
7.45524 -6.01921 0
7.32243 -5.94957 0
7.41516 -5.86476 0
7.45524 -6.01921 0
7.41516 -5.86476 0
7.45524 -6.01921 0
7.36252 -6.10403 0
7.32243 -5.94957 0
7.36252 -6.10403 0
7.14953 -5.72547 0
7.24226 -5.64066 0
7.28235 -5.79511 0
7.24226 -5.64066 0
7.28235 -5.79511 0
7.37508 -5.7103 0
7.41516 -5.86476 0
7.37508 -5.7103 0
7.24226 -5.64066 0
7.33499 -5.55584 0
7.37508 -5.7103 0
7.33499 -5.55584 0
7.37508 -5.7103 0
7.28235 -5.79511 0
7.24226 -5.64066 0
7.28235 -5.79511 0
7.41516 -5.86476 0
7.32243 -5.94957 0
7.28235 -5.79511 0
7.32243 -5.94957 0
7.28235 -5.79511 0
7.18962 -5.87992 0
7.14953 -5.72547 0
7.18962 -5.87992 0
7.32243 -5.94957 0
7.2297 -6.03438 0
7.18962 -5.87992 0
7.2297 -6.03438 0
7.18962 -5.87992 0
7.28235 -5.79511 0
7.32243 -5.94957 0
7.28235 -5.79511 0
7.49533 -6.17367 0
7.4026 -6.25848 0
7.36252 -6.10403 0
7.4026 -6.25848 0
7.36252 -6.10403 0
7.26979 -6.18884 0
7.2297 -6.03438 0
7.26979 -6.18884 0
7.4026 -6.25848 0
7.30987 -6.34329 0
7.26979 -6.18884 0
7.30987 -6.34329 0
7.26979 -6.18884 0
7.36252 -6.10403 0
7.4026 -6.25848 0
7.36252 -6.10403 0
7.2297 -6.03438 0
7.13698 -6.11919 0
7.09689 -5.96474 0
7.13698 -6.11919 0
7.09689 -5.96474 0
7.00416 -6.04955 0
6.96408 -5.89509 0
7.00416 -6.04955 0
7.13698 -6.11919 0
7.04425 -6.204 0
7.00416 -6.04955 0
7.04425 -6.204 0
7.00416 -6.04955 0
7.09689 -5.96474 0
7.13698 -6.11919 0
7.09689 -5.96474 0
7.30987 -6.34329 0
7.21714 -6.42811 0
7.17706 -6.27365 0
7.21714 -6.42811 0
7.17706 -6.27365 0
7.08433 -6.35846 0
7.04425 -6.204 0
7.08433 -6.35846 0
7.21714 -6.42811 0
7.12442 -6.51292 0
7.08433 -6.35846 0
7.12442 -6.51292 0
7.08433 -6.35846 0
7.17706 -6.27365 0
7.21714 -6.42811 0
7.17706 -6.27365 0
7.04425 -6.204 0
7.13698 -6.11919 0
7.17706 -6.27365 0
7.13698 -6.11919 0
7.17706 -6.27365 0
7.26979 -6.18884 0
7.30987 -6.34329 0
7.26979 -6.18884 0
7.13698 -6.11919 0
7.2297 -6.03438 0
7.26979 -6.18884 0
7.2297 -6.03438 0
7.26979 -6.18884 0
7.17706 -6.27365 0
7.13698 -6.11919 0
7.17706 -6.27365 0
7.80646 -6.5817 0
7.76637 -6.42724 0
7.88185 -6.4768 0
7.76637 -6.42724 0
7.88185 -6.4768 0
7.84177 -6.32235 0
7.95725 -6.3719 0
7.84177 -6.32235 0
7.76637 -6.42724 0
7.72629 -6.27279 0
7.84177 -6.32235 0
7.72629 -6.27279 0
7.84177 -6.32235 0
7.88185 -6.4768 0
7.76637 -6.42724 0
7.88185 -6.4768 0
7.5755 -6.48258 0
7.53541 -6.32813 0
7.65089 -6.37769 0
7.53541 -6.32813 0
7.65089 -6.37769 0
7.61081 -6.22323 0
7.72629 -6.27279 0
7.61081 -6.22323 0
7.53541 -6.32813 0
7.49533 -6.17367 0
7.61081 -6.22323 0
7.49533 -6.17367 0
7.61081 -6.22323 0
7.65089 -6.37769 0
7.53541 -6.32813 0
7.65089 -6.37769 0
7.72629 -6.27279 0
7.76637 -6.42724 0
7.65089 -6.37769 0
7.76637 -6.42724 0
7.65089 -6.37769 0
7.69098 -6.53214 0
7.5755 -6.48258 0
7.69098 -6.53214 0
7.76637 -6.42724 0
7.80646 -6.5817 0
7.69098 -6.53214 0
7.80646 -6.5817 0
7.69098 -6.53214 0
7.65089 -6.37769 0
7.76637 -6.42724 0
7.65089 -6.37769 0
7.95725 -6.3719 0
7.91716 -6.21745 0
8.03264 -6.26701 0
7.91716 -6.21745 0
8.03264 -6.26701 0
7.99256 -6.11255 0
8.10804 -6.16211 0
7.99256 -6.11255 0
7.91716 -6.21745 0
7.87708 -6.06299 0
7.99256 -6.11255 0
7.87708 -6.06299 0
7.99256 -6.11255 0
8.03264 -6.26701 0
7.91716 -6.21745 0
8.03264 -6.26701 0
8.10804 -6.16211 0
8.06795 -6.00765 0
8.18343 -6.05721 0
8.06795 -6.00765 0
8.18343 -6.05721 0
8.14335 -5.90275 0
8.25883 -5.95231 0
8.14335 -5.90275 0
8.06795 -6.00765 0
8.02787 -5.85319 0
8.14335 -5.90275 0
8.02787 -5.85319 0
8.14335 -5.90275 0
8.18343 -6.05721 0
8.06795 -6.00765 0
8.18343 -6.05721 0
7.87708 -6.06299 0
7.83699 -5.90853 0
7.95247 -5.95809 0
7.83699 -5.90853 0
7.95247 -5.95809 0
7.91239 -5.80364 0
8.02787 -5.85319 0
7.91239 -5.80364 0
7.83699 -5.90853 0
7.79691 -5.75408 0
7.91239 -5.80364 0
7.79691 -5.75408 0
7.91239 -5.80364 0
7.95247 -5.95809 0
7.83699 -5.90853 0
7.95247 -5.95809 0
8.02787 -5.85319 0
8.06795 -6.00765 0
7.95247 -5.95809 0
8.06795 -6.00765 0
7.95247 -5.95809 0
7.99256 -6.11255 0
7.87708 -6.06299 0
7.99256 -6.11255 0
8.06795 -6.00765 0
8.10804 -6.16211 0
7.99256 -6.11255 0
8.10804 -6.16211 0
7.99256 -6.11255 0
7.95247 -5.95809 0
8.06795 -6.00765 0
7.95247 -5.95809 0
7.49533 -6.17367 0
7.45524 -6.01921 0
7.57072 -6.06877 0
7.45524 -6.01921 0
7.57072 -6.06877 0
7.53064 -5.91432 0
7.64612 -5.96387 0
7.53064 -5.91432 0
7.45524 -6.01921 0
7.41516 -5.86476 0
7.53064 -5.91432 0
7.41516 -5.86476 0
7.53064 -5.91432 0
7.57072 -6.06877 0
7.45524 -6.01921 0
7.57072 -6.06877 0
7.64612 -5.96387 0
7.60603 -5.80942 0
7.72151 -5.85898 0
7.60603 -5.80942 0
7.72151 -5.85898 0
7.68143 -5.70452 0
7.79691 -5.75408 0
7.68143 -5.70452 0
7.60603 -5.80942 0
7.56595 -5.65496 0
7.68143 -5.70452 0
7.56595 -5.65496 0
7.68143 -5.70452 0
7.72151 -5.85898 0
7.60603 -5.80942 0
7.72151 -5.85898 0
7.41516 -5.86476 0
7.37508 -5.7103 0
7.49056 -5.75986 0
7.37508 -5.7103 0
7.49056 -5.75986 0
7.45047 -5.6054 0
7.56595 -5.65496 0
7.45047 -5.6054 0
7.37508 -5.7103 0
7.33499 -5.55584 0
7.45047 -5.6054 0
7.33499 -5.55584 0
7.45047 -5.6054 0
7.49056 -5.75986 0
7.37508 -5.7103 0
7.49056 -5.75986 0
7.56595 -5.65496 0
7.60603 -5.80942 0
7.49056 -5.75986 0
7.60603 -5.80942 0
7.49056 -5.75986 0
7.53064 -5.91432 0
7.41516 -5.86476 0
7.53064 -5.91432 0
7.60603 -5.80942 0
7.64612 -5.96387 0
7.53064 -5.91432 0
7.64612 -5.96387 0
7.53064 -5.91432 0
7.49056 -5.75986 0
7.60603 -5.80942 0
7.49056 -5.75986 0
7.79691 -5.75408 0
7.83699 -5.90853 0
7.72151 -5.85898 0
7.83699 -5.90853 0
7.72151 -5.85898 0
7.7616 -6.01343 0
7.64612 -5.96387 0
7.7616 -6.01343 0
7.83699 -5.90853 0
7.87708 -6.06299 0
7.7616 -6.01343 0
7.87708 -6.06299 0
7.7616 -6.01343 0
7.72151 -5.85898 0
7.83699 -5.90853 0
7.72151 -5.85898 0
7.64612 -5.96387 0
7.6862 -6.11833 0
7.57072 -6.06877 0
7.6862 -6.11833 0
7.57072 -6.06877 0
7.61081 -6.22323 0
7.49533 -6.17367 0
7.61081 -6.22323 0
7.6862 -6.11833 0
7.72629 -6.27279 0
7.61081 -6.22323 0
7.72629 -6.27279 0
7.61081 -6.22323 0
7.57072 -6.06877 0
7.6862 -6.11833 0
7.57072 -6.06877 0
7.87708 -6.06299 0
7.91716 -6.21745 0
7.80168 -6.16789 0
7.91716 -6.21745 0
7.80168 -6.16789 0
7.84177 -6.32235 0
7.72629 -6.27279 0
7.84177 -6.32235 0
7.91716 -6.21745 0
7.95725 -6.3719 0
7.84177 -6.32235 0
7.95725 -6.3719 0
7.84177 -6.32235 0
7.80168 -6.16789 0
7.91716 -6.21745 0
7.80168 -6.16789 0
7.72629 -6.27279 0
7.6862 -6.11833 0
7.80168 -6.16789 0
7.6862 -6.11833 0
7.80168 -6.16789 0
7.7616 -6.01343 0
7.87708 -6.06299 0
7.7616 -6.01343 0
7.6862 -6.11833 0
7.64612 -5.96387 0
7.7616 -6.01343 0
7.64612 -5.96387 0
7.7616 -6.01343 0
7.80168 -6.16789 0
7.6862 -6.11833 0
7.80168 -6.16789 0
8.25883 -5.95231 0
8.14335 -5.90275 0
8.24135 -5.79421 0
8.14335 -5.90275 0
8.24135 -5.79421 0
8.12587 -5.74465 0
8.22387 -5.63611 0
8.12587 -5.74465 0
8.14335 -5.90275 0
8.02787 -5.85319 0
8.12587 -5.74465 0
8.02787 -5.85319 0
8.12587 -5.74465 0
8.24135 -5.79421 0
8.14335 -5.90275 0
8.24135 -5.79421 0
8.22387 -5.63611 0
8.10839 -5.58655 0
8.20639 -5.47801 0
8.10839 -5.58655 0
8.20639 -5.47801 0
8.09091 -5.42845 0
8.18891 -5.3199 0
8.09091 -5.42845 0
8.10839 -5.58655 0
7.99291 -5.53699 0
8.09091 -5.42845 0
7.99291 -5.53699 0
8.09091 -5.42845 0
8.20639 -5.47801 0
8.10839 -5.58655 0
8.20639 -5.47801 0
8.02787 -5.85319 0
7.91239 -5.80364 0
8.01039 -5.69509 0
7.91239 -5.80364 0
8.01039 -5.69509 0
7.89491 -5.64553 0
7.99291 -5.53699 0
7.89491 -5.64553 0
7.91239 -5.80364 0
7.79691 -5.75408 0
7.89491 -5.64553 0
7.79691 -5.75408 0
7.89491 -5.64553 0
8.01039 -5.69509 0
7.91239 -5.80364 0
8.01039 -5.69509 0
7.99291 -5.53699 0
8.10839 -5.58655 0
8.01039 -5.69509 0
8.10839 -5.58655 0
8.01039 -5.69509 0
8.12587 -5.74465 0
8.02787 -5.85319 0
8.12587 -5.74465 0
8.10839 -5.58655 0
8.22387 -5.63611 0
8.12587 -5.74465 0
8.22387 -5.63611 0
8.12587 -5.74465 0
8.01039 -5.69509 0
8.10839 -5.58655 0
8.01039 -5.69509 0
8.18891 -5.3199 0
8.07343 -5.27035 0
8.17143 -5.1618 0
8.07343 -5.27035 0
8.17143 -5.1618 0
8.05595 -5.11225 0
8.15395 -5.0037 0
8.05595 -5.11225 0
8.07343 -5.27035 0
7.95795 -5.22079 0
8.05595 -5.11225 0
7.95795 -5.22079 0
8.05595 -5.11225 0
8.17143 -5.1618 0
8.07343 -5.27035 0
8.17143 -5.1618 0
8.15395 -5.0037 0
8.03847 -4.95414 0
8.13647 -4.8456 0
8.03847 -4.95414 0
8.13647 -4.8456 0
8.02099 -4.79604 0
8.11899 -4.6875 0
8.02099 -4.79604 0
8.03847 -4.95414 0
7.92299 -4.90459 0
8.02099 -4.79604 0
7.92299 -4.90459 0
8.02099 -4.79604 0
8.13647 -4.8456 0
8.03847 -4.95414 0
8.13647 -4.8456 0
7.95795 -5.22079 0
7.84247 -5.17123 0
7.94047 -5.06269 0
7.84247 -5.17123 0
7.94047 -5.06269 0
7.82499 -5.01313 0
7.92299 -4.90459 0
7.82499 -5.01313 0
7.84247 -5.17123 0
7.72699 -5.12167 0
7.82499 -5.01313 0
7.72699 -5.12167 0
7.82499 -5.01313 0
7.94047 -5.06269 0
7.84247 -5.17123 0
7.94047 -5.06269 0
7.92299 -4.90459 0
8.03847 -4.95414 0
7.94047 -5.06269 0
8.03847 -4.95414 0
7.94047 -5.06269 0
8.05595 -5.11225 0
7.95795 -5.22079 0
8.05595 -5.11225 0
8.03847 -4.95414 0
8.15395 -5.0037 0
8.05595 -5.11225 0
8.15395 -5.0037 0
8.05595 -5.11225 0
7.94047 -5.06269 0
8.03847 -4.95414 0
7.94047 -5.06269 0
7.79691 -5.75408 0
7.68143 -5.70452 0
7.77943 -5.59598 0
7.68143 -5.70452 0
7.77943 -5.59598 0
7.66395 -5.54642 0
7.76195 -5.43787 0
7.66395 -5.54642 0
7.68143 -5.70452 0
7.56595 -5.65496 0
7.66395 -5.54642 0
7.56595 -5.65496 0
7.66395 -5.54642 0
7.77943 -5.59598 0
7.68143 -5.70452 0
7.77943 -5.59598 0
7.76195 -5.43787 0
7.64647 -5.38832 0
7.74447 -5.27977 0
7.64647 -5.38832 0
7.74447 -5.27977 0
7.62899 -5.23022 0
7.72699 -5.12167 0
7.62899 -5.23022 0
7.64647 -5.38832 0
7.53099 -5.33876 0
7.62899 -5.23022 0
7.53099 -5.33876 0
7.62899 -5.23022 0
7.74447 -5.27977 0
7.64647 -5.38832 0
7.74447 -5.27977 0
7.56595 -5.65496 0
7.45047 -5.6054 0
7.54847 -5.49686 0
7.45047 -5.6054 0
7.54847 -5.49686 0
7.43299 -5.4473 0
7.53099 -5.33876 0
7.43299 -5.4473 0
7.45047 -5.6054 0
7.33499 -5.55584 0
7.43299 -5.4473 0
7.33499 -5.55584 0
7.43299 -5.4473 0
7.54847 -5.49686 0
7.45047 -5.6054 0
7.54847 -5.49686 0
7.53099 -5.33876 0
7.64647 -5.38832 0
7.54847 -5.49686 0
7.64647 -5.38832 0
7.54847 -5.49686 0
7.66395 -5.54642 0
7.56595 -5.65496 0
7.66395 -5.54642 0
7.64647 -5.38832 0
7.76195 -5.43787 0
7.66395 -5.54642 0
7.76195 -5.43787 0
7.66395 -5.54642 0
7.54847 -5.49686 0
7.64647 -5.38832 0
7.54847 -5.49686 0
7.72699 -5.12167 0
7.84247 -5.17123 0
7.74447 -5.27977 0
7.84247 -5.17123 0
7.74447 -5.27977 0
7.85995 -5.32933 0
7.76195 -5.43787 0
7.85995 -5.32933 0
7.84247 -5.17123 0
7.95795 -5.22079 0
7.85995 -5.32933 0
7.95795 -5.22079 0
7.85995 -5.32933 0
7.74447 -5.27977 0
7.84247 -5.17123 0
7.74447 -5.27977 0
7.76195 -5.43787 0
7.87743 -5.48743 0
7.77943 -5.59598 0
7.87743 -5.48743 0
7.77943 -5.59598 0
7.89491 -5.64553 0
7.79691 -5.75408 0
7.89491 -5.64553 0
7.87743 -5.48743 0
7.99291 -5.53699 0
7.89491 -5.64553 0
7.99291 -5.53699 0
7.89491 -5.64553 0
7.77943 -5.59598 0
7.87743 -5.48743 0
7.77943 -5.59598 0
7.95795 -5.22079 0
8.07343 -5.27035 0
7.97543 -5.37889 0
8.07343 -5.27035 0
7.97543 -5.37889 0
8.09091 -5.42845 0
7.99291 -5.53699 0
8.09091 -5.42845 0
8.07343 -5.27035 0
8.18891 -5.3199 0
8.09091 -5.42845 0
8.18891 -5.3199 0
8.09091 -5.42845 0
7.97543 -5.37889 0
8.07343 -5.27035 0
7.97543 -5.37889 0
7.99291 -5.53699 0
7.87743 -5.48743 0
7.97543 -5.37889 0
7.87743 -5.48743 0
7.97543 -5.37889 0
7.85995 -5.32933 0
7.95795 -5.22079 0
7.85995 -5.32933 0
7.87743 -5.48743 0
7.76195 -5.43787 0
7.85995 -5.32933 0
7.76195 -5.43787 0
7.85995 -5.32933 0
7.97543 -5.37889 0
7.87743 -5.48743 0
7.97543 -5.37889 0
8.11899 -4.6875 0
8.02099 -4.79604 0
8.05133 -4.64844 0
8.02099 -4.79604 0
8.05133 -4.64844 0
7.95333 -4.75698 0
7.98367 -4.60938 0
7.95333 -4.75698 0
8.02099 -4.79604 0
7.92299 -4.90459 0
7.95333 -4.75698 0
7.92299 -4.90459 0
7.95333 -4.75698 0
8.05133 -4.64844 0
8.02099 -4.79604 0
8.05133 -4.64844 0
7.98367 -4.60938 0
7.88567 -4.71792 0
7.91601 -4.57031 0
7.88567 -4.71792 0
7.91601 -4.57031 0
7.81801 -4.67886 0
7.84836 -4.53125 0
7.81801 -4.67886 0
7.88567 -4.71792 0
7.78767 -4.82646 0
7.81801 -4.67886 0
7.78767 -4.82646 0
7.81801 -4.67886 0
7.91601 -4.57031 0
7.88567 -4.71792 0
7.91601 -4.57031 0
7.92299 -4.90459 0
7.82499 -5.01313 0
7.85533 -4.86552 0
7.82499 -5.01313 0
7.85533 -4.86552 0
7.75733 -4.97407 0
7.78767 -4.82646 0
7.75733 -4.97407 0
7.82499 -5.01313 0
7.72699 -5.12167 0
7.75733 -4.97407 0
7.72699 -5.12167 0
7.75733 -4.97407 0
7.85533 -4.86552 0
7.82499 -5.01313 0
7.85533 -4.86552 0
7.78767 -4.82646 0
7.88567 -4.71792 0
7.85533 -4.86552 0
7.88567 -4.71792 0
7.85533 -4.86552 0
7.95333 -4.75698 0
7.92299 -4.90459 0
7.95333 -4.75698 0
7.88567 -4.71792 0
7.98367 -4.60938 0
7.95333 -4.75698 0
7.98367 -4.60938 0
7.95333 -4.75698 0
7.85533 -4.86552 0
7.88567 -4.71792 0
7.85533 -4.86552 0
7.84836 -4.53125 0
7.75036 -4.63979 0
7.7807 -4.49219 0
7.75036 -4.63979 0
7.7807 -4.49219 0
7.6827 -4.60073 0
7.71304 -4.45313 0
7.6827 -4.60073 0
7.75036 -4.63979 0
7.65236 -4.74834 0
7.6827 -4.60073 0
7.65236 -4.74834 0
7.6827 -4.60073 0
7.7807 -4.49219 0
7.75036 -4.63979 0
7.7807 -4.49219 0
7.71304 -4.45313 0
7.61504 -4.56167 0
7.64538 -4.41406 0
7.61504 -4.56167 0
7.64538 -4.41406 0
7.54738 -4.52261 0
7.57772 -4.375 0
7.54738 -4.52261 0
7.61504 -4.56167 0
7.51704 -4.67021 0
7.54738 -4.52261 0
7.51704 -4.67021 0
7.54738 -4.52261 0
7.64538 -4.41406 0
7.61504 -4.56167 0
7.64538 -4.41406 0
7.65236 -4.74834 0
7.55436 -4.85688 0
7.5847 -4.70927 0
7.55436 -4.85688 0
7.5847 -4.70927 0
7.4867 -4.81782 0
7.51704 -4.67021 0
7.4867 -4.81782 0
7.55436 -4.85688 0
7.45636 -4.96542 0
7.4867 -4.81782 0
7.45636 -4.96542 0
7.4867 -4.81782 0
7.5847 -4.70927 0
7.55436 -4.85688 0
7.5847 -4.70927 0
7.51704 -4.67021 0
7.61504 -4.56167 0
7.5847 -4.70927 0
7.61504 -4.56167 0
7.5847 -4.70927 0
7.6827 -4.60073 0
7.65236 -4.74834 0
7.6827 -4.60073 0
7.61504 -4.56167 0
7.71304 -4.45313 0
7.6827 -4.60073 0
7.71304 -4.45313 0
7.6827 -4.60073 0
7.5847 -4.70927 0
7.61504 -4.56167 0
7.5847 -4.70927 0
7.72699 -5.12167 0
7.62899 -5.23022 0
7.65933 -5.08261 0
7.62899 -5.23022 0
7.65933 -5.08261 0
7.56133 -5.19115 0
7.59167 -5.04355 0
7.56133 -5.19115 0
7.62899 -5.23022 0
7.53099 -5.33876 0
7.56133 -5.19115 0
7.53099 -5.33876 0
7.56133 -5.19115 0
7.65933 -5.08261 0
7.62899 -5.23022 0
7.65933 -5.08261 0
7.59167 -5.04355 0
7.49367 -5.15209 0
7.52402 -5.00448 0
7.49367 -5.15209 0
7.52402 -5.00448 0
7.42602 -5.11303 0
7.45636 -4.96542 0
7.42602 -5.11303 0
7.49367 -5.15209 0
7.39567 -5.26063 0
7.42602 -5.11303 0
7.39567 -5.26063 0
7.42602 -5.11303 0
7.52402 -5.00448 0
7.49367 -5.15209 0
7.52402 -5.00448 0
7.53099 -5.33876 0
7.43299 -5.4473 0
7.46333 -5.2997 0
7.43299 -5.4473 0
7.46333 -5.2997 0
7.36533 -5.40824 0
7.39567 -5.26063 0
7.36533 -5.40824 0
7.43299 -5.4473 0
7.33499 -5.55584 0
7.36533 -5.40824 0
7.33499 -5.55584 0
7.36533 -5.40824 0
7.46333 -5.2997 0
7.43299 -5.4473 0
7.46333 -5.2997 0
7.39567 -5.26063 0
7.49367 -5.15209 0
7.46333 -5.2997 0
7.49367 -5.15209 0
7.46333 -5.2997 0
7.56133 -5.19115 0
7.53099 -5.33876 0
7.56133 -5.19115 0
7.49367 -5.15209 0
7.59167 -5.04355 0
7.56133 -5.19115 0
7.59167 -5.04355 0
7.56133 -5.19115 0
7.46333 -5.2997 0
7.49367 -5.15209 0
7.46333 -5.2997 0
7.45636 -4.96542 0
7.55436 -4.85688 0
7.52402 -5.00448 0
7.55436 -4.85688 0
7.52402 -5.00448 0
7.62201 -4.89594 0
7.59167 -5.04355 0
7.62201 -4.89594 0
7.55436 -4.85688 0
7.65236 -4.74834 0
7.62201 -4.89594 0
7.65236 -4.74834 0
7.62201 -4.89594 0
7.52402 -5.00448 0
7.55436 -4.85688 0
7.52402 -5.00448 0
7.59167 -5.04355 0
7.68967 -4.935 0
7.65933 -5.08261 0
7.68967 -4.935 0
7.65933 -5.08261 0
7.75733 -4.97407 0
7.72699 -5.12167 0
7.75733 -4.97407 0
7.68967 -4.935 0
7.78767 -4.82646 0
7.75733 -4.97407 0
7.78767 -4.82646 0
7.75733 -4.97407 0
7.65933 -5.08261 0
7.68967 -4.935 0
7.65933 -5.08261 0
7.65236 -4.74834 0
7.75036 -4.63979 0
7.72001 -4.7874 0
7.75036 -4.63979 0
7.72001 -4.7874 0
7.81801 -4.67886 0
7.78767 -4.82646 0
7.81801 -4.67886 0
7.75036 -4.63979 0
7.84836 -4.53125 0
7.81801 -4.67886 0
7.84836 -4.53125 0
7.81801 -4.67886 0
7.72001 -4.7874 0
7.75036 -4.63979 0
7.72001 -4.7874 0
7.78767 -4.82646 0
7.68967 -4.935 0
7.72001 -4.7874 0
7.68967 -4.935 0
7.72001 -4.7874 0
7.62201 -4.89594 0
7.65236 -4.74834 0
7.62201 -4.89594 0
7.68967 -4.935 0
7.59167 -5.04355 0
7.62201 -4.89594 0
7.59167 -5.04355 0
7.62201 -4.89594 0
7.72001 -4.7874 0
7.68967 -4.935 0
7.72001 -4.7874 0
7.57772 -4.375 0
7.54738 -4.52261 0
7.43946 -4.45822 0
7.54738 -4.52261 0
7.43946 -4.45822 0
7.40912 -4.60583 0
7.3012 -4.54144 0
7.40912 -4.60583 0
7.54738 -4.52261 0
7.51704 -4.67021 0
7.40912 -4.60583 0
7.51704 -4.67021 0
7.40912 -4.60583 0
7.43946 -4.45822 0
7.54738 -4.52261 0
7.43946 -4.45822 0
7.02468 -4.70789 0
6.99434 -4.8555 0
6.88642 -4.79111 0
6.99434 -4.8555 0
6.88642 -4.79111 0
6.85608 -4.93872 0
6.74817 -4.87433 0
6.85608 -4.93872 0
6.99434 -4.8555 0
6.964 -5.0031 0
6.85608 -4.93872 0
6.964 -5.0031 0
6.85608 -4.93872 0
6.88642 -4.79111 0
6.99434 -4.8555 0
6.88642 -4.79111 0
6.74817 -4.87433 0
6.71782 -5.02194 0
6.60991 -4.95756 0
6.71782 -5.02194 0
6.60991 -4.95756 0
6.57956 -5.10516 0
6.47165 -5.04078 0
6.57956 -5.10516 0
6.71782 -5.02194 0
6.68748 -5.16955 0
6.57956 -5.10516 0
6.68748 -5.16955 0
6.57956 -5.10516 0
6.60991 -4.95756 0
6.71782 -5.02194 0
6.60991 -4.95756 0
6.964 -5.0031 0
6.93366 -5.15071 0
6.82574 -5.08632 0
6.93366 -5.15071 0
6.82574 -5.08632 0
6.7954 -5.23393 0
6.68748 -5.16955 0
6.7954 -5.23393 0
6.93366 -5.15071 0
6.90332 -5.29831 0
6.7954 -5.23393 0
6.90332 -5.29831 0
6.7954 -5.23393 0
6.82574 -5.08632 0
6.93366 -5.15071 0
6.82574 -5.08632 0
6.68748 -5.16955 0
6.71782 -5.02194 0
6.82574 -5.08632 0
6.71782 -5.02194 0
6.82574 -5.08632 0
6.85608 -4.93872 0
6.964 -5.0031 0
6.85608 -4.93872 0
6.71782 -5.02194 0
6.74817 -4.87433 0
6.85608 -4.93872 0
6.74817 -4.87433 0
6.85608 -4.93872 0
6.82574 -5.08632 0
6.71782 -5.02194 0
6.82574 -5.08632 0
7.45636 -4.96542 0
7.42602 -5.11303 0
7.3181 -5.04864 0
7.42602 -5.11303 0
7.3181 -5.04864 0
7.28776 -5.19625 0
7.17984 -5.13187 0
7.28776 -5.19625 0
7.42602 -5.11303 0
7.39567 -5.26063 0
7.28776 -5.19625 0
7.39567 -5.26063 0
7.28776 -5.19625 0
7.3181 -5.04864 0
7.42602 -5.11303 0
7.3181 -5.04864 0
7.17984 -5.13187 0
7.1495 -5.27947 0
7.04158 -5.21509 0
7.1495 -5.27947 0
7.04158 -5.21509 0
7.01124 -5.3627 0
6.90332 -5.29831 0
7.01124 -5.3627 0
7.1495 -5.27947 0
7.11916 -5.42708 0
7.01124 -5.3627 0
7.11916 -5.42708 0
7.01124 -5.3627 0
7.04158 -5.21509 0
7.1495 -5.27947 0
7.04158 -5.21509 0
7.39567 -5.26063 0
7.36533 -5.40824 0
7.25741 -5.34386 0
7.36533 -5.40824 0
7.25741 -5.34386 0
7.22707 -5.49146 0
7.11916 -5.42708 0
7.22707 -5.49146 0
7.36533 -5.40824 0
7.33499 -5.55584 0
7.22707 -5.49146 0
7.33499 -5.55584 0
7.22707 -5.49146 0
7.25741 -5.34386 0
7.36533 -5.40824 0
7.25741 -5.34386 0
7.11916 -5.42708 0
7.1495 -5.27947 0
7.25741 -5.34386 0
7.1495 -5.27947 0
7.25741 -5.34386 0
7.28776 -5.19625 0
7.39567 -5.26063 0
7.28776 -5.19625 0
7.1495 -5.27947 0
7.17984 -5.13187 0
7.28776 -5.19625 0
7.17984 -5.13187 0
7.28776 -5.19625 0
7.25741 -5.34386 0
7.1495 -5.27947 0
7.25741 -5.34386 0
6.90332 -5.29831 0
6.93366 -5.15071 0
7.04158 -5.21509 0
6.93366 -5.15071 0
7.04158 -5.21509 0
7.07192 -5.06748 0
7.17984 -5.13187 0
7.07192 -5.06748 0
6.93366 -5.15071 0
6.964 -5.0031 0
7.07192 -5.06748 0
6.964 -5.0031 0
7.07192 -5.06748 0
7.04158 -5.21509 0
6.93366 -5.15071 0
7.04158 -5.21509 0
7.17984 -5.13187 0
7.21018 -4.98426 0
7.3181 -5.04864 0
7.21018 -4.98426 0
7.3181 -5.04864 0
7.34844 -4.90104 0
7.45636 -4.96542 0
7.34844 -4.90104 0
7.21018 -4.98426 0
7.24052 -4.83666 0
7.34844 -4.90104 0
7.24052 -4.83666 0
7.34844 -4.90104 0
7.3181 -5.04864 0
7.21018 -4.98426 0
7.3181 -5.04864 0
6.964 -5.0031 0
6.99434 -4.8555 0
7.10226 -4.91988 0
6.99434 -4.8555 0
7.10226 -4.91988 0
7.1326 -4.77227 0
7.24052 -4.83666 0
7.1326 -4.77227 0
6.99434 -4.8555 0
7.02468 -4.70789 0
7.1326 -4.77227 0
7.02468 -4.70789 0
7.1326 -4.77227 0
7.10226 -4.91988 0
6.99434 -4.8555 0
7.10226 -4.91988 0
7.24052 -4.83666 0
7.21018 -4.98426 0
7.10226 -4.91988 0
7.21018 -4.98426 0
7.10226 -4.91988 0
7.07192 -5.06748 0
6.964 -5.0031 0
7.07192 -5.06748 0
7.21018 -4.98426 0
7.17984 -5.13187 0
7.07192 -5.06748 0
7.17984 -5.13187 0
7.07192 -5.06748 0
7.10226 -4.91988 0
7.21018 -4.98426 0
7.10226 -4.91988 0
6.47165 -5.04078 0
6.41063 -4.95897 0
6.47459 -4.87943 0
6.41063 -4.95897 0
6.47459 -4.87943 0
6.41357 -4.79762 0
6.47753 -4.71808 0
6.41357 -4.79762 0
6.41063 -4.95897 0
6.34961 -4.87715 0
6.41357 -4.79762 0
6.34961 -4.87715 0
6.41357 -4.79762 0
6.47459 -4.87943 0
6.41063 -4.95897 0
6.47459 -4.87943 0
6.34961 -4.87715 0
6.28859 -4.79534 0
6.35255 -4.71581 0
6.28859 -4.79534 0
6.35255 -4.71581 0
6.29154 -4.63399 0
6.3555 -4.55446 0
6.29154 -4.63399 0
6.28859 -4.79534 0
6.22757 -4.71353 0
6.29154 -4.63399 0
6.22757 -4.71353 0
6.29154 -4.63399 0
6.35255 -4.71581 0
6.28859 -4.79534 0
6.35255 -4.71581 0
6.3555 -4.55446 0
6.41651 -4.63627 0
6.35255 -4.71581 0
6.41651 -4.63627 0
6.35255 -4.71581 0
6.41357 -4.79762 0
6.34961 -4.87715 0
6.41357 -4.79762 0
6.41651 -4.63627 0
6.47753 -4.71808 0
6.41357 -4.79762 0
6.47753 -4.71808 0
6.41357 -4.79762 0
6.35255 -4.71581 0
6.41651 -4.63627 0
6.35255 -4.71581 0
6.23346 -4.39083 0
6.29448 -4.47264 0
6.23052 -4.55218 0
6.29448 -4.47264 0
6.23052 -4.55218 0
6.29154 -4.63399 0
6.22757 -4.71353 0
6.29154 -4.63399 0
6.29448 -4.47264 0
6.3555 -4.55446 0
6.29154 -4.63399 0
6.3555 -4.55446 0
6.29154 -4.63399 0
6.23052 -4.55218 0
6.29448 -4.47264 0
6.23052 -4.55218 0
5.27397 -4.30272 0
5.35688 -4.36223 0
5.26241 -4.40086 0
5.35688 -4.36223 0
5.26241 -4.40086 0
5.34533 -4.46038 0
5.25086 -4.499 0
5.34533 -4.46038 0
5.35688 -4.36223 0
5.4398 -4.42175 0
5.34533 -4.46038 0
5.4398 -4.42175 0
5.34533 -4.46038 0
5.26241 -4.40086 0
5.35688 -4.36223 0
5.26241 -4.40086 0
5.25086 -4.499 0
5.33377 -4.55852 0
5.2393 -4.59715 0
5.33377 -4.55852 0
5.2393 -4.59715 0
5.32221 -4.65666 0
5.22774 -4.69529 0
5.32221 -4.65666 0
5.33377 -4.55852 0
5.41668 -4.61803 0
5.32221 -4.65666 0
5.41668 -4.61803 0
5.32221 -4.65666 0
5.2393 -4.59715 0
5.33377 -4.55852 0
5.2393 -4.59715 0
5.4398 -4.42175 0
5.52271 -4.48126 0
5.42824 -4.51989 0
5.52271 -4.48126 0
5.42824 -4.51989 0
5.51115 -4.57941 0
5.41668 -4.61803 0
5.51115 -4.57941 0
5.52271 -4.48126 0
5.60562 -4.54078 0
5.51115 -4.57941 0
5.60562 -4.54078 0
5.51115 -4.57941 0
5.42824 -4.51989 0
5.52271 -4.48126 0
5.42824 -4.51989 0
5.41668 -4.61803 0
5.33377 -4.55852 0
5.42824 -4.51989 0
5.33377 -4.55852 0
5.42824 -4.51989 0
5.34533 -4.46038 0
5.4398 -4.42175 0
5.34533 -4.46038 0
5.33377 -4.55852 0
5.25086 -4.499 0
5.34533 -4.46038 0
5.25086 -4.499 0
5.34533 -4.46038 0
5.42824 -4.51989 0
5.33377 -4.55852 0
5.42824 -4.51989 0
5.22774 -4.69529 0
5.32221 -4.65666 0
5.27805 -4.81565 0
5.32221 -4.65666 0
5.27805 -4.81565 0
5.37252 -4.77702 0
5.32836 -4.93601 0
5.37252 -4.77702 0
5.32221 -4.65666 0
5.41668 -4.61803 0
5.37252 -4.77702 0
5.41668 -4.61803 0
5.37252 -4.77702 0
5.27805 -4.81565 0
5.32221 -4.65666 0
5.27805 -4.81565 0
5.32836 -4.93601 0
5.42283 -4.89738 0
5.37868 -5.05637 0
5.42283 -4.89738 0
5.37868 -5.05637 0
5.47315 -5.01774 0
5.42899 -5.17673 0
5.47315 -5.01774 0
5.42283 -4.89738 0
5.5173 -4.85875 0
5.47315 -5.01774 0
5.5173 -4.85875 0
5.47315 -5.01774 0
5.37868 -5.05637 0
5.42283 -4.89738 0
5.37868 -5.05637 0
5.41668 -4.61803 0
5.51115 -4.57941 0
5.46699 -4.73839 0
5.51115 -4.57941 0
5.46699 -4.73839 0
5.56146 -4.69977 0
5.5173 -4.85875 0
5.56146 -4.69977 0
5.51115 -4.57941 0
5.60562 -4.54078 0
5.56146 -4.69977 0
5.60562 -4.54078 0
5.56146 -4.69977 0
5.46699 -4.73839 0
5.51115 -4.57941 0
5.46699 -4.73839 0
5.5173 -4.85875 0
5.42283 -4.89738 0
5.46699 -4.73839 0
5.42283 -4.89738 0
5.46699 -4.73839 0
5.37252 -4.77702 0
5.41668 -4.61803 0
5.37252 -4.77702 0
5.42283 -4.89738 0
5.32836 -4.93601 0
5.37252 -4.77702 0
5.32836 -4.93601 0
5.37252 -4.77702 0
5.46699 -4.73839 0
5.42283 -4.89738 0
5.46699 -4.73839 0
5.42899 -5.17673 0
5.52346 -5.1381 0
5.4793 -5.29708 0
5.52346 -5.1381 0
5.4793 -5.29708 0
5.57377 -5.25846 0
5.52961 -5.41744 0
5.57377 -5.25846 0
5.52346 -5.1381 0
5.61793 -5.09947 0
5.57377 -5.25846 0
5.61793 -5.09947 0
5.57377 -5.25846 0
5.4793 -5.29708 0
5.52346 -5.1381 0
5.4793 -5.29708 0
5.52961 -5.41744 0
5.62408 -5.37882 0
5.57993 -5.5378 0
5.62408 -5.37882 0
5.57993 -5.5378 0
5.6744 -5.49918 0
5.63024 -5.65816 0
5.6744 -5.49918 0
5.62408 -5.37882 0
5.71855 -5.34019 0
5.6744 -5.49918 0
5.71855 -5.34019 0
5.6744 -5.49918 0
5.57993 -5.5378 0
5.62408 -5.37882 0
5.57993 -5.5378 0
5.61793 -5.09947 0
5.7124 -5.06084 0
5.66824 -5.21983 0
5.7124 -5.06084 0
5.66824 -5.21983 0
5.76271 -5.1812 0
5.71855 -5.34019 0
5.76271 -5.1812 0
5.7124 -5.06084 0
5.80687 -5.02222 0
5.76271 -5.1812 0
5.80687 -5.02222 0
5.76271 -5.1812 0
5.66824 -5.21983 0
5.7124 -5.06084 0
5.66824 -5.21983 0
5.71855 -5.34019 0
5.62408 -5.37882 0
5.66824 -5.21983 0
5.62408 -5.37882 0
5.66824 -5.21983 0
5.57377 -5.25846 0
5.61793 -5.09947 0
5.57377 -5.25846 0
5.62408 -5.37882 0
5.52961 -5.41744 0
5.57377 -5.25846 0
5.52961 -5.41744 0
5.57377 -5.25846 0
5.66824 -5.21983 0
5.62408 -5.37882 0
5.66824 -5.21983 0
5.60562 -4.54078 0
5.70009 -4.50215 0
5.65593 -4.66114 0
5.70009 -4.50215 0
5.65593 -4.66114 0
5.7504 -4.62251 0
5.70625 -4.7815 0
5.7504 -4.62251 0
5.70009 -4.50215 0
5.79456 -4.46353 0
5.7504 -4.62251 0
5.79456 -4.46353 0
5.7504 -4.62251 0
5.65593 -4.66114 0
5.70009 -4.50215 0
5.65593 -4.66114 0
5.70625 -4.7815 0
5.80072 -4.74287 0
5.75656 -4.90186 0
5.80072 -4.74287 0
5.75656 -4.90186 0
5.85103 -4.86323 0
5.80687 -5.02222 0
5.85103 -4.86323 0
5.80072 -4.74287 0
5.89519 -4.70424 0
5.85103 -4.86323 0
5.89519 -4.70424 0
5.85103 -4.86323 0
5.75656 -4.90186 0
5.80072 -4.74287 0
5.75656 -4.90186 0
5.79456 -4.46353 0
5.88903 -4.4249 0
5.84487 -4.58388 0
5.88903 -4.4249 0
5.84487 -4.58388 0
5.93934 -4.54526 0
5.89519 -4.70424 0
5.93934 -4.54526 0
5.88903 -4.4249 0
5.9835 -4.38627 0
5.93934 -4.54526 0
5.9835 -4.38627 0
5.93934 -4.54526 0
5.84487 -4.58388 0
5.88903 -4.4249 0
5.84487 -4.58388 0
5.89519 -4.70424 0
5.80072 -4.74287 0
5.84487 -4.58388 0
5.80072 -4.74287 0
5.84487 -4.58388 0
5.7504 -4.62251 0
5.79456 -4.46353 0
5.7504 -4.62251 0
5.80072 -4.74287 0
5.70625 -4.7815 0
5.7504 -4.62251 0
5.70625 -4.7815 0
5.7504 -4.62251 0
5.84487 -4.58388 0
5.80072 -4.74287 0
5.84487 -4.58388 0
5.80687 -5.02222 0
5.7124 -5.06084 0
5.75656 -4.90186 0
5.7124 -5.06084 0
5.75656 -4.90186 0
5.66209 -4.94048 0
5.70625 -4.7815 0
5.66209 -4.94048 0
5.7124 -5.06084 0
5.61793 -5.09947 0
5.66209 -4.94048 0
5.61793 -5.09947 0
5.66209 -4.94048 0
5.75656 -4.90186 0
5.7124 -5.06084 0
5.75656 -4.90186 0
5.70625 -4.7815 0
5.61178 -4.82013 0
5.65593 -4.66114 0
5.61178 -4.82013 0
5.65593 -4.66114 0
5.56146 -4.69977 0
5.60562 -4.54078 0
5.56146 -4.69977 0
5.61178 -4.82013 0
5.5173 -4.85875 0
5.56146 -4.69977 0
5.5173 -4.85875 0
5.56146 -4.69977 0
5.65593 -4.66114 0
5.61178 -4.82013 0
5.65593 -4.66114 0
5.61793 -5.09947 0
5.52346 -5.1381 0
5.56762 -4.97911 0
5.52346 -5.1381 0
5.56762 -4.97911 0
5.47315 -5.01774 0
5.5173 -4.85875 0
5.47315 -5.01774 0
5.52346 -5.1381 0
5.42899 -5.17673 0
5.47315 -5.01774 0
5.42899 -5.17673 0
5.47315 -5.01774 0
5.56762 -4.97911 0
5.52346 -5.1381 0
5.56762 -4.97911 0
5.5173 -4.85875 0
5.61178 -4.82013 0
5.56762 -4.97911 0
5.61178 -4.82013 0
5.56762 -4.97911 0
5.66209 -4.94048 0
5.61793 -5.09947 0
5.66209 -4.94048 0
5.61178 -4.82013 0
5.70625 -4.7815 0
5.66209 -4.94048 0
5.70625 -4.7815 0
5.66209 -4.94048 0
5.56762 -4.97911 0
5.61178 -4.82013 0
5.56762 -4.97911 0
5.63024 -5.65816 0
5.6744 -5.49918 0
5.73541 -5.58099 0
5.6744 -5.49918 0
5.73541 -5.58099 0
5.77957 -5.422 0
5.84059 -5.50382 0
5.77957 -5.422 0
5.6744 -5.49918 0
5.71855 -5.34019 0
5.77957 -5.422 0
5.71855 -5.34019 0
5.77957 -5.422 0
5.73541 -5.58099 0
5.6744 -5.49918 0
5.73541 -5.58099 0
5.84059 -5.50382 0
5.88475 -5.34483 0
5.94577 -5.42664 0
5.88475 -5.34483 0
5.94577 -5.42664 0
5.98992 -5.26766 0
6.05094 -5.34947 0
5.98992 -5.26766 0
5.88475 -5.34483 0
5.92891 -5.18584 0
5.98992 -5.26766 0
5.92891 -5.18584 0
5.98992 -5.26766 0
5.94577 -5.42664 0
5.88475 -5.34483 0
5.94577 -5.42664 0
5.71855 -5.34019 0
5.76271 -5.1812 0
5.82373 -5.26302 0
5.76271 -5.1812 0
5.82373 -5.26302 0
5.86789 -5.10403 0
5.92891 -5.18584 0
5.86789 -5.10403 0
5.76271 -5.1812 0
5.80687 -5.02222 0
5.86789 -5.10403 0
5.80687 -5.02222 0
5.86789 -5.10403 0
5.82373 -5.26302 0
5.76271 -5.1812 0
5.82373 -5.26302 0
5.92891 -5.18584 0
5.88475 -5.34483 0
5.82373 -5.26302 0
5.88475 -5.34483 0
5.82373 -5.26302 0
5.77957 -5.422 0
5.71855 -5.34019 0
5.77957 -5.422 0
5.88475 -5.34483 0
5.84059 -5.50382 0
5.77957 -5.422 0
5.84059 -5.50382 0
5.77957 -5.422 0
5.82373 -5.26302 0
5.88475 -5.34483 0
5.82373 -5.26302 0
6.05094 -5.34947 0
6.0951 -5.19048 0
6.15612 -5.2723 0
6.0951 -5.19048 0
6.15612 -5.2723 0
6.20028 -5.11331 0
6.26129 -5.19513 0
6.20028 -5.11331 0
6.0951 -5.19048 0
6.13926 -5.0315 0
6.20028 -5.11331 0
6.13926 -5.0315 0
6.20028 -5.11331 0
6.15612 -5.2723 0
6.0951 -5.19048 0
6.15612 -5.2723 0
6.26129 -5.19513 0
6.30545 -5.03614 0
6.36647 -5.11795 0
6.30545 -5.03614 0
6.36647 -5.11795 0
6.41063 -4.95897 0
6.47165 -5.04078 0
6.41063 -4.95897 0
6.30545 -5.03614 0
6.34961 -4.87715 0
6.41063 -4.95897 0
6.34961 -4.87715 0
6.41063 -4.95897 0
6.36647 -5.11795 0
6.30545 -5.03614 0
6.36647 -5.11795 0
6.13926 -5.0315 0
6.18342 -4.87251 0
6.24443 -4.95433 0
6.18342 -4.87251 0
6.24443 -4.95433 0
6.28859 -4.79534 0
6.34961 -4.87715 0
6.28859 -4.79534 0
6.18342 -4.87251 0
6.22757 -4.71353 0
6.28859 -4.79534 0
6.22757 -4.71353 0
6.28859 -4.79534 0
6.24443 -4.95433 0
6.18342 -4.87251 0
6.24443 -4.95433 0
6.34961 -4.87715 0
6.30545 -5.03614 0
6.24443 -4.95433 0
6.30545 -5.03614 0
6.24443 -4.95433 0
6.20028 -5.11331 0
6.13926 -5.0315 0
6.20028 -5.11331 0
6.30545 -5.03614 0
6.26129 -5.19513 0
6.20028 -5.11331 0
6.26129 -5.19513 0
6.20028 -5.11331 0
6.24443 -4.95433 0
6.30545 -5.03614 0
6.24443 -4.95433 0
5.80687 -5.02222 0
5.85103 -4.86323 0
5.91205 -4.94504 0
5.85103 -4.86323 0
5.91205 -4.94504 0
5.9562 -4.78606 0
6.01722 -4.86787 0
5.9562 -4.78606 0
5.85103 -4.86323 0
5.89519 -4.70424 0
5.9562 -4.78606 0
5.89519 -4.70424 0
5.9562 -4.78606 0
5.91205 -4.94504 0
5.85103 -4.86323 0
5.91205 -4.94504 0
6.01722 -4.86787 0
6.06138 -4.70888 0
6.1224 -4.7907 0
6.06138 -4.70888 0
6.1224 -4.7907 0
6.16656 -4.63171 0
6.22757 -4.71353 0
6.16656 -4.63171 0
6.06138 -4.70888 0
6.10554 -4.5499 0
6.16656 -4.63171 0
6.10554 -4.5499 0
6.16656 -4.63171 0
6.1224 -4.7907 0
6.06138 -4.70888 0
6.1224 -4.7907 0
5.89519 -4.70424 0
5.93934 -4.54526 0
6.00036 -4.62707 0
5.93934 -4.54526 0
6.00036 -4.62707 0
6.04452 -4.46808 0
6.10554 -4.5499 0
6.04452 -4.46808 0
5.93934 -4.54526 0
5.9835 -4.38627 0
6.04452 -4.46808 0
5.9835 -4.38627 0
6.04452 -4.46808 0
6.00036 -4.62707 0
5.93934 -4.54526 0
6.00036 -4.62707 0
6.10554 -4.5499 0
6.06138 -4.70888 0
6.00036 -4.62707 0
6.06138 -4.70888 0
6.00036 -4.62707 0
5.9562 -4.78606 0
5.89519 -4.70424 0
5.9562 -4.78606 0
6.06138 -4.70888 0
6.01722 -4.86787 0
5.9562 -4.78606 0
6.01722 -4.86787 0
5.9562 -4.78606 0
6.00036 -4.62707 0
6.06138 -4.70888 0
6.00036 -4.62707 0
6.22757 -4.71353 0
6.18342 -4.87251 0
6.1224 -4.7907 0
6.18342 -4.87251 0
6.1224 -4.7907 0
6.07824 -4.94968 0
6.01722 -4.86787 0
6.07824 -4.94968 0
6.18342 -4.87251 0
6.13926 -5.0315 0
6.07824 -4.94968 0
6.13926 -5.0315 0
6.07824 -4.94968 0
6.1224 -4.7907 0
6.18342 -4.87251 0
6.1224 -4.7907 0
6.01722 -4.86787 0
5.97306 -5.02686 0
5.91205 -4.94504 0
5.97306 -5.02686 0
5.91205 -4.94504 0
5.86789 -5.10403 0
5.80687 -5.02222 0
5.86789 -5.10403 0
5.97306 -5.02686 0
5.92891 -5.18584 0
5.86789 -5.10403 0
5.92891 -5.18584 0
5.86789 -5.10403 0
5.91205 -4.94504 0
5.97306 -5.02686 0
5.91205 -4.94504 0
6.13926 -5.0315 0
6.0951 -5.19048 0
6.03408 -5.10867 0
6.0951 -5.19048 0
6.03408 -5.10867 0
5.98992 -5.26766 0
5.92891 -5.18584 0
5.98992 -5.26766 0
6.0951 -5.19048 0
6.05094 -5.34947 0
5.98992 -5.26766 0
6.05094 -5.34947 0
5.98992 -5.26766 0
6.03408 -5.10867 0
6.0951 -5.19048 0
6.03408 -5.10867 0
5.92891 -5.18584 0
5.97306 -5.02686 0
6.03408 -5.10867 0
5.97306 -5.02686 0
6.03408 -5.10867 0
6.07824 -4.94968 0
6.13926 -5.0315 0
6.07824 -4.94968 0
5.97306 -5.02686 0
6.01722 -4.86787 0
6.07824 -4.94968 0
6.01722 -4.86787 0
6.07824 -4.94968 0
6.03408 -5.10867 0
5.97306 -5.02686 0
6.03408 -5.10867 0
1.04034 -1.01057 0
1.19675 -0.89591 0
1.17566 -1.0887 0
1.19675 -0.89591 0
1.17566 -1.0887 0
1.33207 -0.974035 0
1.31098 -1.16682 0
1.33207 -0.974035 0
1.19675 -0.89591 0
1.35316 -0.78125 0
1.33207 -0.974035 0
1.35316 -0.78125 0
1.33207 -0.974035 0
1.17566 -1.0887 0
1.19675 -0.89591 0
1.17566 -1.0887 0
6.48342 -4.39539 0
6.75994 -4.22894 0
6.75405 -4.55164 0
6.75994 -4.22894 0
6.75405 -4.55164 0
7.03057 -4.38519 0
7.02468 -4.70789 0
7.03057 -4.38519 0
6.75994 -4.22894 0
7.03646 -4.0625 0
7.03057 -4.38519 0
7.03646 -4.0625 0
7.03057 -4.38519 0
6.75405 -4.55164 0
6.75994 -4.22894 0
6.75405 -4.55164 0
9.27458 -7.44022 0
9.02064 -7.06824 0
9.27458 -7.11586 0
9.02064 -7.06824 0
9.27458 -7.11586 0
9.02064 -6.74388 0
9.27458 -6.7915 0
9.02064 -6.74388 0
9.02064 -7.06824 0
8.7667 -6.69626 0
9.02064 -6.74388 0
8.7667 -6.69626 0
9.02064 -6.74388 0
9.27458 -7.11586 0
9.02064 -7.06824 0
9.27458 -7.11586 0

CELLS 2754 13770
4 0 2 3 1
4 4 6 7 5
4 8 10 11 9
4 12 14 15 13
4 16 18 19 17
4 20 22 23 21
4 24 26 27 25
4 28 30 31 29
4 32 34 35 33
4 36 38 39 37
4 40 42 43 41
4 44 46 47 45
4 48 50 51 49
4 52 54 55 53
4 56 58 59 57
4 60 62 63 61
4 64 66 67 65
4 68 70 71 69
4 72 74 75 73
4 76 78 79 77
4 80 82 83 81
4 84 86 87 85
4 88 90 91 89
4 92 94 95 93
4 96 98 99 97
4 100 102 103 101
4 104 106 107 105
4 108 110 111 109
4 112 114 115 113
4 116 118 119 117
4 120 122 123 121
4 124 126 127 125
4 128 130 131 129
4 132 134 135 133
4 136 138 139 137
4 140 142 143 141
4 144 146 147 145
4 148 150 151 149
4 152 154 155 153
4 156 158 159 157
4 160 162 163 161
4 164 166 167 165
4 168 170 171 169
4 172 174 175 173
4 176 178 179 177
4 180 182 183 181
4 184 186 187 185
4 188 190 191 189
4 192 194 195 193
4 196 198 199 197
4 200 202 203 201
4 204 206 207 205
4 208 210 211 209
4 212 214 215 213
4 216 218 219 217
4 220 222 223 221
4 224 226 227 225
4 228 230 231 229
4 232 234 235 233
4 236 238 239 237
4 240 242 243 241
4 244 246 247 245
4 248 250 251 249
4 252 254 255 253
4 256 258 259 257
4 260 262 263 261
4 264 266 267 265
4 268 270 271 269
4 272 274 275 273
4 276 278 279 277
4 280 282 283 281
4 284 286 287 285
4 288 290 291 289
4 292 294 295 293
4 296 298 299 297
4 300 302 303 301
4 304 306 307 305
4 308 310 311 309
4 312 314 315 313
4 316 318 319 317
4 320 322 323 321
4 324 326 327 325
4 328 330 331 329
4 332 334 335 333
4 336 338 339 337
4 340 342 343 341
4 344 346 347 345
4 348 350 351 349
4 352 354 355 353
4 356 358 359 357
4 360 362 363 361
4 364 366 367 365
4 368 370 371 369
4 372 374 375 373
4 376 378 379 377
4 380 382 383 381
4 384 386 387 385
4 388 390 391 389
4 392 394 395 393
4 396 398 399 397
4 400 402 403 401
4 404 406 407 405
4 408 410 411 409
4 412 414 415 413
4 416 418 419 417
4 420 422 423 421
4 424 426 427 425
4 428 430 431 429
4 432 434 435 433
4 436 438 439 437
4 440 442 443 441
4 444 446 447 445
4 448 450 451 449
4 452 454 455 453
4 456 458 459 457
4 460 462 463 461
4 464 466 467 465
4 468 470 471 469
4 472 474 475 473
4 476 478 479 477
4 480 482 483 481
4 484 486 487 485
4 488 490 491 489
4 492 494 495 493
4 496 498 499 497
4 500 502 503 501
4 504 506 507 505
4 508 510 511 509
4 512 514 515 513
4 516 518 519 517
4 520 522 523 521
4 524 526 527 525
4 528 530 531 529
4 532 534 535 533
4 536 538 539 537
4 540 542 543 541
4 544 546 547 545
4 548 550 551 549
4 552 554 555 553
4 556 558 559 557
4 560 562 563 561
4 564 566 567 565
4 568 570 571 569
4 572 574 575 573
4 576 578 579 577
4 580 582 583 581
4 584 586 587 585
4 588 590 591 589
4 592 594 595 593
4 596 598 599 597
4 600 602 603 601
4 604 606 607 605
4 608 610 611 609
4 612 614 615 613
4 616 618 619 617
4 620 622 623 621
4 624 626 627 625
4 628 630 631 629
4 632 634 635 633
4 636 638 639 637
4 640 642 643 641
4 644 646 647 645
4 648 650 651 649
4 652 654 655 653
4 656 658 659 657
4 660 662 663 661
4 664 666 667 665
4 668 670 671 669
4 672 674 675 673
4 676 678 679 677
4 680 682 683 681
4 684 686 687 685
4 688 690 691 689
4 692 694 695 693
4 696 698 699 697
4 700 702 703 701
4 704 706 707 705
4 708 710 711 709
4 712 714 715 713
4 716 718 719 717
4 720 722 723 721
4 724 726 727 725
4 728 730 731 729
4 732 734 735 733
4 736 738 739 737
4 740 742 743 741
4 744 746 747 745
4 748 750 751 749
4 752 754 755 753
4 756 758 759 757
4 760 762 763 761
4 764 766 767 765
4 768 770 771 769
4 772 774 775 773
4 776 778 779 777
4 780 782 783 781
4 784 786 787 785
4 788 790 791 789
4 792 794 795 793
4 796 798 799 797
4 800 802 803 801
4 804 806 807 805
4 808 810 811 809
4 812 814 815 813
4 816 818 819 817
4 820 822 823 821
4 824 826 827 825
4 828 830 831 829
4 832 834 835 833
4 836 838 839 837
4 840 842 843 841
4 844 846 847 845
4 848 850 851 849
4 852 854 855 853
4 856 858 859 857
4 860 862 863 861
4 864 866 867 865
4 868 870 871 869
4 872 874 875 873
4 876 878 879 877
4 880 882 883 881
4 884 886 887 885
4 888 890 891 889
4 892 894 895 893
4 896 898 899 897
4 900 902 903 901
4 904 906 907 905
4 908 910 911 909
4 912 914 915 913
4 916 918 919 917
4 920 922 923 921
4 924 926 927 925
4 928 930 931 929
4 932 934 935 933
4 936 938 939 937
4 940 942 943 941
4 944 946 947 945
4 948 950 951 949
4 952 954 955 953
4 956 958 959 957
4 960 962 963 961
4 964 966 967 965
4 968 970 971 969
4 972 974 975 973
4 976 978 979 977
4 980 982 983 981
4 984 986 987 985
4 988 990 991 989
4 992 994 995 993
4 996 998 999 997
4 1000 1002 1003 1001
4 1004 1006 1007 1005
4 1008 1010 1011 1009
4 1012 1014 1015 1013
4 1016 1018 1019 1017
4 1020 1022 1023 1021
4 1024 1026 1027 1025
4 1028 1030 1031 1029
4 1032 1034 1035 1033
4 1036 1038 1039 1037
4 1040 1042 1043 1041
4 1044 1046 1047 1045
4 1048 1050 1051 1049
4 1052 1054 1055 1053
4 1056 1058 1059 1057
4 1060 1062 1063 1061
4 1064 1066 1067 1065
4 1068 1070 1071 1069
4 1072 1074 1075 1073
4 1076 1078 1079 1077
4 1080 1082 1083 1081
4 1084 1086 1087 1085
4 1088 1090 1091 1089
4 1092 1094 1095 1093
4 1096 1098 1099 1097
4 1100 1102 1103 1101
4 1104 1106 1107 1105
4 1108 1110 1111 1109
4 1112 1114 1115 1113
4 1116 1118 1119 1117
4 1120 1122 1123 1121
4 1124 1126 1127 1125
4 1128 1130 1131 1129
4 1132 1134 1135 1133
4 1136 1138 1139 1137
4 1140 1142 1143 1141
4 1144 1146 1147 1145
4 1148 1150 1151 1149
4 1152 1154 1155 1153
4 1156 1158 1159 1157
4 1160 1162 1163 1161
4 1164 1166 1167 1165
4 1168 1170 1171 1169
4 1172 1174 1175 1173
4 1176 1178 1179 1177
4 1180 1182 1183 1181
4 1184 1186 1187 1185
4 1188 1190 1191 1189
4 1192 1194 1195 1193
4 1196 1198 1199 1197
4 1200 1202 1203 1201
4 1204 1206 1207 1205
4 1208 1210 1211 1209
4 1212 1214 1215 1213
4 1216 1218 1219 1217
4 1220 1222 1223 1221
4 1224 1226 1227 1225
4 1228 1230 1231 1229
4 1232 1234 1235 1233
4 1236 1238 1239 1237
4 1240 1242 1243 1241
4 1244 1246 1247 1245
4 1248 1250 1251 1249
4 1252 1254 1255 1253
4 1256 1258 1259 1257
4 1260 1262 1263 1261
4 1264 1266 1267 1265
4 1268 1270 1271 1269
4 1272 1274 1275 1273
4 1276 1278 1279 1277
4 1280 1282 1283 1281
4 1284 1286 1287 1285
4 1288 1290 1291 1289
4 1292 1294 1295 1293
4 1296 1298 1299 1297
4 1300 1302 1303 1301
4 1304 1306 1307 1305
4 1308 1310 1311 1309
4 1312 1314 1315 1313
4 1316 1318 1319 1317
4 1320 1322 1323 1321
4 1324 1326 1327 1325
4 1328 1330 1331 1329
4 1332 1334 1335 1333
4 1336 1338 1339 1337
4 1340 1342 1343 1341
4 1344 1346 1347 1345
4 1348 1350 1351 1349
4 1352 1354 1355 1353
4 1356 1358 1359 1357
4 1360 1362 1363 1361
4 1364 1366 1367 1365
4 1368 1370 1371 1369
4 1372 1374 1375 1373
4 1376 1378 1379 1377
4 1380 1382 1383 1381
4 1384 1386 1387 1385
4 1388 1390 1391 1389
4 1392 1394 1395 1393
4 1396 1398 1399 1397
4 1400 1402 1403 1401
4 1404 1406 1407 1405
4 1408 1410 1411 1409
4 1412 1414 1415 1413
4 1416 1418 1419 1417
4 1420 1422 1423 1421
4 1424 1426 1427 1425
4 1428 1430 1431 1429
4 1432 1434 1435 1433
4 1436 1438 1439 1437
4 1440 1442 1443 1441
4 1444 1446 1447 1445
4 1448 1450 1451 1449
4 1452 1454 1455 1453
4 1456 1458 1459 1457
4 1460 1462 1463 1461
4 1464 1466 1467 1465
4 1468 1470 1471 1469
4 1472 1474 1475 1473
4 1476 1478 1479 1477
4 1480 1482 1483 1481
4 1484 1486 1487 1485
4 1488 1490 1491 1489
4 1492 1494 1495 1493
4 1496 1498 1499 1497
4 1500 1502 1503 1501
4 1504 1506 1507 1505
4 1508 1510 1511 1509
4 1512 1514 1515 1513
4 1516 1518 1519 1517
4 1520 1522 1523 1521
4 1524 1526 1527 1525
4 1528 1530 1531 1529
4 1532 1534 1535 1533
4 1536 1538 1539 1537
4 1540 1542 1543 1541
4 1544 1546 1547 1545
4 1548 1550 1551 1549
4 1552 1554 1555 1553
4 1556 1558 1559 1557
4 1560 1562 1563 1561
4 1564 1566 1567 1565
4 1568 1570 1571 1569
4 1572 1574 1575 1573
4 1576 1578 1579 1577
4 1580 1582 1583 1581
4 1584 1586 1587 1585
4 1588 1590 1591 1589
4 1592 1594 1595 1593
4 1596 1598 1599 1597
4 1600 1602 1603 1601
4 1604 1606 1607 1605
4 1608 1610 1611 1609
4 1612 1614 1615 1613
4 1616 1618 1619 1617
4 1620 1622 1623 1621
4 1624 1626 1627 1625
4 1628 1630 1631 1629
4 1632 1634 1635 1633
4 1636 1638 1639 1637
4 1640 1642 1643 1641
4 1644 1646 1647 1645
4 1648 1650 1651 1649
4 1652 1654 1655 1653
4 1656 1658 1659 1657
4 1660 1662 1663 1661
4 1664 1666 1667 1665
4 1668 1670 1671 1669
4 1672 1674 1675 1673
4 1676 1678 1679 1677
4 1680 1682 1683 1681
4 1684 1686 1687 1685
4 1688 1690 1691 1689
4 1692 1694 1695 1693
4 1696 1698 1699 1697
4 1700 1702 1703 1701
4 1704 1706 1707 1705
4 1708 1710 1711 1709
4 1712 1714 1715 1713
4 1716 1718 1719 1717
4 1720 1722 1723 1721
4 1724 1726 1727 1725
4 1728 1730 1731 1729
4 1732 1734 1735 1733
4 1736 1738 1739 1737
4 1740 1742 1743 1741
4 1744 1746 1747 1745
4 1748 1750 1751 1749
4 1752 1754 1755 1753
4 1756 1758 1759 1757
4 1760 1762 1763 1761
4 1764 1766 1767 1765
4 1768 1770 1771 1769
4 1772 1774 1775 1773
4 1776 1778 1779 1777
4 1780 1782 1783 1781
4 1784 1786 1787 1785
4 1788 1790 1791 1789
4 1792 1794 1795 1793
4 1796 1798 1799 1797
4 1800 1802 1803 1801
4 1804 1806 1807 1805
4 1808 1810 1811 1809
4 1812 1814 1815 1813
4 1816 1818 1819 1817
4 1820 1822 1823 1821
4 1824 1826 1827 1825
4 1828 1830 1831 1829
4 1832 1834 1835 1833
4 1836 1838 1839 1837
4 1840 1842 1843 1841
4 1844 1846 1847 1845
4 1848 1850 1851 1849
4 1852 1854 1855 1853
4 1856 1858 1859 1857
4 1860 1862 1863 1861
4 1864 1866 1867 1865
4 1868 1870 1871 1869
4 1872 1874 1875 1873
4 1876 1878 1879 1877
4 1880 1882 1883 1881
4 1884 1886 1887 1885
4 1888 1890 1891 1889
4 1892 1894 1895 1893
4 1896 1898 1899 1897
4 1900 1902 1903 1901
4 1904 1906 1907 1905
4 1908 1910 1911 1909
4 1912 1914 1915 1913
4 1916 1918 1919 1917
4 1920 1922 1923 1921
4 1924 1926 1927 1925
4 1928 1930 1931 1929
4 1932 1934 1935 1933
4 1936 1938 1939 1937
4 1940 1942 1943 1941
4 1944 1946 1947 1945
4 1948 1950 1951 1949
4 1952 1954 1955 1953
4 1956 1958 1959 1957
4 1960 1962 1963 1961
4 1964 1966 1967 1965
4 1968 1970 1971 1969
4 1972 1974 1975 1973
4 1976 1978 1979 1977
4 1980 1982 1983 1981
4 1984 1986 1987 1985
4 1988 1990 1991 1989
4 1992 1994 1995 1993
4 1996 1998 1999 1997
4 2000 2002 2003 2001
4 2004 2006 2007 2005
4 2008 2010 2011 2009
4 2012 2014 2015 2013
4 2016 2018 2019 2017
4 2020 2022 2023 2021
4 2024 2026 2027 2025
4 2028 2030 2031 2029
4 2032 2034 2035 2033
4 2036 2038 2039 2037
4 2040 2042 2043 2041
4 2044 2046 2047 2045
4 2048 2050 2051 2049
4 2052 2054 2055 2053
4 2056 2058 2059 2057
4 2060 2062 2063 2061
4 2064 2066 2067 2065
4 2068 2070 2071 2069
4 2072 2074 2075 2073
4 2076 2078 2079 2077
4 2080 2082 2083 2081
4 2084 2086 2087 2085
4 2088 2090 2091 2089
4 2092 2094 2095 2093
4 2096 2098 2099 2097
4 2100 2102 2103 2101
4 2104 2106 2107 2105
4 2108 2110 2111 2109
4 2112 2114 2115 2113
4 2116 2118 2119 2117
4 2120 2122 2123 2121
4 2124 2126 2127 2125
4 2128 2130 2131 2129
4 2132 2134 2135 2133
4 2136 2138 2139 2137
4 2140 2142 2143 2141
4 2144 2146 2147 2145
4 2148 2150 2151 2149
4 2152 2154 2155 2153
4 2156 2158 2159 2157
4 2160 2162 2163 2161
4 2164 2166 2167 2165
4 2168 2170 2171 2169
4 2172 2174 2175 2173
4 2176 2178 2179 2177
4 2180 2182 2183 2181
4 2184 2186 2187 2185
4 2188 2190 2191 2189
4 2192 2194 2195 2193
4 2196 2198 2199 2197
4 2200 2202 2203 2201
4 2204 2206 2207 2205
4 2208 2210 2211 2209
4 2212 2214 2215 2213
4 2216 2218 2219 2217
4 2220 2222 2223 2221
4 2224 2226 2227 2225
4 2228 2230 2231 2229
4 2232 2234 2235 2233
4 2236 2238 2239 2237
4 2240 2242 2243 2241
4 2244 2246 2247 2245
4 2248 2250 2251 2249
4 2252 2254 2255 2253
4 2256 2258 2259 2257
4 2260 2262 2263 2261
4 2264 2266 2267 2265
4 2268 2270 2271 2269
4 2272 2274 2275 2273
4 2276 2278 2279 2277
4 2280 2282 2283 2281
4 2284 2286 2287 2285
4 2288 2290 2291 2289
4 2292 2294 2295 2293
4 2296 2298 2299 2297
4 2300 2302 2303 2301
4 2304 2306 2307 2305
4 2308 2310 2311 2309
4 2312 2314 2315 2313
4 2316 2318 2319 2317
4 2320 2322 2323 2321
4 2324 2326 2327 2325
4 2328 2330 2331 2329
4 2332 2334 2335 2333
4 2336 2338 2339 2337
4 2340 2342 2343 2341
4 2344 2346 2347 2345
4 2348 2350 2351 2349
4 2352 2354 2355 2353
4 2356 2358 2359 2357
4 2360 2362 2363 2361
4 2364 2366 2367 2365
4 2368 2370 2371 2369
4 2372 2374 2375 2373
4 2376 2378 2379 2377
4 2380 2382 2383 2381
4 2384 2386 2387 2385
4 2388 2390 2391 2389
4 2392 2394 2395 2393
4 2396 2398 2399 2397
4 2400 2402 2403 2401
4 2404 2406 2407 2405
4 2408 2410 2411 2409
4 2412 2414 2415 2413
4 2416 2418 2419 2417
4 2420 2422 2423 2421
4 2424 2426 2427 2425
4 2428 2430 2431 2429
4 2432 2434 2435 2433
4 2436 2438 2439 2437
4 2440 2442 2443 2441
4 2444 2446 2447 2445
4 2448 2450 2451 2449
4 2452 2454 2455 2453
4 2456 2458 2459 2457
4 2460 2462 2463 2461
4 2464 2466 2467 2465
4 2468 2470 2471 2469
4 2472 2474 2475 2473
4 2476 2478 2479 2477
4 2480 2482 2483 2481
4 2484 2486 2487 2485
4 2488 2490 2491 2489
4 2492 2494 2495 2493
4 2496 2498 2499 2497
4 2500 2502 2503 2501
4 2504 2506 2507 2505
4 2508 2510 2511 2509
4 2512 2514 2515 2513
4 2516 2518 2519 2517
4 2520 2522 2523 2521
4 2524 2526 2527 2525
4 2528 2530 2531 2529
4 2532 2534 2535 2533
4 2536 2538 2539 2537
4 2540 2542 2543 2541
4 2544 2546 2547 2545
4 2548 2550 2551 2549
4 2552 2554 2555 2553
4 2556 2558 2559 2557
4 2560 2562 2563 2561
4 2564 2566 2567 2565
4 2568 2570 2571 2569
4 2572 2574 2575 2573
4 2576 2578 2579 2577
4 2580 2582 2583 2581
4 2584 2586 2587 2585
4 2588 2590 2591 2589
4 2592 2594 2595 2593
4 2596 2598 2599 2597
4 2600 2602 2603 2601
4 2604 2606 2607 2605
4 2608 2610 2611 2609
4 2612 2614 2615 2613
4 2616 2618 2619 2617
4 2620 2622 2623 2621
4 2624 2626 2627 2625
4 2628 2630 2631 2629
4 2632 2634 2635 2633
4 2636 2638 2639 2637
4 2640 2642 2643 2641
4 2644 2646 2647 2645
4 2648 2650 2651 2649
4 2652 2654 2655 2653
4 2656 2658 2659 2657
4 2660 2662 2663 2661
4 2664 2666 2667 2665
4 2668 2670 2671 2669
4 2672 2674 2675 2673
4 2676 2678 2679 2677
4 2680 2682 2683 2681
4 2684 2686 2687 2685
4 2688 2690 2691 2689
4 2692 2694 2695 2693
4 2696 2698 2699 2697
4 2700 2702 2703 2701
4 2704 2706 2707 2705
4 2708 2710 2711 2709
4 2712 2714 2715 2713
4 2716 2718 2719 2717
4 2720 2722 2723 2721
4 2724 2726 2727 2725
4 2728 2730 2731 2729
4 2732 2734 2735 2733
4 2736 2738 2739 2737
4 2740 2742 2743 2741
4 2744 2746 2747 2745
4 2748 2750 2751 2749
4 2752 2754 2755 2753
4 2756 2758 2759 2757
4 2760 2762 2763 2761
4 2764 2766 2767 2765
4 2768 2770 2771 2769
4 2772 2774 2775 2773
4 2776 2778 2779 2777
4 2780 2782 2783 2781
4 2784 2786 2787 2785
4 2788 2790 2791 2789
4 2792 2794 2795 2793
4 2796 2798 2799 2797
4 2800 2802 2803 2801
4 2804 2806 2807 2805
4 2808 2810 2811 2809
4 2812 2814 2815 2813
4 2816 2818 2819 2817
4 2820 2822 2823 2821
4 2824 2826 2827 2825
4 2828 2830 2831 2829
4 2832 2834 2835 2833
4 2836 2838 2839 2837
4 2840 2842 2843 2841
4 2844 2846 2847 2845
4 2848 2850 2851 2849
4 2852 2854 2855 2853
4 2856 2858 2859 2857
4 2860 2862 2863 2861
4 2864 2866 2867 2865
4 2868 2870 2871 2869
4 2872 2874 2875 2873
4 2876 2878 2879 2877
4 2880 2882 2883 2881
4 2884 2886 2887 2885
4 2888 2890 2891 2889
4 2892 2894 2895 2893
4 2896 2898 2899 2897
4 2900 2902 2903 2901
4 2904 2906 2907 2905
4 2908 2910 2911 2909
4 2912 2914 2915 2913
4 2916 2918 2919 2917
4 2920 2922 2923 2921
4 2924 2926 2927 2925
4 2928 2930 2931 2929
4 2932 2934 2935 2933
4 2936 2938 2939 2937
4 2940 2942 2943 2941
4 2944 2946 2947 2945
4 2948 2950 2951 2949
4 2952 2954 2955 2953
4 2956 2958 2959 2957
4 2960 2962 2963 2961
4 2964 2966 2967 2965
4 2968 2970 2971 2969
4 2972 2974 2975 2973
4 2976 2978 2979 2977
4 2980 2982 2983 2981
4 2984 2986 2987 2985
4 2988 2990 2991 2989
4 2992 2994 2995 2993
4 2996 2998 2999 2997
4 3000 3002 3003 3001
4 3004 3006 3007 3005
4 3008 3010 3011 3009
4 3012 3014 3015 3013
4 3016 3018 3019 3017
4 3020 3022 3023 3021
4 3024 3026 3027 3025
4 3028 3030 3031 3029
4 3032 3034 3035 3033
4 3036 3038 3039 3037
4 3040 3042 3043 3041
4 3044 3046 3047 3045
4 3048 3050 3051 3049
4 3052 3054 3055 3053
4 3056 3058 3059 3057
4 3060 3062 3063 3061
4 3064 3066 3067 3065
4 3068 3070 3071 3069
4 3072 3074 3075 3073
4 3076 3078 3079 3077
4 3080 3082 3083 3081
4 3084 3086 3087 3085
4 3088 3090 3091 3089
4 3092 3094 3095 3093
4 3096 3098 3099 3097
4 3100 3102 3103 3101
4 3104 3106 3107 3105
4 3108 3110 3111 3109
4 3112 3114 3115 3113
4 3116 3118 3119 3117
4 3120 3122 3123 3121
4 3124 3126 3127 3125
4 3128 3130 3131 3129
4 3132 3134 3135 3133
4 3136 3138 3139 3137
4 3140 3142 3143 3141
4 3144 3146 3147 3145
4 3148 3150 3151 3149
4 3152 3154 3155 3153
4 3156 3158 3159 3157
4 3160 3162 3163 3161
4 3164 3166 3167 3165
4 3168 3170 3171 3169
4 3172 3174 3175 3173
4 3176 3178 3179 3177
4 3180 3182 3183 3181
4 3184 3186 3187 3185
4 3188 3190 3191 3189
4 3192 3194 3195 3193
4 3196 3198 3199 3197
4 3200 3202 3203 3201
4 3204 3206 3207 3205
4 3208 3210 3211 3209
4 3212 3214 3215 3213
4 3216 3218 3219 3217
4 3220 3222 3223 3221
4 3224 3226 3227 3225
4 3228 3230 3231 3229
4 3232 3234 3235 3233
4 3236 3238 3239 3237
4 3240 3242 3243 3241
4 3244 3246 3247 3245
4 3248 3250 3251 3249
4 3252 3254 3255 3253
4 3256 3258 3259 3257
4 3260 3262 3263 3261
4 3264 3266 3267 3265
4 3268 3270 3271 3269
4 3272 3274 3275 3273
4 3276 3278 3279 3277
4 3280 3282 3283 3281
4 3284 3286 3287 3285
4 3288 3290 3291 3289
4 3292 3294 3295 3293
4 3296 3298 3299 3297
4 3300 3302 3303 3301
4 3304 3306 3307 3305
4 3308 3310 3311 3309
4 3312 3314 3315 3313
4 3316 3318 3319 3317
4 3320 3322 3323 3321
4 3324 3326 3327 3325
4 3328 3330 3331 3329
4 3332 3334 3335 3333
4 3336 3338 3339 3337
4 3340 3342 3343 3341
4 3344 3346 3347 3345
4 3348 3350 3351 3349
4 3352 3354 3355 3353
4 3356 3358 3359 3357
4 3360 3362 3363 3361
4 3364 3366 3367 3365
4 3368 3370 3371 3369
4 3372 3374 3375 3373
4 3376 3378 3379 3377
4 3380 3382 3383 3381
4 3384 3386 3387 3385
4 3388 3390 3391 3389
4 3392 3394 3395 3393
4 3396 3398 3399 3397
4 3400 3402 3403 3401
4 3404 3406 3407 3405
4 3408 3410 3411 3409
4 3412 3414 3415 3413
4 3416 3418 3419 3417
4 3420 3422 3423 3421
4 3424 3426 3427 3425
4 3428 3430 3431 3429
4 3432 3434 3435 3433
4 3436 3438 3439 3437
4 3440 3442 3443 3441
4 3444 3446 3447 3445
4 3448 3450 3451 3449
4 3452 3454 3455 3453
4 3456 3458 3459 3457
4 3460 3462 3463 3461
4 3464 3466 3467 3465
4 3468 3470 3471 3469
4 3472 3474 3475 3473
4 3476 3478 3479 3477
4 3480 3482 3483 3481
4 3484 3486 3487 3485
4 3488 3490 3491 3489
4 3492 3494 3495 3493
4 3496 3498 3499 3497
4 3500 3502 3503 3501
4 3504 3506 3507 3505
4 3508 3510 3511 3509
4 3512 3514 3515 3513
4 3516 3518 3519 3517
4 3520 3522 3523 3521
4 3524 3526 3527 3525
4 3528 3530 3531 3529
4 3532 3534 3535 3533
4 3536 3538 3539 3537
4 3540 3542 3543 3541
4 3544 3546 3547 3545
4 3548 3550 3551 3549
4 3552 3554 3555 3553
4 3556 3558 3559 3557
4 3560 3562 3563 3561
4 3564 3566 3567 3565
4 3568 3570 3571 3569
4 3572 3574 3575 3573
4 3576 3578 3579 3577
4 3580 3582 3583 3581
4 3584 3586 3587 3585
4 3588 3590 3591 3589
4 3592 3594 3595 3593
4 3596 3598 3599 3597
4 3600 3602 3603 3601
4 3604 3606 3607 3605
4 3608 3610 3611 3609
4 3612 3614 3615 3613
4 3616 3618 3619 3617
4 3620 3622 3623 3621
4 3624 3626 3627 3625
4 3628 3630 3631 3629
4 3632 3634 3635 3633
4 3636 3638 3639 3637
4 3640 3642 3643 3641
4 3644 3646 3647 3645
4 3648 3650 3651 3649
4 3652 3654 3655 3653
4 3656 3658 3659 3657
4 3660 3662 3663 3661
4 3664 3666 3667 3665
4 3668 3670 3671 3669
4 3672 3674 3675 3673
4 3676 3678 3679 3677
4 3680 3682 3683 3681
4 3684 3686 3687 3685
4 3688 3690 3691 3689
4 3692 3694 3695 3693
4 3696 3698 3699 3697
4 3700 3702 3703 3701
4 3704 3706 3707 3705
4 3708 3710 3711 3709
4 3712 3714 3715 3713
4 3716 3718 3719 3717
4 3720 3722 3723 3721
4 3724 3726 3727 3725
4 3728 3730 3731 3729
4 3732 3734 3735 3733
4 3736 3738 3739 3737
4 3740 3742 3743 3741
4 3744 3746 3747 3745
4 3748 3750 3751 3749
4 3752 3754 3755 3753
4 3756 3758 3759 3757
4 3760 3762 3763 3761
4 3764 3766 3767 3765
4 3768 3770 3771 3769
4 3772 3774 3775 3773
4 3776 3778 3779 3777
4 3780 3782 3783 3781
4 3784 3786 3787 3785
4 3788 3790 3791 3789
4 3792 3794 3795 3793
4 3796 3798 3799 3797
4 3800 3802 3803 3801
4 3804 3806 3807 3805
4 3808 3810 3811 3809
4 3812 3814 3815 3813
4 3816 3818 3819 3817
4 3820 3822 3823 3821
4 3824 3826 3827 3825
4 3828 3830 3831 3829
4 3832 3834 3835 3833
4 3836 3838 3839 3837
4 3840 3842 3843 3841
4 3844 3846 3847 3845
4 3848 3850 3851 3849
4 3852 3854 3855 3853
4 3856 3858 3859 3857
4 3860 3862 3863 3861
4 3864 3866 3867 3865
4 3868 3870 3871 3869
4 3872 3874 3875 3873
4 3876 3878 3879 3877
4 3880 3882 3883 3881
4 3884 3886 3887 3885
4 3888 3890 3891 3889
4 3892 3894 3895 3893
4 3896 3898 3899 3897
4 3900 3902 3903 3901
4 3904 3906 3907 3905
4 3908 3910 3911 3909
4 3912 3914 3915 3913
4 3916 3918 3919 3917
4 3920 3922 3923 3921
4 3924 3926 3927 3925
4 3928 3930 3931 3929
4 3932 3934 3935 3933
4 3936 3938 3939 3937
4 3940 3942 3943 3941
4 3944 3946 3947 3945
4 3948 3950 3951 3949
4 3952 3954 3955 3953
4 3956 3958 3959 3957
4 3960 3962 3963 3961
4 3964 3966 3967 3965
4 3968 3970 3971 3969
4 3972 3974 3975 3973
4 3976 3978 3979 3977
4 3980 3982 3983 3981
4 3984 3986 3987 3985
4 3988 3990 3991 3989
4 3992 3994 3995 3993
4 3996 3998 3999 3997
4 4000 4002 4003 4001
4 4004 4006 4007 4005
4 4008 4010 4011 4009
4 4012 4014 4015 4013
4 4016 4018 4019 4017
4 4020 4022 4023 4021
4 4024 4026 4027 4025
4 4028 4030 4031 4029
4 4032 4034 4035 4033
4 4036 4038 4039 4037
4 4040 4042 4043 4041
4 4044 4046 4047 4045
4 4048 4050 4051 4049
4 4052 4054 4055 4053
4 4056 4058 4059 4057
4 4060 4062 4063 4061
4 4064 4066 4067 4065
4 4068 4070 4071 4069
4 4072 4074 4075 4073
4 4076 4078 4079 4077
4 4080 4082 4083 4081
4 4084 4086 4087 4085
4 4088 4090 4091 4089
4 4092 4094 4095 4093
4 4096 4098 4099 4097
4 4100 4102 4103 4101
4 4104 4106 4107 4105
4 4108 4110 4111 4109
4 4112 4114 4115 4113
4 4116 4118 4119 4117
4 4120 4122 4123 4121
4 4124 4126 4127 4125
4 4128 4130 4131 4129
4 4132 4134 4135 4133
4 4136 4138 4139 4137
4 4140 4142 4143 4141
4 4144 4146 4147 4145
4 4148 4150 4151 4149
4 4152 4154 4155 4153
4 4156 4158 4159 4157
4 4160 4162 4163 4161
4 4164 4166 4167 4165
4 4168 4170 4171 4169
4 4172 4174 4175 4173
4 4176 4178 4179 4177
4 4180 4182 4183 4181
4 4184 4186 4187 4185
4 4188 4190 4191 4189
4 4192 4194 4195 4193
4 4196 4198 4199 4197
4 4200 4202 4203 4201
4 4204 4206 4207 4205
4 4208 4210 4211 4209
4 4212 4214 4215 4213
4 4216 4218 4219 4217
4 4220 4222 4223 4221
4 4224 4226 4227 4225
4 4228 4230 4231 4229
4 4232 4234 4235 4233
4 4236 4238 4239 4237
4 4240 4242 4243 4241
4 4244 4246 4247 4245
4 4248 4250 4251 4249
4 4252 4254 4255 4253
4 4256 4258 4259 4257
4 4260 4262 4263 4261
4 4264 4266 4267 4265
4 4268 4270 4271 4269
4 4272 4274 4275 4273
4 4276 4278 4279 4277
4 4280 4282 4283 4281
4 4284 4286 4287 4285
4 4288 4290 4291 4289
4 4292 4294 4295 4293
4 4296 4298 4299 4297
4 4300 4302 4303 4301
4 4304 4306 4307 4305
4 4308 4310 4311 4309
4 4312 4314 4315 4313
4 4316 4318 4319 4317
4 4320 4322 4323 4321
4 4324 4326 4327 4325
4 4328 4330 4331 4329
4 4332 4334 4335 4333
4 4336 4338 4339 4337
4 4340 4342 4343 4341
4 4344 4346 4347 4345
4 4348 4350 4351 4349
4 4352 4354 4355 4353
4 4356 4358 4359 4357
4 4360 4362 4363 4361
4 4364 4366 4367 4365
4 4368 4370 4371 4369
4 4372 4374 4375 4373
4 4376 4378 4379 4377
4 4380 4382 4383 4381
4 4384 4386 4387 4385
4 4388 4390 4391 4389
4 4392 4394 4395 4393
4 4396 4398 4399 4397
4 4400 4402 4403 4401
4 4404 4406 4407 4405
4 4408 4410 4411 4409
4 4412 4414 4415 4413
4 4416 4418 4419 4417
4 4420 4422 4423 4421
4 4424 4426 4427 4425
4 4428 4430 4431 4429
4 4432 4434 4435 4433
4 4436 4438 4439 4437
4 4440 4442 4443 4441
4 4444 4446 4447 4445
4 4448 4450 4451 4449
4 4452 4454 4455 4453
4 4456 4458 4459 4457
4 4460 4462 4463 4461
4 4464 4466 4467 4465
4 4468 4470 4471 4469
4 4472 4474 4475 4473
4 4476 4478 4479 4477
4 4480 4482 4483 4481
4 4484 4486 4487 4485
4 4488 4490 4491 4489
4 4492 4494 4495 4493
4 4496 4498 4499 4497
4 4500 4502 4503 4501
4 4504 4506 4507 4505
4 4508 4510 4511 4509
4 4512 4514 4515 4513
4 4516 4518 4519 4517
4 4520 4522 4523 4521
4 4524 4526 4527 4525
4 4528 4530 4531 4529
4 4532 4534 4535 4533
4 4536 4538 4539 4537
4 4540 4542 4543 4541
4 4544 4546 4547 4545
4 4548 4550 4551 4549
4 4552 4554 4555 4553
4 4556 4558 4559 4557
4 4560 4562 4563 4561
4 4564 4566 4567 4565
4 4568 4570 4571 4569
4 4572 4574 4575 4573
4 4576 4578 4579 4577
4 4580 4582 4583 4581
4 4584 4586 4587 4585
4 4588 4590 4591 4589
4 4592 4594 4595 4593
4 4596 4598 4599 4597
4 4600 4602 4603 4601
4 4604 4606 4607 4605
4 4608 4610 4611 4609
4 4612 4614 4615 4613
4 4616 4618 4619 4617
4 4620 4622 4623 4621
4 4624 4626 4627 4625
4 4628 4630 4631 4629
4 4632 4634 4635 4633
4 4636 4638 4639 4637
4 4640 4642 4643 4641
4 4644 4646 4647 4645
4 4648 4650 4651 4649
4 4652 4654 4655 4653
4 4656 4658 4659 4657
4 4660 4662 4663 4661
4 4664 4666 4667 4665
4 4668 4670 4671 4669
4 4672 4674 4675 4673
4 4676 4678 4679 4677
4 4680 4682 4683 4681
4 4684 4686 4687 4685
4 4688 4690 4691 4689
4 4692 4694 4695 4693
4 4696 4698 4699 4697
4 4700 4702 4703 4701
4 4704 4706 4707 4705
4 4708 4710 4711 4709
4 4712 4714 4715 4713
4 4716 4718 4719 4717
4 4720 4722 4723 4721
4 4724 4726 4727 4725
4 4728 4730 4731 4729
4 4732 4734 4735 4733
4 4736 4738 4739 4737
4 4740 4742 4743 4741
4 4744 4746 4747 4745
4 4748 4750 4751 4749
4 4752 4754 4755 4753
4 4756 4758 4759 4757
4 4760 4762 4763 4761
4 4764 4766 4767 4765
4 4768 4770 4771 4769
4 4772 4774 4775 4773
4 4776 4778 4779 4777
4 4780 4782 4783 4781
4 4784 4786 4787 4785
4 4788 4790 4791 4789
4 4792 4794 4795 4793
4 4796 4798 4799 4797
4 4800 4802 4803 4801
4 4804 4806 4807 4805
4 4808 4810 4811 4809
4 4812 4814 4815 4813
4 4816 4818 4819 4817
4 4820 4822 4823 4821
4 4824 4826 4827 4825
4 4828 4830 4831 4829
4 4832 4834 4835 4833
4 4836 4838 4839 4837
4 4840 4842 4843 4841
4 4844 4846 4847 4845
4 4848 4850 4851 4849
4 4852 4854 4855 4853
4 4856 4858 4859 4857
4 4860 4862 4863 4861
4 4864 4866 4867 4865
4 4868 4870 4871 4869
4 4872 4874 4875 4873
4 4876 4878 4879 4877
4 4880 4882 4883 4881
4 4884 4886 4887 4885
4 4888 4890 4891 4889
4 4892 4894 4895 4893
4 4896 4898 4899 4897
4 4900 4902 4903 4901
4 4904 4906 4907 4905
4 4908 4910 4911 4909
4 4912 4914 4915 4913
4 4916 4918 4919 4917
4 4920 4922 4923 4921
4 4924 4926 4927 4925
4 4928 4930 4931 4929
4 4932 4934 4935 4933
4 4936 4938 4939 4937
4 4940 4942 4943 4941
4 4944 4946 4947 4945
4 4948 4950 4951 4949
4 4952 4954 4955 4953
4 4956 4958 4959 4957
4 4960 4962 4963 4961
4 4964 4966 4967 4965
4 4968 4970 4971 4969
4 4972 4974 4975 4973
4 4976 4978 4979 4977
4 4980 4982 4983 4981
4 4984 4986 4987 4985
4 4988 4990 4991 4989
4 4992 4994 4995 4993
4 4996 4998 4999 4997
4 5000 5002 5003 5001
4 5004 5006 5007 5005
4 5008 5010 5011 5009
4 5012 5014 5015 5013
4 5016 5018 5019 5017
4 5020 5022 5023 5021
4 5024 5026 5027 5025
4 5028 5030 5031 5029
4 5032 5034 5035 5033
4 5036 5038 5039 5037
4 5040 5042 5043 5041
4 5044 5046 5047 5045
4 5048 5050 5051 5049
4 5052 5054 5055 5053
4 5056 5058 5059 5057
4 5060 5062 5063 5061
4 5064 5066 5067 5065
4 5068 5070 5071 5069
4 5072 5074 5075 5073
4 5076 5078 5079 5077
4 5080 5082 5083 5081
4 5084 5086 5087 5085
4 5088 5090 5091 5089
4 5092 5094 5095 5093
4 5096 5098 5099 5097
4 5100 5102 5103 5101
4 5104 5106 5107 5105
4 5108 5110 5111 5109
4 5112 5114 5115 5113
4 5116 5118 5119 5117
4 5120 5122 5123 5121
4 5124 5126 5127 5125
4 5128 5130 5131 5129
4 5132 5134 5135 5133
4 5136 5138 5139 5137
4 5140 5142 5143 5141
4 5144 5146 5147 5145
4 5148 5150 5151 5149
4 5152 5154 5155 5153
4 5156 5158 5159 5157
4 5160 5162 5163 5161
4 5164 5166 5167 5165
4 5168 5170 5171 5169
4 5172 5174 5175 5173
4 5176 5178 5179 5177
4 5180 5182 5183 5181
4 5184 5186 5187 5185
4 5188 5190 5191 5189
4 5192 5194 5195 5193
4 5196 5198 5199 5197
4 5200 5202 5203 5201
4 5204 5206 5207 5205
4 5208 5210 5211 5209
4 5212 5214 5215 5213
4 5216 5218 5219 5217
4 5220 5222 5223 5221
4 5224 5226 5227 5225
4 5228 5230 5231 5229
4 5232 5234 5235 5233
4 5236 5238 5239 5237
4 5240 5242 5243 5241
4 5244 5246 5247 5245
4 5248 5250 5251 5249
4 5252 5254 5255 5253
4 5256 5258 5259 5257
4 5260 5262 5263 5261
4 5264 5266 5267 5265
4 5268 5270 5271 5269
4 5272 5274 5275 5273
4 5276 5278 5279 5277
4 5280 5282 5283 5281
4 5284 5286 5287 5285
4 5288 5290 5291 5289
4 5292 5294 5295 5293
4 5296 5298 5299 5297
4 5300 5302 5303 5301
4 5304 5306 5307 5305
4 5308 5310 5311 5309
4 5312 5314 5315 5313
4 5316 5318 5319 5317
4 5320 5322 5323 5321
4 5324 5326 5327 5325
4 5328 5330 5331 5329
4 5332 5334 5335 5333
4 5336 5338 5339 5337
4 5340 5342 5343 5341
4 5344 5346 5347 5345
4 5348 5350 5351 5349
4 5352 5354 5355 5353
4 5356 5358 5359 5357
4 5360 5362 5363 5361
4 5364 5366 5367 5365
4 5368 5370 5371 5369
4 5372 5374 5375 5373
4 5376 5378 5379 5377
4 5380 5382 5383 5381
4 5384 5386 5387 5385
4 5388 5390 5391 5389
4 5392 5394 5395 5393
4 5396 5398 5399 5397
4 5400 5402 5403 5401
4 5404 5406 5407 5405
4 5408 5410 5411 5409
4 5412 5414 5415 5413
4 5416 5418 5419 5417
4 5420 5422 5423 5421
4 5424 5426 5427 5425
4 5428 5430 5431 5429
4 5432 5434 5435 5433
4 5436 5438 5439 5437
4 5440 5442 5443 5441
4 5444 5446 5447 5445
4 5448 5450 5451 5449
4 5452 5454 5455 5453
4 5456 5458 5459 5457
4 5460 5462 5463 5461
4 5464 5466 5467 5465
4 5468 5470 5471 5469
4 5472 5474 5475 5473
4 5476 5478 5479 5477
4 5480 5482 5483 5481
4 5484 5486 5487 5485
4 5488 5490 5491 5489
4 5492 5494 5495 5493
4 5496 5498 5499 5497
4 5500 5502 5503 5501
4 5504 5506 5507 5505
4 5508 5510 5511 5509
4 5512 5514 5515 5513
4 5516 5518 5519 5517
4 5520 5522 5523 5521
4 5524 5526 5527 5525
4 5528 5530 5531 5529
4 5532 5534 5535 5533
4 5536 5538 5539 5537
4 5540 5542 5543 5541
4 5544 5546 5547 5545
4 5548 5550 5551 5549
4 5552 5554 5555 5553
4 5556 5558 5559 5557
4 5560 5562 5563 5561
4 5564 5566 5567 5565
4 5568 5570 5571 5569
4 5572 5574 5575 5573
4 5576 5578 5579 5577
4 5580 5582 5583 5581
4 5584 5586 5587 5585
4 5588 5590 5591 5589
4 5592 5594 5595 5593
4 5596 5598 5599 5597
4 5600 5602 5603 5601
4 5604 5606 5607 5605
4 5608 5610 5611 5609
4 5612 5614 5615 5613
4 5616 5618 5619 5617
4 5620 5622 5623 5621
4 5624 5626 5627 5625
4 5628 5630 5631 5629
4 5632 5634 5635 5633
4 5636 5638 5639 5637
4 5640 5642 5643 5641
4 5644 5646 5647 5645
4 5648 5650 5651 5649
4 5652 5654 5655 5653
4 5656 5658 5659 5657
4 5660 5662 5663 5661
4 5664 5666 5667 5665
4 5668 5670 5671 5669
4 5672 5674 5675 5673
4 5676 5678 5679 5677
4 5680 5682 5683 5681
4 5684 5686 5687 5685
4 5688 5690 5691 5689
4 5692 5694 5695 5693
4 5696 5698 5699 5697
4 5700 5702 5703 5701
4 5704 5706 5707 5705
4 5708 5710 5711 5709
4 5712 5714 5715 5713
4 5716 5718 5719 5717
4 5720 5722 5723 5721
4 5724 5726 5727 5725
4 5728 5730 5731 5729
4 5732 5734 5735 5733
4 5736 5738 5739 5737
4 5740 5742 5743 5741
4 5744 5746 5747 5745
4 5748 5750 5751 5749
4 5752 5754 5755 5753
4 5756 5758 5759 5757
4 5760 5762 5763 5761
4 5764 5766 5767 5765
4 5768 5770 5771 5769
4 5772 5774 5775 5773
4 5776 5778 5779 5777
4 5780 5782 5783 5781
4 5784 5786 5787 5785
4 5788 5790 5791 5789
4 5792 5794 5795 5793
4 5796 5798 5799 5797
4 5800 5802 5803 5801
4 5804 5806 5807 5805
4 5808 5810 5811 5809
4 5812 5814 5815 5813
4 5816 5818 5819 5817
4 5820 5822 5823 5821
4 5824 5826 5827 5825
4 5828 5830 5831 5829
4 5832 5834 5835 5833
4 5836 5838 5839 5837
4 5840 5842 5843 5841
4 5844 5846 5847 5845
4 5848 5850 5851 5849
4 5852 5854 5855 5853
4 5856 5858 5859 5857
4 5860 5862 5863 5861
4 5864 5866 5867 5865
4 5868 5870 5871 5869
4 5872 5874 5875 5873
4 5876 5878 5879 5877
4 5880 5882 5883 5881
4 5884 5886 5887 5885
4 5888 5890 5891 5889
4 5892 5894 5895 5893
4 5896 5898 5899 5897
4 5900 5902 5903 5901
4 5904 5906 5907 5905
4 5908 5910 5911 5909
4 5912 5914 5915 5913
4 5916 5918 5919 5917
4 5920 5922 5923 5921
4 5924 5926 5927 5925
4 5928 5930 5931 5929
4 5932 5934 5935 5933
4 5936 5938 5939 5937
4 5940 5942 5943 5941
4 5944 5946 5947 5945
4 5948 5950 5951 5949
4 5952 5954 5955 5953
4 5956 5958 5959 5957
4 5960 5962 5963 5961
4 5964 5966 5967 5965
4 5968 5970 5971 5969
4 5972 5974 5975 5973
4 5976 5978 5979 5977
4 5980 5982 5983 5981
4 5984 5986 5987 5985
4 5988 5990 5991 5989
4 5992 5994 5995 5993
4 5996 5998 5999 5997
4 6000 6002 6003 6001
4 6004 6006 6007 6005
4 6008 6010 6011 6009
4 6012 6014 6015 6013
4 6016 6018 6019 6017
4 6020 6022 6023 6021
4 6024 6026 6027 6025
4 6028 6030 6031 6029
4 6032 6034 6035 6033
4 6036 6038 6039 6037
4 6040 6042 6043 6041
4 6044 6046 6047 6045
4 6048 6050 6051 6049
4 6052 6054 6055 6053
4 6056 6058 6059 6057
4 6060 6062 6063 6061
4 6064 6066 6067 6065
4 6068 6070 6071 6069
4 6072 6074 6075 6073
4 6076 6078 6079 6077
4 6080 6082 6083 6081
4 6084 6086 6087 6085
4 6088 6090 6091 6089
4 6092 6094 6095 6093
4 6096 6098 6099 6097
4 6100 6102 6103 6101
4 6104 6106 6107 6105
4 6108 6110 6111 6109
4 6112 6114 6115 6113
4 6116 6118 6119 6117
4 6120 6122 6123 6121
4 6124 6126 6127 6125
4 6128 6130 6131 6129
4 6132 6134 6135 6133
4 6136 6138 6139 6137
4 6140 6142 6143 6141
4 6144 6146 6147 6145
4 6148 6150 6151 6149
4 6152 6154 6155 6153
4 6156 6158 6159 6157
4 6160 6162 6163 6161
4 6164 6166 6167 6165
4 6168 6170 6171 6169
4 6172 6174 6175 6173
4 6176 6178 6179 6177
4 6180 6182 6183 6181
4 6184 6186 6187 6185
4 6188 6190 6191 6189
4 6192 6194 6195 6193
4 6196 6198 6199 6197
4 6200 6202 6203 6201
4 6204 6206 6207 6205
4 6208 6210 6211 6209
4 6212 6214 6215 6213
4 6216 6218 6219 6217
4 6220 6222 6223 6221
4 6224 6226 6227 6225
4 6228 6230 6231 6229
4 6232 6234 6235 6233
4 6236 6238 6239 6237
4 6240 6242 6243 6241
4 6244 6246 6247 6245
4 6248 6250 6251 6249
4 6252 6254 6255 6253
4 6256 6258 6259 6257
4 6260 6262 6263 6261
4 6264 6266 6267 6265
4 6268 6270 6271 6269
4 6272 6274 6275 6273
4 6276 6278 6279 6277
4 6280 6282 6283 6281
4 6284 6286 6287 6285
4 6288 6290 6291 6289
4 6292 6294 6295 6293
4 6296 6298 6299 6297
4 6300 6302 6303 6301
4 6304 6306 6307 6305
4 6308 6310 6311 6309
4 6312 6314 6315 6313
4 6316 6318 6319 6317
4 6320 6322 6323 6321
4 6324 6326 6327 6325
4 6328 6330 6331 6329
4 6332 6334 6335 6333
4 6336 6338 6339 6337
4 6340 6342 6343 6341
4 6344 6346 6347 6345
4 6348 6350 6351 6349
4 6352 6354 6355 6353
4 6356 6358 6359 6357
4 6360 6362 6363 6361
4 6364 6366 6367 6365
4 6368 6370 6371 6369
4 6372 6374 6375 6373
4 6376 6378 6379 6377
4 6380 6382 6383 6381
4 6384 6386 6387 6385
4 6388 6390 6391 6389
4 6392 6394 6395 6393
4 6396 6398 6399 6397
4 6400 6402 6403 6401
4 6404 6406 6407 6405
4 6408 6410 6411 6409
4 6412 6414 6415 6413
4 6416 6418 6419 6417
4 6420 6422 6423 6421
4 6424 6426 6427 6425
4 6428 6430 6431 6429
4 6432 6434 6435 6433
4 6436 6438 6439 6437
4 6440 6442 6443 6441
4 6444 6446 6447 6445
4 6448 6450 6451 6449
4 6452 6454 6455 6453
4 6456 6458 6459 6457
4 6460 6462 6463 6461
4 6464 6466 6467 6465
4 6468 6470 6471 6469
4 6472 6474 6475 6473
4 6476 6478 6479 6477
4 6480 6482 6483 6481
4 6484 6486 6487 6485
4 6488 6490 6491 6489
4 6492 6494 6495 6493
4 6496 6498 6499 6497
4 6500 6502 6503 6501
4 6504 6506 6507 6505
4 6508 6510 6511 6509
4 6512 6514 6515 6513
4 6516 6518 6519 6517
4 6520 6522 6523 6521
4 6524 6526 6527 6525
4 6528 6530 6531 6529
4 6532 6534 6535 6533
4 6536 6538 6539 6537
4 6540 6542 6543 6541
4 6544 6546 6547 6545
4 6548 6550 6551 6549
4 6552 6554 6555 6553
4 6556 6558 6559 6557
4 6560 6562 6563 6561
4 6564 6566 6567 6565
4 6568 6570 6571 6569
4 6572 6574 6575 6573
4 6576 6578 6579 6577
4 6580 6582 6583 6581
4 6584 6586 6587 6585
4 6588 6590 6591 6589
4 6592 6594 6595 6593
4 6596 6598 6599 6597
4 6600 6602 6603 6601
4 6604 6606 6607 6605
4 6608 6610 6611 6609
4 6612 6614 6615 6613
4 6616 6618 6619 6617
4 6620 6622 6623 6621
4 6624 6626 6627 6625
4 6628 6630 6631 6629
4 6632 6634 6635 6633
4 6636 6638 6639 6637
4 6640 6642 6643 6641
4 6644 6646 6647 6645
4 6648 6650 6651 6649
4 6652 6654 6655 6653
4 6656 6658 6659 6657
4 6660 6662 6663 6661
4 6664 6666 6667 6665
4 6668 6670 6671 6669
4 6672 6674 6675 6673
4 6676 6678 6679 6677
4 6680 6682 6683 6681
4 6684 6686 6687 6685
4 6688 6690 6691 6689
4 6692 6694 6695 6693
4 6696 6698 6699 6697
4 6700 6702 6703 6701
4 6704 6706 6707 6705
4 6708 6710 6711 6709
4 6712 6714 6715 6713
4 6716 6718 6719 6717
4 6720 6722 6723 6721
4 6724 6726 6727 6725
4 6728 6730 6731 6729
4 6732 6734 6735 6733
4 6736 6738 6739 6737
4 6740 6742 6743 6741
4 6744 6746 6747 6745
4 6748 6750 6751 6749
4 6752 6754 6755 6753
4 6756 6758 6759 6757
4 6760 6762 6763 6761
4 6764 6766 6767 6765
4 6768 6770 6771 6769
4 6772 6774 6775 6773
4 6776 6778 6779 6777
4 6780 6782 6783 6781
4 6784 6786 6787 6785
4 6788 6790 6791 6789
4 6792 6794 6795 6793
4 6796 6798 6799 6797
4 6800 6802 6803 6801
4 6804 6806 6807 6805
4 6808 6810 6811 6809
4 6812 6814 6815 6813
4 6816 6818 6819 6817
4 6820 6822 6823 6821
4 6824 6826 6827 6825
4 6828 6830 6831 6829
4 6832 6834 6835 6833
4 6836 6838 6839 6837
4 6840 6842 6843 6841
4 6844 6846 6847 6845
4 6848 6850 6851 6849
4 6852 6854 6855 6853
4 6856 6858 6859 6857
4 6860 6862 6863 6861
4 6864 6866 6867 6865
4 6868 6870 6871 6869
4 6872 6874 6875 6873
4 6876 6878 6879 6877
4 6880 6882 6883 6881
4 6884 6886 6887 6885
4 6888 6890 6891 6889
4 6892 6894 6895 6893
4 6896 6898 6899 6897
4 6900 6902 6903 6901
4 6904 6906 6907 6905
4 6908 6910 6911 6909
4 6912 6914 6915 6913
4 6916 6918 6919 6917
4 6920 6922 6923 6921
4 6924 6926 6927 6925
4 6928 6930 6931 6929
4 6932 6934 6935 6933
4 6936 6938 6939 6937
4 6940 6942 6943 6941
4 6944 6946 6947 6945
4 6948 6950 6951 6949
4 6952 6954 6955 6953
4 6956 6958 6959 6957
4 6960 6962 6963 6961
4 6964 6966 6967 6965
4 6968 6970 6971 6969
4 6972 6974 6975 6973
4 6976 6978 6979 6977
4 6980 6982 6983 6981
4 6984 6986 6987 6985
4 6988 6990 6991 6989
4 6992 6994 6995 6993
4 6996 6998 6999 6997
4 7000 7002 7003 7001
4 7004 7006 7007 7005
4 7008 7010 7011 7009
4 7012 7014 7015 7013
4 7016 7018 7019 7017
4 7020 7022 7023 7021
4 7024 7026 7027 7025
4 7028 7030 7031 7029
4 7032 7034 7035 7033
4 7036 7038 7039 7037
4 7040 7042 7043 7041
4 7044 7046 7047 7045
4 7048 7050 7051 7049
4 7052 7054 7055 7053
4 7056 7058 7059 7057
4 7060 7062 7063 7061
4 7064 7066 7067 7065
4 7068 7070 7071 7069
4 7072 7074 7075 7073
4 7076 7078 7079 7077
4 7080 7082 7083 7081
4 7084 7086 7087 7085
4 7088 7090 7091 7089
4 7092 7094 7095 7093
4 7096 7098 7099 7097
4 7100 7102 7103 7101
4 7104 7106 7107 7105
4 7108 7110 7111 7109
4 7112 7114 7115 7113
4 7116 7118 7119 7117
4 7120 7122 7123 7121
4 7124 7126 7127 7125
4 7128 7130 7131 7129
4 7132 7134 7135 7133
4 7136 7138 7139 7137
4 7140 7142 7143 7141
4 7144 7146 7147 7145
4 7148 7150 7151 7149
4 7152 7154 7155 7153
4 7156 7158 7159 7157
4 7160 7162 7163 7161
4 7164 7166 7167 7165
4 7168 7170 7171 7169
4 7172 7174 7175 7173
4 7176 7178 7179 7177
4 7180 7182 7183 7181
4 7184 7186 7187 7185
4 7188 7190 7191 7189
4 7192 7194 7195 7193
4 7196 7198 7199 7197
4 7200 7202 7203 7201
4 7204 7206 7207 7205
4 7208 7210 7211 7209
4 7212 7214 7215 7213
4 7216 7218 7219 7217
4 7220 7222 7223 7221
4 7224 7226 7227 7225
4 7228 7230 7231 7229
4 7232 7234 7235 7233
4 7236 7238 7239 7237
4 7240 7242 7243 7241
4 7244 7246 7247 7245
4 7248 7250 7251 7249
4 7252 7254 7255 7253
4 7256 7258 7259 7257
4 7260 7262 7263 7261
4 7264 7266 7267 7265
4 7268 7270 7271 7269
4 7272 7274 7275 7273
4 7276 7278 7279 7277
4 7280 7282 7283 7281
4 7284 7286 7287 7285
4 7288 7290 7291 7289
4 7292 7294 7295 7293
4 7296 7298 7299 7297
4 7300 7302 7303 7301
4 7304 7306 7307 7305
4 7308 7310 7311 7309
4 7312 7314 7315 7313
4 7316 7318 7319 7317
4 7320 7322 7323 7321
4 7324 7326 7327 7325
4 7328 7330 7331 7329
4 7332 7334 7335 7333
4 7336 7338 7339 7337
4 7340 7342 7343 7341
4 7344 7346 7347 7345
4 7348 7350 7351 7349
4 7352 7354 7355 7353
4 7356 7358 7359 7357
4 7360 7362 7363 7361
4 7364 7366 7367 7365
4 7368 7370 7371 7369
4 7372 7374 7375 7373
4 7376 7378 7379 7377
4 7380 7382 7383 7381
4 7384 7386 7387 7385
4 7388 7390 7391 7389
4 7392 7394 7395 7393
4 7396 7398 7399 7397
4 7400 7402 7403 7401
4 7404 7406 7407 7405
4 7408 7410 7411 7409
4 7412 7414 7415 7413
4 7416 7418 7419 7417
4 7420 7422 7423 7421
4 7424 7426 7427 7425
4 7428 7430 7431 7429
4 7432 7434 7435 7433
4 7436 7438 7439 7437
4 7440 7442 7443 7441
4 7444 7446 7447 7445
4 7448 7450 7451 7449
4 7452 7454 7455 7453
4 7456 7458 7459 7457
4 7460 7462 7463 7461
4 7464 7466 7467 7465
4 7468 7470 7471 7469
4 7472 7474 7475 7473
4 7476 7478 7479 7477
4 7480 7482 7483 7481
4 7484 7486 7487 7485
4 7488 7490 7491 7489
4 7492 7494 7495 7493
4 7496 7498 7499 7497
4 7500 7502 7503 7501
4 7504 7506 7507 7505
4 7508 7510 7511 7509
4 7512 7514 7515 7513
4 7516 7518 7519 7517
4 7520 7522 7523 7521
4 7524 7526 7527 7525
4 7528 7530 7531 7529
4 7532 7534 7535 7533
4 7536 7538 7539 7537
4 7540 7542 7543 7541
4 7544 7546 7547 7545
4 7548 7550 7551 7549
4 7552 7554 7555 7553
4 7556 7558 7559 7557
4 7560 7562 7563 7561
4 7564 7566 7567 7565
4 7568 7570 7571 7569
4 7572 7574 7575 7573
4 7576 7578 7579 7577
4 7580 7582 7583 7581
4 7584 7586 7587 7585
4 7588 7590 7591 7589
4 7592 7594 7595 7593
4 7596 7598 7599 7597
4 7600 7602 7603 7601
4 7604 7606 7607 7605
4 7608 7610 7611 7609
4 7612 7614 7615 7613
4 7616 7618 7619 7617
4 7620 7622 7623 7621
4 7624 7626 7627 7625
4 7628 7630 7631 7629
4 7632 7634 7635 7633
4 7636 7638 7639 7637
4 7640 7642 7643 7641
4 7644 7646 7647 7645
4 7648 7650 7651 7649
4 7652 7654 7655 7653
4 7656 7658 7659 7657
4 7660 7662 7663 7661
4 7664 7666 7667 7665
4 7668 7670 7671 7669
4 7672 7674 7675 7673
4 7676 7678 7679 7677
4 7680 7682 7683 7681
4 7684 7686 7687 7685
4 7688 7690 7691 7689
4 7692 7694 7695 7693
4 7696 7698 7699 7697
4 7700 7702 7703 7701
4 7704 7706 7707 7705
4 7708 7710 7711 7709
4 7712 7714 7715 7713
4 7716 7718 7719 7717
4 7720 7722 7723 7721
4 7724 7726 7727 7725
4 7728 7730 7731 7729
4 7732 7734 7735 7733
4 7736 7738 7739 7737
4 7740 7742 7743 7741
4 7744 7746 7747 7745
4 7748 7750 7751 7749
4 7752 7754 7755 7753
4 7756 7758 7759 7757
4 7760 7762 7763 7761
4 7764 7766 7767 7765
4 7768 7770 7771 7769
4 7772 7774 7775 7773
4 7776 7778 7779 7777
4 7780 7782 7783 7781
4 7784 7786 7787 7785
4 7788 7790 7791 7789
4 7792 7794 7795 7793
4 7796 7798 7799 7797
4 7800 7802 7803 7801
4 7804 7806 7807 7805
4 7808 7810 7811 7809
4 7812 7814 7815 7813
4 7816 7818 7819 7817
4 7820 7822 7823 7821
4 7824 7826 7827 7825
4 7828 7830 7831 7829
4 7832 7834 7835 7833
4 7836 7838 7839 7837
4 7840 7842 7843 7841
4 7844 7846 7847 7845
4 7848 7850 7851 7849
4 7852 7854 7855 7853
4 7856 7858 7859 7857
4 7860 7862 7863 7861
4 7864 7866 7867 7865
4 7868 7870 7871 7869
4 7872 7874 7875 7873
4 7876 7878 7879 7877
4 7880 7882 7883 7881
4 7884 7886 7887 7885
4 7888 7890 7891 7889
4 7892 7894 7895 7893
4 7896 7898 7899 7897
4 7900 7902 7903 7901
4 7904 7906 7907 7905
4 7908 7910 7911 7909
4 7912 7914 7915 7913
4 7916 7918 7919 7917
4 7920 7922 7923 7921
4 7924 7926 7927 7925
4 7928 7930 7931 7929
4 7932 7934 7935 7933
4 7936 7938 7939 7937
4 7940 7942 7943 7941
4 7944 7946 7947 7945
4 7948 7950 7951 7949
4 7952 7954 7955 7953
4 7956 7958 7959 7957
4 7960 7962 7963 7961
4 7964 7966 7967 7965
4 7968 7970 7971 7969
4 7972 7974 7975 7973
4 7976 7978 7979 7977
4 7980 7982 7983 7981
4 7984 7986 7987 7985
4 7988 7990 7991 7989
4 7992 7994 7995 7993
4 7996 7998 7999 7997
4 8000 8002 8003 8001
4 8004 8006 8007 8005
4 8008 8010 8011 8009
4 8012 8014 8015 8013
4 8016 8018 8019 8017
4 8020 8022 8023 8021
4 8024 8026 8027 8025
4 8028 8030 8031 8029
4 8032 8034 8035 8033
4 8036 8038 8039 8037
4 8040 8042 8043 8041
4 8044 8046 8047 8045
4 8048 8050 8051 8049
4 8052 8054 8055 8053
4 8056 8058 8059 8057
4 8060 8062 8063 8061
4 8064 8066 8067 8065
4 8068 8070 8071 8069
4 8072 8074 8075 8073
4 8076 8078 8079 8077
4 8080 8082 8083 8081
4 8084 8086 8087 8085
4 8088 8090 8091 8089
4 8092 8094 8095 8093
4 8096 8098 8099 8097
4 8100 8102 8103 8101
4 8104 8106 8107 8105
4 8108 8110 8111 8109
4 8112 8114 8115 8113
4 8116 8118 8119 8117
4 8120 8122 8123 8121
4 8124 8126 8127 8125
4 8128 8130 8131 8129
4 8132 8134 8135 8133
4 8136 8138 8139 8137
4 8140 8142 8143 8141
4 8144 8146 8147 8145
4 8148 8150 8151 8149
4 8152 8154 8155 8153
4 8156 8158 8159 8157
4 8160 8162 8163 8161
4 8164 8166 8167 8165
4 8168 8170 8171 8169
4 8172 8174 8175 8173
4 8176 8178 8179 8177
4 8180 8182 8183 8181
4 8184 8186 8187 8185
4 8188 8190 8191 8189
4 8192 8194 8195 8193
4 8196 8198 8199 8197
4 8200 8202 8203 8201
4 8204 8206 8207 8205
4 8208 8210 8211 8209
4 8212 8214 8215 8213
4 8216 8218 8219 8217
4 8220 8222 8223 8221
4 8224 8226 8227 8225
4 8228 8230 8231 8229
4 8232 8234 8235 8233
4 8236 8238 8239 8237
4 8240 8242 8243 8241
4 8244 8246 8247 8245
4 8248 8250 8251 8249
4 8252 8254 8255 8253
4 8256 8258 8259 8257
4 8260 8262 8263 8261
4 8264 8266 8267 8265
4 8268 8270 8271 8269
4 8272 8274 8275 8273
4 8276 8278 8279 8277
4 8280 8282 8283 8281
4 8284 8286 8287 8285
4 8288 8290 8291 8289
4 8292 8294 8295 8293
4 8296 8298 8299 8297
4 8300 8302 8303 8301
4 8304 8306 8307 8305
4 8308 8310 8311 8309
4 8312 8314 8315 8313
4 8316 8318 8319 8317
4 8320 8322 8323 8321
4 8324 8326 8327 8325
4 8328 8330 8331 8329
4 8332 8334 8335 8333
4 8336 8338 8339 8337
4 8340 8342 8343 8341
4 8344 8346 8347 8345
4 8348 8350 8351 8349
4 8352 8354 8355 8353
4 8356 8358 8359 8357
4 8360 8362 8363 8361
4 8364 8366 8367 8365
4 8368 8370 8371 8369
4 8372 8374 8375 8373
4 8376 8378 8379 8377
4 8380 8382 8383 8381
4 8384 8386 8387 8385
4 8388 8390 8391 8389
4 8392 8394 8395 8393
4 8396 8398 8399 8397
4 8400 8402 8403 8401
4 8404 8406 8407 8405
4 8408 8410 8411 8409
4 8412 8414 8415 8413
4 8416 8418 8419 8417
4 8420 8422 8423 8421
4 8424 8426 8427 8425
4 8428 8430 8431 8429
4 8432 8434 8435 8433
4 8436 8438 8439 8437
4 8440 8442 8443 8441
4 8444 8446 8447 8445
4 8448 8450 8451 8449
4 8452 8454 8455 8453
4 8456 8458 8459 8457
4 8460 8462 8463 8461
4 8464 8466 8467 8465
4 8468 8470 8471 8469
4 8472 8474 8475 8473
4 8476 8478 8479 8477
4 8480 8482 8483 8481
4 8484 8486 8487 8485
4 8488 8490 8491 8489
4 8492 8494 8495 8493
4 8496 8498 8499 8497
4 8500 8502 8503 8501
4 8504 8506 8507 8505
4 8508 8510 8511 8509
4 8512 8514 8515 8513
4 8516 8518 8519 8517
4 8520 8522 8523 8521
4 8524 8526 8527 8525
4 8528 8530 8531 8529
4 8532 8534 8535 8533
4 8536 8538 8539 8537
4 8540 8542 8543 8541
4 8544 8546 8547 8545
4 8548 8550 8551 8549
4 8552 8554 8555 8553
4 8556 8558 8559 8557
4 8560 8562 8563 8561
4 8564 8566 8567 8565
4 8568 8570 8571 8569
4 8572 8574 8575 8573
4 8576 8578 8579 8577
4 8580 8582 8583 8581
4 8584 8586 8587 8585
4 8588 8590 8591 8589
4 8592 8594 8595 8593
4 8596 8598 8599 8597
4 8600 8602 8603 8601
4 8604 8606 8607 8605
4 8608 8610 8611 8609
4 8612 8614 8615 8613
4 8616 8618 8619 8617
4 8620 8622 8623 8621
4 8624 8626 8627 8625
4 8628 8630 8631 8629
4 8632 8634 8635 8633
4 8636 8638 8639 8637
4 8640 8642 8643 8641
4 8644 8646 8647 8645
4 8648 8650 8651 8649
4 8652 8654 8655 8653
4 8656 8658 8659 8657
4 8660 8662 8663 8661
4 8664 8666 8667 8665
4 8668 8670 8671 8669
4 8672 8674 8675 8673
4 8676 8678 8679 8677
4 8680 8682 8683 8681
4 8684 8686 8687 8685
4 8688 8690 8691 8689
4 8692 8694 8695 8693
4 8696 8698 8699 8697
4 8700 8702 8703 8701
4 8704 8706 8707 8705
4 8708 8710 8711 8709
4 8712 8714 8715 8713
4 8716 8718 8719 8717
4 8720 8722 8723 8721
4 8724 8726 8727 8725
4 8728 8730 8731 8729
4 8732 8734 8735 8733
4 8736 8738 8739 8737
4 8740 8742 8743 8741
4 8744 8746 8747 8745
4 8748 8750 8751 8749
4 8752 8754 8755 8753
4 8756 8758 8759 8757
4 8760 8762 8763 8761
4 8764 8766 8767 8765
4 8768 8770 8771 8769
4 8772 8774 8775 8773
4 8776 8778 8779 8777
4 8780 8782 8783 8781
4 8784 8786 8787 8785
4 8788 8790 8791 8789
4 8792 8794 8795 8793
4 8796 8798 8799 8797
4 8800 8802 8803 8801
4 8804 8806 8807 8805
4 8808 8810 8811 8809
4 8812 8814 8815 8813
4 8816 8818 8819 8817
4 8820 8822 8823 8821
4 8824 8826 8827 8825
4 8828 8830 8831 8829
4 8832 8834 8835 8833
4 8836 8838 8839 8837
4 8840 8842 8843 8841
4 8844 8846 8847 8845
4 8848 8850 8851 8849
4 8852 8854 8855 8853
4 8856 8858 8859 8857
4 8860 8862 8863 8861
4 8864 8866 8867 8865
4 8868 8870 8871 8869
4 8872 8874 8875 8873
4 8876 8878 8879 8877
4 8880 8882 8883 8881
4 8884 8886 8887 8885
4 8888 8890 8891 8889
4 8892 8894 8895 8893
4 8896 8898 8899 8897
4 8900 8902 8903 8901
4 8904 8906 8907 8905
4 8908 8910 8911 8909
4 8912 8914 8915 8913
4 8916 8918 8919 8917
4 8920 8922 8923 8921
4 8924 8926 8927 8925
4 8928 8930 8931 8929
4 8932 8934 8935 8933
4 8936 8938 8939 8937
4 8940 8942 8943 8941
4 8944 8946 8947 8945
4 8948 8950 8951 8949
4 8952 8954 8955 8953
4 8956 8958 8959 8957
4 8960 8962 8963 8961
4 8964 8966 8967 8965
4 8968 8970 8971 8969
4 8972 8974 8975 8973
4 8976 8978 8979 8977
4 8980 8982 8983 8981
4 8984 8986 8987 8985
4 8988 8990 8991 8989
4 8992 8994 8995 8993
4 8996 8998 8999 8997
4 9000 9002 9003 9001
4 9004 9006 9007 9005
4 9008 9010 9011 9009
4 9012 9014 9015 9013
4 9016 9018 9019 9017
4 9020 9022 9023 9021
4 9024 9026 9027 9025
4 9028 9030 9031 9029
4 9032 9034 9035 9033
4 9036 9038 9039 9037
4 9040 9042 9043 9041
4 9044 9046 9047 9045
4 9048 9050 9051 9049
4 9052 9054 9055 9053
4 9056 9058 9059 9057
4 9060 9062 9063 9061
4 9064 9066 9067 9065
4 9068 9070 9071 9069
4 9072 9074 9075 9073
4 9076 9078 9079 9077
4 9080 9082 9083 9081
4 9084 9086 9087 9085
4 9088 9090 9091 9089
4 9092 9094 9095 9093
4 9096 9098 9099 9097
4 9100 9102 9103 9101
4 9104 9106 9107 9105
4 9108 9110 9111 9109
4 9112 9114 9115 9113
4 9116 9118 9119 9117
4 9120 9122 9123 9121
4 9124 9126 9127 9125
4 9128 9130 9131 9129
4 9132 9134 9135 9133
4 9136 9138 9139 9137
4 9140 9142 9143 9141
4 9144 9146 9147 9145
4 9148 9150 9151 9149
4 9152 9154 9155 9153
4 9156 9158 9159 9157
4 9160 9162 9163 9161
4 9164 9166 9167 9165
4 9168 9170 9171 9169
4 9172 9174 9175 9173
4 9176 9178 9179 9177
4 9180 9182 9183 9181
4 9184 9186 9187 9185
4 9188 9190 9191 9189
4 9192 9194 9195 9193
4 9196 9198 9199 9197
4 9200 9202 9203 9201
4 9204 9206 9207 9205
4 9208 9210 9211 9209
4 9212 9214 9215 9213
4 9216 9218 9219 9217
4 9220 9222 9223 9221
4 9224 9226 9227 9225
4 9228 9230 9231 9229
4 9232 9234 9235 9233
4 9236 9238 9239 9237
4 9240 9242 9243 9241
4 9244 9246 9247 9245
4 9248 9250 9251 9249
4 9252 9254 9255 9253
4 9256 9258 9259 9257
4 9260 9262 9263 9261
4 9264 9266 9267 9265
4 9268 9270 9271 9269
4 9272 9274 9275 9273
4 9276 9278 9279 9277
4 9280 9282 9283 9281
4 9284 9286 9287 9285
4 9288 9290 9291 9289
4 9292 9294 9295 9293
4 9296 9298 9299 9297
4 9300 9302 9303 9301
4 9304 9306 9307 9305
4 9308 9310 9311 9309
4 9312 9314 9315 9313
4 9316 9318 9319 9317
4 9320 9322 9323 9321
4 9324 9326 9327 9325
4 9328 9330 9331 9329
4 9332 9334 9335 9333
4 9336 9338 9339 9337
4 9340 9342 9343 9341
4 9344 9346 9347 9345
4 9348 9350 9351 9349
4 9352 9354 9355 9353
4 9356 9358 9359 9357
4 9360 9362 9363 9361
4 9364 9366 9367 9365
4 9368 9370 9371 9369
4 9372 9374 9375 9373
4 9376 9378 9379 9377
4 9380 9382 9383 9381
4 9384 9386 9387 9385
4 9388 9390 9391 9389
4 9392 9394 9395 9393
4 9396 9398 9399 9397
4 9400 9402 9403 9401
4 9404 9406 9407 9405
4 9408 9410 9411 9409
4 9412 9414 9415 9413
4 9416 9418 9419 9417
4 9420 9422 9423 9421
4 9424 9426 9427 9425
4 9428 9430 9431 9429
4 9432 9434 9435 9433
4 9436 9438 9439 9437
4 9440 9442 9443 9441
4 9444 9446 9447 9445
4 9448 9450 9451 9449
4 9452 9454 9455 9453
4 9456 9458 9459 9457
4 9460 9462 9463 9461
4 9464 9466 9467 9465
4 9468 9470 9471 9469
4 9472 9474 9475 9473
4 9476 9478 9479 9477
4 9480 9482 9483 9481
4 9484 9486 9487 9485
4 9488 9490 9491 9489
4 9492 9494 9495 9493
4 9496 9498 9499 9497
4 9500 9502 9503 9501
4 9504 9506 9507 9505
4 9508 9510 9511 9509
4 9512 9514 9515 9513
4 9516 9518 9519 9517
4 9520 9522 9523 9521
4 9524 9526 9527 9525
4 9528 9530 9531 9529
4 9532 9534 9535 9533
4 9536 9538 9539 9537
4 9540 9542 9543 9541
4 9544 9546 9547 9545
4 9548 9550 9551 9549
4 9552 9554 9555 9553
4 9556 9558 9559 9557
4 9560 9562 9563 9561
4 9564 9566 9567 9565
4 9568 9570 9571 9569
4 9572 9574 9575 9573
4 9576 9578 9579 9577
4 9580 9582 9583 9581
4 9584 9586 9587 9585
4 9588 9590 9591 9589
4 9592 9594 9595 9593
4 9596 9598 9599 9597
4 9600 9602 9603 9601
4 9604 9606 9607 9605
4 9608 9610 9611 9609
4 9612 9614 9615 9613
4 9616 9618 9619 9617
4 9620 9622 9623 9621
4 9624 9626 9627 9625
4 9628 9630 9631 9629
4 9632 9634 9635 9633
4 9636 9638 9639 9637
4 9640 9642 9643 9641
4 9644 9646 9647 9645
4 9648 9650 9651 9649
4 9652 9654 9655 9653
4 9656 9658 9659 9657
4 9660 9662 9663 9661
4 9664 9666 9667 9665
4 9668 9670 9671 9669
4 9672 9674 9675 9673
4 9676 9678 9679 9677
4 9680 9682 9683 9681
4 9684 9686 9687 9685
4 9688 9690 9691 9689
4 9692 9694 9695 9693
4 9696 9698 9699 9697
4 9700 9702 9703 9701
4 9704 9706 9707 9705
4 9708 9710 9711 9709
4 9712 9714 9715 9713
4 9716 9718 9719 9717
4 9720 9722 9723 9721
4 9724 9726 9727 9725
4 9728 9730 9731 9729
4 9732 9734 9735 9733
4 9736 9738 9739 9737
4 9740 9742 9743 9741
4 9744 9746 9747 9745
4 9748 9750 9751 9749
4 9752 9754 9755 9753
4 9756 9758 9759 9757
4 9760 9762 9763 9761
4 9764 9766 9767 9765
4 9768 9770 9771 9769
4 9772 9774 9775 9773
4 9776 9778 9779 9777
4 9780 9782 9783 9781
4 9784 9786 9787 9785
4 9788 9790 9791 9789
4 9792 9794 9795 9793
4 9796 9798 9799 9797
4 9800 9802 9803 9801
4 9804 9806 9807 9805
4 9808 9810 9811 9809
4 9812 9814 9815 9813
4 9816 9818 9819 9817
4 9820 9822 9823 9821
4 9824 9826 9827 9825
4 9828 9830 9831 9829
4 9832 9834 9835 9833
4 9836 9838 9839 9837
4 9840 9842 9843 9841
4 9844 9846 9847 9845
4 9848 9850 9851 9849
4 9852 9854 9855 9853
4 9856 9858 9859 9857
4 9860 9862 9863 9861
4 9864 9866 9867 9865
4 9868 9870 9871 9869
4 9872 9874 9875 9873
4 9876 9878 9879 9877
4 9880 9882 9883 9881
4 9884 9886 9887 9885
4 9888 9890 9891 9889
4 9892 9894 9895 9893
4 9896 9898 9899 9897
4 9900 9902 9903 9901
4 9904 9906 9907 9905
4 9908 9910 9911 9909
4 9912 9914 9915 9913
4 9916 9918 9919 9917
4 9920 9922 9923 9921
4 9924 9926 9927 9925
4 9928 9930 9931 9929
4 9932 9934 9935 9933
4 9936 9938 9939 9937
4 9940 9942 9943 9941
4 9944 9946 9947 9945
4 9948 9950 9951 9949
4 9952 9954 9955 9953
4 9956 9958 9959 9957
4 9960 9962 9963 9961
4 9964 9966 9967 9965
4 9968 9970 9971 9969
4 9972 9974 9975 9973
4 9976 9978 9979 9977
4 9980 9982 9983 9981
4 9984 9986 9987 9985
4 9988 9990 9991 9989
4 9992 9994 9995 9993
4 9996 9998 9999 9997
4 10000 10002 10003 10001
4 10004 10006 10007 10005
4 10008 10010 10011 10009
4 10012 10014 10015 10013
4 10016 10018 10019 10017
4 10020 10022 10023 10021
4 10024 10026 10027 10025
4 10028 10030 10031 10029
4 10032 10034 10035 10033
4 10036 10038 10039 10037
4 10040 10042 10043 10041
4 10044 10046 10047 10045
4 10048 10050 10051 10049
4 10052 10054 10055 10053
4 10056 10058 10059 10057
4 10060 10062 10063 10061
4 10064 10066 10067 10065
4 10068 10070 10071 10069
4 10072 10074 10075 10073
4 10076 10078 10079 10077
4 10080 10082 10083 10081
4 10084 10086 10087 10085
4 10088 10090 10091 10089
4 10092 10094 10095 10093
4 10096 10098 10099 10097
4 10100 10102 10103 10101
4 10104 10106 10107 10105
4 10108 10110 10111 10109
4 10112 10114 10115 10113
4 10116 10118 10119 10117
4 10120 10122 10123 10121
4 10124 10126 10127 10125
4 10128 10130 10131 10129
4 10132 10134 10135 10133
4 10136 10138 10139 10137
4 10140 10142 10143 10141
4 10144 10146 10147 10145
4 10148 10150 10151 10149
4 10152 10154 10155 10153
4 10156 10158 10159 10157
4 10160 10162 10163 10161
4 10164 10166 10167 10165
4 10168 10170 10171 10169
4 10172 10174 10175 10173
4 10176 10178 10179 10177
4 10180 10182 10183 10181
4 10184 10186 10187 10185
4 10188 10190 10191 10189
4 10192 10194 10195 10193
4 10196 10198 10199 10197
4 10200 10202 10203 10201
4 10204 10206 10207 10205
4 10208 10210 10211 10209
4 10212 10214 10215 10213
4 10216 10218 10219 10217
4 10220 10222 10223 10221
4 10224 10226 10227 10225
4 10228 10230 10231 10229
4 10232 10234 10235 10233
4 10236 10238 10239 10237
4 10240 10242 10243 10241
4 10244 10246 10247 10245
4 10248 10250 10251 10249
4 10252 10254 10255 10253
4 10256 10258 10259 10257
4 10260 10262 10263 10261
4 10264 10266 10267 10265
4 10268 10270 10271 10269
4 10272 10274 10275 10273
4 10276 10278 10279 10277
4 10280 10282 10283 10281
4 10284 10286 10287 10285
4 10288 10290 10291 10289
4 10292 10294 10295 10293
4 10296 10298 10299 10297
4 10300 10302 10303 10301
4 10304 10306 10307 10305
4 10308 10310 10311 10309
4 10312 10314 10315 10313
4 10316 10318 10319 10317
4 10320 10322 10323 10321
4 10324 10326 10327 10325
4 10328 10330 10331 10329
4 10332 10334 10335 10333
4 10336 10338 10339 10337
4 10340 10342 10343 10341
4 10344 10346 10347 10345
4 10348 10350 10351 10349
4 10352 10354 10355 10353
4 10356 10358 10359 10357
4 10360 10362 10363 10361
4 10364 10366 10367 10365
4 10368 10370 10371 10369
4 10372 10374 10375 10373
4 10376 10378 10379 10377
4 10380 10382 10383 10381
4 10384 10386 10387 10385
4 10388 10390 10391 10389
4 10392 10394 10395 10393
4 10396 10398 10399 10397
4 10400 10402 10403 10401
4 10404 10406 10407 10405
4 10408 10410 10411 10409
4 10412 10414 10415 10413
4 10416 10418 10419 10417
4 10420 10422 10423 10421
4 10424 10426 10427 10425
4 10428 10430 10431 10429
4 10432 10434 10435 10433
4 10436 10438 10439 10437
4 10440 10442 10443 10441
4 10444 10446 10447 10445
4 10448 10450 10451 10449
4 10452 10454 10455 10453
4 10456 10458 10459 10457
4 10460 10462 10463 10461
4 10464 10466 10467 10465
4 10468 10470 10471 10469
4 10472 10474 10475 10473
4 10476 10478 10479 10477
4 10480 10482 10483 10481
4 10484 10486 10487 10485
4 10488 10490 10491 10489
4 10492 10494 10495 10493
4 10496 10498 10499 10497
4 10500 10502 10503 10501
4 10504 10506 10507 10505
4 10508 10510 10511 10509
4 10512 10514 10515 10513
4 10516 10518 10519 10517
4 10520 10522 10523 10521
4 10524 10526 10527 10525
4 10528 10530 10531 10529
4 10532 10534 10535 10533
4 10536 10538 10539 10537
4 10540 10542 10543 10541
4 10544 10546 10547 10545
4 10548 10550 10551 10549
4 10552 10554 10555 10553
4 10556 10558 10559 10557
4 10560 10562 10563 10561
4 10564 10566 10567 10565
4 10568 10570 10571 10569
4 10572 10574 10575 10573
4 10576 10578 10579 10577
4 10580 10582 10583 10581
4 10584 10586 10587 10585
4 10588 10590 10591 10589
4 10592 10594 10595 10593
4 10596 10598 10599 10597
4 10600 10602 10603 10601
4 10604 10606 10607 10605
4 10608 10610 10611 10609
4 10612 10614 10615 10613
4 10616 10618 10619 10617
4 10620 10622 10623 10621
4 10624 10626 10627 10625
4 10628 10630 10631 10629
4 10632 10634 10635 10633
4 10636 10638 10639 10637
4 10640 10642 10643 10641
4 10644 10646 10647 10645
4 10648 10650 10651 10649
4 10652 10654 10655 10653
4 10656 10658 10659 10657
4 10660 10662 10663 10661
4 10664 10666 10667 10665
4 10668 10670 10671 10669
4 10672 10674 10675 10673
4 10676 10678 10679 10677
4 10680 10682 10683 10681
4 10684 10686 10687 10685
4 10688 10690 10691 10689
4 10692 10694 10695 10693
4 10696 10698 10699 10697
4 10700 10702 10703 10701
4 10704 10706 10707 10705
4 10708 10710 10711 10709
4 10712 10714 10715 10713
4 10716 10718 10719 10717
4 10720 10722 10723 10721
4 10724 10726 10727 10725
4 10728 10730 10731 10729
4 10732 10734 10735 10733
4 10736 10738 10739 10737
4 10740 10742 10743 10741
4 10744 10746 10747 10745
4 10748 10750 10751 10749
4 10752 10754 10755 10753
4 10756 10758 10759 10757
4 10760 10762 10763 10761
4 10764 10766 10767 10765
4 10768 10770 10771 10769
4 10772 10774 10775 10773
4 10776 10778 10779 10777
4 10780 10782 10783 10781
4 10784 10786 10787 10785
4 10788 10790 10791 10789
4 10792 10794 10795 10793
4 10796 10798 10799 10797
4 10800 10802 10803 10801
4 10804 10806 10807 10805
4 10808 10810 10811 10809
4 10812 10814 10815 10813
4 10816 10818 10819 10817
4 10820 10822 10823 10821
4 10824 10826 10827 10825
4 10828 10830 10831 10829
4 10832 10834 10835 10833
4 10836 10838 10839 10837
4 10840 10842 10843 10841
4 10844 10846 10847 10845
4 10848 10850 10851 10849
4 10852 10854 10855 10853
4 10856 10858 10859 10857
4 10860 10862 10863 10861
4 10864 10866 10867 10865
4 10868 10870 10871 10869
4 10872 10874 10875 10873
4 10876 10878 10879 10877
4 10880 10882 10883 10881
4 10884 10886 10887 10885
4 10888 10890 10891 10889
4 10892 10894 10895 10893
4 10896 10898 10899 10897
4 10900 10902 10903 10901
4 10904 10906 10907 10905
4 10908 10910 10911 10909
4 10912 10914 10915 10913
4 10916 10918 10919 10917
4 10920 10922 10923 10921
4 10924 10926 10927 10925
4 10928 10930 10931 10929
4 10932 10934 10935 10933
4 10936 10938 10939 10937
4 10940 10942 10943 10941
4 10944 10946 10947 10945
4 10948 10950 10951 10949
4 10952 10954 10955 10953
4 10956 10958 10959 10957
4 10960 10962 10963 10961
4 10964 10966 10967 10965
4 10968 10970 10971 10969
4 10972 10974 10975 10973
4 10976 10978 10979 10977
4 10980 10982 10983 10981
4 10984 10986 10987 10985
4 10988 10990 10991 10989
4 10992 10994 10995 10993
4 10996 10998 10999 10997
4 11000 11002 11003 11001
4 11004 11006 11007 11005
4 11008 11010 11011 11009
4 11012 11014 11015 11013

CELL_TYPES 2754
9
9
9
9
9
9
9
9
9
9
9
9
9
9
9
9
9
9
9
9
9
9
9
9
9
9
9
9
9
9
9
9
9
9
9
9
9
9
9
9
9
9
9
9
9
9
9
9
9
9
9
9
9
9
9
9
9
9
9
9
9
9
9
9
9
9
9
9
9
9
9
9
9
9
9
9
9
9
9
9
9
9
9
9
9
9
9
9
9
9
9
9
9
9
9
9
9
9
9
9
9
9
9
9
9
9
9
9
9
9
9
9
9
9
9
9
9
9
9
9
9
9
9
9
9
9
9
9
9
9
9
9
9
9
9
9
9
9
9
9
9
9
9
9
9
9
9
9
9
9
9
9
9
9
9
9
9
9
9
9
9
9
9
9
9
9
9
9
9
9
9
9
9
9
9
9
9
9
9
9
9
9
9
9
9
9
9
9
9
9
9
9
9
9
9
9
9
9
9
9
9
9
9
9
9
9
9
9
9
9
9
9
9
9
9
9
9
9
9
9
9
9
9
9
9
9
9
9
9
9
9
9
9
9
9
9
9
9
9
9
9
9
9
9
9
9
9
9
9
9
9
9
9
9
9
9
9
9
9
9
9
9
9
9
9
9
9
9
9
9
9
9
9
9
9
9
9
9
9
9
9
9
9
9
9
9
9
9
9
9
9
9
9
9
9
9
9
9
9
9
9
9
9
9
9
9
9
9
9
9
9
9
9
9
9
9
9
9
9
9
9
9
9
9
9
9
9
9
9
9
9
9
9
9
9
9
9
9
9
9
9
9
9
9
9
9
9
9
9
9
9
9
9
9
9
9
9
9
9
9
9
9
9
9
9
9
9
9
9
9
9
9
9
9
9
9
9
9
9
9
9
9
9
9
9
9
9
9
9
9
9
9
9
9
9
9
9
9
9
9
9
9
9
9
9
9
9
9
9
9
9
9
9
9
9
9
9
9
9
9
9
9
9
9
9
9
9
9
9
9
9
9
9
9
9
9
9
9
9
9
9
9
9
9
9
9
9
9
9
9
9
9
9
9
9
9
9
9
9
9
9
9
9
9
9
9
9
9
9
9
9
9
9
9
9
9
9
9
9
9
9
9
9
9
9
9
9
9
9
9
9
9
9
9
9
9
9
9
9
9
9
9
9
9
9
9
9
9
9
9
9
9
9
9
9
9
9
9
9
9
9
9
9
9
9
9
9
9
9
9
9
9
9
9
9
9
9
9
9
9
9
9
9
9
9
9
9
9
9
9
9
9
9
9
9
9
9
9
9
9
9
9
9
9
9
9
9
9
9
9
9
9
9
9
9
9
9
9
9
9
9
9
9
9
9
9
9
9
9
9
9
9
9
9
9
9
9
9
9
9
9
9
9
9
9
9
9
9
9
9
9
9
9
9
9
9
9
9
9
9
9
9
9
9
9
9
9
9
9
9
9
9
9
9
9
9
9
9
9
9
9
9
9
9
9
9
9
9
9
9
9
9
9
9
9
9
9
9
9
9
9
9
9
9
9
9
9
9
9
9
9
9
9
9
9
9
9
9
9
9
9
9
9
9
9
9
9
9
9
9
9
9
9
9
9
9
9
9
9
9
9
9
9
9
9
9
9
9
9
9
9
9
9
9
9
9
9
9
9
9
9
9
9
9
9
9
9
9
9
9
9
9
9
9
9
9
9
9
9
9
9
9
9
9
9
9
9
9
9
9
9
9
9
9
9
9
9
9
9
9
9
9
9
9
9
9
9
9
9
9
9
9
9
9
9
9
9
9
9
9
9
9
9
9
9
9
9
9
9
9
9
9
9
9
9
9
9
9
9
9
9
9
9
9
9
9
9
9
9
9
9
9
9
9
9
9
9
9
9
9
9
9
9
9
9
9
9
9
9
9
9
9
9
9
9
9
9
9
9
9
9
9
9
9
9
9
9
9
9
9
9
9
9
9
9
9
9
9
9
9
9
9
9
9
9
9
9
9
9
9
9
9
9
9
9
9
9
9
9
9
9
9
9
9
9
9
9
9
9
9
9
9
9
9
9
9
9
9
9
9
9
9
9
9
9
9
9
9
9
9
9
9
9
9
9
9
9
9
9
9
9
9
9
9
9
9
9
9
9
9
9
9
9
9
9
9
9
9
9
9
9
9
9
9
9
9
9
9
9
9
9
9
9
9
9
9
9
9
9
9
9
9
9
9
9
9
9
9
9
9
9
9
9
9
9
9
9
9
9
9
9
9
9
9
9
9
9
9
9
9
9
9
9
9
9
9
9
9
9
9
9
9
9
9
9
9
9
9
9
9
9
9
9
9
9
9
9
9
9
9
9
9
9
9
9
9
9
9
9
9
9
9
9
9
9
9
9
9
9
9
9
9
9
9
9
9
9
9
9
9
9
9
9
9
9
9
9
9
9
9
9
9
9
9
9
9
9
9
9
9
9
9
9
9
9
9
9
9
9
9
9
9
9
9
9
9
9
9
9
9
9
9
9
9
9
9
9
9
9
9
9
9
9
9
9
9
9
9
9
9
9
9
9
9
9
9
9
9
9
9
9
9
9
9
9
9
9
9
9
9
9
9
9
9
9
9
9
9
9
9
9
9
9
9
9
9
9
9
9
9
9
9
9
9
9
9
9
9
9
9
9
9
9
9
9
9
9
9
9
9
9
9
9
9
9
9
9
9
9
9
9
9
9
9
9
9
9
9
9
9
9
9
9
9
9
9
9
9
9
9
9
9
9
9
9
9
9
9
9
9
9
9
9
9
9
9
9
9
9
9
9
9
9
9
9
9
9
9
9
9
9
9
9
9
9
9
9
9
9
9
9
9
9
9
9
9
9
9
9
9
9
9
9
9
9
9
9
9
9
9
9
9
9
9
9
9
9
9
9
9
9
9
9
9
9
9
9
9
9
9
9
9
9
9
9
9
9
9
9
9
9
9
9
9
9
9
9
9
9
9
9
9
9
9
9
9
9
9
9
9
9
9
9
9
9
9
9
9
9
9
9
9
9
9
9
9
9
9
9
9
9
9
9
9
9
9
9
9
9
9
9
9
9
9
9
9
9
9
9
9
9
9
9
9
9
9
9
9
9
9
9
9
9
9
9
9
9
9
9
9
9
9
9
9
9
9
9
9
9
9
9
9
9
9
9
9
9
9
9
9
9
9
9
9
9
9
9
9
9
9
9
9
9
9
9
9
9
9
9
9
9
9
9
9
9
9
9
9
9
9
9
9
9
9
9
9
9
9
9
9
9
9
9
9
9
9
9
9
9
9
9
9
9
9
9
9
9
9
9
9
9
9
9
9
9
9
9
9
9
9
9
9
9
9
9
9
9
9
9
9
9
9
9
9
9
9
9
9
9
9
9
9
9
9
9
9
9
9
9
9
9
9
9
9
9
9
9
9
9
9
9
9
9
9
9
9
9
9
9
9
9
9
9
9
9
9
9
9
9
9
9
9
9
9
9
9
9
9
9
9
9
9
9
9
9
9
9
9
9
9
9
9
9
9
9
9
9
9
9
9
9
9
9
9
9
9
9
9
9
9
9
9
9
9
9
9
9
9
9
9
9
9
9
9
9
9
9
9
9
9
9
9
9
9
9
9
9
9
9
9
9
9
9
9
9
9
9
9
9
9
9
9
9
9
9
9
9
9
9
9
9
9
9
9
9
9
9
9
9
9
9
9
9
9
9
9
9
9
9
9
9
9
9
9
9
9
9
9
9
9
9
9
9
9
9
9
9
9
9
9
9
9
9
9
9
9
9
9
9
9
9
9
9
9
9
9
9
9
9
9
9
9
9
9
9
9
9
9
9
9
9
9
9
9
9
9
9
9
9
9
9
9
9
9
9
9
9
9
9
9
9
9
9
9
9
9
9
9
9
9
9
9
9
9
9
9
9
9
9
9
9
9
9
9
9
9
9
9
9
9
9
9
9
9
9
9
9
9
9
9
9
9
9
9
9
9
9
9
9
9
9
9
9
9
9
9
9
9
9
9
9
9
9
9
9
9
9
9
9
9
9
9
9
9
9
9
9
9
9
9
9
9
9
9
9
9
9
9
9
9
9
9
9
9
9
9
9
9
9
9
9
9
9
9
9
9
9
9
9
9
9
9
9
9
9
9
9
9
9
9
9
9
9
9
9
9
9
9
9
9
9
9
9
9
9
9
9
9
9
9
9
9
9
9
9
9
9
9
9
9
9
9
9
9
9
9
9
9
9
9
9
9
9
9
9
9
9
9
9
9
9
9
9
9
9
9
9
9
9
9
9
9
9
9
9
9
9
9
9
9
9
9
9
9
9
9
9
9
9
9
9
9
9
9
9
9
9
9
9
9
9
9
9
9
9
9
9
9
9
9
9
9
9
9
9
9
9
9
9
9
9
9
9
9
9
9
9
9
9
9
9
9
9
9
9
9
9
9
9
9
9
9
9
9
9
9
9
9
9
9
9
9
9
9
9
9
9
9
9
9
9
9
9
9
9
9
9
9
9
9
9
9
9
9
9
9
9
9
9
9
9
9
9
9
9
9
9
9
9
9
9
9
9
9
9
9
9
9
9
9
9
9
9
9
9
9
9
9
9
9
9
9
9
9
9
9
9
9
9
9
9
9
9
9
9
9
9
9
9
9
9
9
9
9
9
9
9
9
9
9
9
9
9
9
9
9
9
9
9
9
9
9
9
9
9
9
9
9
9
9
9
9
9
9
9
9
9
9
9
9
9
9
9
9
9
9
9
9
9
9
9
9
9
9
9
9
9
9
9
9
9
9
9
9
9
9
9
9
9
9
9
9
9
9
9
9
9
9
9
9
9
9
9
9
9
9
9
9
9
9
9
9
9
9
9
9
9
9
9
9
9
9
9
9
9
9
9
9
9
9
9
9
9
9
9
9
9
9
9
9
9
9
9
9
9
9
9
9
9
9
9
9
9
9
9
9
9
9
9
9
9
9
9
9
9
9
9
9
9
9
9
9
9
9
9
9
9
9
9
9
9
9
9
9
9
9
9
9
9
9
9
9
9
9
9
9
9
9
9
9
9
9
9
9
9
9
9
9
9
9
9
9
9
9
9
9
9
9
9
9
9
9
9
9
9
9
9
9
9
9
9
9
9
9
9
9
9
9
9
9
9
9
9
9
9
9
9
9
9
9
9
9
9
9
9
9
9
9
9
9
9
9
9
9
9
9
9
9
9
9
9
9
9
9
9
9
9
9
9
9
9
9
9
9
9
9
9
9
9
9
9
9
9
9
9
9
9
9
9
9
9
9
9
9
9
9
9
9
9
9
9
9
9
9
9
9
9
9
9
9
9
9
9
9
9
9
9
9
9
9
9
9
9
9
9
9
9
9
9
9
9
9
9
9
9
9
9
9
9
9
9
9
9
9
9
9
9
9
9
9
9
9
9
9
9
9
9
9
9
9
9
9
9
9
9
9
9
9
9
9
9
9
9
9
9
9
9
9
9
9
9
9
9
9
9
9
9
9
9
9
9
9
9
9
9
9
9
9
9
9
9
9
9
9
9
9
9
9
9
9
9
9
9
9
9
9
9
9
9
9
9
9
9
9
9
9
9
9
9
9
9
9
9
9
9
9
9
9
9
9
9
9
9
9
9
9
9
9
9
9
9
9
9
9
9
9
9
9
9
9
9
9
9
9
9
9
9
9
9
9
9
9
9
9
9
9
9
9
9
9
9
9
9
9
9
9
9
9
9
9
9
9
9
9
9
9
9
9
9
9
9
9
9
9
9
9
9
9
9
9
9
9
9
9
9
9
9
9
9
9
9
9
9
9
9
9
9
9
9
9
9
9
9
9
9
9
9
9
9
9
9
9
9
9
9
9
9
9
9
9
9
9
9
9
9
9
9
9
9
9
9
9
9
9
9
9
9
9
9
9
9
9
9
9
9
9
9
9
9
9
9
9
9
9
9
9
9
9
9
9
9
9
9
9
9
9
9
9
9
9
9
9
9
9
9
9
9
9
9
9
9
9
9
9
9
9
9
9
9
9
9
9
9
9
9
9
9
9
9
9
9
9
9
9
9
9
9
9
9
9
9
9
9
9
9
9
9
9
9
9
9
9
9
9
9
9
9
9
9
9
9
9
9
9
9
9
9
9
9
9
9
9
9
9
9
9
9
9
9
9
9
9
9
9
9
9
9
9
9
9
9
9
9
9
9
9
9
9
9
9
9
9
9
9
9
9
9
9
9
9
9
9
9
9
9
9
9
9
9
9
9
9
9
9

POINT_DATA 11016
SCALARS POrder float
LOOKUP_TABLE default
2 
2 
2 
2 
2 
2 
2 
2 
2 
2 
2 
2 
2 
2 
2 
2 
2 
2 
2 
2 
2 
2 
2 
2 
2 
2 
2 
2 
2 
2 
2 
2 
2 
2 
2 
2 
2 
2 
2 
2 
2 
2 
2 
2 
2 
2 
2 
2 
2 
2 
2 
2 
2 
2 
2 
2 
2 
2 
2 
2 
2 
2 
2 
2 
2 
2 
2 
2 
2 
2 
2 
2 
2 
2 
2 
2 
2 
2 
2 
2 
2 
2 
2 
2 
2 
2 
2 
2 
2 
2 
2 
2 
2 
2 
2 
2 
2 
2 
2 
2 
2 
2 
2 
2 
2 
2 
2 
2 
2 
2 
2 
2 
2 
2 
2 
2 
2 
2 
2 
2 
2 
2 
2 
2 
2 
2 
2 
2 
2 
2 
2 
2 
2 
2 
2 
2 
2 
2 
2 
2 
2 
2 
2 
2 
2 
2 
2 
2 
2 
2 
2 
2 
2 
2 
2 
2 
2 
2 
2 
2 
2 
2 
2 
2 
2 
2 
2 
2 
2 
2 
2 
2 
2 
2 
2 
2 
2 
2 
2 
2 
2 
2 
2 
2 
2 
2 
2 
2 
2 
2 
2 
2 
2 
2 
2 
2 
2 
2 
2 
2 
2 
2 
2 
2 
2 
2 
2 
2 
2 
2 
2 
2 
2 
2 
2 
2 
2 
2 
2 
2 
2 
2 
2 
2 
2 
2 
2 
2 
2 
2 
2 
2 
2 
2 
2 
2 
2 
2 
2 
2 
2 
2 
2 
2 
2 
2 
2 
2 
2 
2 
2 
2 
2 
2 
2 
2 
2 
2 
2 
2 
2 
2 
2 
2 
2 
2 
2 
2 
2 
2 
2 
2 
2 
2 
2 
2 
2 
2 
2 
2 
2 
2 
2 
2 
2 
2 
2 
2 
2 
2 
2 
2 
2 
2 
2 
2 
2 
2 
2 
2 
2 
2 
2 
2 
2 
2 
2 
2 
2 
2 
2 
2 
2 
2 
2 
2 
2 
2 
2 
2 
2 
2 
2 
2 
2 
2 
2 
2 
2 
2 
2 
2 
2 
2 
2 
2 
2 
2 
2 
2 
2 
2 
2 
2 
2 
2 
2 
2 
2 
2 
2 
2 
2 
2 
2 
2 
2 
2 
2 
2 
2 
2 
2 
2 
2 
2 
2 
2 
2 
2 
2 
2 
2 
2 
2 
2 
2 
2 
2 
2 
2 
2 
2 
2 
2 
2 
2 
2 
2 
2 
2 
2 
2 
2 
2 
2 
2 
2 
2 
2 
2 
2 
2 
2 
2 
2 
2 
2 
2 
2 
2 
2 
2 
2 
2 
2 
2 
2 
2 
2 
2 
2 
2 
2 
2 
2 
2 
2 
2 
2 
2 
2 
2 
2 
2 
2 
2 
2 
2 
2 
2 
2 
2 
2 
2 
2 
2 
2 
2 
2 
2 
2 
2 
2 
2 
2 
2 
2 
2 
2 
2 
2 
2 
2 
2 
2 
2 
2 
2 
2 
2 
2 
2 
2 
2 
2 
2 
2 
2 
2 
2 
2 
2 
2 
2 
2 
2 
2 
2 
2 
2 
2 
2 
2 
2 
2 
2 
2 
2 
2 
2 
2 
2 
2 
2 
2 
2 
2 
2 
2 
2 
2 
2 
2 
2 
2 
2 
2 
2 
2 
2 
2 
2 
2 
2 
2 
2 
2 
2 
2 
2 
2 
2 
2 
2 
2 
2 
2 
2 
2 
2 
2 
2 
2 
2 
2 
2 
2 
2 
2 
2 
2 
2 
2 
2 
2 
2 
2 
2 
2 
2 
2 
2 
2 
2 
2 
2 
2 
2 
2 
2 
2 
2 
2 
2 
2 
2 
2 
2 
2 
2 
2 
2 
2 
2 
2 
2 
2 
2 
2 
2 
2 
2 
2 
2 
2 
2 
2 
2 
2 
2 
2 
2 
2 
2 
2 
2 
2 
2 
2 
2 
2 
2 
2 
2 
2 
2 
2 
2 
2 
2 
2 
2 
2 
2 
2 
2 
2 
2 
2 
2 
2 
2 
2 
2 
2 
2 
2 
2 
2 
2 
2 
2 
2 
2 
2 
2 
2 
2 
2 
2 
2 
2 
2 
2 
2 
2 
2 
2 
2 
2 
2 
2 
2 
2 
2 
2 
2 
2 
2 
2 
2 
2 
2 
2 
2 
2 
2 
2 
2 
2 
2 
2 
2 
2 
2 
2 
2 
2 
2 
2 
2 
2 
2 
2 
2 
2 
2 
2 
2 
2 
2 
2 
2 
2 
2 
2 
2 
2 
2 
2 
2 
2 
2 
2 
2 
2 
2 
2 
2 
2 
2 
2 
2 
2 
2 
2 
2 
2 
2 
2 
2 
2 
2 
2 
2 
2 
2 
2 
2 
2 
2 
2 
2 
2 
2 
2 
2 
2 
2 
2 
2 
2 
2 
2 
2 
2 
2 
2 
2 
2 
2 
2 
2 
2 
2 
2 
2 
2 
2 
2 
2 
2 
2 
2 
2 
2 
2 
2 
2 
2 
2 
2 
2 
2 
2 
2 
2 
2 
2 
2 
2 
2 
2 
2 
2 
2 
2 
2 
2 
2 
2 
2 
2 
2 
2 
2 
2 
2 
2 
2 
2 
2 
2 
2 
2 
2 
2 
2 
2 
2 
2 
2 
2 
2 
2 
2 
2 
2 
2 
2 
2 
2 
2 
2 
2 
2 
2 
2 
2 
2 
2 
2 
2 
2 
2 
2 
2 
2 
2 
2 
2 
2 
2 
2 
2 
2 
2 
2 
2 
2 
2 
2 
2 
2 
2 
2 
2 
2 
2 
2 
2 
2 
2 
2 
2 
2 
2 
2 
2 
2 
2 
2 
2 
2 
2 
2 
2 
2 
2 
2 
2 
2 
2 
2 
2 
2 
2 
2 
2 
2 
2 
2 
2 
2 
2 
2 
2 
2 
2 
2 
2 
2 
2 
2 
2 
2 
2 
2 
2 
2 
2 
2 
2 
2 
2 
2 
2 
2 
2 
2 
2 
2 
2 
2 
2 
2 
2 
2 
2 
2 
2 
2 
2 
2 
2 
2 
2 
2 
2 
2 
2 
2 
2 
2 
2 
2 
2 
2 
2 
2 
2 
2 
2 
2 
2 
2 
2 
2 
2 
2 
2 
2 
2 
2 
2 
2 
2 
2 
2 
2 
2 
2 
2 
2 
2 
2 
2 
2 
2 
2 
2 
2 
2 
2 
2 
2 
2 
2 
2 
2 
2 
2 
2 
2 
2 
2 
2 
2 
2 
2 
2 
2 
2 
2 
2 
2 
2 
2 
2 
2 
2 
2 
2 
2 
2 
2 
2 
2 
2 
2 
2 
2 
2 
2 
2 
2 
2 
2 
2 
2 
2 
2 
2 
2 
2 
2 
2 
2 
2 
2 
2 
2 
2 
2 
2 
2 
2 
2 
2 
2 
2 
2 
2 
2 
2 
2 
2 
2 
2 
2 
2 
2 
2 
2 
2 
2 
2 
2 
2 
2 
2 
2 
2 
2 
2 
2 
2 
2 
2 
2 
2 
2 
2 
2 
2 
2 
2 
2 
2 
2 
2 
2 
2 
2 
2 
2 
2 
2 
2 
2 
2 
2 
2 
2 
2 
2 
2 
2 
2 
2 
2 
2 
2 
2 
2 
2 
2 
2 
2 
2 
2 
2 
2 
2 
2 
2 
2 
2 
2 
2 
2 
2 
2 
2 
2 
2 
2 
2 
2 
2 
2 
2 
2 
2 
2 
2 
2 
2 
2 
2 
2 
2 
2 
2 
2 
2 
2 
2 
2 
2 
2 
2 
2 
2 
2 
2 
2 
2 
2 
2 
2 
2 
2 
2 
2 
2 
2 
2 
2 
2 
2 
2 
2 
2 
2 
2 
2 
2 
2 
2 
2 
2 
2 
2 
2 
2 
2 
2 
2 
2 
2 
2 
2 
2 
2 
2 
2 
2 
2 
2 
2 
2 
2 
2 
2 
2 
2 
2 
2 
2 
2 
2 
2 
2 
2 
2 
2 
2 
2 
2 
2 
2 
2 
2 
2 
2 
2 
2 
2 
2 
2 
2 
2 
2 
2 
2 
2 
2 
2 
2 
2 
2 
2 
2 
2 
2 
2 
2 
2 
2 
2 
2 
2 
2 
2 
2 
2 
2 
2 
2 
2 
2 
2 
2 
2 
2 
2 
2 
2 
2 
2 
2 
2 
2 
2 
2 
2 
2 
2 
2 
2 
2 
2 
2 
2 
2 
2 
2 
2 
2 
2 
2 
2 
2 
2 
2 
2 
2 
2 
2 
2 
2 
2 
2 
2 
2 
2 
2 
2 
2 
2 
2 
2 
2 
2 
2 
2 
2 
2 
2 
2 
2 
2 
2 
2 
2 
2 
2 
2 
2 
2 
2 
2 
2 
2 
2 
2 
2 
2 
2 
2 
2 
2 
2 
2 
2 
2 
2 
2 
2 
2 
2 
2 
2 
2 
2 
2 
2 
2 
2 
2 
2 
2 
2 
2 
2 
2 
2 
2 
2 
2 
2 
2 
2 
2 
2 
2 
2 
2 
2 
2 
2 
2 
2 
2 
2 
2 
2 
2 
2 
2 
2 
2 
2 
2 
2 
2 
2 
2 
2 
2 
2 
2 
2 
2 
2 
2 
2 
2 
2 
2 
2 
2 
2 
2 
2 
2 
2 
2 
2 
2 
2 
2 
2 
2 
2 
2 
2 
2 
2 
2 
2 
2 
2 
2 
2 
2 
2 
2 
2 
2 
2 
2 
2 
2 
2 
2 
2 
2 
2 
2 
2 
2 
2 
2 
2 
2 
2 
2 
2 
2 
2 
2 
2 
2 
2 
2 
2 
2 
2 
2 
2 
2 
2 
2 
2 
2 
2 
2 
2 
2 
2 
2 
2 
2 
2 
2 
2 
2 
2 
2 
2 
2 
2 
2 
2 
2 
2 
2 
2 
2 
2 
2 
2 
2 
2 
2 
2 
2 
2 
2 
2 
2 
2 
2 
2 
2 
2 
2 
2 
2 
2 
2 
2 
2 
2 
2 
2 
2 
2 
2 
2 
2 
2 
2 
2 
2 
2 
2 
2 
2 
2 
2 
2 
2 
2 
2 
2 
2 
2 
2 
2 
2 
2 
2 
2 
2 
2 
2 
2 
2 
2 
2 
2 
2 
2 
2 
2 
2 
2 
2 
2 
2 
2 
2 
2 
2 
2 
2 
2 
2 
2 
2 
2 
2 
2 
2 
2 
2 
2 
2 
2 
2 
2 
2 
2 
2 
2 
2 
2 
2 
2 
2 
2 
2 
2 
2 
2 
2 
2 
2 
2 
2 
2 
2 
2 
2 
2 
2 
2 
2 
2 
2 
2 
2 
2 
2 
2 
2 
2 
2 
2 
2 
2 
2 
2 
2 
2 
2 
2 
2 
2 
2 
2 
2 
2 
2 
2 
2 
2 
2 
2 
2 
2 
2 
2 
2 
2 
2 
2 
2 
2 
2 
2 
2 
2 
2 
2 
2 
2 
2 
2 
2 
2 
2 
2 
2 
2 
2 
2 
2 
2 
2 
2 
2 
2 
2 
2 
2 
2 
2 
2 
2 
2 
2 
2 
2 
2 
2 
2 
2 
2 
2 
2 
2 
2 
2 
2 
2 
2 
2 
2 
2 
2 
2 
2 
2 
2 
2 
2 
2 
2 
2 
2 
2 
2 
2 
2 
2 
2 
2 
2 
2 
2 
2 
2 
2 
2 
2 
2 
2 
2 
2 
2 
2 
2 
2 
2 
2 
2 
2 
2 
2 
2 
2 
2 
2 
2 
2 
2 
2 
2 
2 
2 
2 
2 
2 
2 
2 
2 
2 
2 
2 
2 
2 
2 
2 
2 
2 
2 
2 
2 
2 
2 
2 
2 
2 
2 
2 
2 
2 
2 
2 
2 
2 
2 
2 
2 
2 
2 
2 
2 
2 
2 
2 
2 
2 
2 
2 
2 
2 
2 
2 
2 
2 
2 
2 
2 
2 
2 
2 
2 
2 
2 
2 
2 
2 
2 
2 
2 
2 
2 
2 
2 
2 
2 
2 
2 
2 
2 
2 
2 
2 
2 
2 
2 
2 
2 
2 
2 
2 
2 
2 
2 
2 
2 
2 
2 
2 
2 
2 
2 
2 
2 
2 
2 
2 
2 
2 
2 
2 
2 
2 
2 
2 
2 
2 
2 
2 
2 
2 
2 
2 
2 
2 
2 
2 
2 
2 
2 
2 
2 
2 
2 
2 
2 
2 
2 
2 
2 
2 
2 
2 
2 
2 
2 
2 
2 
2 
2 
2 
2 
2 
2 
2 
2 
2 
2 
2 
2 
2 
2 
2 
2 
2 
2 
2 
2 
2 
2 
2 
2 
2 
2 
2 
2 
2 
2 
2 
2 
2 
2 
2 
2 
2 
2 
2 
2 
2 
2 
2 
2 
2 
2 
2 
2 
2 
2 
2 
2 
2 
2 
2 
2 
2 
2 
2 
2 
2 
2 
2 
2 
2 
2 
2 
2 
2 
2 
2 
2 
2 
2 
2 
2 
2 
2 
2 
2 
2 
2 
2 
2 
2 
2 
2 
2 
2 
2 
2 
2 
2 
2 
2 
2 
2 
2 
2 
2 
2 
2 
2 
2 
2 
2 
2 
2 
2 
2 
2 
2 
2 
2 
2 
2 
2 
2 
2 
2 
2 
2 
2 
2 
2 
2 
2 
2 
2 
2 
2 
2 
2 
2 
2 
2 
2 
2 
2 
2 
2 
2 
2 
2 
2 
2 
2 
2 
2 
2 
2 
2 
2 
2 
2 
2 
2 
2 
2 
2 
2 
2 
2 
2 
2 
2 
2 
2 
2 
2 
2 
2 
2 
2 
2 
2 
2 
2 
2 
2 
2 
2 
2 
2 
2 
2 
2 
2 
2 
2 
2 
2 
2 
2 
2 
2 
2 
2 
2 
2 
2 
2 
2 
2 
2 
2 
2 
2 
2 
2 
2 
2 
2 
2 
2 
2 
2 
2 
2 
2 
2 
2 
2 
2 
2 
2 
2 
2 
2 
2 
2 
2 
2 
2 
2 
2 
2 
2 
2 
2 
2 
2 
2 
2 
2 
2 
2 
2 
2 
2 
2 
2 
2 
2 
2 
2 
2 
2 
2 
2 
2 
2 
2 
2 
2 
2 
2 
2 
2 
2 
2 
2 
2 
2 
2 
2 
2 
2 
2 
2 
2 
2 
2 
2 
2 
2 
2 
2 
2 
2 
2 
2 
2 
2 
2 
2 
2 
2 
2 
2 
2 
2 
2 
2 
2 
2 
2 
2 
2 
2 
2 
2 
2 
2 
2 
2 
2 
2 
2 
2 
2 
2 
2 
2 
2 
2 
2 
2 
2 
2 
2 
2 
2 
2 
2 
2 
2 
2 
2 
2 
2 
2 
2 
2 
2 
2 
2 
2 
2 
2 
2 
2 
2 
2 
2 
2 
2 
2 
2 
2 
2 
2 
2 
2 
2 
2 
2 
2 
2 
2 
2 
2 
2 
2 
2 
2 
2 
2 
2 
2 
2 
2 
2 
2 
2 
2 
2 
2 
2 
2 
2 
2 
2 
2 
2 
2 
2 
2 
2 
2 
2 
2 
2 
2 
2 
2 
2 
2 
2 
2 
2 
2 
2 
2 
2 
2 
2 
2 
2 
2 
2 
2 
2 
2 
2 
2 
2 
2 
2 
2 
2 
2 
2 
2 
2 
2 
2 
2 
2 
2 
2 
2 
2 
2 
2 
2 
2 
2 
2 
2 
2 
2 
2 
2 
2 
2 
2 
2 
2 
2 
2 
2 
2 
2 
2 
2 
2 
2 
2 
2 
2 
2 
2 
2 
2 
2 
2 
2 
2 
2 
2 
2 
2 
2 
2 
2 
2 
2 
2 
2 
2 
2 
2 
2 
2 
2 
2 
2 
2 
2 
2 
2 
2 
2 
2 
2 
2 
2 
2 
2 
2 
2 
2 
2 
2 
2 
2 
2 
2 
2 
2 
2 
2 
2 
2 
2 
2 
2 
2 
2 
2 
2 
2 
2 
2 
2 
2 
2 
2 
2 
2 
2 
2 
2 
2 
2 
2 
2 
2 
2 
2 
2 
2 
2 
2 
2 
2 
2 
2 
2 
2 
2 
2 
2 
2 
2 
2 
2 
2 
2 
2 
2 
2 
2 
2 
2 
2 
2 
2 
2 
2 
2 
2 
2 
2 
2 
2 
2 
2 
2 
2 
2 
2 
2 
2 
2 
2 
2 
2 
2 
2 
2 
2 
2 
2 
2 
2 
2 
2 
2 
2 
2 
2 
2 
2 
2 
2 
2 
2 
2 
2 
2 
2 
2 
2 
2 
2 
2 
2 
2 
2 
2 
2 
2 
2 
2 
2 
2 
2 
2 
2 
2 
2 
2 
2 
2 
2 
2 
2 
2 
2 
2 
2 
2 
2 
2 
2 
2 
2 
2 
2 
2 
2 
2 
2 
2 
2 
2 
2 
2 
2 
2 
2 
2 
2 
2 
2 
2 
2 
2 
2 
2 
2 
2 
2 
2 
2 
2 
2 
2 
2 
2 
2 
2 
2 
2 
2 
2 
2 
2 
2 
2 
2 
2 
2 
2 
2 
2 
2 
2 
2 
2 
2 
2 
2 
2 
2 
2 
2 
2 
2 
2 
2 
2 
2 
2 
2 
2 
2 
2 
2 
2 
2 
2 
2 
2 
2 
2 
2 
2 
2 
2 
2 
2 
2 
2 
2 
2 
2 
2 
2 
2 
2 
2 
2 
2 
2 
2 
2 
2 
2 
2 
2 
2 
2 
2 
2 
2 
2 
2 
2 
2 
2 
2 
2 
2 
2 
2 
2 
2 
2 
2 
2 
2 
2 
2 
2 
2 
2 
2 
2 
2 
2 
2 
2 
2 
2 
2 
2 
2 
2 
2 
2 
2 
2 
2 
2 
2 
2 
2 
2 
2 
2 
2 
2 
2 
2 
2 
2 
2 
2 
2 
2 
2 
2 
2 
2 
2 
2 
2 
2 
2 
2 
2 
2 
2 
2 
2 
2 
2 
2 
2 
2 
2 
2 
2 
2 
2 
2 
2 
2 
2 
2 
2 
2 
2 
2 
2 
2 
2 
2 
2 
2 
2 
2 
2 
2 
2 
2 
2 
2 
2 
2 
2 
2 
2 
2 
2 
2 
2 
2 
2 
2 
2 
2 
2 
2 
2 
2 
2 
2 
2 
2 
2 
2 
2 
2 
2 
2 
2 
2 
2 
2 
2 
2 
2 
2 
2 
2 
2 
2 
2 
2 
2 
2 
2 
2 
2 
2 
2 
2 
2 
2 
2 
2 
2 
2 
2 
2 
2 
2 
2 
2 
2 
2 
2 
2 
2 
2 
2 
2 
2 
2 
2 
2 
2 
2 
2 
2 
2 
2 
2 
2 
2 
2 
2 
2 
2 
2 
2 
2 
2 
2 
2 
2 
2 
2 
2 
2 
2 
2 
2 
2 
2 
2 
2 
2 
2 
2 
2 
2 
2 
2 
2 
2 
2 
2 
2 
2 
2 
2 
2 
2 
2 
2 
2 
2 
2 
2 
2 
2 
2 
2 
2 
2 
2 
2 
2 
2 
2 
2 
2 
2 
2 
2 
2 
2 
2 
2 
2 
2 
2 
2 
2 
2 
2 
2 
2 
2 
2 
2 
2 
2 
2 
2 
2 
2 
2 
2 
2 
2 
2 
2 
2 
2 
2 
2 
2 
2 
2 
2 
2 
2 
2 
2 
2 
2 
2 
2 
2 
2 
2 
2 
2 
2 
2 
2 
2 
2 
2 
2 
2 
2 
2 
2 
2 
2 
2 
2 
2 
2 
2 
2 
2 
2 
2 
2 
2 
2 
2 
2 
2 
2 
2 
2 
2 
2 
2 
2 
2 
2 
2 
2 
2 
2 
2 
2 
2 
2 
2 
2 
2 
2 
2 
2 
2 
2 
2 
2 
2 
2 
2 
2 
2 
2 
2 
2 
2 
2 
2 
2 
2 
2 
2 
2 
2 
2 
2 
2 
2 
2 
2 
2 
2 
2 
2 
2 
2 
2 
2 
2 
2 
2 
2 
2 
2 
2 
2 
2 
2 
2 
2 
2 
2 
2 
2 
2 
2 
2 
2 
2 
2 
2 
2 
2 
2 
2 
2 
2 
2 
2 
2 
2 
2 
2 
2 
2 
2 
2 
2 
2 
2 
2 
2 
2 
2 
2 
2 
2 
2 
2 
2 
2 
2 
2 
2 
2 
2 
2 
2 
2 
2 
2 
2 
2 
2 
2 
2 
2 
2 
2 
2 
2 
2 
2 
2 
2 
2 
2 
2 
2 
2 
2 
2 
2 
2 
2 
2 
2 
2 
2 
2 
2 
2 
2 
2 
2 
2 
2 
2 
2 
2 
2 
2 
2 
2 
2 
2 
2 
2 
2 
2 
2 
2 
2 
2 
2 
2 
2 
2 
2 
2 
2 
2 
2 
2 
2 
2 
2 
2 
2 
2 
2 
2 
2 
2 
2 
2 
2 
2 
2 
2 
2 
2 
2 
2 
2 
2 
2 
2 
2 
2 
2 
2 
2 
2 
2 
2 
2 
2 
2 
2 
2 
2 
2 
2 
2 
2 
2 
2 
2 
2 
2 
2 
2 
2 
2 
2 
2 
2 
2 
2 
2 
2 
2 
2 
2 
2 
2 
2 
2 
2 
2 
2 
2 
2 
2 
2 
2 
2 
2 
2 
2 
2 
2 
2 
2 
2 
2 
2 
2 
2 
2 
2 
2 
2 
2 
2 
2 
2 
2 
2 
2 
2 
2 
2 
2 
2 
2 
2 
2 
2 
2 
2 
2 
2 
2 
2 
2 
2 
2 
2 
2 
2 
2 
2 
2 
2 
2 
2 
2 
2 
2 
2 
2 
2 
2 
2 
2 
2 
2 
2 
2 
2 
2 
2 
2 
2 
2 
2 
2 
2 
2 
2 
2 
2 
2 
2 
2 
2 
2 
2 
2 
2 
2 
2 
2 
2 
2 
2 
2 
2 
2 
2 
2 
2 
2 
2 
2 
2 
2 
2 
2 
2 
2 
2 
2 
2 
2 
2 
2 
2 
2 
2 
2 
2 
2 
2 
2 
2 
2 
2 
2 
2 
2 
2 
2 
2 
2 
2 
2 
2 
2 
2 
2 
2 
2 
2 
2 
2 
2 
2 
2 
2 
2 
2 
2 
2 
2 
2 
2 
2 
2 
2 
2 
2 
2 
2 
2 
2 
2 
2 
2 
2 
2 
2 
2 
2 
2 
2 
2 
2 
2 
2 
2 
2 
2 
2 
2 
2 
2 
2 
2 
2 
2 
2 
2 
2 
2 
2 
2 
2 
2 
2 
2 
2 
2 
2 
2 
2 
2 
2 
2 
2 
2 
2 
2 
2 
2 
2 
2 
2 
2 
2 
2 
2 
2 
2 
2 
2 
2 
2 
2 
2 
2 
2 
2 
2 
2 
2 
2 
2 
2 
2 
2 
2 
2 
2 
2 
2 
2 
2 
2 
2 
2 
2 
2 
2 
2 
2 
2 
2 
2 
2 
2 
2 
2 
2 
2 
2 
2 
2 
2 
2 
2 
2 
2 
2 
2 
2 
2 
2 
2 
2 
2 
2 
2 
2 
2 
2 
2 
2 
2 
2 
2 
2 
2 
2 
2 
2 
2 
2 
2 
2 
2 
2 
2 
2 
2 
2 
2 
2 
2 
2 
2 
2 
2 
2 
2 
2 
2 
2 
2 
2 
2 
2 
2 
2 
2 
2 
2 
2 
2 
2 
2 
2 
2 
2 
2 
2 
2 
2 
2 
2 
2 
2 
2 
2 
2 
2 
2 
2 
2 
2 
2 
2 
2 
2 
2 
2 
2 
2 
2 
2 
2 
2 
2 
2 
2 
2 
2 
2 
2 
2 
2 
2 
2 
2 
2 
2 
2 
2 
2 
2 
2 
2 
2 
2 
2 
2 
2 
2 
2 
2 
2 
2 
2 
2 
2 
2 
2 
2 
2 
2 
2 
2 
2 
2 
2 
2 
2 
2 
2 
2 
2 
2 
2 
2 
2 
2 
2 
2 
2 
2 
2 
2 
2 
2 
2 
2 
2 
2 
2 
2 
2 
2 
2 
2 
2 
2 
2 
2 
2 
2 
2 
2 
2 
2 
2 
2 
2 
2 
2 
2 
2 
2 
2 
2 
2 
2 
2 
2 
2 
2 
2 
2 
2 
2 
2 
2 
2 
2 
2 
2 
2 
2 
2 
2 
2 
2 
2 
2 
2 
2 
2 
2 
2 
2 
2 
2 
2 
2 
2 
2 
2 
2 
2 
2 
2 
2 
2 
2 
2 
2 
2 
2 
2 
2 
2 
2 
2 
2 
2 
2 
2 
2 
2 
2 
2 
2 
2 
2 
2 
2 
2 
2 
2 
2 
2 
2 
2 
2 
2 
2 
2 
2 
2 
2 
2 
2 
2 
2 
2 
2 
2 
2 
2 
2 
2 
2 
2 
2 
2 
2 
2 
2 
2 
2 
2 
2 
2 
2 
2 
2 
2 
2 
2 
2 
2 
2 
2 
2 
2 
2 
2 
2 
2 
2 
2 
2 
2 
2 
2 
2 
2 
2 
2 
2 
2 
2 
2 
2 
2 
2 
2 
2 
2 
2 
2 
2 
2 
2 
2 
2 
2 
2 
2 
2 
2 
2 
2 
2 
2 
2 
2 
2 
2 
2 
2 
2 
2 
2 
2 
2 
2 
2 
2 
2 
2 
2 
2 
2 
2 
2 
2 
2 
2 
2 
2 
2 
2 
2 
2 
2 
2 
2 
2 
2 
2 
2 
2 
2 
2 
2 
2 
2 
2 
2 
2 
2 
2 
2 
2 
2 
2 
2 
2 
2 
2 
2 
2 
2 
2 
2 
2 
2 
2 
2 
2 
2 
2 
2 
2 
2 
2 
2 
2 
2 
2 
2 
2 
2 
2 
2 
2 
2 
2 
2 
2 
2 
2 
2 
2 
2 
2 
2 
2 
2 
2 
2 
2 
2 
2 
2 
2 
2 
2 
2 
2 
2 
2 
2 
2 
2 
2 
2 
2 
2 
2 
2 
2 
2 
2 
2 
2 
2 
2 
2 
2 
2 
2 
2 
2 
2 
2 
2 
2 
2 
2 
2 
2 
2 
2 
2 
2 
2 
2 
2 
2 
2 
2 
2 
2 
2 
2 
2 
2 
2 
2 
2 
2 
2 
2 
2 
2 
2 
2 
2 
2 
2 
2 
2 
2 
2 
2 
2 
2 
2 
2 
2 
2 
2 
2 
2 
2 
2 
2 
2 
2 
2 
2 
2 
2 
2 
2 
2 
2 
2 
2 
2 
2 
2 
2 
2 
2 
2 
2 
2 
2 
2 
2 
2 
2 
2 
2 
2 
2 
2 
2 
2 
2 
2 
2 
2 
2 
2 
2 
2 
2 
2 
2 
2 
2 
2 
2 
2 
2 
2 
2 
2 
2 
2 
2 
2 
2 
2 
2 
2 
2 
2 
2 
2 
2 
2 
2 
2 
2 
2 
2 
2 
2 
2 
2 
2 
2 
2 
2 
2 
2 
2 
2 
2 
2 
2 
2 
2 
2 
2 
2 
2 
2 
2 
2 
2 
2 
2 
2 
2 
2 
2 
2 
2 
2 
2 
2 
2 
2 
2 
2 
2 
2 
2 
2 
2 
2 
2 
2 
2 
2 
2 
2 
2 
2 
2 
2 
2 
2 
2 
2 
2 
2 
2 
2 
2 
2 
2 
2 
2 
2 
2 
2 
2 
2 
2 
2 
2 
2 
2 
2 
2 
2 
2 
2 
2 
2 
2 
2 
2 
2 
2 
2 
2 
2 
2 
2 
2 
2 
2 
2 
2 
2 
2 
2 
2 
2 
2 
2 
2 
2 
2 
2 
2 
2 
2 
2 
2 
2 
2 
2 
2 
2 
2 
2 
2 
2 
2 
2 
2 
2 
2 
2 
2 
2 
2 
2 
2 
2 
2 
2 
2 
2 
2 
2 
2 
2 
2 
2 
2 
2 
2 
2 
2 
2 
2 
2 
2 
2 
2 
2 
2 
2 
2 
2 
2 
2 
2 
2 
2 
2 
2 
2 
2 
2 
2 
2 
2 
2 
2 
2 
2 
2 
2 
2 
2 
2 
2 
2 
2 
2 
2 
2 
2 
2 
2 
2 
2 
2 
2 
2 
2 
2 
2 
2 
2 
2 
2 
2 
2 
2 
2 
2 
2 
2 
2 
2 
2 
2 
2 
2 
2 
2 
2 
2 
2 
2 
2 
2 
2 
2 
2 
2 
2 
2 
2 
2 
2 
2 
2 
2 
2 
2 
2 
2 
2 
2 
2 
2 
2 
2 
2 
2 
2 
2 
2 
2 
2 
2 
2 
2 
2 
2 
2 
2 
2 
2 
2 
2 
2 
2 
2 
2 
2 
2 
2 
2 
2 
2 
2 
2 
2 
2 
2 
2 
2 
2 
2 
2 
2 
2 
2 
2 
2 
2 
2 
2 
2 
2 
2 
2 
2 
2 
2 
2 
2 
2 
2 
2 
2 
2 
2 
2 
2 
2 
2 
2 
2 
2 
2 
2 
2 
2 
2 
2 
2 
2 
2 
2 
2 
2 
2 
2 
2 
2 
2 
2 
2 
2 
2 
2 
2 
2 
2 
2 
2 
2 
2 
2 
2 
2 
2 
2 
2 
2 
2 
2 
2 
2 
2 
2 
2 
2 
2 
2 
2 
2 
2 
2 
2 
2 
2 
2 
2 
2 
2 
2 
2 
2 
2 
2 
2 
2 
2 
2 
2 
2 
2 
2 
2 
2 
2 
2 
2 
2 
2 
2 
2 
2 
2 
2 
2 
2 
2 
2 
2 
2 
2 
2 
2 
2 
2 
2 
2 
2 
2 
2 
2 
2 
2 
2 
2 
2 
2 
2 
2 
2 
2 
2 
2 
2 
2 
2 
2 
2 
2 
2 
2 
2 
2 
2 
2 
2 
2 
2 
2 
2 
2 
2 
2 
2 
2 
2 
2 
2 
2 
2 
2 
2 
2 
2 
2 
2 
2 
2 
2 
2 
2 
2 
2 
2 
2 
2 
2 
2 
2 
2 
2 
2 
2 
2 
2 
2 
2 
2 
2 
2 
2 
2 
2 
2 
2 
2 
2 
2 
2 
2 
2 
2 
2 
2 
2 
2 
2 
2 
2 
2 
2 
2 
2 
2 
2 
2 
2 
2 
2 
2 
2 
2 
2 
2 
2 
2 
2 
2 
2 
2 
2 
2 
2 
2 
2 
2 
2 
2 
2 
2 
2 
2 
2 
2 
2 
2 
2 
2 
2 
2 
2 
2 
2 
2 
2 
2 
2 
2 
2 
2 
2 
2 
2 
2 
2 
2 
2 
2 
2 
2 
2 
2 
2 
2 
2 
2 
2 
2 
2 
2 
2 
2 
2 
2 
2 
2 
2 
2 
2 
2 
2 
2 
2 
2 
2 
2 
2 
2 
2 
2 
2 
2 
2 
2 
2 
2 
2 
2 
2 
2 
2 
2 
2 
2 
2 
2 
2 
2 
2 
2 
2 
2 
2 
2 
2 
2 
2 
2 
2 
2 
2 
2 
2 
2 
2 
2 
2 
2 
2 
2 
2 
2 
2 
2 
2 
2 
2 
2 
2 
2 
2 
2 
2 
2 
2 
2 
2 
2 
2 
2 
2 
2 
2 
2 
2 
2 
2 
2 
2 
2 
2 
2 
2 
2 
2 
2 
2 
2 
2 
2 
2 
2 
2 
2 
2 
2 
2 
2 
2 
2 
2 
2 
2 
2 
2 
2 
2 
2 
2 
2 
2 
2 
2 
2 
2 
2 
2 
2 
2 
2 
2 
2 
2 
2 
2 
2 
2 
2 
2 
2 
2 
2 
2 
2 
2 
2 
2 
2 
2 
2 
2 
2 
2 
2 
2 
2 
2 
2 
2 
2 
2 
2 
2 
2 
2 
2 
2 
2 
2 
2 
2 
2 
2 
2 
2 
2 
2 
2 
2 
2 
2 
2 
2 
2 
2 
2 
2 
2 
2 
2 
2 
2 
2 
2 
2 
2 
2 
2 
2 
2 
2 
2 
2 
2 
2 
2 
2 
2 
2 
2 
2 
2 
2 
2 
2 
2 
2 
2 
2 
2 
2 
2 
2 
2 
2 
2 
2 
2 
2 
2 
2 
2 
2 
2 
2 
2 
2 
2 
2 
2 
2 
2 
2 
2 
2 
2 
2 
2 
2 
2 
2 
2 
2 
2 
2 
2 
2 
2 
2 
2 
2 
2 
2 
2 
2 
2 
2 
2 
2 
2 
2 
2 
2 
2 
2 
2 
2 
2 
2 
2 
2 
2 
2 
2 
2 
2 
2 
2 
2 
2 
2 
2 
2 
2 
2 
2 
2 
2 
2 
2 
2 
2 
2 
2 
2 
2 
2 
2 
2 
2 
2 
2 
2 
2 
2 
2 
2 
2 
2 
2 
2 
2 
2 
2 
2 
2 
2 
2 
2 
2 
2 
2 
2 
2 
2 
2 
2 
2 
2 
2 
2 
2 
2 
2 
2 
2 
2 
2 
2 
2 
2 
2 
2 
2 
2 
2 
2 
2 
2 
2 
2 
2 
2 
2 
2 
2 
2 
2 
2 
2 
2 
2 
2 
2 
2 
2 
2 
2 
2 
2 
2 
2 
2 
2 
2 
2 
2 
2 
2 
2 
2 
2 
2 
2 
2 
2 
2 
2 
2 
2 
2 
2 
2 
2 
2 
2 
2 
2 
2 
2 
2 
2 
2 
2 
2 
2 
2 
2 
2 
2 
2 
2 
2 
2 
2 
2 
2 
2 
2 
2 
2 
2 
2 
2 
2 
2 
2 
2 
2 
2 
2 
2 
2 
2 
2 
2 
2 
2 
2 
2 
2 
2 
2 
2 
2 
2 
2 
2 
2 
2 
2 
2 
2 
2 
2 
2 
2 
2 
2 
2 
2 
2 
2 
2 
2 
2 
2 
2 
2 
2 
2 
2 
2 
2 
2 
2 
2 
2 
2 
2 
2 
2 
2 
2 
2 
2 
2 
2 
2 
2 
2 
2 
2 
2 
2 
2 
2 
2 
2 
2 
2 
2 
2 
2 
2 
2 
2 
2 
2 
2 
2 
2 
2 
2 
2 
2 
2 
2 
2 
2 
2 
2 
2 
2 
2 
2 
2 
2 
2 
2 
2 
2 
2 
2 
2 
2 
2 
2 
2 
2 
2 
2 
2 
2 
2 
2 
2 
2 
2 
2 
2 
2 
2 
2 
2 
2 
2 
2 
2 
2 
2 
2 
2 
2 
2 
2 
2 
2 
2 
2 
2 
2 
2 
2 
2 
2 
2 
2 
2 
2 
2 
2 
2 
2 
2 
2 
2 
2 
2 
2 
2 
2 
2 
2 
2 
2 
2 
2 
2 
2 
2 
2 
2 
2 
2 
2 
2 
2 
2 
2 
2 
2 
2 
2 
2 
2 
2 
2 
2 
2 
2 
2 
2 
2 
2 
2 
2 
2 
2 
2 
2 
2 
2 
2 
2 
2 
2 
2 
2 
2 
2 
2 
2 
2 
2 
2 
2 
2 
2 
2 
2 
2 
2 
2 
2 
2 
2 
2 
2 
2 
2 
2 
2 
2 
2 
2 
2 
2 
2 
2 
2 
2 
2 
2 
2 
2 
2 
2 
2 
2 
2 
2 
2 
2 
2 
2 
2 
2 
2 
2 
2 
2 
2 
2 
2 
2 
2 
2 
2 
2 
2 
2 
2 
2 
2 
2 
2 
2 
2 
2 
2 
2 
2 
2 
2 
2 
2 
2 
2 
2 
2 
2 
2 
2 
2 
2 
2 
2 
2 
2 
2 
2 
2 
2 
2 
2 
2 
2 
2 
2 
2 
2 
2 
2 
2 
2 
2 
2 
2 
2 
2 
2 
2 
2 
2 
2 
2 
2 
2 
2 
2 
2 
2 
2 
2 
2 
2 
2 
2 
2 
2 
2 
2 
2 
2 
2 
2 
2 
2 
2 
2 
2 
2 
2 
2 
2 
2 
2 
2 
2 
2 
2 
2 
2 
2 
2 
2 
2 
2 
2 
2 
2 
2 
2 
2 
2 
2 
2 
2 
2 
2 
2 
2 
2 
2 
2 
2 
2 
2 
2 
2 
2 
2 
2 
2 
2 
2 
2 
2 
2 
2 
2 
2 
2 
2 
2 
2 
2 
2 
2 
2 
2 
2 
2 
2 
2 
2 
2 
2 
2 
2 
2 
2 
2 
2 
2 
2 
2 
2 
2 
2 
2 
2 
2 
2 
2 
2 
2 
2 
2 
2 
2 
2 
2 
2 
2 
2 
2 
2 
2 
2 
2 
2 
2 
2 
2 
2 
2 
2 
2 
2 
2 
2 
2 
2 
2 
2 
2 
2 
2 
2 
2 
2 
2 
2 
2 
2 
2 
2 
2 
2 
2 
2 
2 
2 
2 
2 
2 
2 
2 
2 
2 
2 
2 
2 
2 
2 
2 
2 
2 
2 
2 
2 
2 
2 
2 
2 
2 
2 
2 
2 
2 
2 
2 
2 
2 
2 
2 
2 
2 
2 
2 
2 
2 
2 
2 
2 
2 
2 
2 
2 
2 
2 
2 
2 
2 
2 
2 
2 
2 
2 
2 
2 
2 
2 
2 
2 
2 
2 
2 
2 
2 
2 
2 
2 
2 
2 
2 
2 
2 
2 
2 
2 
2 
2 
2 
2 
2 
2 
2 
2 
2 
2 
2 
2 
2 
2 
2 
2 
2 
2 
2 
2 
2 
2 
2 
2 
2 
2 
2 
2 
2 
2 
2 
2 
2 
2 
2 
2 
2 
2 
2 
2 
2 
2 
2 
2 
2 
2 
2 
2 
2 
2 
2 
2 
2 
2 
2 
2 
2 
2 
2 
2 
2 
2 
2 
2 
2 
2 
2 
2 
2 
2 
2 
2 
2 
2 
2 
2 
2 
2 
2 
2 
2 
2 
2 
2 
2 
2 
2 
2 
2 
2 
2 
2 
2 
2 
2 
2 
2 
2 
2 
2 
2 
2 
2 
2 
2 
2 
2 
2 
2 
2 
2 
2 
2 
2 
2 
2 
2 
2 
2 
2 
2 
2 
2 
2 
2 
2 
2 
2 
2 
2 
2 
2 
2 
2 
2 
2 
2 
2 
2 
2 
2 
2 
2 
2 
2 
2 
2 
2 
2 
2 
2 
2 
2 
2 
2 
2 
2 
2 
2 
2 
2 
2 
2 
2 
2 
2 
2 
2 
2 
2 
2 
2 
2 
2 
2 
2 
2 
2 
2 
2 
2 
2 
2 
2 
2 
2 
2 
2 
2 
2 
2 
2 
2 
2 
2 
2 
2 
2 
2 
2 
2 
2 
2 
2 
2 
2 
2 
2 
2 
2 
2 
2 
2 
2 
2 
2 
2 
2 
2 
2 
2 
2 
2 
2 
2 
2 
2 
2 
2 
2 
2 
2 
2 
2 
2 
2 
2 
2 
2 
2 
2 
2 
2 
2 
2 
2 
2 
2 
2 
2 
2 
2 
2 
2 
2 
2 
2 
2 
2 
2 
2 
2 
2 
2 
2 
2 
2 
2 
2 
2 
2 
2 
2 
2 
2 
2 
2 
2 
2 
2 
2 
2 
2 
2 
2 
2 
2 
2 
2 
2 
2 
2 
2 
2 
2 
2 
2 
2 
2 
2 
2 
2 
2 
2 
2 
2 
2 
2 
2 
2 
2 
2 
2 
2 
2 
2 
2 
2 
2 
2 
2 
2 
2 
2 
2 
2 
2 
2 
2 
2 
2 
2 
2 
2 
2 
2 
2 
2 
2 
2 
2 
2 
2 
2 
2 
2 
2 
2 
2 
2 
2 
2 
2 
2 
2 
2 
2 
2 
2 
2 
2 
2 
2 
2 
2 
2 
2 
2 
2 
2 
2 
2 
2 
2 
2 
2 
2 
2 
2 
2 
2 
2 
2 
2 
2 
2 
2 
2 
2 
2 
2 
2 
2 
2 
2 
2 
2 
2 
2 
2 
2 
2 
2 
2 
2 
2 
2 
2 
2 
2 
2 
2 
2 
2 
2 
2 
2 
2 
2 
2 
2 
2 
2 
2 
2 
2 
2 
2 
2 
2 
2 
2 
2 
2 
2 
2 
2 
2 
2 
2 
2 
2 
2 
2 
2 
2 
2 
2 
2 
2 
2 
2 
2 
2 
2 
2 
2 
2 
2 
2 
2 
2 
2 
2 
2 
2 
2 
2 
2 
2 
2 
2 
2 
2 
2 
2 
2 
2 
2 
2 
2 
2 
2 
2 
2 
2 
2 
2 
2 
2 
2 
2 
2 
2 
2 
2 
2 
2 
2 
2 
2 
2 
2 
2 
2 
2 
2 
2 
2 
2 
2 
2 
2 
2 
2 
2 
2 
2 
2 
2 
2 
2 
2 
2 
2 
2 
2 
2 
2 
2 
2 
2 
2 
2 
2 
2 
2 
2 
2 
2 
2 
2 
2 
2 
2 
2 
2 
2 
2 
2 
2 
2 
2 
2 
2 
2 
2 
2 
2 
2 
2 
2 
2 
2 
2 
2 
2 
2 
2 
2 
2 
2 
2 
2 
2 
2 
2 
2 
2 
2 
2 
2 
2 
2 
2 
2 
2 
2 
2 
2 
2 
2 
2 
2 
2 
2 
2 
2 
2 
2 
2 
2 
2 
2 
2 
2 
2 
2 
2 
2 
2 
2 
2 
2 
2 
2 
2 
2 
2 
2 
2 
2 
2 
2 
2 
2 
2 
2 
2 
2 
2 
2 
2 
2 
2 
2 
2 
2 
2 
2 
2 
2 
2 
2 
2 
2 
2 
2 
2 
2 
2 
2 
2 
2 
2 
2 
2 
2 
2 
2 
2 
2 
2 
2 
2 
2 
2 
2 
2 
2 
2 
2 
2 
2 
2 
2 
2 
2 
2 
2 
2 
2 
2 
2 
2 
2 
2 
2 
2 
2 
2 
2 
2 
2 
2 
2 
2 
2 
2 
2 
2 
2 
2 
2 
2 
2 
2 
2 
2 
2 
2 
2 
2 
2 
2 
2 
2 
2 
2 
2 
2 
2 
2 
2 
2 
2 
2 
2 
2 
2 
2 
2 
2 
2 
2 
2 
2 
2 
2 
2 
2 
2 
2 
2 
2 
2 
2 
2 
2 
2 
2 
2 
2 
2 
2 
2 
2 
2 
2 
2 
2 
2 
2 
2 
2 
2 
2 
2 
2 
2 
2 
2 
2 
2 
2 
2 
2 
2 
2 
2 
2 
2 
2 
2 
2 
2 
2 
2 
2 
2 
2 
2 
2 
2 
2 
2 
2 
2 
2 
2 
2 
2 
2 
2 
2 
2 
2 
2 
2 
2 
2 
2 
2 
2 
2 
2 
2 
2 
2 
2 
2 
2 
2 
2 
2 
2 
2 
2 
2 
2 
2 
2 
2 
2 
2 
2 
2 
2 
2 
2 
2 
2 
2 
2 
2 
2 
2 
2 
2 
2 
2 
2 
2 
2 
2 
2 
2 
2 
2 
2 
2 
2 
2 
2 
2 
2 
2 
2 
2 
2 
2 
2 
2 
2 
2 
2 
2 
2 
2 
2 
2 
2 
2 
2 
2 
2 
2 
2 
2 
2 
2 
2 
2 
2 
2 
2 
2 
2 
2 
2 
2 
2 
2 
2 
2 
2 
2 
2 
2 
2 
2 
2 
2 
2 
2 
2 
2 
2 
2 
2 
2 
2 
2 
2 
2 
2 
2 
2 
2 
2 
2 
2 
2 
2 
2 
2 
2 
2 
2 
2 
2 
2 
2 
2 
2 
2 
2 
2 
2 
2 
2 
2 
2 
2 
2 
2 
2 
2 
2 
2 
2 
2 
2 
2 
2 
2 
2 
2 
2 
2 
2 
2 
2 
2 
2 
2 
2 
2 
2 
2 
2 
2 
2 
2 
2 
2 
2 
2 
2 
2 
2 
2 
2 
2 
2 
2 
2 
2 
2 
2 
2 
2 
2 
2 
2 
2 
2 
2 
2 
2 
2 
2 
2 
2 
2 
2 
2 
2 
2 
2 
2 
2 
2 
2 
2 
2 
2 
2 
2 
2 
2 
2 
2 
2 
2 
2 
2 
2 
2 
2 
2 
2 
2 
2 
2 
2 
2 
2 
2 
2 
2 
2 
2 
2 
2 
2 
2 
2 
2 
2 
2 
2 
2 
2 
2 
2 
2 
2 
2 
2 
2 
2 
2 
2 
2 
2 
2 
2 
2 
2 
2 
2 
2 
2 
2 
2 
2 
2 
2 
2 
2 
2 
2 
2 
2 
2 
2 
2 
2 
2 
2 
2 
2 
2 
2 
2 
2 
2 
2 
2 
2 
2 
2 
2 
2 
2 
2 
2 
2 
2 
2 
2 
2 
2 
2 
2 
2 
2 
2 
2 
2 
2 
2 
2 
2 
2 
2 
2 
2 
2 
2 
2 
2 
2 
2 
2 
2 
2 
2 
2 
2 
2 
2 
2 
2 
2 
2 
2 
2 
2 
2 
2 
2 
2 
2 
2 
2 
2 
2 
2 
2 
2 
2 
2 
2 
2 
2 
2 
2 
2 
2 
2 
2 
2 
2 
2 
2 
2 
2 
2 
2 
2 
2 
2 
2 
2 
2 
2 
2 
2 
2 
2 
2 
2 
2 
2 
2 
2 
2 
2 
2 
2 
2 
2 
2 
2 
2 
2 
2 
2 
2 
2 
2 
2 
2 
2 
2 
2 
2 
2 
2 
2 
2 
2 
2 
2 
2 
2 
2 
2 
2 
2 
2 
2 
2 
2 
2 
2 
2 
2 
2 
2 
2 
2 
2 
2 
2 
2 
2 
2 
2 
2 
2 
2 
2 
2 
2 
2 
2 
2 
2 
2 
2 
2 
2 
2 
2 
2 
2 
2 
2 
2 
2 
2 
2 
2 
2 
2 
2 
2 
2 
2 
2 
2 
2 
2 
2 
2 
2 
2 
2 
2 
2 
2 
2 
2 
2 
2 
2 
2 
2 
2 
2 
2 
2 
2 
2 
2 
2 
2 
2 
2 
2 
2 
2 
2 
2 
2 
2 
2 
2 
2 
2 
2 
2 
2 
2 
2 
2 
2 
2 
2 
2 
2 
2 
2 
2 
2 
2 
2 
2 
2 
2 
2 
2 
2 
2 
2 
2 
2 
2 
2 
2 
2 
2 
2 
2 
2 
2 
2 
2 
2 
2 
2 
2 
2 
2 
2 
2 
2 
2 
2 
2 
2 
2 
2 
2 
2 
2 
2 
2 
2 
2 
2 
2 
2 
2 
2 
2 
2 
2 
2 
2 
2 
2 
2 
2 
2 
2 
2 
2 
2 
2 
2 
2 
2 
2 
2 
2 
2 
2 
2 
2 
2 
2 
2 
2 
2 
2 
2 
2 
2 
2 
2 
2 
2 
2 
2 
2 
2 
2 
2 
2 
2 
2 
2 
2 
2 
2 
2 
2 
2 
2 
2 
2 
2 
2 
2 
2 
2 
2 
2 
2 
2 
2 
2 
2 
2 
2 
2 
2 
2 
2 
2 
2 
2 
2 
2 
2 
2 
2 
2 
2 
2 
2 
2 
2 
2 
2 
2 
2 
2 
2 
2 
2 
2 
2 
2 
2 
2 
2 
2 
2 
2 
2 
2 
2 
2 
2 
2 
2 
2 
2 
2 
2 
2 
2 
2 
2 
2 
2 
2 
2 
2 
2 
2 
2 
2 
2 
2 
2 
2 
2 
2 
2 
2 
2 
2 
2 
2 
2 
2 
2 
2 
2 
2 
2 
2 
2 
2 
2 
2 
2 
2 
2 
2 
2 
2 
2 
2 
2 
2 
2 
2 
2 
2 
2 
2 
2 
2 
2 
2 
2 
2 
2 
2 
2 
2 
2 
2 
2 
2 
2 
2 
2 
2 
2 
2 
2 
2 
2 
2 
2 
2 
2 
2 
2 
2 
2 
2 
2 
2 
2 
2 
2 
2 
2 
2 
2 
2 
2 
2 
2 
2 
2 
2 
2 
2 
2 
2 
2 
2 
2 
2 
2 
2 
2 
2 
2 
2 
2 
2 
2 
2 
2 
2 
2 
2 
2 
2 
2 
2 
2 
2 
2 
2 
2 
2 
2 
2 
2 
2 
2 
2 
2 
2 
2 
2 
2 
2 
2 
2 
2 
2 
2 
2 
2 
2 
2 
2 
2 
2 
2 
2 
2 
2 
2 
2 
2 
2 
2 
2 
2 
2 
2 
2 
2 
2 
2 
2 
2 
2 
2 
2 
2 
2 
2 
2 
2 
2 
2 
2 
2 
2 
2 
2 
2 
2 
2 
2 
2 
2 
2 
2 
2 
2 
2 
2 
2 
2 
2 
2 
2 
2 
2 
2 
2 
2 
2 
2 
2 
2 
2 
2 
2 
2 
2 
2 
2 
2 
2 
2 
2 
2 
2 
2 
2 
2 
2 
2 
2 
2 
2 
2 
2 
2 
2 
2 
2 
2 
2 
2 
2 
2 
2 
2 
2 
2 
2 
2 
2 
2 
2 
2 
2 
2 
2 
2 
2 
2 
2 
2 
2 
2 
2 
2 
2 
2 
2 
2 
2 
2 
2 
2 
2 
2 
2 
2 
2 
2 
2 
2 
2 
2 
2 
2 
2 
2 
2 
2 
2 
2 
2 
2 
2 
2 
2 
2 
2 
2 
2 
2 
2 
2 
2 
2 
2 
2 
2 
2 
2 
2 
2 
2 
2 
2 
2 
2 
2 
2 
2 
2 
2 
2 
2 
2 
2 
2 
2 
2 
2 
2 
2 
2 
2 
2 
2 
2 
2 
2 
2 
2 
2 
2 
2 
2 
2 
2 
2 
2 
2 
2 
2 
2 
2 
2 
2 
2 
2 
2 
2 
2 
2 
2 
2 
2 
2 
2 
2 
2 
2 
2 
2 
2 
2 
2 
2 
2 
2 
2 
2 
2 
2 
2 
2 
2 
2 
2 
2 
2 
2 
2 
2 
2 
2 
2 
2 
2 
2 
2 
2 
2 
2 
2 
2 
2 
2 
2 
2 
2 
2 
2 
2 
2 
2 
2 
2 
2 
2 
2 
2 
2 
2 
2 
2 
2 
2 
2 
2 
2 
2 
2 
2 
2 
2 
2 
2 
2 
2 
2 
2 
2 
2 
2 
2 
2 
2 
2 
2 
2 
2 
2 
2 
2 
2 
2 
2 
2 
2 
2 
2 
2 
2 
2 
2 
2 
2 
2 
2 
2 
2 
2 
2 
2 
2 
2 
2 
2 
2 
2 
2 
2 
2 
2 
2 
2 
2 
2 
2 
2 
2 
2 
2 
2 
2 
2 
2 
2 
2 
2 
2 
2 
2 
2 
2 
2 
2 
2 
2 
2 
2 
2 
2 
2 
2 
2 
2 
2 
2 
2 
2 
2 
2 
2 
2 
2 
2 
2 
2 
2 
2 
2 
2 
2 
2 
2 
2 
2 
2 
2 
2 
2 
2 
2 
2 
2 
2 
2 
2 
2 
2 
2 
2 
2 
2 
2 
2 
2 
2 
2 
2 
2 
2 
2 
2 
2 
2 
2 
2 
2 
2 
2 
2 
2 
2 
2 
2 
2 
2 
2 
2 
2 
2 
2 
2 
2 
2 
2 
2 
2 
2 
2 
2 
2 
2 
2 
2 
2 
2 
2 
2 
2 
2 
2 
2 
2 
2 
2 
2 
2 
2 
2 
2 
2 
2 
2 
2 
2 
2 
2 
2 
2 
2 
2 
2 
2 
2 
2 
2 
2 
2 
2 
2 
2 
2 
2 
2 
2 
2 
2 
2 
2 
2 
2 
2 
2 
2 
2 
2 
2 
2 
2 
2 
2 
2 
2 
2 
2 
2 
2 
2 
2 
2 
2 
2 
2 
2 
2 
2 
2 
2 
2 
2 
2 
2 
2 
2 
2 
2 
2 
2 
2 
2 
2 
2 
2 
2 
2 
2 
2 
2 
2 
2 
2 
2 
2 
2 
2 
2 
2 
2 
2 
2 
2 
2 
2 
2 
2 
2 
2 
2 
2 
2 
2 
2 
2 
2 
2 
2 
2 
2 
2 
2 
2 
2 
2 
2 
2 
2 
2 
2 
2 
2 
2 
2 
2 
2 
2 
2 
2 
2 
2 
2 
2 
2 
2 
2 
2 
2 
2 
2 
2 
2 
2 
2 
2 
2 
2 
2 
2 
2 
2 
2 
2 
2 
2 
2 
2 
2 
2 
2 
2 
2 
2 
2 
2 
2 
2 
2 
2 
2 
2 
2 
2 
2 
2 
2 
2 
2 
2 
2 
2 
2 
2 
2 
2 
2 
2 
2 
2 
2 
2 
2 
2 
2 
2 
2 
2 
2 
2 
2 
2 
2 
2 
2 
2 
2 
2 
2 
2 
2 
2 
2 
2 
2 
2 
2 
2 
2 
2 
2 
2 
2 
2 
2 
2 
2 
2 
2 
2 
2 
2 
2 
2 
2 
2 
2 
2 
2 
2 
2 
2 
2 
2 
2 
2 
2 
2 
2 
2 
2 
2 
2 
2 
2 
2 
2 
2 
2 
2 
2 
2 
2 
2 
2 
2 
2 
2 
2 
2 
2 
2 
2 
2 
2 
2 
2 
2 
2 
2 
2 
2 
2 
2 
2 
2 
2 
2 
2 
2 
2 
2 
2 
2 
2 
2 
2 
2 
2 
2 
2 
2 
2 
2 
2 
2 
2 
2 
2 
2 
2 
2 
2 
2 
2 
2 
2 
2 
2 
2 
2 
2 
2 
2 
2 
2 
2 
2 
2 
2 
2 
2 
2 
2 
2 
2 
2 
2 
2 
2 
2 
2 
2 
2 
2 
2 
2 
2 
2 
2 
2 
2 
2 
2 
2 
2 
2 
2 
2 
2 
2 
2 
2 
2 
2 
2 
2 
2 
2 
2 
2 
2 
2 
2 
2 
2 
2 
2 
2 
2 
2 
2 
2 
2 
2 
2 
2 
2 
2 
2 
2 
2 
2 
2 
2 
2 
2 
2 
2 
2 
2 
2 
2 
2 
2 
2 
2 
2 
2 
2 
2 
2 
2 
2 
2 
2 
2 
2 
2 
2 
2 
2 
2 
2 
2 
2 
2 
2 
2 
2 
2 
2 
2 
2 
2 
2 
2 
2 
2 
2 
2 
2 
2 
2 
2 
2 
2 
2 
2 
2 
2 
2 
2 
2 
2 
2 
2 
2 
2 
2 
2 
2 
2 
2 
2 
2 
2 
2 
2 
2 
2 
2 
2 
2 
2 
2 
2 
2 
2 
2 
2 
2 
2 
2 
2 
2 
2 
2 
2 
2 
2 
2 
2 
2 
2 
2 
2 
2 
2 
2 
2 
2 
2 
2 
2 
2 
2 
2 
2 
2 
2 
2 
2 
2 
2 
2 
2 
2 
2 
2 
2 
2 
2 
2 
2 
2 
2 
2 
2 
2 
2 
2 
2 
2 
2 
2 
2 
2 
2 
2 
2 
2 
2 
2 
2 
2 
2 
2 
2 
2 
2 
2 
2 
2 
2 
2 
2 
2 
2 
2 
2 
2 
2 
2 
2 
2 
2 
2 
2 
2 
2 
2 
2 
2 
2 
2 
2 
2 
2 
2 
2 
2 
2 
2 
2 
2 
2 
2 
2 
2 
2 
2 
2 
2 
2 
2 
2 
2 
2 
2 
2 
2 
2 
2 
2 
2 
2 
2 
2 
2 
2 
2 
2 
2 
2 
2 
2 
2 
2 
2 
2 
2 
2 
2 
2 
2 
2 
2 
2 
2 
2 
2 
2 
2 
2 
2 
2 
2 
2 
2 
2 
2 
2 
2 
2 
2 
2 
2 
2 
2 
2 
2 
2 
2 
2 
2 
2 
2 
2 
2 
2 
2 
2 
2 
2 
2 
2 
2 
2 
2 
2 
2 
2 
2 
2 
2 
2 
2 
2 
2 
2 
2 
2 
2 
2 
2 
2 
2 
2 
2 
2 
2 
2 
2 
2 
2 
2 
2 
2 
2 
2 
2 
2 
2 
2 
2 
2 
2 
2 
2 
2 
2 
2 
2 
2 
2 
2 
2 
2 
2 
2 
2 
2 
2 
2 
2 
2 
2 
2 
2 
2 
2 
2 
2 
2 
2 
2 
2 
2 
2 
2 
2 
2 
2 
2 
2 
2 
2 
2 
2 
2 
2 
2 
2 
2 
2 
2 
2 
2 
2 
2 
2 
2 
2 
2 
2 
2 
2 
2 
2 
2 
2 
2 
2 
2 
2 
2 
2 
2 
2 
2 
2 
2 
2 
2 
2 
2 
2 
2 
2 
2 
2 
2 
2 
2 
2 
2 
2 
2 
2 
2 
2 
2 
2 
2 
2 
2 
2 
2 
2 
2 
2 
2 
2 
2 
2 
2 
2 
2 
2 
2 
2 
2 
2 
2 
2 
2 
2 
2 
2 
2 
2 
2 
2 
2 
2 
2 
2 
2 
2 
2 
2 
2 
2 
2 
2 
2 
2 
2 
2 
2 
2 
2 
2 
2 
2 
2 
2 
2 
2 
2 
2 
2 
2 
2 
2 
2 
2 
2 
2 
2 
2 
2 
2 
2 
2 
2 
2 
2 
2 
2 
2 
2 
2 
2 
2 
2 
2 
2 
2 
2 
2 
2 
2 
2 
2 
2 
2 
2 
2 
2 
2 
2 
2 
2 
2 
2 
2 
2 
2 
2 
2 
2 
2 
2 
2 
2 
2 
2 
2 
2 
2 
2 
2 
2 
2 
2 
2 
2 
2 
2 
2 
2 
2 
2 
2 
2 
2 
2 
2 
2 
2 
2 
2 
2 
2 
2 
2 
2 
2 
2 
2 
2 
2 
2 
2 
2 
2 
2 
2 
2 
2 
2 
2 
2 
2 
2 
2 
2 
2 
2 
2 
2 
2 
2 
2 
2 
2 
2 
2 
2 
2 
2 
2 
2 
2 
2 
2 
2 
2 
2 
2 
2 
2 
2 
2 
2 
2 
2 
2 
2 
2 
2 
2 
2 
2 
2 
2 
2 
2 
2 
2 
2 
2 
2 
2 
2 
2 
2 
2 
2 
2 
2 
2 
2 
2 
2 
2 
2 
2 
2 
2 
2 
2 
2 
2 
2 
2 
2 
2 
2 
2 
2 
2 
2 
2 
2 
2 
2 
2 
2 
2 
2 
2 
2 
2 
2 
2 
2 
2 
2 
2 
2 
2 
2 
2 
2 
2 
2 
2 
2 
2 
2 
2 
2 
2 
2 
2 
2 
2 
2 
2 
2 
2 
2 
2 
2 
2 
2 
2 
2 
2 
2 
2 
2 
2 
2 
2 
2 
2 
2 
2 
2 
2 
2 
2 
2 
2 
2 
2 
2 
2 
2 
2 
2 
2 
2 
2 
2 
2 
2 
2 
2 
2 
2 
2 
2 
2 
2 
2 
2 
2 
2 
2 
2 
2 
2 
2 
2 
2 
2 
2 
2 
2 
2 
2 
2 
2 
2 
2 
2 
2 
2 
2 
2 
2 
2 
2 
2 
2 
2 
2 
2 
2 
2 
2 
2 
2 
2 
2 
2 
2 
2 
2 
2 
2 
2 
2 
2 
2 
2 
2 
2 
2 
2 
2 
2 
2 
2 
2 
2 
2 
2 
2 
2 
2 
2 
2 
2 
2 
2 
2 
2 
2 
2 
2 
2 
2 
2 
2 
2 
2 
2 
2 
2 
2 
2 
2 
2 
2 
2 
2 
2 
2 
2 
2 
2 
2 
2 
2 
2 
2 
2 
2 
2 
2 
2 
2 
2 
2 
2 
2 
2 
2 
2 
2 
2 
2 
2 
2 
2 
2 
2 
2 
2 
2 
2 
2 
2 
2 
2 
2 
2 
2 
2 
2 
2 
2 
2 
2 
2 
2 
2 
2 
2 
2 
2 
2 
2 
2 
2 
2 
2 
2 
2 
2 
2 
2 
2 
2 
2 
2 
2 
2 
2 
2 
2 
2 
2 
2 
2 
2 
2 
2 
2 
2 
2 
2 
2 
2 
2 
2 
2 
2 
2 
2 
2 
2 
2 
2 
2 
2 
2 
2 
2 
2 
2 
2 
2 
2 
2 
2 
2 
2 
2 
2 
2 
2 
2 
2 
2 
2 
2 
2 
2 
2 
2 
2 
2 
2 
2 
2 
2 
2 
2 
2 
2 
2 
2 
2 
2 
2 
2 
2 
2 
2 
2 
2 
2 
2 
2 
2 
2 
2 
2 
2 
2 
2 
2 
2 
2 
2 
2 
2 
2 
2 
2 
2 
2 
2 
2 
2 
2 
2 
2 
2 
2 
2 
2 
2 
2 
2 
2 
2 
2 
2 
2 
2 
2 
2 
2 
2 
2 
2 
2 
2 
2 
2 
2 
2 
2 
2 
2 
2 
2 
2 
2 
2 
2 
2 
2 
2 
2 
2 
2 
2 
2 
2 
2 
2 
2 
2 
2 
2 
2 
2 
2 
2 
2 
2 
2 
2 
2 
2 
2 
2 
2 
2 
2 
2 
2 
2 
2 
2 
2 
2 
2 
2 
2 
2 
2 
2 
2 
2 
2 
2 
2 
2 
2 
2 
2 
2 
2 
2 
2 
2 
2 
2 
2 
2 
2 
2 
2 
2 
2 
2 
2 
2 
2 
2 
2 
2 
2 
2 
2 
2 
2 
2 
2 
2 
2 
2 
2 
2 
2 
2 
2 
2 
2 
2 
2 
2 
2 
2 
2 
2 
2 
2 
2 
2 
2 
2 
2 
2 
2 
2 
2 
2 
2 
2 
2 
2 
2 
2 
2 
2 
2 
2 
2 
2 
2 
2 
2 
2 
2 
2 
2 
2 
2 
2 
2 
2 
2 
2 
2 
2 
2 
2 
2 
2 
2 
2 
2 
2 
2 
2 
2 
2 
2 
2 
2 
2 
2 
2 
2 
2 
2 
2 
2 
2 
2 
2 
2 
2 
2 
2 
2 
2 
2 
2 
2 
2 
2 
2 
2 
2 
2 
2 
2 
2 
2 
2 
2 
2 
2 
2 
2 
2 
2 
2 
2 
2 
2 
2 
2 
2 
2 
2 
2 
2 
2 
2 
2 
2 
2 
2 
2 
2 
2 
2 
2 
2 
2 
2 
2 
2 
2 
2 
2 
2 
2 
2 
2 
2 
2 
2 
2 
2 
2 
2 
2 
2 
2 
2 
2 
2 
2 
2 
2 
2 
2 
2 
2 
2 
2 
2 
2 
2 
2 
2 
2 
2 
2 
2 
2 
2 
2 
2 
2 
2 
2 
2 
2 
2 
2 
2 
2 
2 
2 
2 
2 
2 
2 
2 
2 
2 
2 
2 
2 
2 
2 
2 
2 
2 
2 
2 
2 
2 
2 
2 
2 
2 
2 
2 
2 
2 
2 
2 
2 
2 
2 
2 
2 
2 
2 
2 
2 
2 
2 
2 
2 
2 
2 
2 
2 
2 
2 
2 
2 
2 
2 
2 
2 
2 
2 
2 
2 
2 
2 
2 
2 
2 
2 
2 
2 
2 
2 
2 
2 
2 
2 
2 
2 
2 
2 
2 
2 
2 
2 
2 
2 
2 
2 
2 
2 
2 
2 
2 
2 
2 
2 
2 
2 
2 
2 
2 
2 
2 
2 
2 
2 
2 
2 
2 
2 
2 
2 
2 
2 
2 
2 
2 
2 
2 
2 
2 
2 
2 
2 
2 
2 
2 
2 
2 
2 
2 
2 
2 
2 
2 
2 
2 
2 
2 
2 
2 
2 
2 
2 
2 
2 
2 
2 
2 
2 
2 
2 
2 
2 
2 
2 
2 
2 
2 
2 
2 
2 
2 
2 
2 
2 
2 
2 
2 
2 
2 
2 
2 
2 
2 
2 
2 
2 
2 
2 
2 
2 
2 
2 
2 
2 
2 
2 
2 
2 
2 
2 
2 
2 
2 
2 
2 
2 
2 
2 
2 
2 
2 
2 
2 
2 
2 
2 
2 
2 
2 
2 
2 
2 
2 
2 
2 
2 
2 
2 
2 
2 
2 
2 
2 
2 
2 
2 
2 
2 
2 
2 
2 
2 
2 
2 
2 
2 
2 
2 
2 
2 
2 
2 
2 
2 
2 
2 
2 
2 
2 
2 
2 
2 
2 
2 
2 
2 
2 
2 
2 
2 
2 
2 
2 
2 
2 
2 
2 
2 
2 
2 
2 
2 
2 
2 
2 
2 
2 
2 
2 
2 
2 
2 
2 
2 
2 
2 
2 
2 
2 
2 
2 
2 
2 
2 
2 
2 
2 
2 
2 
2 
2 
2 
2 
2 
2 
2 
2 
2 
2 
2 
2 
2 
2 
2 
2 
2 
2 
2 
2 
2 
2 
2 
2 
2 
2 
2 
2 
2 
2 
2 
2 
2 
2 
2 
2 
2 
2 
2 
2 
2 
2 
2 
2 
2 
2 
2 
2 
2 
2 
2 
2 
2 
2 
2 
2 
2 
2 
2 
2 
2 
2 
2 
2 
2 
2 
2 
2 
2 
2 
2 
2 
2 
2 
2 
2 
2 
2 
2 
2 
2 
2 
2 
2 
2 
2 
2 
2 
2 
2 
2 
2 
2 
2 
2 
2 
2 
2 
2 
2 
2 
2 
2 
2 
2 
2 
2 
2 
2 
2 
2 
2 
2 
2 
2 
2 
2 
2 
2 
2 
2 
2 
2 
2 
2 
2 
2 
2 
2 
2 
2 
2 
2 
2 
2 
2 
2 
2 
2 
2 
2 
2 
2 
2 
2 
2 
2 
2 
2 
2 
2 
2 
2 
2 
2 
2 
2 
2 
2 
2 
2 
2 
2 
2 
2 
2 
2 
2 
2 
2 
2 
2 
2 
2 
2 
2 
2 
2 
2 
2 
2 
2 
2 
2 
2 
2 
2 
2 
2 
2 
2 
2 
2 
2 
2 
2 
2 
2 
2 
2 
2 
2 
2 
2 
2 
2 
2 
2 
2 
2 
2 
2 
2 
2 
2 
2 
2 
2 
2 
2 
2 
2 
2 
2 
2 
2 
2 
2 
2 
2 
2 
2 
2 
2 
2 
2 
2 
2 
2 
2 
2 
2 
2 
2 
2 
2 
2 
2 
2 
2 
2 
2 
2 
2 
2 
2 
2 
2 
2 
2 
2 
2 
2 
2 
2 
2 
2 
2 
2 
2 
2 
2 
2 
2 
2 
2 
2 
2 
2 
2 
2 
2 
2 
2 
2 
2 
2 
2 
2 
2 
2 
2 
2 
2 
2 
2 
2 
2 
2 
2 
2 
2 
2 
2 
2 
2 
2 
2 
2 
2 
2 
2 
2 
2 
2 
2 
2 
2 
2 
2 
2 
2 
2 
2 
2 
2 
2 
2 
2 
2 
2 
2 
2 
2 
2 
2 
2 
2 
2 
2 
2 
2 
2 
2 
2 
2 
2 
2 
2 
2 
2 
2 
2 
2 
2 
2 
2 
2 
2 
2 
2 
2 
2 
2 
2 
2 
2 
2 
2 
2 
2 
2 
2 
2 
2 
2 
2 
2 
2 
2 
2 
2 
2 
2 
2 
2 
2 
2 
2 
2 
2 
2 
2 
2 
2 
2 
2 
2 
2 
2 
2 
2 
2 
2 
2 
2 
2 
2 
2 
2 
2 
2 
2 
2 
2 
2 
2 
2 
2 
2 
2 
2 
2 
2 
2 
2 
2 
2 
2 
2 
2 
2 
2 
2 
2 
2 
2 
2 
2 
2 
2 
2 
2 
2 
2 
2 
2 
2 
2 
2 
2 
2 
2 
2 
2 
2 
2 
2 
2 
2 
2 
2 
2 
2 
2 
2 
2 
2 
2 
2 
2 
2 
2 
2 
2 
2 
2 
2 
2 
2 
2 
2 
2 
2 
2 
2 
2 
2 
2 
2 
2 
2 
2 
2 
2 
2 
2 
2 
2 
2 
2 
2 
2 
2 
2 
2 
2 
2 
2 
2 
2 
2 
2 
2 
2 
2 
2 
2 
2 
2 
2 
2 
2 
2 
2 
2 
2 
2 
2 
2 
2 
2 
2 
2 
2 
2 
2 
2 
2 
2 
2 
2 
2 
2 
2 
2 
2 
2 
2 
2 
2 
2 
2 
2 
2 
2 
2 
2 
2 
2 
2 
2 
2 
2 
2 
2 
2 
2 
2 
2 
2 
2 
2 
2 
2 
2 
2 
2 
2 
2 
2 
2 
2 
2 
2 
2 
2 
2 
2 
2 
2 
2 
2 
2 
2 
2 
2 
2 
2 
2 
2 
2 
2 
2 
2 
2 
2 
2 
2 
2 
2 
2 
2 
2 
2 
2 
2 
2 
2 
2 
2 
2 
2 
2 
2 
2 
2 
2 
2 
2 
2 
2 
2 
2 
2 
2 
2 
2 
2 
2 
2 
2 
2 
2 
2 
2 
2 
2 
2 
2 
2 
2 
2 
2 
2 
2 
2 
2 
2 
2 
2 
2 
2 
2 
2 
2 
2 
2 
2 
2 
2 
2 
2 
2 
2 
2 
2 
2 
2 
2 
2 
2 
2 
2 
2 
2 
2 
2 
2 
2 
2 
2 
2 
2 
2 
2 
2 
2 
2 
2 
2 
2 
2 
2 
2 
2 
2 
2 
2 
2 
2 
2 
2 
2 
2 
2 
2 
2 
2 
2 
2 
2 
2 
2 
2 
2 
2 
2 
2 
2 
2 
2 
2 
2 
2 
2 
2 
2 
2 
2 
2 
2 
2 
2 
2 
2 
2 
2 
2 
2 
2 
2 
2 
2 
2 
2 
2 
2 
2 
2 
2 
2 
2 
2 
2 
2 
2 
2 
2 
2 
2 
2 
2 
2 
2 
2 
2 
2 
2 
2 
2 
2 
2 
2 
2 
2 
2 
2 
2 
2 
2 
2 
2 
2 
2 
2 
2 
2 
2 
2 
2 
2 
2 
2 
2 
2 
2 
2 
2 
2 
2 
2 
2 
2 
2 
2 
2 
2 
2 
2 
2 
2 
2 
2 
2 
2 
2 
2 
2 
2 
2 
2 
2 
2 
2 
2 
2 
2 
2 
2 
2 
2 
2 
2 
2 
2 
2 
2 
2 
2 
2 
2 
2 
2 
2 
2 
2 
2 
2 
2 
2 
2 
2 
2 
2 
2 
2 
2 
2 
2 
2 
2 
2 
2 
2 
2 
2 
2 
2 
2 
2 
2 
2 
2 
2 
2 
2 
2 
2 
2 
2 
2 
2 
2 
2 
2 
2 
2 
2 
2 
2 
2 
2 
2 
2 
2 
2 
2 
2 
2 
2 
2 
2 
2 
2 
2 
2 
2 
2 
2 
2 
2 
2 
2 
2 
2 
2 
2 
2 
2 
2 
2 
2 
2 
2 
2 
2 
2 
2 
2 
2 
2 
2 
2 
2 
2 
2 
2 
2 
2 
2 
2 
2 
2 
2 
2 
2 
2 
2 
2 
2 
2 
2 
2 
2 
2 
2 
2 
2 
2 
2 
2 
2 
2 
2 
2 
2 
2 
2 
2 
2 
2 
2 
2 
2 
2 
2 
2 
2 
2 
2 
2 
2 
2 
2 
2 
2 
2 
2 
2 
2 
2 
2 
2 
2 
2 
2 
2 
2 
2 
2 
2 
2 
2 
2 
2 
2 
2 
2 
2 
2 
2 
2 
2 
2 
2 
2 
2 
2 
2 
2 
2 
2 
2 
2 
2 
2 
2 
2 
2 
2 
2 
2 
2 
2 
2 
2 
2 
2 
2 
2 
2 
2 
2 
2 
2 
2 
2 
2 
2 
2 
2 
2 
2 
2 
2 
2 
2 
2 
2 
2 
2 
2 
2 
2 
2 
2 
2 
2 
2 
2 
2 
2 
2 
2 
2 
2 
2 
2 
2 
2 
2 
2 
2 
2 
2 
2 
2 
2 
2 
2 
2 
2 
2 
2 
2 
2 
2 
2 
2 
2 
2 
2 
2 
2 
2 
2 
2 
2 
2 
2 
2 
2 
2 
2 
2 
2 
2 
2 
2 
2 
2 
2 
2 
2 
2 
2 
2 
2 
2 
2 
2 
2 
2 
2 
2 
2 
2 
2 
2 
2 
2 
2 
2 
2 
2 
2 
2 
2 
2 
2 
2 
2 
2 
2 
2 
2 
2 
2 
2 
2 
2 
2 

SCALARS Atrito float
LOOKUP_TABLE default
0.523599 
0.523599 
0.523599 
0.523599 
0.523599 
0.523599 
0.523599 
0.523599 
0.523599 
0.523599 
0.523599 
0.523599 
0.523599 
0.523599 
0.523599 
0.523599 
0.523599 
0.523599 
0.523599 
0.523599 
0.523599 
0.523599 
0.523599 
0.523599 
0.523599 
0.523599 
0.523599 
0.523599 
0.523599 
0.523599 
0.523599 
0.523599 
0.523599 
0.523599 
0.523599 
0.523599 
0.523599 
0.523599 
0.523599 
0.523599 
0.523599 
0.523599 
0.523599 
0.523599 
0.523599 
0.523599 
0.523599 
0.523599 
0.523599 
0.523599 
0.523599 
0.523599 
0.523599 
0.523599 
0.523599 
0.523599 
0.523599 
0.523599 
0.523599 
0.523599 
0.523599 
0.523599 
0.523599 
0.523599 
0.523599 
0.523599 
0.523599 
0.523599 
0.523599 
0.523599 
0.523599 
0.523599 
0.523599 
0.523599 
0.523599 
0.523599 
0.523599 
0.523599 
0.523599 
0.523599 
0.523599 
0.523599 
0.523599 
0.523599 
0.523599 
0.523599 
0.523599 
0.523599 
0.523599 
0.523599 
0.523599 
0.523599 
0.523599 
0.523599 
0.523599 
0.523599 
0.523599 
0.523599 
0.523599 
0.523599 
0.523599 
0.523599 
0.523599 
0.523599 
0.523599 
0.523599 
0.523599 
0.523599 
0.523599 
0.523599 
0.523599 
0.523599 
0.523599 
0.523599 
0.523599 
0.523599 
0.523599 
0.523599 
0.523599 
0.523599 
0.523599 
0.523599 
0.523599 
0.523599 
0.523599 
0.523599 
0.523599 
0.523599 
0.523599 
0.523599 
0.523599 
0.523599 
0.523599 
0.523599 
0.523599 
0.523599 
0.523599 
0.523599 
0.523599 
0.523599 
0.523599 
0.523599 
0.523599 
0.523599 
0.523599 
0.523599 
0.523599 
0.523599 
0.523599 
0.523599 
0.523599 
0.523599 
0.523599 
0.523599 
0.523599 
0.523599 
0.523599 
0.523599 
0.523599 
0.523599 
0.523599 
0.523599 
0.523599 
0.523599 
0.523599 
0.523599 
0.523599 
0.523599 
0.523599 
0.523599 
0.523599 
0.523599 
0.523599 
0.523599 
0.523599 
0.523599 
0.523599 
0.523599 
0.523599 
0.523599 
0.523599 
0.523599 
0.523599 
0.523599 
0.523599 
0.523599 
0.523599 
0.523599 
0.523599 
0.523599 
0.523599 
0.523599 
0.523599 
0.523599 
0.523599 
0.523599 
0.523599 
0.523599 
0.523599 
0.523599 
0.523599 
0.523599 
0.523599 
0.523599 
0.523599 
0.523599 
0.523599 
0.523599 
0.523599 
0.523599 
0.523599 
0.523599 
0.523599 
0.523599 
0.523599 
0.523599 
0.523599 
0.523599 
0.523599 
0.523599 
0.523599 
0.523599 
0.523599 
0.523599 
0.523599 
0.523599 
0.523599 
0.523599 
0.523599 
0.523599 
0.523599 
0.523599 
0.523599 
0.523599 
0.523599 
0.523599 
0.523599 
0.523599 
0.523599 
0.523599 
0.523599 
0.523599 
0.523599 
0.523599 
0.523599 
0.523599 
0.523599 
0.523599 
0.523599 
0.523599 
0.523599 
0.523599 
0.523599 
0.523599 
0.523599 
0.523599 
0.523599 
0.523599 
0.523599 
0.523599 
0.523599 
0.523599 
0.523599 
0.523599 
0.523599 
0.523599 
0.523599 
0.523599 
0.523599 
0.523599 
0.523599 
0.523599 
0.523599 
0.523599 
0.523599 
0.523599 
0.523599 
0.523599 
0.523599 
0.523599 
0.523599 
0.523599 
0.523599 
0.523599 
0.523599 
0.523599 
0.523599 
0.523599 
0.523599 
0.523599 
0.523599 
0.523599 
0.523599 
0.523599 
0.523599 
0.523599 
0.523599 
0.523599 
0.523599 
0.523599 
0.523599 
0.523599 
0.523599 
0.523599 
0.523599 
0.523599 
0.523599 
0.523599 
0.523599 
0.523599 
0.523599 
0.523599 
0.523599 
0.523599 
0.523599 
0.523599 
0.523599 
0.523599 
0.523599 
0.523599 
0.523599 
0.523599 
0.523599 
0.523599 
0.523599 
0.523599 
0.523599 
0.523599 
0.523599 
0.523599 
0.523599 
0.523599 
0.523599 
0.523599 
0.523599 
0.523599 
0.523599 
0.523599 
0.523599 
0.523599 
0.523599 
0.523599 
0.523599 
0.523599 
0.523599 
0.523599 
0.523599 
0.523599 
0.523599 
0.523599 
0.523599 
0.523599 
0.523599 
0.523599 
0.523599 
0.523599 
0.523599 
0.523599 
0.523599 
0.523599 
0.523599 
0.523599 
0.523599 
0.523599 
0.523599 
0.523599 
0.523599 
0.523599 
0.523599 
0.523599 
0.523599 
0.523599 
0.523599 
0.523599 
0.523599 
0.523599 
0.523599 
0.523599 
0.523599 
0.523599 
0.523599 
0.523599 
0.523599 
0.523599 
0.523599 
0.523599 
0.523599 
0.523599 
0.523599 
0.523599 
0.523599 
0.523599 
0.523599 
0.523599 
0.523599 
0.523599 
0.523599 
0.523599 
0.523599 
0.523599 
0.523599 
0.523599 
0.523599 
0.523599 
0.523599 
0.523599 
0.523599 
0.523599 
0.523599 
0.523599 
0.523599 
0.523599 
0.523599 
0.523599 
0.523599 
0.523599 
0.523599 
0.523599 
0.523599 
0.523599 
0.523599 
0.523599 
0.523599 
0.523599 
0.523599 
0.523599 
0.523599 
0.523599 
0.523599 
0.523599 
0.523599 
0.523599 
0.523599 
0.523599 
0.523599 
0.523599 
0.523599 
0.523599 
0.523599 
0.523599 
0.523599 
0.523599 
0.523599 
0.523599 
0.523599 
0.523599 
0.523599 
0.523599 
0.523599 
0.523599 
0.523599 
0.523599 
0.523599 
0.523599 
0.523599 
0.523599 
0.523599 
0.523599 
0.523599 
0.523599 
0.523599 
0.523599 
0.523599 
0.523599 
0.523599 
0.523599 
0.523599 
0.523599 
0.523599 
0.523599 
0.523599 
0.523599 
0.523599 
0.523599 
0.523599 
0.523599 
0.523599 
0.523599 
0.523599 
0.523599 
0.523599 
0.523599 
0.523599 
0.523599 
0.523599 
0.523599 
0.523599 
0.523599 
0.523599 
0.523599 
0.523599 
0.523599 
0.523599 
0.523599 
0.523599 
0.523599 
0.523599 
0.523599 
0.523599 
0.523599 
0.523599 
0.523599 
0.523599 
0.523599 
0.523599 
0.523599 
0.523599 
0.523599 
0.523599 
0.523599 
0.523599 
0.523599 
0.523599 
0.523599 
0.523599 
0.523599 
0.523599 
0.523599 
0.523599 
0.523599 
0.523599 
0.523599 
0.523599 
0.523599 
0.523599 
0.523599 
0.523599 
0.523599 
0.523599 
0.523599 
0.523599 
0.523599 
0.523599 
0.523599 
0.523599 
0.523599 
0.523599 
0.523599 
0.523599 
0.523599 
0.523599 
0.523599 
0.523599 
0.523599 
0.523599 
0.523599 
0.523599 
0.523599 
0.523599 
0.523599 
0.523599 
0.523599 
0.523599 
0.523599 
0.523599 
0.523599 
0.523599 
0.523599 
0.523599 
0.523599 
0.523599 
0.523599 
0.523599 
0.523599 
0.523599 
0.523599 
0.523599 
0.523599 
0.523599 
0.523599 
0.523599 
0.523599 
0.523599 
0.523599 
0.523599 
0.523599 
0.523599 
0.523599 
0.523599 
0.523599 
0.523599 
0.523599 
0.523599 
0.523599 
0.523599 
0.523599 
0.523599 
0.523599 
0.523599 
0.523599 
0.523599 
0.523599 
0.523599 
0.523599 
0.523599 
0.523599 
0.523599 
0.523599 
0.523599 
0.523599 
0.523599 
0.523599 
0.523599 
0.523599 
0.523599 
0.523599 
0.523599 
0.523599 
0.523599 
0.523599 
0.523599 
0.523599 
0.523599 
0.523599 
0.523599 
0.523599 
0.523599 
0.523599 
0.523599 
0.523599 
0.523599 
0.523599 
0.523599 
0.523599 
0.523599 
0.523599 
0.523599 
0.523599 
0.523599 
0.523599 
0.523599 
0.523599 
0.523599 
0.523599 
0.523599 
0.523599 
0.523599 
0.523599 
0.523599 
0.523599 
0.523599 
0.523599 
0.523599 
0.523599 
0.523599 
0.523599 
0.523599 
0.523599 
0.523599 
0.523599 
0.523599 
0.523599 
0.523599 
0.523599 
0.523599 
0.523599 
0.523599 
0.523599 
0.523599 
0.523599 
0.523599 
0.523599 
0.523599 
0.523599 
0.523599 
0.523599 
0.523599 
0.523599 
0.523599 
0.523599 
0.523599 
0.523599 
0.523599 
0.523599 
0.523599 
0.523599 
0.523599 
0.523599 
0.523599 
0.523599 
0.523599 
0.523599 
0.523599 
0.523599 
0.523599 
0.523599 
0.523599 
0.523599 
0.523599 
0.523599 
0.523599 
0.523599 
0.523599 
0.523599 
0.523599 
0.523599 
0.523599 
0.523599 
0.523599 
0.523599 
0.523599 
0.523599 
0.523599 
0.523599 
0.523599 
0.523599 
0.523599 
0.523599 
0.523599 
0.523599 
0.523599 
0.523599 
0.523599 
0.523599 
0.523599 
0.523599 
0.523599 
0.523599 
0.523599 
0.523599 
0.523599 
0.523599 
0.523599 
0.523599 
0.523599 
0.523599 
0.523599 
0.523599 
0.523599 
0.523599 
0.523599 
0.523599 
0.523599 
0.523599 
0.523599 
0.523599 
0.523599 
0.523599 
0.523599 
0.523599 
0.523599 
0.523599 
0.523599 
0.523599 
0.523599 
0.523599 
0.523599 
0.523599 
0.523599 
0.523599 
0.523599 
0.523599 
0.523599 
0.523599 
0.523599 
0.523599 
0.523599 
0.523599 
0.523599 
0.523599 
0.523599 
0.523599 
0.523599 
0.523599 
0.523599 
0.523599 
0.523599 
0.523599 
0.523599 
0.523599 
0.523599 
0.523599 
0.523599 
0.523599 
0.523599 
0.523599 
0.523599 
0.523599 
0.523599 
0.523599 
0.523599 
0.523599 
0.523599 
0.523599 
0.523599 
0.523599 
0.523599 
0.523599 
0.523599 
0.523599 
0.523599 
0.523599 
0.523599 
0.523599 
0.523599 
0.523599 
0.523599 
0.523599 
0.523599 
0.523599 
0.523599 
0.523599 
0.523599 
0.523599 
0.523599 
0.523599 
0.523599 
0.523599 
0.523599 
0.523599 
0.523599 
0.523599 
0.523599 
0.523599 
0.523599 
0.523599 
0.523599 
0.523599 
0.523599 
0.523599 
0.523599 
0.523599 
0.523599 
0.523599 
0.523599 
0.523599 
0.523599 
0.523599 
0.523599 
0.523599 
0.523599 
0.523599 
0.523599 
0.523599 
0.523599 
0.523599 
0.523599 
0.523599 
0.523599 
0.523599 
0.523599 
0.523599 
0.523599 
0.523599 
0.523599 
0.523599 
0.523599 
0.523599 
0.523599 
0.523599 
0.523599 
0.523599 
0.523599 
0.523599 
0.523599 
0.523599 
0.523599 
0.523599 
0.523599 
0.523599 
0.523599 
0.523599 
0.523599 
0.523599 
0.523599 
0.523599 
0.523599 
0.523599 
0.523599 
0.523599 
0.523599 
0.523599 
0.523599 
0.523599 
0.523599 
0.523599 
0.523599 
0.523599 
0.523599 
0.523599 
0.523599 
0.523599 
0.523599 
0.523599 
0.523599 
0.523599 
0.523599 
0.523599 
0.523599 
0.523599 
0.523599 
0.523599 
0.523599 
0.523599 
0.523599 
0.523599 
0.523599 
0.523599 
0.523599 
0.523599 
0.523599 
0.523599 
0.523599 
0.523599 
0.523599 
0.523599 
0.523599 
0.523599 
0.523599 
0.523599 
0.523599 
0.523599 
0.523599 
0.523599 
0.523599 
0.523599 
0.523599 
0.523599 
0.523599 
0.523599 
0.523599 
0.523599 
0.523599 
0.523599 
0.523599 
0.523599 
0.523599 
0.523599 
0.523599 
0.523599 
0.523599 
0.523599 
0.523599 
0.523599 
0.523599 
0.523599 
0.523599 
0.523599 
0.523599 
0.523599 
0.523599 
0.523599 
0.523599 
0.523599 
0.523599 
0.523599 
0.523599 
0.523599 
0.523599 
0.523599 
0.523599 
0.523599 
0.523599 
0.523599 
0.523599 
0.523599 
0.523599 
0.523599 
0.523599 
0.523599 
0.523599 
0.523599 
0.523599 
0.523599 
0.523599 
0.523599 
0.523599 
0.523599 
0.523599 
0.523599 
0.523599 
0.523599 
0.523599 
0.523599 
0.523599 
0.523599 
0.523599 
0.523599 
0.523599 
0.523599 
0.523599 
0.523599 
0.523599 
0.523599 
0.523599 
0.523599 
0.523599 
0.523599 
0.523599 
0.523599 
0.523599 
0.523599 
0.523599 
0.523599 
0.523599 
0.523599 
0.523599 
0.523599 
0.523599 
0.523599 
0.523599 
0.523599 
0.523599 
0.523599 
0.523599 
0.523599 
0.523599 
0.523599 
0.523599 
0.523599 
0.523599 
0.523599 
0.523599 
0.523599 
0.523599 
0.523599 
0.523599 
0.523599 
0.523599 
0.523599 
0.523599 
0.523599 
0.523599 
0.523599 
0.523599 
0.523599 
0.523599 
0.523599 
0.523599 
0.523599 
0.523599 
0.523599 
0.523599 
0.523599 
0.523599 
0.523599 
0.523599 
0.523599 
0.523599 
0.523599 
0.523599 
0.523599 
0.523599 
0.523599 
0.523599 
0.523599 
0.523599 
0.523599 
0.523599 
0.523599 
0.523599 
0.523599 
0.523599 
0.523599 
0.523599 
0.523599 
0.523599 
0.523599 
0.523599 
0.523599 
0.523599 
0.523599 
0.523599 
0.523599 
0.523599 
0.523599 
0.523599 
0.523599 
0.523599 
0.523599 
0.523599 
0.523599 
0.523599 
0.523599 
0.523599 
0.523599 
0.523599 
0.523599 
0.523599 
0.523599 
0.523599 
0.523599 
0.523599 
0.523599 
0.523599 
0.523599 
0.523599 
0.523599 
0.523599 
0.523599 
0.523599 
0.523599 
0.523599 
0.523599 
0.523599 
0.523599 
0.523599 
0.523599 
0.523599 
0.523599 
0.523599 
0.523599 
0.523599 
0.523599 
0.523599 
0.523599 
0.523599 
0.523599 
0.523599 
0.523599 
0.523599 
0.523599 
0.523599 
0.523599 
0.523599 
0.523599 
0.523599 
0.523599 
0.523599 
0.523599 
0.523599 
0.523599 
0.523599 
0.523599 
0.523599 
0.523599 
0.523599 
0.523599 
0.523599 
0.523599 
0.523599 
0.523599 
0.523599 
0.523599 
0.523599 
0.523599 
0.523599 
0.523599 
0.523599 
0.523599 
0.523599 
0.523599 
0.523599 
0.523599 
0.523599 
0.523599 
0.523599 
0.523599 
0.523599 
0.523599 
0.523599 
0.523599 
0.523599 
0.523599 
0.523599 
0.523599 
0.523599 
0.523599 
0.523599 
0.523599 
0.523599 
0.523599 
0.523599 
0.523599 
0.523599 
0.523599 
0.523599 
0.523599 
0.523599 
0.523599 
0.523599 
0.523599 
0.523599 
0.523599 
0.523599 
0.523599 
0.523599 
0.523599 
0.523599 
0.523599 
0.523599 
0.523599 
0.523599 
0.523599 
0.523599 
0.523599 
0.523599 
0.523599 
0.523599 
0.523599 
0.523599 
0.523599 
0.523599 
0.523599 
0.523599 
0.523599 
0.523599 
0.523599 
0.523599 
0.523599 
0.523599 
0.523599 
0.523599 
0.523599 
0.523599 
0.523599 
0.523599 
0.523599 
0.523599 
0.523599 
0.523599 
0.523599 
0.523599 
0.523599 
0.523599 
0.523599 
0.523599 
0.523599 
0.523599 
0.523599 
0.523599 
0.523599 
0.523599 
0.523599 
0.523599 
0.523599 
0.523599 
0.523599 
0.523599 
0.523599 
0.523599 
0.523599 
0.523599 
0.523599 
0.523599 
0.523599 
0.523599 
0.523599 
0.523599 
0.523599 
0.523599 
0.523599 
0.523599 
0.523599 
0.523599 
0.523599 
0.523599 
0.523599 
0.523599 
0.523599 
0.523599 
0.523599 
0.523599 
0.523599 
0.523599 
0.523599 
0.523599 
0.523599 
0.523599 
0.523599 
0.523599 
0.523599 
0.523599 
0.523599 
0.523599 
0.523599 
0.523599 
0.523599 
0.523599 
0.523599 
0.523599 
0.523599 
0.523599 
0.523599 
0.523599 
0.523599 
0.523599 
0.523599 
0.523599 
0.523599 
0.523599 
0.523599 
0.523599 
0.523599 
0.523599 
0.523599 
0.523599 
0.523599 
0.523599 
0.523599 
0.523599 
0.523599 
0.523599 
0.523599 
0.523599 
0.523599 
0.523599 
0.523599 
0.523599 
0.523599 
0.523599 
0.523599 
0.523599 
0.523599 
0.523599 
0.523599 
0.523599 
0.523599 
0.523599 
0.523599 
0.523599 
0.523599 
0.523599 
0.523599 
0.523599 
0.523599 
0.523599 
0.523599 
0.523599 
0.523599 
0.523599 
0.523599 
0.523599 
0.523599 
0.523599 
0.523599 
0.523599 
0.523599 
0.523599 
0.523599 
0.523599 
0.523599 
0.523599 
0.523599 
0.523599 
0.523599 
0.523599 
0.523599 
0.523599 
0.523599 
0.523599 
0.523599 
0.523599 
0.523599 
0.523599 
0.523599 
0.523599 
0.523599 
0.523599 
0.523599 
0.523599 
0.523599 
0.523599 
0.523599 
0.523599 
0.523599 
0.523599 
0.523599 
0.523599 
0.523599 
0.523599 
0.523599 
0.523599 
0.523599 
0.523599 
0.523599 
0.523599 
0.523599 
0.523599 
0.523599 
0.523599 
0.523599 
0.523599 
0.523599 
0.523599 
0.523599 
0.523599 
0.523599 
0.523599 
0.523599 
0.523599 
0.523599 
0.523599 
0.523599 
0.523599 
0.523599 
0.523599 
0.523599 
0.523599 
0.523599 
0.523599 
0.523599 
0.523599 
0.523599 
0.523599 
0.523599 
0.523599 
0.523599 
0.523599 
0.523599 
0.523599 
0.523599 
0.523599 
0.523599 
0.523599 
0.523599 
0.523599 
0.523599 
0.523599 
0.523599 
0.523599 
0.523599 
0.523599 
0.523599 
0.523599 
0.523599 
0.523599 
0.523599 
0.523599 
0.523599 
0.523599 
0.523599 
0.523599 
0.523599 
0.523599 
0.523599 
0.523599 
0.523599 
0.523599 
0.523599 
0.523599 
0.523599 
0.523599 
0.523599 
0.523599 
0.523599 
0.523599 
0.523599 
0.523599 
0.523599 
0.523599 
0.523599 
0.523599 
0.523599 
0.523599 
0.523599 
0.523599 
0.523599 
0.523599 
0.523599 
0.523599 
0.523599 
0.523599 
0.523599 
0.523599 
0.523599 
0.523599 
0.523599 
0.523599 
0.523599 
0.523599 
0.523599 
0.523599 
0.523599 
0.523599 
0.523599 
0.523599 
0.523599 
0.523599 
0.523599 
0.523599 
0.523599 
0.523599 
0.523599 
0.523599 
0.523599 
0.523599 
0.523599 
0.523599 
0.523599 
0.523599 
0.523599 
0.523599 
0.523599 
0.523599 
0.523599 
0.523599 
0.523599 
0.523599 
0.523599 
0.523599 
0.523599 
0.523599 
0.523599 
0.523599 
0.523599 
0.523599 
0.523599 
0.523599 
0.523599 
0.523599 
0.523599 
0.523599 
0.523599 
0.523599 
0.523599 
0.523599 
0.523599 
0.523599 
0.523599 
0.523599 
0.523599 
0.523599 
0.523599 
0.523599 
0.523599 
0.523599 
0.523599 
0.523599 
0.523599 
0.523599 
0.523599 
0.523599 
0.523599 
0.523599 
0.523599 
0.523599 
0.523599 
0.523599 
0.523599 
0.523599 
0.523599 
0.523599 
0.523599 
0.523599 
0.523599 
0.523599 
0.523599 
0.523599 
0.523599 
0.523599 
0.523599 
0.523599 
0.523599 
0.523599 
0.523599 
0.523599 
0.523599 
0.523599 
0.523599 
0.523599 
0.523599 
0.523599 
0.523599 
0.523599 
0.523599 
0.523599 
0.523599 
0.523599 
0.523599 
0.523599 
0.523599 
0.523599 
0.523599 
0.523599 
0.523599 
0.523599 
0.523599 
0.523599 
0.523599 
0.523599 
0.523599 
0.523599 
0.523599 
0.523599 
0.523599 
0.523599 
0.523599 
0.523599 
0.523599 
0.523599 
0.523599 
0.523599 
0.523599 
0.523599 
0.523599 
0.523599 
0.523599 
0.523599 
0.523599 
0.523599 
0.523599 
0.523599 
0.523599 
0.523599 
0.523599 
0.523599 
0.523599 
0.523599 
0.523599 
0.523599 
0.523599 
0.523599 
0.523599 
0.523599 
0.523599 
0.523599 
0.523599 
0.523599 
0.523599 
0.523599 
0.523599 
0.523599 
0.523599 
0.523599 
0.523599 
0.523599 
0.523599 
0.523599 
0.523599 
0.523599 
0.523599 
0.523599 
0.523599 
0.523599 
0.523599 
0.523599 
0.523599 
0.523599 
0.523599 
0.523599 
0.523599 
0.523599 
0.523599 
0.523599 
0.523599 
0.523599 
0.523599 
0.523599 
0.523599 
0.523599 
0.523599 
0.523599 
0.523599 
0.523599 
0.523599 
0.523599 
0.523599 
0.523599 
0.523599 
0.523599 
0.523599 
0.523599 
0.523599 
0.523599 
0.523599 
0.523599 
0.523599 
0.523599 
0.523599 
0.523599 
0.523599 
0.523599 
0.523599 
0.523599 
0.523599 
0.523599 
0.523599 
0.523599 
0.523599 
0.523599 
0.523599 
0.523599 
0.523599 
0.523599 
0.523599 
0.523599 
0.523599 
0.523599 
0.523599 
0.523599 
0.523599 
0.523599 
0.523599 
0.523599 
0.523599 
0.523599 
0.523599 
0.523599 
0.523599 
0.523599 
0.523599 
0.523599 
0.523599 
0.523599 
0.523599 
0.523599 
0.523599 
0.523599 
0.523599 
0.523599 
0.523599 
0.523599 
0.523599 
0.523599 
0.523599 
0.523599 
0.523599 
0.523599 
0.523599 
0.523599 
0.523599 
0.523599 
0.523599 
0.523599 
0.523599 
0.523599 
0.523599 
0.523599 
0.523599 
0.523599 
0.523599 
0.523599 
0.523599 
0.523599 
0.523599 
0.523599 
0.523599 
0.523599 
0.523599 
0.523599 
0.523599 
0.523599 
0.523599 
0.523599 
0.523599 
0.523599 
0.523599 
0.523599 
0.523599 
0.523599 
0.523599 
0.523599 
0.523599 
0.523599 
0.523599 
0.523599 
0.523599 
0.523599 
0.523599 
0.523599 
0.523599 
0.523599 
0.523599 
0.523599 
0.523599 
0.523599 
0.523599 
0.523599 
0.523599 
0.523599 
0.523599 
0.523599 
0.523599 
0.523599 
0.523599 
0.523599 
0.523599 
0.523599 
0.523599 
0.523599 
0.523599 
0.523599 
0.523599 
0.523599 
0.523599 
0.523599 
0.523599 
0.523599 
0.523599 
0.523599 
0.523599 
0.523599 
0.523599 
0.523599 
0.523599 
0.523599 
0.523599 
0.523599 
0.523599 
0.523599 
0.523599 
0.523599 
0.523599 
0.523599 
0.523599 
0.523599 
0.523599 
0.523599 
0.523599 
0.523599 
0.523599 
0.523599 
0.523599 
0.523599 
0.523599 
0.523599 
0.523599 
0.523599 
0.523599 
0.523599 
0.523599 
0.523599 
0.523599 
0.523599 
0.523599 
0.523599 
0.523599 
0.523599 
0.523599 
0.523599 
0.523599 
0.523599 
0.523599 
0.523599 
0.523599 
0.523599 
0.523599 
0.523599 
0.523599 
0.523599 
0.523599 
0.523599 
0.523599 
0.523599 
0.523599 
0.523599 
0.523599 
0.523599 
0.523599 
0.523599 
0.523599 
0.523599 
0.523599 
0.523599 
0.523599 
0.523599 
0.523599 
0.523599 
0.523599 
0.523599 
0.523599 
0.523599 
0.523599 
0.523599 
0.523599 
0.523599 
0.523599 
0.523599 
0.523599 
0.523599 
0.523599 
0.523599 
0.523599 
0.523599 
0.523599 
0.523599 
0.523599 
0.523599 
0.523599 
0.523599 
0.523599 
0.523599 
0.523599 
0.523599 
0.523599 
0.523599 
0.523599 
0.523599 
0.523599 
0.523599 
0.523599 
0.523599 
0.523599 
0.523599 
0.523599 
0.523599 
0.523599 
0.523599 
0.523599 
0.523599 
0.523599 
0.523599 
0.523599 
0.523599 
0.523599 
0.523599 
0.523599 
0.523599 
0.523599 
0.523599 
0.523599 
0.523599 
0.523599 
0.523599 
0.523599 
0.523599 
0.523599 
0.523599 
0.523599 
0.523599 
0.523599 
0.523599 
0.523599 
0.523599 
0.523599 
0.523599 
0.523599 
0.523599 
0.523599 
0.523599 
0.523599 
0.523599 
0.523599 
0.523599 
0.523599 
0.523599 
0.523599 
0.523599 
0.523599 
0.523599 
0.523599 
0.523599 
0.523599 
0.523599 
0.523599 
0.523599 
0.523599 
0.523599 
0.523599 
0.523599 
0.523599 
0.523599 
0.523599 
0.523599 
0.523599 
0.523599 
0.523599 
0.523599 
0.523599 
0.523599 
0.523599 
0.523599 
0.523599 
0.523599 
0.523599 
0.523599 
0.523599 
0.523599 
0.523599 
0.523599 
0.523599 
0.523599 
0.523599 
0.523599 
0.523599 
0.523599 
0.523599 
0.523599 
0.523599 
0.523599 
0.523599 
0.523599 
0.523599 
0.523599 
0.523599 
0.523599 
0.523599 
0.523599 
0.523599 
0.523599 
0.523599 
0.523599 
0.523599 
0.523599 
0.523599 
0.523599 
0.523599 
0.523599 
0.523599 
0.523599 
0.523599 
0.523599 
0.523599 
0.523599 
0.523599 
0.523599 
0.523599 
0.523599 
0.523599 
0.523599 
0.523599 
0.523599 
0.523599 
0.523599 
0.523599 
0.523599 
0.523599 
0.523599 
0.523599 
0.523599 
0.523599 
0.523599 
0.523599 
0.523599 
0.523599 
0.523599 
0.523599 
0.523599 
0.523599 
0.523599 
0.523599 
0.523599 
0.523599 
0.523599 
0.523599 
0.523599 
0.523599 
0.523599 
0.523599 
0.523599 
0.523599 
0.523599 
0.523599 
0.523599 
0.523599 
0.523599 
0.523599 
0.523599 
0.523599 
0.523599 
0.523599 
0.523599 
0.523599 
0.523599 
0.523599 
0.523599 
0.523599 
0.523599 
0.523599 
0.523599 
0.523599 
0.523599 
0.523599 
0.523599 
0.523599 
0.523599 
0.523599 
0.523599 
0.523599 
0.523599 
0.523599 
0.523599 
0.523599 
0.523599 
0.523599 
0.523599 
0.523599 
0.523599 
0.523599 
0.523599 
0.523599 
0.523599 
0.523599 
0.523599 
0.523599 
0.523599 
0.523599 
0.523599 
0.523599 
0.523599 
0.523599 
0.523599 
0.523599 
0.523599 
0.523599 
0.523599 
0.523599 
0.523599 
0.523599 
0.523599 
0.523599 
0.523599 
0.523599 
0.523599 
0.523599 
0.523599 
0.523599 
0.523599 
0.523599 
0.523599 
0.523599 
0.523599 
0.523599 
0.523599 
0.523599 
0.523599 
0.523599 
0.523599 
0.523599 
0.523599 
0.523599 
0.523599 
0.523599 
0.523599 
0.523599 
0.523599 
0.523599 
0.523599 
0.523599 
0.523599 
0.523599 
0.523599 
0.523599 
0.523599 
0.523599 
0.523599 
0.523599 
0.523599 
0.523599 
0.523599 
0.523599 
0.523599 
0.523599 
0.523599 
0.523599 
0.523599 
0.523599 
0.523599 
0.523599 
0.523599 
0.523599 
0.523599 
0.523599 
0.523599 
0.523599 
0.523599 
0.523599 
0.523599 
0.523599 
0.523599 
0.523599 
0.523599 
0.523599 
0.523599 
0.523599 
0.523599 
0.523599 
0.523599 
0.523599 
0.523599 
0.523599 
0.523599 
0.523599 
0.523599 
0.523599 
0.523599 
0.523599 
0.523599 
0.523599 
0.523599 
0.523599 
0.523599 
0.523599 
0.523599 
0.523599 
0.523599 
0.523599 
0.523599 
0.523599 
0.523599 
0.523599 
0.523599 
0.523599 
0.523599 
0.523599 
0.523599 
0.523599 
0.523599 
0.523599 
0.523599 
0.523599 
0.523599 
0.523599 
0.523599 
0.523599 
0.523599 
0.523599 
0.523599 
0.523599 
0.523599 
0.523599 
0.523599 
0.523599 
0.523599 
0.523599 
0.523599 
0.523599 
0.523599 
0.523599 
0.523599 
0.523599 
0.523599 
0.523599 
0.523599 
0.523599 
0.523599 
0.523599 
0.523599 
0.523599 
0.523599 
0.523599 
0.523599 
0.523599 
0.523599 
0.523599 
0.523599 
0.523599 
0.523599 
0.523599 
0.523599 
0.523599 
0.523599 
0.523599 
0.523599 
0.523599 
0.523599 
0.523599 
0.523599 
0.523599 
0.523599 
0.523599 
0.523599 
0.523599 
0.523599 
0.523599 
0.523599 
0.523599 
0.523599 
0.523599 
0.523599 
0.523599 
0.523599 
0.523599 
0.523599 
0.523599 
0.523599 
0.523599 
0.523599 
0.523599 
0.523599 
0.523599 
0.523599 
0.523599 
0.523599 
0.523599 
0.523599 
0.523599 
0.523599 
0.523599 
0.523599 
0.523599 
0.523599 
0.523599 
0.523599 
0.523599 
0.523599 
0.523599 
0.523599 
0.523599 
0.523599 
0.523599 
0.523599 
0.523599 
0.523599 
0.523599 
0.523599 
0.523599 
0.523599 
0.523599 
0.523599 
0.523599 
0.523599 
0.523599 
0.523599 
0.523599 
0.523599 
0.523599 
0.523599 
0.523599 
0.523599 
0.523599 
0.523599 
0.523599 
0.523599 
0.523599 
0.523599 
0.523599 
0.523599 
0.523599 
0.523599 
0.523599 
0.523599 
0.523599 
0.523599 
0.523599 
0.523599 
0.523599 
0.523599 
0.523599 
0.523599 
0.523599 
0.523599 
0.523599 
0.523599 
0.523599 
0.523599 
0.523599 
0.523599 
0.523599 
0.523599 
0.523599 
0.523599 
0.523599 
0.523599 
0.523599 
0.523599 
0.523599 
0.523599 
0.523599 
0.523599 
0.523599 
0.523599 
0.523599 
0.523599 
0.523599 
0.523599 
0.523599 
0.523599 
0.523599 
0.523599 
0.523599 
0.523599 
0.523599 
0.523599 
0.523599 
0.523599 
0.523599 
0.523599 
0.523599 
0.523599 
0.523599 
0.523599 
0.523599 
0.523599 
0.523599 
0.523599 
0.523599 
0.523599 
0.523599 
0.523599 
0.523599 
0.523599 
0.523599 
0.523599 
0.523599 
0.523599 
0.523599 
0.523599 
0.523599 
0.523599 
0.523599 
0.523599 
0.523599 
0.523599 
0.523599 
0.523599 
0.523599 
0.523599 
0.523599 
0.523599 
0.523599 
0.523599 
0.523599 
0.523599 
0.523599 
0.523599 
0.523599 
0.523599 
0.523599 
0.523599 
0.523599 
0.523599 
0.523599 
0.523599 
0.523599 
0.523599 
0.523599 
0.523599 
0.523599 
0.523599 
0.523599 
0.523599 
0.523599 
0.523599 
0.523599 
0.523599 
0.523599 
0.523599 
0.523599 
0.523599 
0.523599 
0.523599 
0.523599 
0.523599 
0.523599 
0.523599 
0.523599 
0.523599 
0.523599 
0.523599 
0.523599 
0.523599 
0.523599 
0.523599 
0.523599 
0.523599 
0.523599 
0.523599 
0.523599 
0.523599 
0.523599 
0.523599 
0.523599 
0.523599 
0.523599 
0.523599 
0.523599 
0.523599 
0.523599 
0.523599 
0.523599 
0.523599 
0.523599 
0.523599 
0.523599 
0.523599 
0.523599 
0.523599 
0.523599 
0.523599 
0.523599 
0.523599 
0.523599 
0.523599 
0.523599 
0.523599 
0.523599 
0.523599 
0.523599 
0.523599 
0.523599 
0.523599 
0.523599 
0.523599 
0.523599 
0.523599 
0.523599 
0.523599 
0.523599 
0.523599 
0.523599 
0.523599 
0.523599 
0.523599 
0.523599 
0.523599 
0.523599 
0.523599 
0.523599 
0.523599 
0.523599 
0.523599 
0.523599 
0.523599 
0.523599 
0.523599 
0.523599 
0.523599 
0.523599 
0.523599 
0.523599 
0.523599 
0.523599 
0.523599 
0.523599 
0.523599 
0.523599 
0.523599 
0.523599 
0.523599 
0.523599 
0.523599 
0.523599 
0.523599 
0.523599 
0.523599 
0.523599 
0.523599 
0.523599 
0.523599 
0.523599 
0.523599 
0.523599 
0.523599 
0.523599 
0.523599 
0.523599 
0.523599 
0.523599 
0.523599 
0.523599 
0.523599 
0.523599 
0.523599 
0.523599 
0.523599 
0.523599 
0.523599 
0.523599 
0.523599 
0.523599 
0.523599 
0.523599 
0.523599 
0.523599 
0.523599 
0.523599 
0.523599 
0.523599 
0.523599 
0.523599 
0.523599 
0.523599 
0.523599 
0.523599 
0.523599 
0.523599 
0.523599 
0.523599 
0.523599 
0.523599 
0.523599 
0.523599 
0.523599 
0.523599 
0.523599 
0.523599 
0.523599 
0.523599 
0.523599 
0.523599 
0.523599 
0.523599 
0.523599 
0.523599 
0.523599 
0.523599 
0.523599 
0.523599 
0.523599 
0.523599 
0.523599 
0.523599 
0.523599 
0.523599 
0.523599 
0.523599 
0.523599 
0.523599 
0.523599 
0.523599 
0.523599 
0.523599 
0.523599 
0.523599 
0.523599 
0.523599 
0.523599 
0.523599 
0.523599 
0.523599 
0.523599 
0.523599 
0.523599 
0.523599 
0.523599 
0.523599 
0.523599 
0.523599 
0.523599 
0.523599 
0.523599 
0.523599 
0.523599 
0.523599 
0.523599 
0.523599 
0.523599 
0.523599 
0.523599 
0.523599 
0.523599 
0.523599 
0.523599 
0.523599 
0.523599 
0.523599 
0.523599 
0.523599 
0.523599 
0.523599 
0.523599 
0.523599 
0.523599 
0.523599 
0.523599 
0.523599 
0.523599 
0.523599 
0.523599 
0.523599 
0.523599 
0.523599 
0.523599 
0.523599 
0.523599 
0.523599 
0.523599 
0.523599 
0.523599 
0.523599 
0.523599 
0.523599 
0.523599 
0.523599 
0.523599 
0.523599 
0.523599 
0.523599 
0.523599 
0.523599 
0.523599 
0.523599 
0.523599 
0.523599 
0.523599 
0.523599 
0.523599 
0.523599 
0.523599 
0.523599 
0.523599 
0.523599 
0.523599 
0.523599 
0.523599 
0.523599 
0.523599 
0.523599 
0.523599 
0.523599 
0.523599 
0.523599 
0.523599 
0.523599 
0.523599 
0.523599 
0.523599 
0.523599 
0.523599 
0.523599 
0.523599 
0.523599 
0.523599 
0.523599 
0.523599 
0.523599 
0.523599 
0.523599 
0.523599 
0.523599 
0.523599 
0.523599 
0.523599 
0.523599 
0.523599 
0.523599 
0.523599 
0.523599 
0.523599 
0.523599 
0.523599 
0.523599 
0.523599 
0.523599 
0.523599 
0.523599 
0.523599 
0.523599 
0.523599 
0.523599 
0.523599 
0.523599 
0.523599 
0.523599 
0.523599 
0.523599 
0.523599 
0.523599 
0.523599 
0.523599 
0.523599 
0.523599 
0.523599 
0.523599 
0.523599 
0.523599 
0.523599 
0.523599 
0.523599 
0.523599 
0.523599 
0.523599 
0.523599 
0.523599 
0.523599 
0.523599 
0.523599 
0.523599 
0.523599 
0.523599 
0.523599 
0.523599 
0.523599 
0.523599 
0.523599 
0.523599 
0.523599 
0.523599 
0.523599 
0.523599 
0.523599 
0.523599 
0.523599 
0.523599 
0.523599 
0.523599 
0.523599 
0.523599 
0.523599 
0.523599 
0.523599 
0.523599 
0.523599 
0.523599 
0.523599 
0.523599 
0.523599 
0.523599 
0.523599 
0.523599 
0.523599 
0.523599 
0.523599 
0.523599 
0.523599 
0.523599 
0.523599 
0.523599 
0.523599 
0.523599 
0.523599 
0.523599 
0.523599 
0.523599 
0.523599 
0.523599 
0.523599 
0.523599 
0.523599 
0.523599 
0.523599 
0.523599 
0.523599 
0.523599 
0.523599 
0.523599 
0.523599 
0.523599 
0.523599 
0.523599 
0.523599 
0.523599 
0.523599 
0.523599 
0.523599 
0.523599 
0.523599 
0.523599 
0.523599 
0.523599 
0.523599 
0.523599 
0.523599 
0.523599 
0.523599 
0.523599 
0.523599 
0.523599 
0.523599 
0.523599 
0.523599 
0.523599 
0.523599 
0.523599 
0.523599 
0.523599 
0.523599 
0.523599 
0.523599 
0.523599 
0.523599 
0.523599 
0.523599 
0.523599 
0.523599 
0.523599 
0.523599 
0.523599 
0.523599 
0.523599 
0.523599 
0.523599 
0.523599 
0.523599 
0.523599 
0.523599 
0.523599 
0.523599 
0.523599 
0.523599 
0.523599 
0.523599 
0.523599 
0.523599 
0.523599 
0.523599 
0.523599 
0.523599 
0.523599 
0.523599 
0.523599 
0.523599 
0.523599 
0.523599 
0.523599 
0.523599 
0.523599 
0.523599 
0.523599 
0.523599 
0.523599 
0.523599 
0.523599 
0.523599 
0.523599 
0.523599 
0.523599 
0.523599 
0.523599 
0.523599 
0.523599 
0.523599 
0.523599 
0.523599 
0.523599 
0.523599 
0.523599 
0.523599 
0.523599 
0.523599 
0.523599 
0.523599 
0.523599 
0.523599 
0.523599 
0.523599 
0.523599 
0.523599 
0.523599 
0.523599 
0.523599 
0.523599 
0.523599 
0.523599 
0.523599 
0.523599 
0.523599 
0.523599 
0.523599 
0.523599 
0.523599 
0.523599 
0.523599 
0.523599 
0.523599 
0.523599 
0.523599 
0.523599 
0.523599 
0.523599 
0.523599 
0.523599 
0.523599 
0.523599 
0.523599 
0.523599 
0.523599 
0.523599 
0.523599 
0.523599 
0.523599 
0.523599 
0.523599 
0.523599 
0.523599 
0.523599 
0.523599 
0.523599 
0.523599 
0.523599 
0.523599 
0.523599 
0.523599 
0.523599 
0.523599 
0.523599 
0.523599 
0.523599 
0.523599 
0.523599 
0.523599 
0.523599 
0.523599 
0.523599 
0.523599 
0.523599 
0.523599 
0.523599 
0.523599 
0.523599 
0.523599 
0.523599 
0.523599 
0.523599 
0.523599 
0.523599 
0.523599 
0.523599 
0.523599 
0.523599 
0.523599 
0.523599 
0.523599 
0.523599 
0.523599 
0.523599 
0.523599 
0.523599 
0.523599 
0.523599 
0.523599 
0.523599 
0.523599 
0.523599 
0.523599 
0.523599 
0.523599 
0.523599 
0.523599 
0.523599 
0.523599 
0.523599 
0.523599 
0.523599 
0.523599 
0.523599 
0.523599 
0.523599 
0.523599 
0.523599 
0.523599 
0.523599 
0.523599 
0.523599 
0.523599 
0.523599 
0.523599 
0.523599 
0.523599 
0.523599 
0.523599 
0.523599 
0.523599 
0.523599 
0.523599 
0.523599 
0.523599 
0.523599 
0.523599 
0.523599 
0.523599 
0.523599 
0.523599 
0.523599 
0.523599 
0.523599 
0.523599 
0.523599 
0.523599 
0.523599 
0.523599 
0.523599 
0.523599 
0.523599 
0.523599 
0.523599 
0.523599 
0.523599 
0.523599 
0.523599 
0.523599 
0.523599 
0.523599 
0.523599 
0.523599 
0.523599 
0.523599 
0.523599 
0.523599 
0.523599 
0.523599 
0.523599 
0.523599 
0.523599 
0.523599 
0.523599 
0.523599 
0.523599 
0.523599 
0.523599 
0.523599 
0.523599 
0.523599 
0.523599 
0.523599 
0.523599 
0.523599 
0.523599 
0.523599 
0.523599 
0.523599 
0.523599 
0.523599 
0.523599 
0.523599 
0.523599 
0.523599 
0.523599 
0.523599 
0.523599 
0.523599 
0.523599 
0.523599 
0.523599 
0.523599 
0.523599 
0.523599 
0.523599 
0.523599 
0.523599 
0.523599 
0.523599 
0.523599 
0.523599 
0.523599 
0.523599 
0.523599 
0.523599 
0.523599 
0.523599 
0.523599 
0.523599 
0.523599 
0.523599 
0.523599 
0.523599 
0.523599 
0.523599 
0.523599 
0.523599 
0.523599 
0.523599 
0.523599 
0.523599 
0.523599 
0.523599 
0.523599 
0.523599 
0.523599 
0.523599 
0.523599 
0.523599 
0.523599 
0.523599 
0.523599 
0.523599 
0.523599 
0.523599 
0.523599 
0.523599 
0.523599 
0.523599 
0.523599 
0.523599 
0.523599 
0.523599 
0.523599 
0.523599 
0.523599 
0.523599 
0.523599 
0.523599 
0.523599 
0.523599 
0.523599 
0.523599 
0.523599 
0.523599 
0.523599 
0.523599 
0.523599 
0.523599 
0.523599 
0.523599 
0.523599 
0.523599 
0.523599 
0.523599 
0.523599 
0.523599 
0.523599 
0.523599 
0.523599 
0.523599 
0.523599 
0.523599 
0.523599 
0.523599 
0.523599 
0.523599 
0.523599 
0.523599 
0.523599 
0.523599 
0.523599 
0.523599 
0.523599 
0.523599 
0.523599 
0.523599 
0.523599 
0.523599 
0.523599 
0.523599 
0.523599 
0.523599 
0.523599 
0.523599 
0.523599 
0.523599 
0.523599 
0.523599 
0.523599 
0.523599 
0.523599 
0.523599 
0.523599 
0.523599 
0.523599 
0.523599 
0.523599 
0.523599 
0.523599 
0.523599 
0.523599 
0.523599 
0.523599 
0.523599 
0.523599 
0.523599 
0.523599 
0.523599 
0.523599 
0.523599 
0.523599 
0.523599 
0.523599 
0.523599 
0.523599 
0.523599 
0.523599 
0.523599 
0.523599 
0.523599 
0.523599 
0.523599 
0.523599 
0.523599 
0.523599 
0.523599 
0.523599 
0.523599 
0.523599 
0.523599 
0.523599 
0.523599 
0.523599 
0.523599 
0.523599 
0.523599 
0.523599 
0.523599 
0.523599 
0.523599 
0.523599 
0.523599 
0.523599 
0.523599 
0.523599 
0.523599 
0.523599 
0.523599 
0.523599 
0.523599 
0.523599 
0.523599 
0.523599 
0.523599 
0.523599 
0.523599 
0.523599 
0.523599 
0.523599 
0.523599 
0.523599 
0.523599 
0.523599 
0.523599 
0.523599 
0.523599 
0.523599 
0.523599 
0.523599 
0.523599 
0.523599 
0.523599 
0.523599 
0.523599 
0.523599 
0.523599 
0.523599 
0.523599 
0.523599 
0.523599 
0.523599 
0.523599 
0.523599 
0.523599 
0.523599 
0.523599 
0.523599 
0.523599 
0.523599 
0.523599 
0.523599 
0.523599 
0.523599 
0.523599 
0.523599 
0.523599 
0.523599 
0.523599 
0.523599 
0.523599 
0.523599 
0.523599 
0.523599 
0.523599 
0.523599 
0.523599 
0.523599 
0.523599 
0.523599 
0.523599 
0.523599 
0.523599 
0.523599 
0.523599 
0.523599 
0.523599 
0.523599 
0.523599 
0.523599 
0.523599 
0.523599 
0.523599 
0.523599 
0.523599 
0.523599 
0.523599 
0.523599 
0.523599 
0.523599 
0.523599 
0.523599 
0.523599 
0.523599 
0.523599 
0.523599 
0.523599 
0.523599 
0.523599 
0.523599 
0.523599 
0.523599 
0.523599 
0.523599 
0.523599 
0.523599 
0.523599 
0.523599 
0.523599 
0.523599 
0.523599 
0.523599 
0.523599 
0.523599 
0.523599 
0.523599 
0.523599 
0.523599 
0.523599 
0.523599 
0.523599 
0.523599 
0.523599 
0.523599 
0.523599 
0.523599 
0.523599 
0.523599 
0.523599 
0.523599 
0.523599 
0.523599 
0.523599 
0.523599 
0.523599 
0.523599 
0.523599 
0.523599 
0.523599 
0.523599 
0.523599 
0.523599 
0.523599 
0.523599 
0.523599 
0.523599 
0.523599 
0.523599 
0.523599 
0.523599 
0.523599 
0.523599 
0.523599 
0.523599 
0.523599 
0.523599 
0.523599 
0.523599 
0.523599 
0.523599 
0.523599 
0.523599 
0.523599 
0.523599 
0.523599 
0.523599 
0.523599 
0.523599 
0.523599 
0.523599 
0.523599 
0.523599 
0.523599 
0.523599 
0.523599 
0.523599 
0.523599 
0.523599 
0.523599 
0.523599 
0.523599 
0.523599 
0.523599 
0.523599 
0.523599 
0.523599 
0.523599 
0.523599 
0.523599 
0.523599 
0.523599 
0.523599 
0.523599 
0.523599 
0.523599 
0.523599 
0.523599 
0.523599 
0.523599 
0.523599 
0.523599 
0.523599 
0.523599 
0.523599 
0.523599 
0.523599 
0.523599 
0.523599 
0.523599 
0.523599 
0.523599 
0.523599 
0.523599 
0.523599 
0.523599 
0.523599 
0.523599 
0.523599 
0.523599 
0.523599 
0.523599 
0.523599 
0.523599 
0.523599 
0.523599 
0.523599 
0.523599 
0.523599 
0.523599 
0.523599 
0.523599 
0.523599 
0.523599 
0.523599 
0.523599 
0.523599 
0.523599 
0.523599 
0.523599 
0.523599 
0.523599 
0.523599 
0.523599 
0.523599 
0.523599 
0.523599 
0.523599 
0.523599 
0.523599 
0.523599 
0.523599 
0.523599 
0.523599 
0.523599 
0.523599 
0.523599 
0.523599 
0.523599 
0.523599 
0.523599 
0.523599 
0.523599 
0.523599 
0.523599 
0.523599 
0.523599 
0.523599 
0.523599 
0.523599 
0.523599 
0.523599 
0.523599 
0.523599 
0.523599 
0.523599 
0.523599 
0.523599 
0.523599 
0.523599 
0.523599 
0.523599 
0.523599 
0.523599 
0.523599 
0.523599 
0.523599 
0.523599 
0.523599 
0.523599 
0.523599 
0.523599 
0.523599 
0.523599 
0.523599 
0.523599 
0.523599 
0.523599 
0.523599 
0.523599 
0.523599 
0.523599 
0.523599 
0.523599 
0.523599 
0.523599 
0.523599 
0.523599 
0.523599 
0.523599 
0.523599 
0.523599 
0.523599 
0.523599 
0.523599 
0.523599 
0.523599 
0.523599 
0.523599 
0.523599 
0.523599 
0.523599 
0.523599 
0.523599 
0.523599 
0.523599 
0.523599 
0.523599 
0.523599 
0.523599 
0.523599 
0.523599 
0.523599 
0.523599 
0.523599 
0.523599 
0.523599 
0.523599 
0.523599 
0.523599 
0.523599 
0.523599 
0.523599 
0.523599 
0.523599 
0.523599 
0.523599 
0.523599 
0.523599 
0.523599 
0.523599 
0.523599 
0.523599 
0.523599 
0.523599 
0.523599 
0.523599 
0.523599 
0.523599 
0.523599 
0.523599 
0.523599 
0.523599 
0.523599 
0.523599 
0.523599 
0.523599 
0.523599 
0.523599 
0.523599 
0.523599 
0.523599 
0.523599 
0.523599 
0.523599 
0.523599 
0.523599 
0.523599 
0.523599 
0.523599 
0.523599 
0.523599 
0.523599 
0.523599 
0.523599 
0.523599 
0.523599 
0.523599 
0.523599 
0.523599 
0.523599 
0.523599 
0.523599 
0.523599 
0.523599 
0.523599 
0.523599 
0.523599 
0.523599 
0.523599 
0.523599 
0.523599 
0.523599 
0.523599 
0.523599 
0.523599 
0.523599 
0.523599 
0.523599 
0.523599 
0.523599 
0.523599 
0.523599 
0.523599 
0.523599 
0.523599 
0.523599 
0.523599 
0.523599 
0.523599 
0.523599 
0.523599 
0.523599 
0.523599 
0.523599 
0.523599 
0.523599 
0.523599 
0.523599 
0.523599 
0.523599 
0.523599 
0.523599 
0.523599 
0.523599 
0.523599 
0.523599 
0.523599 
0.523599 
0.523599 
0.523599 
0.523599 
0.523599 
0.523599 
0.523599 
0.523599 
0.523599 
0.523599 
0.523599 
0.523599 
0.523599 
0.523599 
0.523599 
0.523599 
0.523599 
0.523599 
0.523599 
0.523599 
0.523599 
0.523599 
0.523599 
0.523599 
0.523599 
0.523599 
0.523599 
0.523599 
0.523599 
0.523599 
0.523599 
0.523599 
0.523599 
0.523599 
0.523599 
0.523599 
0.523599 
0.523599 
0.523599 
0.523599 
0.523599 
0.523599 
0.523599 
0.523599 
0.523599 
0.523599 
0.523599 
0.523599 
0.523599 
0.523599 
0.523599 
0.523599 
0.523599 
0.523599 
0.523599 
0.523599 
0.523599 
0.523599 
0.523599 
0.523599 
0.523599 
0.523599 
0.523599 
0.523599 
0.523599 
0.523599 
0.523599 
0.523599 
0.523599 
0.523599 
0.523599 
0.523599 
0.523599 
0.523599 
0.523599 
0.523599 
0.523599 
0.523599 
0.523599 
0.523599 
0.523599 
0.523599 
0.523599 
0.523599 
0.523599 
0.523599 
0.523599 
0.523599 
0.523599 
0.523599 
0.523599 
0.523599 
0.523599 
0.523599 
0.523599 
0.523599 
0.523599 
0.523599 
0.523599 
0.523599 
0.523599 
0.523599 
0.523599 
0.523599 
0.523599 
0.523599 
0.523599 
0.523599 
0.523599 
0.523599 
0.523599 
0.523599 
0.523599 
0.523599 
0.523599 
0.523599 
0.523599 
0.523599 
0.523599 
0.523599 
0.523599 
0.523599 
0.523599 
0.523599 
0.523599 
0.523599 
0.523599 
0.523599 
0.523599 
0.523599 
0.523599 
0.523599 
0.523599 
0.523599 
0.523599 
0.523599 
0.523599 
0.523599 
0.523599 
0.523599 
0.523599 
0.523599 
0.523599 
0.523599 
0.523599 
0.523599 
0.523599 
0.523599 
0.523599 
0.523599 
0.523599 
0.523599 
0.523599 
0.523599 
0.523599 
0.523599 
0.523599 
0.523599 
0.523599 
0.523599 
0.523599 
0.523599 
0.523599 
0.523599 
0.523599 
0.523599 
0.523599 
0.523599 
0.523599 
0.523599 
0.523599 
0.523599 
0.523599 
0.523599 
0.523599 
0.523599 
0.523599 
0.523599 
0.523599 
0.523599 
0.523599 
0.523599 
0.523599 
0.523599 
0.523599 
0.523599 
0.523599 
0.523599 
0.523599 
0.523599 
0.523599 
0.523599 
0.523599 
0.523599 
0.523599 
0.523599 
0.523599 
0.523599 
0.523599 
0.523599 
0.523599 
0.523599 
0.523599 
0.523599 
0.523599 
0.523599 
0.523599 
0.523599 
0.523599 
0.523599 
0.523599 
0.523599 
0.523599 
0.523599 
0.523599 
0.523599 
0.523599 
0.523599 
0.523599 
0.523599 
0.523599 
0.523599 
0.523599 
0.523599 
0.523599 
0.523599 
0.523599 
0.523599 
0.523599 
0.523599 
0.523599 
0.523599 
0.523599 
0.523599 
0.523599 
0.523599 
0.523599 
0.523599 
0.523599 
0.523599 
0.523599 
0.523599 
0.523599 
0.523599 
0.523599 
0.523599 
0.523599 
0.523599 
0.523599 
0.523599 
0.523599 
0.523599 
0.523599 
0.523599 
0.523599 
0.523599 
0.523599 
0.523599 
0.523599 
0.523599 
0.523599 
0.523599 
0.523599 
0.523599 
0.523599 
0.523599 
0.523599 
0.523599 
0.523599 
0.523599 
0.523599 
0.523599 
0.523599 
0.523599 
0.523599 
0.523599 
0.523599 
0.523599 
0.523599 
0.523599 
0.523599 
0.523599 
0.523599 
0.523599 
0.523599 
0.523599 
0.523599 
0.523599 
0.523599 
0.523599 
0.523599 
0.523599 
0.523599 
0.523599 
0.523599 
0.523599 
0.523599 
0.523599 
0.523599 
0.523599 
0.523599 
0.523599 
0.523599 
0.523599 
0.523599 
0.523599 
0.523599 
0.523599 
0.523599 
0.523599 
0.523599 
0.523599 
0.523599 
0.523599 
0.523599 
0.523599 
0.523599 
0.523599 
0.523599 
0.523599 
0.523599 
0.523599 
0.523599 
0.523599 
0.523599 
0.523599 
0.523599 
0.523599 
0.523599 
0.523599 
0.523599 
0.523599 
0.523599 
0.523599 
0.523599 
0.523599 
0.523599 
0.523599 
0.523599 
0.523599 
0.523599 
0.523599 
0.523599 
0.523599 
0.523599 
0.523599 
0.523599 
0.523599 
0.523599 
0.523599 
0.523599 
0.523599 
0.523599 
0.523599 
0.523599 
0.523599 
0.523599 
0.523599 
0.523599 
0.523599 
0.523599 
0.523599 
0.523599 
0.523599 
0.523599 
0.523599 
0.523599 
0.523599 
0.523599 
0.523599 
0.523599 
0.523599 
0.523599 
0.523599 
0.523599 
0.523599 
0.523599 
0.523599 
0.523599 
0.523599 
0.523599 
0.523599 
0.523599 
0.523599 
0.523599 
0.523599 
0.523599 
0.523599 
0.523599 
0.523599 
0.523599 
0.523599 
0.523599 
0.523599 
0.523599 
0.523599 
0.523599 
0.523599 
0.523599 
0.523599 
0.523599 
0.523599 
0.523599 
0.523599 
0.523599 
0.523599 
0.523599 
0.523599 
0.523599 
0.523599 
0.523599 
0.523599 
0.523599 
0.523599 
0.523599 
0.523599 
0.523599 
0.523599 
0.523599 
0.523599 
0.523599 
0.523599 
0.523599 
0.523599 
0.523599 
0.523599 
0.523599 
0.523599 
0.523599 
0.523599 
0.523599 
0.523599 
0.523599 
0.523599 
0.523599 
0.523599 
0.523599 
0.523599 
0.523599 
0.523599 
0.523599 
0.523599 
0.523599 
0.523599 
0.523599 
0.523599 
0.523599 
0.523599 
0.523599 
0.523599 
0.523599 
0.523599 
0.523599 
0.523599 
0.523599 
0.523599 
0.523599 
0.523599 
0.523599 
0.523599 
0.523599 
0.523599 
0.523599 
0.523599 
0.523599 
0.523599 
0.523599 
0.523599 
0.523599 
0.523599 
0.523599 
0.523599 
0.523599 
0.523599 
0.523599 
0.523599 
0.523599 
0.523599 
0.523599 
0.523599 
0.523599 
0.523599 
0.523599 
0.523599 
0.523599 
0.523599 
0.523599 
0.523599 
0.523599 
0.523599 
0.523599 
0.523599 
0.523599 
0.523599 
0.523599 
0.523599 
0.523599 
0.523599 
0.523599 
0.523599 
0.523599 
0.523599 
0.523599 
0.523599 
0.523599 
0.523599 
0.523599 
0.523599 
0.523599 
0.523599 
0.523599 
0.523599 
0.523599 
0.523599 
0.523599 
0.523599 
0.523599 
0.523599 
0.523599 
0.523599 
0.523599 
0.523599 
0.523599 
0.523599 
0.523599 
0.523599 
0.523599 
0.523599 
0.523599 
0.523599 
0.523599 
0.523599 
0.523599 
0.523599 
0.523599 
0.523599 
0.523599 
0.523599 
0.523599 
0.523599 
0.523599 
0.523599 
0.523599 
0.523599 
0.523599 
0.523599 
0.523599 
0.523599 
0.523599 
0.523599 
0.523599 
0.523599 
0.523599 
0.523599 
0.523599 
0.523599 
0.523599 
0.523599 
0.523599 
0.523599 
0.523599 
0.523599 
0.523599 
0.523599 
0.523599 
0.523599 
0.523599 
0.523599 
0.523599 
0.523599 
0.523599 
0.523599 
0.523599 
0.523599 
0.523599 
0.523599 
0.523599 
0.523599 
0.523599 
0.523599 
0.523599 
0.523599 
0.523599 
0.523599 
0.523599 
0.523599 
0.523599 
0.523599 
0.523599 
0.523599 
0.523599 
0.523599 
0.523599 
0.523599 
0.523599 
0.523599 
0.523599 
0.523599 
0.523599 
0.523599 
0.523599 
0.523599 
0.523599 
0.523599 
0.523599 
0.523599 
0.523599 
0.523599 
0.523599 
0.523599 
0.523599 
0.523599 
0.523599 
0.523599 
0.523599 
0.523599 
0.523599 
0.523599 
0.523599 
0.523599 
0.523599 
0.523599 
0.523599 
0.523599 
0.523599 
0.523599 
0.523599 
0.523599 
0.523599 
0.523599 
0.523599 
0.523599 
0.523599 
0.523599 
0.523599 
0.523599 
0.523599 
0.523599 
0.523599 
0.523599 
0.523599 
0.523599 
0.523599 
0.523599 
0.523599 
0.523599 
0.523599 
0.523599 
0.523599 
0.523599 
0.523599 
0.523599 
0.523599 
0.523599 
0.523599 
0.523599 
0.523599 
0.523599 
0.523599 
0.523599 
0.523599 
0.523599 
0.523599 
0.523599 
0.523599 
0.523599 
0.523599 
0.523599 
0.523599 
0.523599 
0.523599 
0.523599 
0.523599 
0.523599 
0.523599 
0.523599 
0.523599 
0.523599 
0.523599 
0.523599 
0.523599 
0.523599 
0.523599 
0.523599 
0.523599 
0.523599 
0.523599 
0.523599 
0.523599 
0.523599 
0.523599 
0.523599 
0.523599 
0.523599 
0.523599 
0.523599 
0.523599 
0.523599 
0.523599 
0.523599 
0.523599 
0.523599 
0.523599 
0.523599 
0.523599 
0.523599 
0.523599 
0.523599 
0.523599 
0.523599 
0.523599 
0.523599 
0.523599 
0.523599 
0.523599 
0.523599 
0.523599 
0.523599 
0.523599 
0.523599 
0.523599 
0.523599 
0.523599 
0.523599 
0.523599 
0.523599 
0.523599 
0.523599 
0.523599 
0.523599 
0.523599 
0.523599 
0.523599 
0.523599 
0.523599 
0.523599 
0.523599 
0.523599 
0.523599 
0.523599 
0.523599 
0.523599 
0.523599 
0.523599 
0.523599 
0.523599 
0.523599 
0.523599 
0.523599 
0.523599 
0.523599 
0.523599 
0.523599 
0.523599 
0.523599 
0.523599 
0.523599 
0.523599 
0.523599 
0.523599 
0.523599 
0.523599 
0.523599 
0.523599 
0.523599 
0.523599 
0.523599 
0.523599 
0.523599 
0.523599 
0.523599 
0.523599 
0.523599 
0.523599 
0.523599 
0.523599 
0.523599 
0.523599 
0.523599 
0.523599 
0.523599 
0.523599 
0.523599 
0.523599 
0.523599 
0.523599 
0.523599 
0.523599 
0.523599 
0.523599 
0.523599 
0.523599 
0.523599 
0.523599 
0.523599 
0.523599 
0.523599 
0.523599 
0.523599 
0.523599 
0.523599 
0.523599 
0.523599 
0.523599 
0.523599 
0.523599 
0.523599 
0.523599 
0.523599 
0.523599 
0.523599 
0.523599 
0.523599 
0.523599 
0.523599 
0.523599 
0.523599 
0.523599 
0.523599 
0.523599 
0.523599 
0.523599 
0.523599 
0.523599 
0.523599 
0.523599 
0.523599 
0.523599 
0.523599 
0.523599 
0.523599 
0.523599 
0.523599 
0.523599 
0.523599 
0.523599 
0.523599 
0.523599 
0.523599 
0.523599 
0.523599 
0.523599 
0.523599 
0.523599 
0.523599 
0.523599 
0.523599 
0.523599 
0.523599 
0.523599 
0.523599 
0.523599 
0.523599 
0.523599 
0.523599 
0.523599 
0.523599 
0.523599 
0.523599 
0.523599 
0.523599 
0.523599 
0.523599 
0.523599 
0.523599 
0.523599 
0.523599 
0.523599 
0.523599 
0.523599 
0.523599 
0.523599 
0.523599 
0.523599 
0.523599 
0.523599 
0.523599 
0.523599 
0.523599 
0.523599 
0.523599 
0.523599 
0.523599 
0.523599 
0.523599 
0.523599 
0.523599 
0.523599 
0.523599 
0.523599 
0.523599 
0.523599 
0.523599 
0.523599 
0.523599 
0.523599 
0.523599 
0.523599 
0.523599 
0.523599 
0.523599 
0.523599 
0.523599 
0.523599 
0.523599 
0.523599 
0.523599 
0.523599 
0.523599 
0.523599 
0.523599 
0.523599 
0.523599 
0.523599 
0.523599 
0.523599 
0.523599 
0.523599 
0.523599 
0.523599 
0.523599 
0.523599 
0.523599 
0.523599 
0.523599 
0.523599 
0.523599 
0.523599 
0.523599 
0.523599 
0.523599 
0.523599 
0.523599 
0.523599 
0.523599 
0.523599 
0.523599 
0.523599 
0.523599 
0.523599 
0.523599 
0.523599 
0.523599 
0.523599 
0.523599 
0.523599 
0.523599 
0.523599 
0.523599 
0.523599 
0.523599 
0.523599 
0.523599 
0.523599 
0.523599 
0.523599 
0.523599 
0.523599 
0.523599 
0.523599 
0.523599 
0.523599 
0.523599 
0.523599 
0.523599 
0.523599 
0.523599 
0.523599 
0.523599 
0.523599 
0.523599 
0.523599 
0.523599 
0.523599 
0.523599 
0.523599 
0.523599 
0.523599 
0.523599 
0.523599 
0.523599 
0.523599 
0.523599 
0.523599 
0.523599 
0.523599 
0.523599 
0.523599 
0.523599 
0.523599 
0.523599 
0.523599 
0.523599 
0.523599 
0.523599 
0.523599 
0.523599 
0.523599 
0.523599 
0.523599 
0.523599 
0.523599 
0.523599 
0.523599 
0.523599 
0.523599 
0.523599 
0.523599 
0.523599 
0.523599 
0.523599 
0.523599 
0.523599 
0.523599 
0.523599 
0.523599 
0.523599 
0.523599 
0.523599 
0.523599 
0.523599 
0.523599 
0.523599 
0.523599 
0.523599 
0.523599 
0.523599 
0.523599 
0.523599 
0.523599 
0.523599 
0.523599 
0.523599 
0.523599 
0.523599 
0.523599 
0.523599 
0.523599 
0.523599 
0.523599 
0.523599 
0.523599 
0.523599 
0.523599 
0.523599 
0.523599 
0.523599 
0.523599 
0.523599 
0.523599 
0.523599 
0.523599 
0.523599 
0.523599 
0.523599 
0.523599 
0.523599 
0.523599 
0.523599 
0.523599 
0.523599 
0.523599 
0.523599 
0.523599 
0.523599 
0.523599 
0.523599 
0.523599 
0.523599 
0.523599 
0.523599 
0.523599 
0.523599 
0.523599 
0.523599 
0.523599 
0.523599 
0.523599 
0.523599 
0.523599 
0.523599 
0.523599 
0.523599 
0.523599 
0.523599 
0.523599 
0.523599 
0.523599 
0.523599 
0.523599 
0.523599 
0.523599 
0.523599 
0.523599 
0.523599 
0.523599 
0.523599 
0.523599 
0.523599 
0.523599 
0.523599 
0.523599 
0.523599 
0.523599 
0.523599 
0.523599 
0.523599 
0.523599 
0.523599 
0.523599 
0.523599 
0.523599 
0.523599 
0.523599 
0.523599 
0.523599 
0.523599 
0.523599 
0.523599 
0.523599 
0.523599 
0.523599 
0.523599 
0.523599 
0.523599 
0.523599 
0.523599 
0.523599 
0.523599 
0.523599 
0.523599 
0.523599 
0.523599 
0.523599 
0.523599 
0.523599 
0.523599 
0.523599 
0.523599 
0.523599 
0.523599 
0.523599 
0.523599 
0.523599 
0.523599 
0.523599 
0.523599 
0.523599 
0.523599 
0.523599 
0.523599 
0.523599 
0.523599 
0.523599 
0.523599 
0.523599 
0.523599 
0.523599 
0.523599 
0.523599 
0.523599 
0.523599 
0.523599 
0.523599 
0.523599 
0.523599 
0.523599 
0.523599 
0.523599 
0.523599 
0.523599 
0.523599 
0.523599 
0.523599 
0.523599 
0.523599 
0.523599 
0.523599 
0.523599 
0.523599 
0.523599 
0.523599 
0.523599 
0.523599 
0.523599 
0.523599 
0.523599 
0.523599 
0.523599 
0.523599 
0.523599 
0.523599 
0.523599 
0.523599 
0.523599 
0.523599 
0.523599 
0.523599 
0.523599 
0.523599 
0.523599 
0.523599 
0.523599 
0.523599 
0.523599 
0.523599 
0.523599 
0.523599 
0.523599 
0.523599 
0.523599 
0.523599 
0.523599 
0.523599 
0.523599 
0.523599 
0.523599 
0.523599 
0.523599 
0.523599 
0.523599 
0.523599 
0.523599 
0.523599 
0.523599 
0.523599 
0.523599 
0.523599 
0.523599 
0.523599 
0.523599 
0.523599 
0.523599 
0.523599 
0.523599 
0.523599 
0.523599 
0.523599 
0.523599 
0.523599 
0.523599 
0.523599 
0.523599 
0.523599 
0.523599 
0.523599 
0.523599 
0.523599 
0.523599 
0.523599 
0.523599 
0.523599 
0.523599 
0.523599 
0.523599 
0.523599 
0.523599 
0.523599 
0.523599 
0.523599 
0.523599 
0.523599 
0.523599 
0.523599 
0.523599 
0.523599 
0.523599 
0.523599 
0.523599 
0.523599 
0.523599 
0.523599 
0.523599 
0.523599 
0.523599 
0.523599 
0.523599 
0.523599 
0.523599 
0.523599 
0.523599 
0.523599 
0.523599 
0.523599 
0.523599 
0.523599 
0.523599 
0.523599 
0.523599 
0.523599 
0.523599 
0.523599 
0.523599 
0.523599 
0.523599 
0.523599 
0.523599 
0.523599 
0.523599 
0.523599 
0.523599 
0.523599 
0.523599 
0.523599 
0.523599 
0.523599 
0.523599 
0.523599 
0.523599 
0.523599 
0.523599 
0.523599 
0.523599 
0.523599 
0.523599 
0.523599 
0.523599 
0.523599 
0.523599 
0.523599 
0.523599 
0.523599 
0.523599 
0.523599 
0.523599 
0.523599 
0.523599 
0.523599 
0.523599 
0.523599 
0.523599 
0.523599 
0.523599 
0.523599 
0.523599 
0.523599 
0.523599 
0.523599 
0.523599 
0.523599 
0.523599 
0.523599 
0.523599 
0.523599 
0.523599 
0.523599 
0.523599 
0.523599 
0.523599 
0.523599 
0.523599 
0.523599 
0.523599 
0.523599 
0.523599 
0.523599 
0.523599 
0.523599 
0.523599 
0.523599 
0.523599 
0.523599 
0.523599 
0.523599 
0.523599 
0.523599 
0.523599 
0.523599 
0.523599 
0.523599 
0.523599 
0.523599 
0.523599 
0.523599 
0.523599 
0.523599 
0.523599 
0.523599 
0.523599 
0.523599 
0.523599 
0.523599 
0.523599 
0.523599 
0.523599 
0.523599 
0.523599 
0.523599 
0.523599 
0.523599 
0.523599 
0.523599 
0.523599 
0.523599 
0.523599 
0.523599 
0.523599 
0.523599 
0.523599 
0.523599 
0.523599 
0.523599 
0.523599 
0.523599 
0.523599 
0.523599 
0.523599 
0.523599 
0.523599 
0.523599 
0.523599 
0.523599 
0.523599 
0.523599 
0.523599 
0.523599 
0.523599 
0.523599 
0.523599 
0.523599 
0.523599 
0.523599 
0.523599 
0.523599 
0.523599 
0.523599 
0.523599 
0.523599 
0.523599 
0.523599 
0.523599 
0.523599 
0.523599 
0.523599 
0.523599 
0.523599 
0.523599 
0.523599 
0.523599 
0.523599 
0.523599 
0.523599 
0.523599 
0.523599 
0.523599 
0.523599 
0.523599 
0.523599 
0.523599 
0.523599 
0.523599 
0.523599 
0.523599 
0.523599 
0.523599 
0.523599 
0.523599 
0.523599 
0.523599 
0.523599 
0.523599 
0.523599 
0.523599 
0.523599 
0.523599 
0.523599 
0.523599 
0.523599 
0.523599 
0.523599 
0.523599 
0.523599 
0.523599 
0.523599 
0.523599 
0.523599 
0.523599 
0.523599 
0.523599 
0.523599 
0.523599 
0.523599 
0.523599 
0.523599 
0.523599 
0.523599 
0.523599 
0.523599 
0.523599 
0.523599 
0.523599 
0.523599 
0.523599 
0.523599 
0.523599 
0.523599 
0.523599 
0.523599 
0.523599 
0.523599 
0.523599 
0.523599 
0.523599 
0.523599 
0.523599 
0.523599 
0.523599 
0.523599 
0.523599 
0.523599 
0.523599 
0.523599 
0.523599 
0.523599 
0.523599 
0.523599 
0.523599 
0.523599 
0.523599 
0.523599 
0.523599 
0.523599 
0.523599 
0.523599 
0.523599 
0.523599 
0.523599 
0.523599 
0.523599 
0.523599 
0.523599 
0.523599 
0.523599 
0.523599 
0.523599 
0.523599 
0.523599 
0.523599 
0.523599 
0.523599 
0.523599 
0.523599 
0.523599 
0.523599 
0.523599 
0.523599 
0.523599 
0.523599 
0.523599 
0.523599 
0.523599 
0.523599 
0.523599 
0.523599 
0.523599 
0.523599 
0.523599 
0.523599 
0.523599 
0.523599 
0.523599 
0.523599 
0.523599 
0.523599 
0.523599 
0.523599 
0.523599 
0.523599 
0.523599 
0.523599 
0.523599 
0.523599 
0.523599 
0.523599 
0.523599 
0.523599 
0.523599 
0.523599 
0.523599 
0.523599 
0.523599 
0.523599 
0.523599 
0.523599 
0.523599 
0.523599 
0.523599 
0.523599 
0.523599 
0.523599 
0.523599 
0.523599 
0.523599 
0.523599 
0.523599 
0.523599 
0.523599 
0.523599 
0.523599 
0.523599 
0.523599 
0.523599 
0.523599 
0.523599 
0.523599 
0.523599 
0.523599 
0.523599 
0.523599 
0.523599 
0.523599 
0.523599 
0.523599 
0.523599 
0.523599 
0.523599 
0.523599 
0.523599 
0.523599 
0.523599 
0.523599 
0.523599 
0.523599 
0.523599 
0.523599 
0.523599 
0.523599 
0.523599 
0.523599 
0.523599 
0.523599 
0.523599 
0.523599 
0.523599 
0.523599 
0.523599 
0.523599 
0.523599 
0.523599 
0.523599 
0.523599 
0.523599 
0.523599 
0.523599 
0.523599 
0.523599 
0.523599 
0.523599 
0.523599 
0.523599 
0.523599 
0.523599 
0.523599 
0.523599 
0.523599 
0.523599 
0.523599 
0.523599 
0.523599 
0.523599 
0.523599 
0.523599 
0.523599 
0.523599 
0.523599 
0.523599 
0.523599 
0.523599 
0.523599 
0.523599 
0.523599 
0.523599 
0.523599 
0.523599 
0.523599 
0.523599 
0.523599 
0.523599 
0.523599 
0.523599 
0.523599 
0.523599 
0.523599 
0.523599 
0.523599 
0.523599 
0.523599 
0.523599 
0.523599 
0.523599 
0.523599 
0.523599 
0.523599 
0.523599 
0.523599 
0.523599 
0.523599 
0.523599 
0.523599 
0.523599 
0.523599 
0.523599 
0.523599 
0.523599 
0.523599 
0.523599 
0.523599 
0.523599 
0.523599 
0.523599 
0.523599 
0.523599 
0.523599 
0.523599 
0.523599 
0.523599 
0.523599 
0.523599 
0.523599 
0.523599 
0.523599 
0.523599 
0.523599 
0.523599 
0.523599 
0.523599 
0.523599 
0.523599 
0.523599 
0.523599 
0.523599 
0.523599 
0.523599 
0.523599 
0.523599 
0.523599 
0.523599 
0.523599 
0.523599 
0.523599 
0.523599 
0.523599 
0.523599 
0.523599 
0.523599 
0.523599 
0.523599 
0.523599 
0.523599 
0.523599 
0.523599 
0.523599 
0.523599 
0.523599 
0.523599 
0.523599 
0.523599 
0.523599 
0.523599 
0.523599 
0.523599 
0.523599 
0.523599 
0.523599 
0.523599 
0.523599 
0.523599 
0.523599 
0.523599 
0.523599 
0.523599 
0.523599 
0.523599 
0.523599 
0.523599 
0.523599 
0.523599 
0.523599 
0.523599 
0.523599 
0.523599 
0.523599 
0.523599 
0.523599 
0.523599 
0.523599 
0.523599 
0.523599 
0.523599 
0.523599 
0.523599 
0.523599 
0.523599 
0.523599 
0.523599 
0.523599 
0.523599 
0.523599 
0.523599 
0.523599 
0.523599 
0.523599 
0.523599 
0.523599 
0.523599 
0.523599 
0.523599 
0.523599 
0.523599 
0.523599 
0.523599 
0.523599 
0.523599 
0.523599 
0.523599 
0.523599 
0.523599 
0.523599 
0.523599 
0.523599 
0.523599 
0.523599 
0.523599 
0.523599 
0.523599 
0.523599 
0.523599 
0.523599 
0.523599 
0.523599 
0.523599 
0.523599 
0.523599 
0.523599 
0.523599 
0.523599 
0.523599 
0.523599 
0.523599 
0.523599 
0.523599 
0.523599 
0.523599 
0.523599 
0.523599 
0.523599 
0.523599 
0.523599 
0.523599 
0.523599 
0.523599 
0.523599 
0.523599 
0.523599 
0.523599 
0.523599 
0.523599 
0.523599 
0.523599 
0.523599 
0.523599 
0.523599 
0.523599 
0.523599 
0.523599 
0.523599 
0.523599 
0.523599 
0.523599 
0.523599 
0.523599 
0.523599 
0.523599 
0.523599 
0.523599 
0.523599 
0.523599 
0.523599 
0.523599 
0.523599 
0.523599 
0.523599 
0.523599 
0.523599 
0.523599 
0.523599 
0.523599 
0.523599 
0.523599 
0.523599 
0.523599 
0.523599 
0.523599 
0.523599 
0.523599 
0.523599 
0.523599 
0.523599 
0.523599 
0.523599 
0.523599 
0.523599 
0.523599 
0.523599 
0.523599 
0.523599 
0.523599 
0.523599 
0.523599 
0.523599 
0.523599 
0.523599 
0.523599 
0.523599 
0.523599 
0.523599 
0.523599 
0.523599 
0.523599 
0.523599 
0.523599 
0.523599 
0.523599 
0.523599 
0.523599 
0.523599 
0.523599 
0.523599 
0.523599 
0.523599 
0.523599 
0.523599 
0.523599 
0.523599 
0.523599 
0.523599 
0.523599 
0.523599 
0.523599 
0.523599 
0.523599 
0.523599 
0.523599 
0.523599 
0.523599 
0.523599 
0.523599 
0.523599 
0.523599 
0.523599 
0.523599 
0.523599 
0.523599 
0.523599 
0.523599 
0.523599 
0.523599 
0.523599 
0.523599 
0.523599 
0.523599 
0.523599 
0.523599 
0.523599 
0.523599 
0.523599 
0.523599 
0.523599 
0.523599 
0.523599 
0.523599 
0.523599 
0.523599 
0.523599 
0.523599 
0.523599 
0.523599 
0.523599 
0.523599 
0.523599 
0.523599 
0.523599 
0.523599 
0.523599 
0.523599 
0.523599 
0.523599 
0.523599 
0.523599 
0.523599 
0.523599 
0.523599 
0.523599 
0.523599 
0.523599 
0.523599 
0.523599 
0.523599 
0.523599 
0.523599 
0.523599 
0.523599 
0.523599 
0.523599 
0.523599 
0.523599 
0.523599 
0.523599 
0.523599 
0.523599 
0.523599 
0.523599 
0.523599 
0.523599 
0.523599 
0.523599 
0.523599 
0.523599 
0.523599 
0.523599 
0.523599 
0.523599 
0.523599 
0.523599 
0.523599 
0.523599 
0.523599 
0.523599 
0.523599 
0.523599 
0.523599 
0.523599 
0.523599 
0.523599 
0.523599 
0.523599 
0.523599 
0.523599 
0.523599 
0.523599 
0.523599 
0.523599 
0.523599 
0.523599 
0.523599 
0.523599 
0.523599 
0.523599 
0.523599 
0.523599 
0.523599 
0.523599 
0.523599 
0.523599 
0.523599 
0.523599 
0.523599 
0.523599 
0.523599 
0.523599 
0.523599 
0.523599 
0.523599 
0.523599 
0.523599 
0.523599 
0.523599 
0.523599 
0.523599 
0.523599 
0.523599 
0.523599 
0.523599 
0.523599 
0.523599 
0.523599 
0.523599 
0.523599 
0.523599 
0.523599 
0.523599 
0.523599 
0.523599 
0.523599 
0.523599 
0.523599 
0.523599 
0.523599 
0.523599 
0.523599 
0.523599 
0.523599 
0.523599 
0.523599 
0.523599 
0.523599 
0.523599 
0.523599 
0.523599 
0.523599 
0.523599 
0.523599 
0.523599 
0.523599 
0.523599 
0.523599 
0.523599 
0.523599 
0.523599 
0.523599 
0.523599 
0.523599 
0.523599 
0.523599 
0.523599 
0.523599 
0.523599 
0.523599 
0.523599 
0.523599 
0.523599 
0.523599 
0.523599 
0.523599 
0.523599 
0.523599 
0.523599 
0.523599 
0.523599 
0.523599 
0.523599 
0.523599 
0.523599 
0.523599 
0.523599 
0.523599 
0.523599 
0.523599 
0.523599 
0.523599 
0.523599 
0.523599 
0.523599 
0.523599 
0.523599 
0.523599 
0.523599 
0.523599 
0.523599 
0.523599 
0.523599 
0.523599 
0.523599 
0.523599 
0.523599 
0.523599 
0.523599 
0.523599 
0.523599 
0.523599 
0.523599 
0.523599 
0.523599 
0.523599 
0.523599 
0.523599 
0.523599 
0.523599 
0.523599 
0.523599 
0.523599 
0.523599 
0.523599 
0.523599 
0.523599 
0.523599 
0.523599 
0.523599 
0.523599 
0.523599 
0.523599 
0.523599 
0.523599 
0.523599 
0.523599 
0.523599 
0.523599 
0.523599 
0.523599 
0.523599 
0.523599 
0.523599 
0.523599 
0.523599 
0.523599 
0.523599 
0.523599 
0.523599 
0.523599 
0.523599 
0.523599 
0.523599 
0.523599 
0.523599 
0.523599 
0.523599 
0.523599 
0.523599 
0.523599 
0.523599 
0.523599 
0.523599 
0.523599 
0.523599 
0.523599 
0.523599 
0.523599 
0.523599 
0.523599 
0.523599 
0.523599 
0.523599 
0.523599 
0.523599 
0.523599 
0.523599 
0.523599 
0.523599 
0.523599 
0.523599 
0.523599 
0.523599 
0.523599 
0.523599 
0.523599 
0.523599 
0.523599 
0.523599 
0.523599 
0.523599 
0.523599 
0.523599 
0.523599 
0.523599 
0.523599 
0.523599 
0.523599 
0.523599 
0.523599 
0.523599 
0.523599 
0.523599 
0.523599 
0.523599 
0.523599 
0.523599 
0.523599 
0.523599 
0.523599 
0.523599 
0.523599 
0.523599 
0.523599 
0.523599 
0.523599 
0.523599 
0.523599 
0.523599 
0.523599 
0.523599 
0.523599 
0.523599 
0.523599 
0.523599 
0.523599 
0.523599 
0.523599 
0.523599 
0.523599 
0.523599 
0.523599 
0.523599 
0.523599 
0.523599 
0.523599 
0.523599 
0.523599 
0.523599 
0.523599 
0.523599 
0.523599 
0.523599 
0.523599 
0.523599 
0.523599 
0.523599 
0.523599 
0.523599 
0.523599 
0.523599 
0.523599 
0.523599 
0.523599 
0.523599 
0.523599 
0.523599 
0.523599 
0.523599 
0.523599 
0.523599 
0.523599 
0.523599 
0.523599 
0.523599 
0.523599 
0.523599 
0.523599 
0.523599 
0.523599 
0.523599 
0.523599 
0.523599 
0.523599 
0.523599 
0.523599 
0.523599 
0.523599 
0.523599 
0.523599 
0.523599 
0.523599 
0.523599 
0.523599 
0.523599 
0.523599 
0.523599 
0.523599 
0.523599 
0.523599 
0.523599 
0.523599 
0.523599 
0.523599 
0.523599 
0.523599 
0.523599 
0.523599 
0.523599 
0.523599 
0.523599 
0.523599 
0.523599 
0.523599 
0.523599 
0.523599 
0.523599 
0.523599 
0.523599 
0.523599 
0.523599 
0.523599 
0.523599 
0.523599 
0.523599 
0.523599 
0.523599 
0.523599 
0.523599 
0.523599 
0.523599 
0.523599 
0.523599 
0.523599 
0.523599 
0.523599 
0.523599 
0.523599 
0.523599 
0.523599 
0.523599 
0.523599 
0.523599 
0.523599 
0.523599 
0.523599 
0.523599 
0.523599 
0.523599 
0.523599 
0.523599 
0.523599 
0.523599 
0.523599 
0.523599 
0.523599 
0.523599 
0.523599 
0.523599 
0.523599 
0.523599 
0.523599 
0.523599 
0.523599 
0.523599 
0.523599 
0.523599 
0.523599 
0.523599 
0.523599 
0.523599 
0.523599 
0.523599 
0.523599 
0.523599 
0.523599 
0.523599 
0.523599 
0.523599 
0.523599 
0.523599 
0.523599 
0.523599 
0.523599 
0.523599 
0.523599 
0.523599 
0.523599 
0.523599 
0.523599 
0.523599 
0.523599 
0.523599 
0.523599 
0.523599 
0.523599 
0.523599 
0.523599 
0.523599 
0.523599 
0.523599 
0.523599 
0.523599 
0.523599 
0.523599 
0.523599 
0.523599 
0.523599 
0.523599 
0.523599 
0.523599 
0.523599 
0.523599 
0.523599 
0.523599 
0.523599 
0.523599 
0.523599 
0.523599 
0.523599 
0.523599 
0.523599 
0.523599 
0.523599 
0.523599 
0.523599 
0.523599 
0.523599 
0.523599 
0.523599 
0.523599 
0.523599 
0.523599 
0.523599 
0.523599 
0.523599 
0.523599 
0.523599 
0.523599 
0.523599 
0.523599 
0.523599 
0.523599 
0.523599 
0.523599 
0.523599 
0.523599 
0.523599 
0.523599 
0.523599 
0.523599 
0.523599 
0.523599 
0.523599 
0.523599 
0.523599 
0.523599 
0.523599 
0.523599 
0.523599 
0.523599 
0.523599 
0.523599 
0.523599 
0.523599 
0.523599 
0.523599 
0.523599 
0.523599 
0.523599 
0.523599 
0.523599 
0.523599 
0.523599 
0.523599 
0.523599 
0.523599 
0.523599 
0.523599 
0.523599 
0.523599 
0.523599 
0.523599 
0.523599 
0.523599 
0.523599 
0.523599 
0.523599 
0.523599 
0.523599 
0.523599 
0.523599 
0.523599 
0.523599 
0.523599 
0.523599 
0.523599 
0.523599 
0.523599 
0.523599 
0.523599 
0.523599 
0.523599 
0.523599 
0.523599 
0.523599 
0.523599 
0.523599 
0.523599 
0.523599 
0.523599 
0.523599 
0.523599 
0.523599 
0.523599 
0.523599 
0.523599 
0.523599 
0.523599 
0.523599 
0.523599 
0.523599 
0.523599 
0.523599 
0.523599 
0.523599 
0.523599 
0.523599 
0.523599 
0.523599 
0.523599 
0.523599 
0.523599 
0.523599 
0.523599 
0.523599 
0.523599 
0.523599 
0.523599 
0.523599 
0.523599 
0.523599 
0.523599 
0.523599 
0.523599 
0.523599 
0.523599 
0.523599 
0.523599 
0.523599 
0.523599 
0.523599 
0.523599 
0.523599 
0.523599 
0.523599 
0.523599 
0.523599 
0.523599 
0.523599 
0.523599 
0.523599 
0.523599 
0.523599 
0.523599 
0.523599 
0.523599 
0.523599 
0.523599 
0.523599 
0.523599 
0.523599 
0.523599 
0.523599 
0.523599 
0.523599 
0.523599 
0.523599 
0.523599 
0.523599 
0.523599 
0.523599 
0.523599 
0.523599 
0.523599 
0.523599 
0.523599 
0.523599 
0.523599 
0.523599 
0.523599 
0.523599 
0.523599 
0.523599 
0.523599 
0.523599 
0.523599 
0.523599 
0.523599 
0.523599 
0.523599 
0.523599 
0.523599 
0.523599 
0.523599 
0.523599 
0.523599 
0.523599 
0.523599 
0.523599 
0.523599 
0.523599 
0.523599 
0.523599 
0.523599 
0.523599 
0.523599 
0.523599 
0.523599 
0.523599 
0.523599 
0.523599 
0.523599 
0.523599 
0.523599 
0.523599 
0.523599 
0.523599 
0.523599 
0.523599 
0.523599 
0.523599 
0.523599 
0.523599 
0.523599 
0.523599 
0.523599 
0.523599 
0.523599 
0.523599 
0.523599 
0.523599 
0.523599 
0.523599 
0.523599 
0.523599 
0.523599 
0.523599 
0.523599 
0.523599 
0.523599 
0.523599 
0.523599 
0.523599 
0.523599 
0.523599 
0.523599 
0.523599 
0.523599 
0.523599 
0.523599 
0.523599 
0.523599 
0.523599 
0.523599 
0.523599 
0.523599 
0.523599 
0.523599 
0.523599 
0.523599 
0.523599 
0.523599 
0.523599 
0.523599 
0.523599 
0.523599 
0.523599 
0.523599 
0.523599 
0.523599 
0.523599 
0.523599 
0.523599 
0.523599 
0.523599 
0.523599 
0.523599 
0.523599 
0.523599 
0.523599 
0.523599 
0.523599 
0.523599 
0.523599 
0.523599 
0.523599 
0.523599 
0.523599 
0.523599 
0.523599 
0.523599 
0.523599 
0.523599 
0.523599 
0.523599 
0.523599 
0.523599 
0.523599 
0.523599 
0.523599 
0.523599 
0.523599 
0.523599 
0.523599 
0.523599 
0.523599 
0.523599 
0.523599 
0.523599 
0.523599 
0.523599 
0.523599 
0.523599 
0.523599 
0.523599 
0.523599 
0.523599 
0.523599 
0.523599 
0.523599 
0.523599 
0.523599 
0.523599 
0.523599 
0.523599 
0.523599 
0.523599 
0.523599 
0.523599 
0.523599 
0.523599 
0.523599 
0.523599 
0.523599 
0.523599 
0.523599 
0.523599 
0.523599 
0.523599 
0.523599 
0.523599 
0.523599 
0.523599 
0.523599 
0.523599 
0.523599 
0.523599 
0.523599 
0.523599 
0.523599 
0.523599 
0.523599 
0.523599 
0.523599 
0.523599 
0.523599 
0.523599 
0.523599 
0.523599 
0.523599 
0.523599 
0.523599 
0.523599 
0.523599 
0.523599 
0.523599 
0.523599 
0.523599 
0.523599 
0.523599 
0.523599 
0.523599 
0.523599 
0.523599 
0.523599 
0.523599 
0.523599 
0.523599 
0.523599 
0.523599 
0.523599 
0.523599 
0.523599 
0.523599 
0.523599 
0.523599 
0.523599 
0.523599 
0.523599 
0.523599 
0.523599 
0.523599 
0.523599 
0.523599 
0.523599 
0.523599 
0.523599 
0.523599 
0.523599 
0.523599 
0.523599 
0.523599 
0.523599 
0.523599 
0.523599 
0.523599 
0.523599 
0.523599 
0.523599 
0.523599 
0.523599 
0.523599 
0.523599 
0.523599 
0.523599 
0.523599 
0.523599 
0.523599 
0.523599 
0.523599 
0.523599 
0.523599 
0.523599 
0.523599 
0.523599 
0.523599 
0.523599 
0.523599 
0.523599 
0.523599 
0.523599 
0.523599 
0.523599 
0.523599 
0.523599 
0.523599 
0.523599 
0.523599 
0.523599 
0.523599 
0.523599 
0.523599 
0.523599 
0.523599 
0.523599 
0.523599 
0.523599 
0.523599 
0.523599 
0.523599 
0.523599 
0.523599 
0.523599 
0.523599 
0.523599 
0.523599 
0.523599 
0.523599 
0.523599 
0.523599 
0.523599 
0.523599 
0.523599 
0.523599 
0.523599 
0.523599 
0.523599 
0.523599 
0.523599 
0.523599 
0.523599 
0.523599 
0.523599 
0.523599 
0.523599 
0.523599 
0.523599 
0.523599 
0.523599 
0.523599 
0.523599 
0.523599 
0.523599 
0.523599 
0.523599 
0.523599 
0.523599 
0.523599 
0.523599 
0.523599 
0.523599 
0.523599 
0.523599 
0.523599 
0.523599 
0.523599 
0.523599 
0.523599 
0.523599 
0.523599 
0.523599 
0.523599 
0.523599 
0.523599 
0.523599 
0.523599 
0.523599 
0.523599 
0.523599 
0.523599 
0.523599 
0.523599 
0.523599 
0.523599 
0.523599 
0.523599 
0.523599 
0.523599 
0.523599 
0.523599 
0.523599 
0.523599 
0.523599 
0.523599 
0.523599 
0.523599 
0.523599 
0.523599 
0.523599 
0.523599 
0.523599 
0.523599 
0.523599 
0.523599 
0.523599 
0.523599 
0.523599 
0.523599 
0.523599 
0.523599 
0.523599 
0.523599 
0.523599 
0.523599 
0.523599 
0.523599 
0.523599 
0.523599 
0.523599 
0.523599 
0.523599 
0.523599 
0.523599 
0.523599 
0.523599 
0.523599 
0.523599 
0.523599 
0.523599 
0.523599 
0.523599 
0.523599 
0.523599 
0.523599 
0.523599 
0.523599 
0.523599 
0.523599 
0.523599 
0.523599 
0.523599 
0.523599 
0.523599 
0.523599 
0.523599 
0.523599 
0.523599 
0.523599 
0.523599 
0.523599 
0.523599 
0.523599 
0.523599 
0.523599 
0.523599 
0.523599 
0.523599 
0.523599 
0.523599 
0.523599 
0.523599 
0.523599 
0.523599 
0.523599 
0.523599 
0.523599 
0.523599 
0.523599 
0.523599 
0.523599 
0.523599 
0.523599 
0.523599 
0.523599 
0.523599 
0.523599 
0.523599 
0.523599 
0.523599 
0.523599 
0.523599 
0.523599 
0.523599 
0.523599 
0.523599 
0.523599 
0.523599 
0.523599 
0.523599 
0.523599 
0.523599 
0.523599 
0.523599 
0.523599 
0.523599 
0.523599 
0.523599 
0.523599 
0.523599 
0.523599 
0.523599 
0.523599 
0.523599 
0.523599 
0.523599 
0.523599 
0.523599 
0.523599 
0.523599 
0.523599 
0.523599 
0.523599 
0.523599 
0.523599 
0.523599 
0.523599 
0.523599 
0.523599 
0.523599 
0.523599 
0.523599 
0.523599 
0.523599 
0.523599 
0.523599 
0.523599 
0.523599 
0.523599 
0.523599 
0.523599 
0.523599 
0.523599 
0.523599 
0.523599 
0.523599 
0.523599 
0.523599 
0.523599 
0.523599 
0.523599 
0.523599 
0.523599 
0.523599 
0.523599 
0.523599 
0.523599 
0.523599 
0.523599 
0.523599 
0.523599 
0.523599 
0.523599 
0.523599 
0.523599 
0.523599 
0.523599 
0.523599 
0.523599 
0.523599 
0.523599 
0.523599 
0.523599 
0.523599 
0.523599 
0.523599 
0.523599 
0.523599 
0.523599 
0.523599 
0.523599 
0.523599 
0.523599 
0.523599 
0.523599 
0.523599 
0.523599 
0.523599 
0.523599 
0.523599 
0.523599 
0.523599 
0.523599 
0.523599 
0.523599 
0.523599 
0.523599 
0.523599 
0.523599 
0.523599 
0.523599 
0.523599 
0.523599 
0.523599 
0.523599 
0.523599 
0.523599 
0.523599 
0.523599 
0.523599 
0.523599 
0.523599 
0.523599 
0.523599 
0.523599 
0.523599 
0.523599 
0.523599 
0.523599 
0.523599 
0.523599 
0.523599 
0.523599 
0.523599 
0.523599 
0.523599 
0.523599 
0.523599 
0.523599 
0.523599 
0.523599 
0.523599 
0.523599 
0.523599 
0.523599 
0.523599 
0.523599 
0.523599 
0.523599 
0.523599 
0.523599 
0.523599 
0.523599 
0.523599 
0.523599 
0.523599 
0.523599 
0.523599 
0.523599 
0.523599 
0.523599 
0.523599 
0.523599 
0.523599 
0.523599 
0.523599 
0.523599 
0.523599 
0.523599 
0.523599 
0.523599 
0.523599 
0.523599 
0.523599 
0.523599 
0.523599 
0.523599 
0.523599 
0.523599 
0.523599 
0.523599 
0.523599 
0.523599 
0.523599 
0.523599 
0.523599 
0.523599 
0.523599 
0.523599 
0.523599 
0.523599 
0.523599 
0.523599 
0.523599 
0.523599 
0.523599 
0.523599 
0.523599 
0.523599 
0.523599 
0.523599 
0.523599 
0.523599 
0.523599 
0.523599 
0.523599 
0.523599 
0.523599 
0.523599 
0.523599 
0.523599 
0.523599 
0.523599 
0.523599 
0.523599 
0.523599 
0.523599 
0.523599 
0.523599 
0.523599 
0.523599 
0.523599 
0.523599 
0.523599 
0.523599 
0.523599 
0.523599 
0.523599 
0.523599 
0.523599 
0.523599 
0.523599 
0.523599 
0.523599 
0.523599 
0.523599 
0.523599 
0.523599 
0.523599 
0.523599 
0.523599 
0.523599 
0.523599 
0.523599 
0.523599 
0.523599 
0.523599 
0.523599 
0.523599 
0.523599 
0.523599 
0.523599 
0.523599 
0.523599 
0.523599 
0.523599 
0.523599 
0.523599 
0.523599 
0.523599 
0.523599 
0.523599 
0.523599 
0.523599 
0.523599 
0.523599 
0.523599 
0.523599 
0.523599 
0.523599 
0.523599 
0.523599 
0.523599 
0.523599 
0.523599 
0.523599 
0.523599 
0.523599 
0.523599 
0.523599 
0.523599 
0.523599 
0.523599 
0.523599 
0.523599 
0.523599 
0.523599 
0.523599 
0.523599 
0.523599 
0.523599 
0.523599 
0.523599 
0.523599 
0.523599 
0.523599 
0.523599 
0.523599 
0.523599 
0.523599 
0.523599 
0.523599 
0.523599 
0.523599 
0.523599 
0.523599 
0.523599 
0.523599 
0.523599 
0.523599 
0.523599 
0.523599 
0.523599 
0.523599 
0.523599 
0.523599 
0.523599 
0.523599 
0.523599 
0.523599 
0.523599 
0.523599 
0.523599 
0.523599 
0.523599 
0.523599 
0.523599 
0.523599 
0.523599 
0.523599 
0.523599 
0.523599 
0.523599 
0.523599 
0.523599 
0.523599 
0.523599 
0.523599 
0.523599 
0.523599 
0.523599 
0.523599 
0.523599 
0.523599 
0.523599 
0.523599 
0.523599 
0.523599 
0.523599 
0.523599 
0.523599 
0.523599 
0.523599 
0.523599 
0.523599 
0.523599 
0.523599 
0.523599 
0.523599 
0.523599 
0.523599 
0.523599 
0.523599 
0.523599 
0.523599 
0.523599 
0.523599 
0.523599 
0.523599 
0.523599 
0.523599 
0.523599 
0.523599 
0.523599 
0.523599 
0.523599 
0.523599 
0.523599 
0.523599 
0.523599 
0.523599 
0.523599 
0.523599 
0.523599 
0.523599 
0.523599 
0.523599 
0.523599 
0.523599 
0.523599 
0.523599 
0.523599 
0.523599 
0.523599 
0.523599 
0.523599 
0.523599 
0.523599 
0.523599 
0.523599 
0.523599 
0.523599 
0.523599 
0.523599 
0.523599 
0.523599 
0.523599 
0.523599 
0.523599 
0.523599 
0.523599 
0.523599 
0.523599 
0.523599 
0.523599 
0.523599 
0.523599 
0.523599 
0.523599 
0.523599 
0.523599 
0.523599 
0.523599 
0.523599 
0.523599 
0.523599 
0.523599 
0.523599 
0.523599 
0.523599 
0.523599 
0.523599 
0.523599 
0.523599 
0.523599 
0.523599 
0.523599 
0.523599 
0.523599 
0.523599 
0.523599 
0.523599 
0.523599 
0.523599 
0.523599 
0.523599 
0.523599 
0.523599 
0.523599 
0.523599 
0.523599 
0.523599 
0.523599 
0.523599 
0.523599 
0.523599 
0.523599 
0.523599 
0.523599 
0.523599 
0.523599 
0.523599 
0.523599 
0.523599 
0.523599 
0.523599 
0.523599 
0.523599 
0.523599 
0.523599 
0.523599 
0.523599 
0.523599 
0.523599 
0.523599 
0.523599 
0.523599 
0.523599 
0.523599 
0.523599 
0.523599 
0.523599 
0.523599 
0.523599 
0.523599 
0.523599 
0.523599 
0.523599 
0.523599 
0.523599 
0.523599 
0.523599 
0.523599 
0.523599 
0.523599 
0.523599 
0.523599 
0.523599 
0.523599 
0.523599 
0.523599 
0.523599 
0.523599 
0.523599 
0.523599 
0.523599 
0.523599 
0.523599 
0.523599 
0.523599 
0.523599 
0.523599 
0.523599 
0.523599 
0.523599 
0.523599 
0.523599 
0.523599 
0.523599 
0.523599 
0.523599 
0.523599 
0.523599 
0.523599 
0.523599 
0.523599 
0.523599 
0.523599 
0.523599 
0.523599 
0.523599 
0.523599 
0.523599 
0.523599 
0.523599 
0.523599 
0.523599 
0.523599 
0.523599 
0.523599 
0.523599 
0.523599 
0.523599 
0.523599 
0.523599 
0.523599 
0.523599 
0.523599 
0.523599 
0.523599 
0.523599 
0.523599 
0.523599 
0.523599 
0.523599 
0.523599 
0.523599 
0.523599 
0.523599 
0.523599 
0.523599 
0.523599 
0.523599 
0.523599 
0.523599 
0.523599 
0.523599 
0.523599 
0.523599 
0.523599 
0.523599 
0.523599 
0.523599 
0.523599 
0.523599 
0.523599 
0.523599 
0.523599 
0.523599 
0.523599 
0.523599 
0.523599 
0.523599 
0.523599 
0.523599 
0.523599 
0.523599 
0.523599 
0.523599 
0.523599 
0.523599 
0.523599 
0.523599 
0.523599 
0.523599 
0.523599 
0.523599 
0.523599 
0.523599 
0.523599 
0.523599 
0.523599 
0.523599 
0.523599 
0.523599 
0.523599 
0.523599 
0.523599 
0.523599 
0.523599 
0.523599 
0.523599 
0.523599 
0.523599 
0.523599 
0.523599 
0.523599 
0.523599 
0.523599 
0.523599 
0.523599 
0.523599 
0.523599 
0.523599 
0.523599 
0.523599 
0.523599 
0.523599 
0.523599 
0.523599 
0.523599 
0.523599 
0.523599 
0.523599 
0.523599 
0.523599 
0.523599 
0.523599 
0.523599 
0.523599 
0.523599 
0.523599 
0.523599 
0.523599 
0.523599 
0.523599 
0.523599 
0.523599 
0.523599 
0.523599 
0.523599 
0.523599 
0.523599 
0.523599 
0.523599 
0.523599 
0.523599 
0.523599 
0.523599 
0.523599 
0.523599 
0.523599 
0.523599 
0.523599 
0.523599 
0.523599 
0.523599 
0.523599 
0.523599 
0.523599 
0.523599 
0.523599 
0.523599 
0.523599 
0.523599 
0.523599 
0.523599 
0.523599 
0.523599 
0.523599 
0.523599 
0.523599 
0.523599 
0.523599 
0.523599 
0.523599 
0.523599 
0.523599 
0.523599 
0.523599 
0.523599 
0.523599 
0.523599 
0.523599 
0.523599 
0.523599 
0.523599 
0.523599 
0.523599 
0.523599 
0.523599 
0.523599 
0.523599 
0.523599 
0.523599 
0.523599 
0.523599 
0.523599 
0.523599 
0.523599 
0.523599 
0.523599 
0.523599 
0.523599 
0.523599 
0.523599 
0.523599 
0.523599 
0.523599 
0.523599 
0.523599 
0.523599 
0.523599 
0.523599 
0.523599 
0.523599 
0.523599 
0.523599 
0.523599 
0.523599 
0.523599 
0.523599 
0.523599 
0.523599 
0.523599 
0.523599 
0.523599 
0.523599 
0.523599 
0.523599 
0.523599 
0.523599 
0.523599 
0.523599 
0.523599 
0.523599 
0.523599 
0.523599 
0.523599 
0.523599 
0.523599 
0.523599 
0.523599 
0.523599 
0.523599 
0.523599 
0.523599 
0.523599 
0.523599 
0.523599 
0.523599 
0.523599 
0.523599 
0.523599 
0.523599 
0.523599 
0.523599 
0.523599 
0.523599 
0.523599 
0.523599 
0.523599 
0.523599 
0.523599 
0.523599 
0.523599 
0.523599 
0.523599 
0.523599 
0.523599 
0.523599 
0.523599 
0.523599 
0.523599 
0.523599 
0.523599 
0.523599 
0.523599 
0.523599 
0.523599 
0.523599 
0.523599 
0.523599 
0.523599 
0.523599 
0.523599 
0.523599 
0.523599 
0.523599 
0.523599 
0.523599 
0.523599 
0.523599 
0.523599 
0.523599 
0.523599 
0.523599 
0.523599 
0.523599 
0.523599 
0.523599 
0.523599 
0.523599 
0.523599 
0.523599 
0.523599 
0.523599 
0.523599 
0.523599 
0.523599 
0.523599 
0.523599 
0.523599 
0.523599 
0.523599 
0.523599 
0.523599 
0.523599 
0.523599 
0.523599 
0.523599 
0.523599 
0.523599 
0.523599 
0.523599 
0.523599 
0.523599 
0.523599 
0.523599 
0.523599 
0.523599 
0.523599 
0.523599 
0.523599 
0.523599 
0.523599 
0.523599 
0.523599 
0.523599 
0.523599 
0.523599 
0.523599 
0.523599 
0.523599 
0.523599 
0.523599 
0.523599 
0.523599 
0.523599 
0.523599 
0.523599 
0.523599 
0.523599 
0.523599 
0.523599 
0.523599 
0.523599 
0.523599 
0.523599 
0.523599 
0.523599 
0.523599 
0.523599 
0.523599 
0.523599 
0.523599 
0.523599 
0.523599 
0.523599 
0.523599 
0.523599 
0.523599 
0.523599 
0.523599 
0.523599 
0.523599 
0.523599 
0.523599 
0.523599 
0.523599 
0.523599 
0.523599 
0.523599 
0.523599 
0.523599 
0.523599 
0.523599 
0.523599 
0.523599 
0.523599 
0.523599 
0.523599 
0.523599 
0.523599 
0.523599 
0.523599 
0.523599 
0.523599 
0.523599 
0.523599 
0.523599 
0.523599 
0.523599 
0.523599 
0.523599 
0.523599 
0.523599 
0.523599 
0.523599 
0.523599 
0.523599 
0.523599 
0.523599 
0.523599 
0.523599 
0.523599 
0.523599 
0.523599 
0.523599 
0.523599 
0.523599 
0.523599 
0.523599 
0.523599 
0.523599 
0.523599 
0.523599 
0.523599 
0.523599 
0.523599 
0.523599 
0.523599 
0.523599 
0.523599 
0.523599 
0.523599 
0.523599 
0.523599 
0.523599 
0.523599 
0.523599 
0.523599 
0.523599 
0.523599 
0.523599 
0.523599 
0.523599 
0.523599 
0.523599 
0.523599 
0.523599 
0.523599 
0.523599 
0.523599 
0.523599 
0.523599 
0.523599 
0.523599 
0.523599 
0.523599 
0.523599 
0.523599 
0.523599 
0.523599 
0.523599 
0.523599 
0.523599 
0.523599 
0.523599 
0.523599 
0.523599 
0.523599 
0.523599 
0.523599 
0.523599 
0.523599 
0.523599 
0.523599 
0.523599 
0.523599 
0.523599 
0.523599 
0.523599 
0.523599 
0.523599 
0.523599 
0.523599 
0.523599 
0.523599 
0.523599 
0.523599 
0.523599 
0.523599 
0.523599 
0.523599 
0.523599 
0.523599 
0.523599 
0.523599 
0.523599 
0.523599 
0.523599 
0.523599 
0.523599 
0.523599 
0.523599 
0.523599 
0.523599 
0.523599 
0.523599 
0.523599 
0.523599 
0.523599 
0.523599 
0.523599 
0.523599 
0.523599 
0.523599 
0.523599 
0.523599 
0.523599 
0.523599 
0.523599 
0.523599 
0.523599 
0.523599 
0.523599 
0.523599 
0.523599 
0.523599 
0.523599 
0.523599 
0.523599 
0.523599 
0.523599 
0.523599 
0.523599 
0.523599 
0.523599 
0.523599 
0.523599 
0.523599 
0.523599 
0.523599 
0.523599 
0.523599 
0.523599 
0.523599 
0.523599 
0.523599 
0.523599 
0.523599 
0.523599 
0.523599 
0.523599 
0.523599 
0.523599 
0.523599 
0.523599 
0.523599 
0.523599 
0.523599 
0.523599 
0.523599 
0.523599 
0.523599 
0.523599 
0.523599 
0.523599 
0.523599 
0.523599 
0.523599 
0.523599 
0.523599 
0.523599 
0.523599 
0.523599 
0.523599 
0.523599 
0.523599 
0.523599 
0.523599 
0.523599 
0.523599 
0.523599 
0.523599 
0.523599 
0.523599 
0.523599 
0.523599 
0.523599 
0.523599 
0.523599 
0.523599 
0.523599 
0.523599 
0.523599 
0.523599 
0.523599 
0.523599 
0.523599 
0.523599 
0.523599 
0.523599 
0.523599 
0.523599 
0.523599 
0.523599 
0.523599 
0.523599 
0.523599 
0.523599 
0.523599 
0.523599 
0.523599 
0.523599 
0.523599 
0.523599 
0.523599 
0.523599 
0.523599 
0.523599 
0.523599 
0.523599 
0.523599 
0.523599 
0.523599 
0.523599 
0.523599 
0.523599 
0.523599 
0.523599 
0.523599 
0.523599 
0.523599 
0.523599 
0.523599 
0.523599 
0.523599 
0.523599 
0.523599 
0.523599 
0.523599 
0.523599 
0.523599 
0.523599 
0.523599 
0.523599 
0.523599 
0.523599 
0.523599 
0.523599 
0.523599 
0.523599 
0.523599 
0.523599 
0.523599 
0.523599 
0.523599 
0.523599 
0.523599 
0.523599 
0.523599 
0.523599 
0.523599 
0.523599 
0.523599 
0.523599 
0.523599 
0.523599 
0.523599 
0.523599 
0.523599 
0.523599 
0.523599 
0.523599 
0.523599 
0.523599 
0.523599 
0.523599 
0.523599 
0.523599 
0.523599 
0.523599 
0.523599 
0.523599 
0.523599 
0.523599 
0.523599 
0.523599 
0.523599 
0.523599 
0.523599 
0.523599 
0.523599 
0.523599 
0.523599 
0.523599 
0.523599 
0.523599 
0.523599 
0.523599 
0.523599 
0.523599 
0.523599 
0.523599 
0.523599 
0.523599 
0.523599 
0.523599 
0.523599 
0.523599 
0.523599 
0.523599 
0.523599 
0.523599 
0.523599 
0.523599 
0.523599 
0.523599 
0.523599 
0.523599 
0.523599 
0.523599 
0.523599 
0.523599 
0.523599 
0.523599 
0.523599 
0.523599 
0.523599 
0.523599 
0.523599 
0.523599 
0.523599 
0.523599 
0.523599 
0.523599 
0.523599 
0.523599 
0.523599 
0.523599 
0.523599 
0.523599 
0.523599 
0.523599 
0.523599 
0.523599 
0.523599 
0.523599 
0.523599 
0.523599 
0.523599 
0.523599 
0.523599 
0.523599 
0.523599 
0.523599 
0.523599 
0.523599 
0.523599 
0.523599 
0.523599 
0.523599 
0.523599 
0.523599 
0.523599 
0.523599 
0.523599 
0.523599 
0.523599 
0.523599 
0.523599 
0.523599 
0.523599 
0.523599 
0.523599 
0.523599 
0.523599 
0.523599 
0.523599 
0.523599 
0.523599 
0.523599 
0.523599 
0.523599 
0.523599 
0.523599 
0.523599 
0.523599 
0.523599 
0.523599 
0.523599 
0.523599 
0.523599 
0.523599 
0.523599 
0.523599 
0.523599 
0.523599 
0.523599 
0.523599 
0.523599 
0.523599 
0.523599 
0.523599 
0.523599 
0.523599 
0.523599 
0.523599 
0.523599 
0.523599 
0.523599 
0.523599 
0.523599 
0.523599 
0.523599 
0.523599 
0.523599 
0.523599 
0.523599 
0.523599 
0.523599 
0.523599 
0.523599 
0.523599 
0.523599 
0.523599 
0.523599 
0.523599 
0.523599 
0.523599 
0.523599 
0.523599 
0.523599 
0.523599 
0.523599 
0.523599 
0.523599 
0.523599 
0.523599 
0.523599 
0.523599 
0.523599 
0.523599 
0.523599 
0.523599 
0.523599 
0.523599 
0.523599 
0.523599 
0.523599 
0.523599 
0.523599 
0.523599 
0.523599 
0.523599 
0.523599 
0.523599 
0.523599 
0.523599 
0.523599 
0.523599 
0.523599 
0.523599 
0.523599 
0.523599 
0.523599 
0.523599 
0.523599 
0.523599 
0.523599 
0.523599 
0.523599 
0.523599 
0.523599 
0.523599 
0.523599 
0.523599 
0.523599 
0.523599 
0.523599 
0.523599 
0.523599 
0.523599 
0.523599 
0.523599 
0.523599 
0.523599 
0.523599 
0.523599 
0.523599 
0.523599 
0.523599 
0.523599 
0.523599 
0.523599 
0.523599 
0.523599 
0.523599 
0.523599 
0.523599 
0.523599 
0.523599 
0.523599 
0.523599 
0.523599 
0.523599 
0.523599 
0.523599 
0.523599 
0.523599 
0.523599 
0.523599 
0.523599 
0.523599 
0.523599 
0.523599 
0.523599 
0.523599 
0.523599 
0.523599 
0.523599 
0.523599 
0.523599 
0.523599 
0.523599 
0.523599 
0.523599 
0.523599 
0.523599 
0.523599 
0.523599 
0.523599 
0.523599 
0.523599 
0.523599 
0.523599 
0.523599 
0.523599 
0.523599 
0.523599 
0.523599 
0.523599 
0.523599 
0.523599 
0.523599 
0.523599 
0.523599 
0.523599 
0.523599 
0.523599 
0.523599 
0.523599 
0.523599 
0.523599 
0.523599 
0.523599 
0.523599 
0.523599 
0.523599 
0.523599 
0.523599 
0.523599 
0.523599 
0.523599 
0.523599 
0.523599 
0.523599 
0.523599 
0.523599 
0.523599 
0.523599 
0.523599 
0.523599 
0.523599 
0.523599 
0.523599 
0.523599 
0.523599 
0.523599 
0.523599 
0.523599 
0.523599 
0.523599 
0.523599 
0.523599 
0.523599 
0.523599 
0.523599 
0.523599 
0.523599 
0.523599 
0.523599 
0.523599 
0.523599 
0.523599 
0.523599 
0.523599 
0.523599 
0.523599 
0.523599 
0.523599 
0.523599 
0.523599 
0.523599 
0.523599 
0.523599 
0.523599 
0.523599 
0.523599 
0.523599 
0.523599 
0.523599 
0.523599 
0.523599 
0.523599 
0.523599 
0.523599 
0.523599 
0.523599 
0.523599 
0.523599 
0.523599 
0.523599 
0.523599 
0.523599 
0.523599 
0.523599 
0.523599 
0.523599 
0.523599 
0.523599 
0.523599 
0.523599 
0.523599 
0.523599 
0.523599 
0.523599 
0.523599 
0.523599 
0.523599 
0.523599 
0.523599 
0.523599 
0.523599 
0.523599 
0.523599 
0.523599 
0.523599 
0.523599 
0.523599 
0.523599 
0.523599 
0.523599 
0.523599 
0.523599 
0.523599 
0.523599 
0.523599 
0.523599 
0.523599 
0.523599 
0.523599 
0.523599 
0.523599 
0.523599 
0.523599 
0.523599 
0.523599 
0.523599 
0.523599 
0.523599 
0.523599 
0.523599 
0.523599 
0.523599 
0.523599 
0.523599 
0.523599 
0.523599 
0.523599 
0.523599 
0.523599 
0.523599 
0.523599 
0.523599 
0.523599 
0.523599 
0.523599 
0.523599 
0.523599 
0.523599 
0.523599 
0.523599 
0.523599 
0.523599 
0.523599 
0.523599 
0.523599 
0.523599 
0.523599 
0.523599 
0.523599 
0.523599 
0.523599 
0.523599 
0.523599 
0.523599 
0.523599 
0.523599 
0.523599 
0.523599 
0.523599 
0.523599 
0.523599 
0.523599 
0.523599 
0.523599 
0.523599 
0.523599 
0.523599 
0.523599 
0.523599 
0.523599 
0.523599 
0.523599 
0.523599 
0.523599 
0.523599 
0.523599 
0.523599 
0.523599 
0.523599 
0.523599 
0.523599 
0.523599 
0.523599 
0.523599 
0.523599 
0.523599 
0.523599 
0.523599 
0.523599 
0.523599 
0.523599 
0.523599 
0.523599 
0.523599 
0.523599 
0.523599 
0.523599 
0.523599 
0.523599 
0.523599 
0.523599 
0.523599 
0.523599 
0.523599 
0.523599 
0.523599 
0.523599 
0.523599 
0.523599 
0.523599 
0.523599 
0.523599 
0.523599 
0.523599 
0.523599 
0.523599 
0.523599 
0.523599 
0.523599 
0.523599 
0.523599 
0.523599 
0.523599 
0.523599 
0.523599 
0.523599 
0.523599 
0.523599 
0.523599 
0.523599 
0.523599 
0.523599 
0.523599 
0.523599 
0.523599 
0.523599 
0.523599 
0.523599 
0.523599 
0.523599 
0.523599 
0.523599 
0.523599 
0.523599 
0.523599 
0.523599 
0.523599 
0.523599 
0.523599 
0.523599 
0.523599 
0.523599 
0.523599 
0.523599 
0.523599 
0.523599 
0.523599 
0.523599 
0.523599 
0.523599 
0.523599 
0.523599 
0.523599 
0.523599 
0.523599 
0.523599 
0.523599 
0.523599 
0.523599 
0.523599 
0.523599 
0.523599 
0.523599 
0.523599 
0.523599 
0.523599 
0.523599 
0.523599 
0.523599 
0.523599 
0.523599 
0.523599 
0.523599 
0.523599 
0.523599 
0.523599 
0.523599 
0.523599 
0.523599 
0.523599 
0.523599 
0.523599 
0.523599 
0.523599 
0.523599 
0.523599 
0.523599 
0.523599 
0.523599 
0.523599 
0.523599 
0.523599 
0.523599 
0.523599 
0.523599 
0.523599 
0.523599 
0.523599 
0.523599 
0.523599 
0.523599 
0.523599 
0.523599 
0.523599 
0.523599 
0.523599 
0.523599 
0.523599 
0.523599 
0.523599 
0.523599 
0.523599 
0.523599 
0.523599 
0.523599 
0.523599 
0.523599 
0.523599 
0.523599 
0.523599 
0.523599 
0.523599 
0.523599 
0.523599 
0.523599 
0.523599 
0.523599 
0.523599 
0.523599 
0.523599 
0.523599 
0.523599 
0.523599 
0.523599 
0.523599 
0.523599 
0.523599 
0.523599 
0.523599 
0.523599 
0.523599 
0.523599 
0.523599 
0.523599 
0.523599 
0.523599 
0.523599 
0.523599 
0.523599 
0.523599 
0.523599 
0.523599 
0.523599 
0.523599 
0.523599 
0.523599 
0.523599 
0.523599 
0.523599 
0.523599 
0.523599 
0.523599 
0.523599 
0.523599 
0.523599 
0.523599 
0.523599 
0.523599 
0.523599 
0.523599 
0.523599 
0.523599 
0.523599 
0.523599 
0.523599 
0.523599 
0.523599 
0.523599 
0.523599 
0.523599 
0.523599 
0.523599 
0.523599 
0.523599 
0.523599 
0.523599 
0.523599 
0.523599 
0.523599 
0.523599 
0.523599 
0.523599 
0.523599 
0.523599 
0.523599 
0.523599 
0.523599 
0.523599 
0.523599 
0.523599 
0.523599 
0.523599 
0.523599 
0.523599 
0.523599 
0.523599 
0.523599 
0.523599 
0.523599 
0.523599 
0.523599 
0.523599 
0.523599 
0.523599 
0.523599 
0.523599 
0.523599 
0.523599 
0.523599 
0.523599 
0.523599 
0.523599 
0.523599 
0.523599 
0.523599 
0.523599 
0.523599 
0.523599 
0.523599 
0.523599 
0.523599 
0.523599 
0.523599 
0.523599 
0.523599 
0.523599 
0.523599 
0.523599 
0.523599 
0.523599 
0.523599 
0.523599 
0.523599 
0.523599 
0.523599 
0.523599 
0.523599 
0.523599 
0.523599 
0.523599 
0.523599 
0.523599 
0.523599 
0.523599 
0.523599 
0.523599 
0.523599 
0.523599 
0.523599 
0.523599 
0.523599 
0.523599 
0.523599 
0.523599 
0.523599 
0.523599 
0.523599 
0.523599 
0.523599 
0.523599 
0.523599 
0.523599 
0.523599 
0.523599 
0.523599 
0.523599 
0.523599 
0.523599 
0.523599 
0.523599 
0.523599 
0.523599 
0.523599 
0.523599 
0.523599 
0.523599 
0.523599 
0.523599 
0.523599 
0.523599 
0.523599 
0.523599 
0.523599 
0.523599 
0.523599 
0.523599 
0.523599 
0.523599 
0.523599 
0.523599 
0.523599 
0.523599 
0.523599 
0.523599 
0.523599 
0.523599 
0.523599 
0.523599 
0.523599 
0.523599 
0.523599 
0.523599 
0.523599 
0.523599 
0.523599 
0.523599 
0.523599 
0.523599 
0.523599 
0.523599 
0.523599 
0.523599 
0.523599 
0.523599 
0.523599 
0.523599 
0.523599 
0.523599 
0.523599 
0.523599 
0.523599 
0.523599 
0.523599 
0.523599 
0.523599 
0.523599 
0.523599 
0.523599 
0.523599 
0.523599 
0.523599 
0.523599 
0.523599 
0.523599 
0.523599 
0.523599 
0.523599 
0.523599 
0.523599 
0.523599 
0.523599 
0.523599 
0.523599 
0.523599 
0.523599 
0.523599 
0.523599 
0.523599 
0.523599 
0.523599 
0.523599 
0.523599 
0.523599 
0.523599 
0.523599 
0.523599 
0.523599 
0.523599 
0.523599 
0.523599 
0.523599 
0.523599 
0.523599 
0.523599 
0.523599 
0.523599 
0.523599 
0.523599 
0.523599 
0.523599 
0.523599 
0.523599 
0.523599 
0.523599 
0.523599 
0.523599 
0.523599 
0.523599 
0.523599 
0.523599 
0.523599 
0.523599 
0.523599 
0.523599 
0.523599 
0.523599 
0.523599 
0.523599 
0.523599 
0.523599 
0.523599 
0.523599 
0.523599 
0.523599 
0.523599 
0.523599 
0.523599 
0.523599 
0.523599 
0.523599 
0.523599 
0.523599 
0.523599 
0.523599 
0.523599 
0.523599 
0.523599 
0.523599 
0.523599 
0.523599 
0.523599 
0.523599 
0.523599 
0.523599 
0.523599 
0.523599 
0.523599 
0.523599 
0.523599 
0.523599 
0.523599 
0.523599 
0.523599 
0.523599 
0.523599 
0.523599 
0.523599 
0.523599 
0.523599 
0.523599 
0.523599 
0.523599 
0.523599 
0.523599 
0.523599 
0.523599 
0.523599 
0.523599 
0.523599 
0.523599 
0.523599 
0.523599 
0.523599 
0.523599 
0.523599 
0.523599 
0.523599 
0.523599 
0.523599 
0.523599 
0.523599 
0.523599 
0.523599 
0.523599 
0.523599 
0.523599 
0.523599 
0.523599 
0.523599 
0.523599 
0.523599 
0.523599 
0.523599 
0.523599 
0.523599 
0.523599 
0.523599 
0.523599 
0.523599 
0.523599 
0.523599 
0.523599 
0.523599 
0.523599 
0.523599 
0.523599 
0.523599 
0.523599 
0.523599 
0.523599 
0.523599 
0.523599 
0.523599 
0.523599 
0.523599 
0.523599 
0.523599 
0.523599 
0.523599 
0.523599 
0.523599 
0.523599 
0.523599 
0.523599 
0.523599 
0.523599 
0.523599 
0.523599 
0.523599 
0.523599 
0.523599 
0.523599 
0.523599 
0.523599 
0.523599 
0.523599 
0.523599 
0.523599 
0.523599 
0.523599 
0.523599 
0.523599 
0.523599 
0.523599 
0.523599 
0.523599 
0.523599 
0.523599 
0.523599 
0.523599 
0.523599 
0.523599 
0.523599 
0.523599 
0.523599 
0.523599 
0.523599 
0.523599 
0.523599 
0.523599 
0.523599 
0.523599 
0.523599 
0.523599 
0.523599 
0.523599 
0.523599 
0.523599 
0.523599 
0.523599 
0.523599 
0.523599 
0.523599 
0.523599 
0.523599 
0.523599 
0.523599 
0.523599 
0.523599 
0.523599 
0.523599 
0.523599 
0.523599 
0.523599 
0.523599 
0.523599 
0.523599 
0.523599 
0.523599 
0.523599 
0.523599 
0.523599 
0.523599 
0.523599 
0.523599 
0.523599 
0.523599 
0.523599 
0.523599 
0.523599 
0.523599 
0.523599 
0.523599 
0.523599 
0.523599 
0.523599 
0.523599 
0.523599 
0.523599 
0.523599 
0.523599 
0.523599 
0.523599 
0.523599 
0.523599 
0.523599 
0.523599 
0.523599 
0.523599 
0.523599 
0.523599 
0.523599 
0.523599 
0.523599 
0.523599 
0.523599 
0.523599 
0.523599 
0.523599 
0.523599 
0.523599 
0.523599 
0.523599 
0.523599 
0.523599 
0.523599 
0.523599 
0.523599 
0.523599 
0.523599 
0.523599 
0.523599 
0.523599 
0.523599 
0.523599 
0.523599 
0.523599 
0.523599 
0.523599 
0.523599 
0.523599 
0.523599 
0.523599 
0.523599 
0.523599 
0.523599 
0.523599 
0.523599 
0.523599 
0.523599 
0.523599 
0.523599 
0.523599 
0.523599 
0.523599 
0.523599 
0.523599 
0.523599 
0.523599 
0.523599 
0.523599 
0.523599 
0.523599 
0.523599 
0.523599 
0.523599 
0.523599 
0.523599 
0.523599 
0.523599 
0.523599 
0.523599 
0.523599 
0.523599 
0.523599 
0.523599 
0.523599 
0.523599 
0.523599 
0.523599 
0.523599 
0.523599 
0.523599 
0.523599 
0.523599 
0.523599 
0.523599 
0.523599 
0.523599 
0.523599 
0.523599 
0.523599 
0.523599 
0.523599 
0.523599 
0.523599 
0.523599 
0.523599 
0.523599 
0.523599 
0.523599 
0.523599 
0.523599 
0.523599 
0.523599 
0.523599 
0.523599 
0.523599 
0.523599 
0.523599 
0.523599 
0.523599 
0.523599 
0.523599 
0.523599 
0.523599 
0.523599 
0.523599 
0.523599 
0.523599 
0.523599 
0.523599 
0.523599 
0.523599 
0.523599 
0.523599 
0.523599 
0.523599 
0.523599 
0.523599 
0.523599 
0.523599 
0.523599 
0.523599 
0.523599 
0.523599 
0.523599 
0.523599 
0.523599 
0.523599 
0.523599 
0.523599 
0.523599 
0.523599 
0.523599 
0.523599 
0.523599 
0.523599 
0.523599 
0.523599 
0.523599 
0.523599 
0.523599 
0.523599 
0.523599 
0.523599 
0.523599 
0.523599 
0.523599 
0.523599 
0.523599 
0.523599 
0.523599 
0.523599 
0.523599 
0.523599 
0.523599 
0.523599 
0.523599 
0.523599 
0.523599 
0.523599 
0.523599 
0.523599 
0.523599 
0.523599 
0.523599 
0.523599 
0.523599 
0.523599 
0.523599 
0.523599 
0.523599 
0.523599 
0.523599 
0.523599 
0.523599 
0.523599 
0.523599 
0.523599 
0.523599 
0.523599 
0.523599 
0.523599 
0.523599 
0.523599 
0.523599 
0.523599 
0.523599 
0.523599 
0.523599 
0.523599 
0.523599 
0.523599 
0.523599 
0.523599 
0.523599 
0.523599 
0.523599 
0.523599 
0.523599 
0.523599 
0.523599 
0.523599 
0.523599 
0.523599 
0.523599 
0.523599 
0.523599 
0.523599 
0.523599 
0.523599 
0.523599 
0.523599 
0.523599 
0.523599 
0.523599 
0.523599 
0.523599 
0.523599 
0.523599 
0.523599 
0.523599 
0.523599 
0.523599 
0.523599 
0.523599 
0.523599 
0.523599 
0.523599 
0.523599 
0.523599 
0.523599 
0.523599 
0.523599 
0.523599 
0.523599 
0.523599 
0.523599 
0.523599 
0.523599 
0.523599 
0.523599 
0.523599 
0.523599 
0.523599 
0.523599 
0.523599 
0.523599 
0.523599 
0.523599 
0.523599 
0.523599 
0.523599 
0.523599 
0.523599 
0.523599 
0.523599 
0.523599 
0.523599 
0.523599 
0.523599 
0.523599 
0.523599 
0.523599 
0.523599 
0.523599 
0.523599 
0.523599 
0.523599 
0.523599 
0.523599 
0.523599 
0.523599 
0.523599 
0.523599 
0.523599 
0.523599 
0.523599 
0.523599 
0.523599 
0.523599 
0.523599 
0.523599 
0.523599 
0.523599 
0.523599 
0.523599 
0.523599 
0.523599 
0.523599 
0.523599 
0.523599 
0.523599 
0.523599 
0.523599 
0.523599 
0.523599 
0.523599 
0.523599 
0.523599 
0.523599 
0.523599 
0.523599 
0.523599 
0.523599 
0.523599 
0.523599 
0.523599 
0.523599 
0.523599 
0.523599 
0.523599 
0.523599 
0.523599 
0.523599 
0.523599 
0.523599 
0.523599 
0.523599 
0.523599 
0.523599 
0.523599 
0.523599 
0.523599 
0.523599 
0.523599 
0.523599 
0.523599 
0.523599 
0.523599 
0.523599 
0.523599 
0.523599 
0.523599 
0.523599 
0.523599 
0.523599 
0.523599 
0.523599 
0.523599 
0.523599 
0.523599 
0.523599 
0.523599 
0.523599 
0.523599 
0.523599 
0.523599 
0.523599 
0.523599 
0.523599 
0.523599 
0.523599 
0.523599 
0.523599 
0.523599 
0.523599 
0.523599 
0.523599 
0.523599 
0.523599 
0.523599 
0.523599 
0.523599 
0.523599 
0.523599 
0.523599 
0.523599 
0.523599 
0.523599 
0.523599 
0.523599 
0.523599 
0.523599 
0.523599 
0.523599 
0.523599 
0.523599 
0.523599 
0.523599 
0.523599 
0.523599 
0.523599 
0.523599 
0.523599 
0.523599 
0.523599 
0.523599 
0.523599 
0.523599 
0.523599 
0.523599 
0.523599 
0.523599 
0.523599 
0.523599 
0.523599 
0.523599 
0.523599 
0.523599 
0.523599 
0.523599 
0.523599 
0.523599 
0.523599 
0.523599 
0.523599 
0.523599 
0.523599 
0.523599 
0.523599 
0.523599 
0.523599 
0.523599 
0.523599 
0.523599 
0.523599 
0.523599 
0.523599 
0.523599 
0.523599 
0.523599 
0.523599 
0.523599 
0.523599 
0.523599 
0.523599 
0.523599 
0.523599 
0.523599 
0.523599 
0.523599 
0.523599 
0.523599 
0.523599 
0.523599 
0.523599 
0.523599 
0.523599 
0.523599 
0.523599 
0.523599 
0.523599 
0.523599 
0.523599 
0.523599 
0.523599 
0.523599 
0.523599 
0.523599 
0.523599 
0.523599 
0.523599 
0.523599 
0.523599 
0.523599 
0.523599 
0.523599 
0.523599 
0.523599 
0.523599 
0.523599 
0.523599 
0.523599 
0.523599 
0.523599 
0.523599 
0.523599 
0.523599 
0.523599 
0.523599 
0.523599 
0.523599 
0.523599 
0.523599 
0.523599 
0.523599 
0.523599 
0.523599 
0.523599 
0.523599 
0.523599 
0.523599 
0.523599 
0.523599 
0.523599 
0.523599 
0.523599 
0.523599 
0.523599 
0.523599 
0.523599 
0.523599 
0.523599 
0.523599 
0.523599 
0.523599 
0.523599 
0.523599 
0.523599 
0.523599 
0.523599 
0.523599 
0.523599 
0.523599 
0.523599 
0.523599 
0.523599 
0.523599 
0.523599 
0.523599 
0.523599 
0.523599 
0.523599 
0.523599 
0.523599 
0.523599 
0.523599 
0.523599 
0.523599 
0.523599 
0.523599 
0.523599 
0.523599 
0.523599 
0.523599 
0.523599 
0.523599 
0.523599 
0.523599 
0.523599 
0.523599 
0.523599 
0.523599 
0.523599 
0.523599 
0.523599 
0.523599 
0.523599 
0.523599 
0.523599 
0.523599 
0.523599 
0.523599 
0.523599 
0.523599 
0.523599 
0.523599 
0.523599 
0.523599 
0.523599 
0.523599 
0.523599 
0.523599 
0.523599 
0.523599 
0.523599 
0.523599 
0.523599 
0.523599 
0.523599 
0.523599 
0.523599 
0.523599 
0.523599 
0.523599 
0.523599 
0.523599 
0.523599 
0.523599 
0.523599 
0.523599 
0.523599 
0.523599 
0.523599 
0.523599 
0.523599 
0.523599 
0.523599 
0.523599 
0.523599 
0.523599 
0.523599 
0.523599 
0.523599 
0.523599 
0.523599 
0.523599 
0.523599 
0.523599 
0.523599 
0.523599 
0.523599 
0.523599 
0.523599 
0.523599 
0.523599 
0.523599 
0.523599 
0.523599 
0.523599 
0.523599 
0.523599 
0.523599 
0.523599 
0.523599 
0.523599 
0.523599 
0.523599 
0.523599 
0.523599 
0.523599 
0.523599 
0.523599 
0.523599 
0.523599 
0.523599 
0.523599 
0.523599 
0.523599 
0.523599 
0.523599 
0.523599 
0.523599 
0.523599 
0.523599 
0.523599 
0.523599 
0.523599 
0.523599 
0.523599 
0.523599 
0.523599 
0.523599 
0.523599 
0.523599 
0.523599 
0.523599 
0.523599 
0.523599 
0.523599 
0.523599 
0.523599 
0.523599 
0.523599 
0.523599 
0.523599 
0.523599 
0.523599 
0.523599 
0.523599 
0.523599 
0.523599 
0.523599 
0.523599 
0.523599 
0.523599 
0.523599 
0.523599 
0.523599 
0.523599 
0.523599 
0.523599 
0.523599 
0.523599 
0.523599 
0.523599 
0.523599 
0.523599 
0.523599 
0.523599 
0.523599 
0.523599 
0.523599 
0.523599 
0.523599 
0.523599 
0.523599 
0.523599 
0.523599 
0.523599 
0.523599 
0.523599 
0.523599 
0.523599 
0.523599 
0.523599 
0.523599 
0.523599 
0.523599 
0.523599 
0.523599 
0.523599 
0.523599 
0.523599 
0.523599 
0.523599 
0.523599 
0.523599 
0.523599 
0.523599 
0.523599 
0.523599 
0.523599 
0.523599 
0.523599 
0.523599 
0.523599 
0.523599 
0.523599 
0.523599 
0.523599 
0.523599 
0.523599 
0.523599 
0.523599 
0.523599 
0.523599 
0.523599 
0.523599 
0.523599 
0.523599 
0.523599 
0.523599 
0.523599 
0.523599 
0.523599 
0.523599 
0.523599 
0.523599 
0.523599 
0.523599 
0.523599 
0.523599 
0.523599 
0.523599 
0.523599 
0.523599 
0.523599 
0.523599 
0.523599 
0.523599 
0.523599 
0.523599 
0.523599 
0.523599 
0.523599 
0.523599 
0.523599 
0.523599 
0.523599 
0.523599 
0.523599 
0.523599 
0.523599 
0.523599 
0.523599 
0.523599 
0.523599 
0.523599 
0.523599 
0.523599 
0.523599 
0.523599 
0.523599 
0.523599 
0.523599 
0.523599 
0.523599 
0.523599 
0.523599 
0.523599 
0.523599 
0.523599 
0.523599 
0.523599 
0.523599 
0.523599 
0.523599 
0.523599 
0.523599 
0.523599 
0.523599 
0.523599 
0.523599 
0.523599 
0.523599 
0.523599 
0.523599 
0.523599 
0.523599 
0.523599 
0.523599 
0.523599 
0.523599 
0.523599 
0.523599 
0.523599 
0.523599 
0.523599 
0.523599 
0.523599 
0.523599 
0.523599 
0.523599 
0.523599 
0.523599 
0.523599 
0.523599 
0.523599 
0.523599 
0.523599 
0.523599 
0.523599 
0.523599 
0.523599 
0.523599 
0.523599 
0.523599 
0.523599 
0.523599 
0.523599 
0.523599 
0.523599 
0.523599 
0.523599 
0.523599 
0.523599 
0.523599 
0.523599 
0.523599 
0.523599 
0.523599 
0.523599 
0.523599 
0.523599 
0.523599 
0.523599 
0.523599 
0.523599 
0.523599 
0.523599 
0.523599 
0.523599 
0.523599 
0.523599 
0.523599 
0.523599 
0.523599 
0.523599 
0.523599 
0.523599 
0.523599 
0.523599 
0.523599 
0.523599 
0.523599 
0.523599 
0.523599 
0.523599 
0.523599 
0.523599 
0.523599 
0.523599 
0.523599 
0.523599 
0.523599 
0.523599 
0.523599 
0.523599 
0.523599 
0.523599 
0.523599 
0.523599 
0.523599 
0.523599 
0.523599 
0.523599 
0.523599 
0.523599 
0.523599 
0.523599 
0.523599 
0.523599 
0.523599 
0.523599 
0.523599 
0.523599 
0.523599 
0.523599 
0.523599 
0.523599 
0.523599 
0.523599 
0.523599 
0.523599 
0.523599 
0.523599 
0.523599 
0.523599 
0.523599 
0.523599 
0.523599 
0.523599 
0.523599 
0.523599 
0.523599 
0.523599 
0.523599 
0.523599 
0.523599 
0.523599 
0.523599 
0.523599 
0.523599 
0.523599 
0.523599 
0.523599 
0.523599 
0.523599 
0.523599 
0.523599 
0.523599 
0.523599 
0.523599 
0.523599 
0.523599 
0.523599 
0.523599 
0.523599 
0.523599 
0.523599 
0.523599 
0.523599 
0.523599 
0.523599 
0.523599 
0.523599 
0.523599 
0.523599 
0.523599 
0.523599 
0.523599 
0.523599 
0.523599 
0.523599 
0.523599 
0.523599 
0.523599 
0.523599 
0.523599 
0.523599 
0.523599 
0.523599 
0.523599 
0.523599 
0.523599 
0.523599 
0.523599 
0.523599 
0.523599 
0.523599 
0.523599 
0.523599 
0.523599 
0.523599 
0.523599 
0.523599 
0.523599 
0.523599 
0.523599 
0.523599 
0.523599 
0.523599 
0.523599 
0.523599 
0.523599 
0.523599 
0.523599 
0.523599 
0.523599 
0.523599 
0.523599 
0.523599 
0.523599 
0.523599 
0.523599 
0.523599 
0.523599 
0.523599 
0.523599 
0.523599 
0.523599 
0.523599 
0.523599 
0.523599 
0.523599 
0.523599 
0.523599 
0.523599 
0.523599 
0.523599 
0.523599 
0.523599 
0.523599 
0.523599 
0.523599 
0.523599 
0.523599 
0.523599 
0.523599 
0.523599 
0.523599 
0.523599 
0.523599 
0.523599 
0.523599 
0.523599 
0.523599 
0.523599 
0.523599 
0.523599 
0.523599 
0.523599 
0.523599 
0.523599 
0.523599 
0.523599 
0.523599 
0.523599 
0.523599 
0.523599 
0.523599 
0.523599 
0.523599 
0.523599 
0.523599 
0.523599 
0.523599 
0.523599 
0.523599 
0.523599 
0.523599 
0.523599 
0.523599 
0.523599 
0.523599 
0.523599 
0.523599 
0.523599 
0.523599 
0.523599 
0.523599 
0.523599 
0.523599 
0.523599 
0.523599 
0.523599 
0.523599 
0.523599 
0.523599 
0.523599 
0.523599 
0.523599 
0.523599 
0.523599 
0.523599 
0.523599 
0.523599 
0.523599 
0.523599 
0.523599 
0.523599 
0.523599 
0.523599 
0.523599 
0.523599 
0.523599 
0.523599 
0.523599 
0.523599 
0.523599 
0.523599 
0.523599 
0.523599 
0.523599 
0.523599 
0.523599 
0.523599 
0.523599 
0.523599 
0.523599 
0.523599 
0.523599 
0.523599 
0.523599 
0.523599 
0.523599 
0.523599 
0.523599 
0.523599 
0.523599 
0.523599 
0.523599 
0.523599 
0.523599 
0.523599 
0.523599 
0.523599 
0.523599 
0.523599 
0.523599 
0.523599 
0.523599 
0.523599 
0.523599 
0.523599 
0.523599 
0.523599 
0.523599 
0.523599 
0.523599 
0.523599 
0.523599 
0.523599 
0.523599 
0.523599 
0.523599 
0.523599 
0.523599 
0.523599 
0.523599 
0.523599 
0.523599 
0.523599 
0.523599 
0.523599 
0.523599 
0.523599 
0.523599 
0.523599 
0.523599 
0.523599 
0.523599 
0.523599 
0.523599 
0.523599 
0.523599 
0.523599 
0.523599 
0.523599 
0.523599 
0.523599 
0.523599 
0.523599 
0.523599 
0.523599 
0.523599 
0.523599 
0.523599 
0.523599 
0.523599 
0.523599 
0.523599 
0.523599 
0.523599 
0.523599 
0.523599 
0.523599 
0.523599 
0.523599 
0.523599 
0.523599 
0.523599 
0.523599 
0.523599 
0.523599 
0.523599 
0.523599 
0.523599 
0.523599 
0.523599 
0.523599 
0.523599 
0.523599 
0.523599 
0.523599 
0.523599 
0.523599 
0.523599 
0.523599 
0.523599 
0.523599 
0.523599 
0.523599 
0.523599 
0.523599 
0.523599 
0.523599 
0.523599 
0.523599 
0.523599 
0.523599 
0.523599 
0.523599 
0.523599 
0.523599 
0.523599 
0.523599 
0.523599 
0.523599 
0.523599 
0.523599 
0.523599 
0.523599 
0.523599 
0.523599 
0.523599 
0.523599 
0.523599 
0.523599 
0.523599 
0.523599 
0.523599 
0.523599 
0.523599 
0.523599 
0.523599 
0.523599 
0.523599 
0.523599 
0.523599 
0.523599 
0.523599 
0.523599 
0.523599 
0.523599 
0.523599 
0.523599 
0.523599 
0.523599 
0.523599 
0.523599 
0.523599 
0.523599 
0.523599 
0.523599 
0.523599 
0.523599 
0.523599 
0.523599 
0.523599 
0.523599 
0.523599 
0.523599 
0.523599 
0.523599 
0.523599 
0.523599 
0.523599 
0.523599 
0.523599 
0.523599 
0.523599 
0.523599 
0.523599 
0.523599 
0.523599 
0.523599 
0.523599 
0.523599 
0.523599 
0.523599 
0.523599 
0.523599 
0.523599 
0.523599 
0.523599 
0.523599 
0.523599 
0.523599 
0.523599 
0.523599 
0.523599 
0.523599 
0.523599 
0.523599 
0.523599 
0.523599 
0.523599 
0.523599 
0.523599 
0.523599 
0.523599 
0.523599 
0.523599 
0.523599 
0.523599 
0.523599 
0.523599 
0.523599 
0.523599 
0.523599 
0.523599 
0.523599 
0.523599 
0.523599 
0.523599 
0.523599 
0.523599 
0.523599 
0.523599 
0.523599 
0.523599 
0.523599 
0.523599 
0.523599 
0.523599 
0.523599 
0.523599 
0.523599 
0.523599 
0.523599 
0.523599 
0.523599 
0.523599 
0.523599 
0.523599 
0.523599 
0.523599 
0.523599 
0.523599 
0.523599 
0.523599 
0.523599 
0.523599 
0.523599 
0.523599 
0.523599 
0.523599 
0.523599 
0.523599 
0.523599 
0.523599 
0.523599 
0.523599 
0.523599 
0.523599 
0.523599 
0.523599 
0.523599 
0.523599 
0.523599 
0.523599 
0.523599 
0.523599 
0.523599 
0.523599 
0.523599 
0.523599 
0.523599 
0.523599 
0.523599 
0.523599 
0.523599 
0.523599 
0.523599 
0.523599 
0.523599 
0.523599 
0.523599 
0.523599 
0.523599 
0.523599 
0.523599 
0.523599 
0.523599 
0.523599 
0.523599 
0.523599 
0.523599 
0.523599 
0.523599 
0.523599 
0.523599 
0.523599 
0.523599 
0.523599 
0.523599 
0.523599 
0.523599 
0.523599 
0.523599 
0.523599 
0.523599 
0.523599 
0.523599 
0.523599 
0.523599 
0.523599 
0.523599 
0.523599 
0.523599 
0.523599 
0.523599 
0.523599 
0.523599 
0.523599 
0.523599 
0.523599 
0.523599 
0.523599 
0.523599 
0.523599 
0.523599 
0.523599 
0.523599 
0.523599 
0.523599 
0.523599 
0.523599 
0.523599 
0.523599 
0.523599 
0.523599 
0.523599 
0.523599 
0.523599 
0.523599 
0.523599 
0.523599 
0.523599 
0.523599 
0.523599 
0.523599 
0.523599 
0.523599 
0.523599 
0.523599 
0.523599 
0.523599 
0.523599 
0.523599 
0.523599 
0.523599 
0.523599 
0.523599 
0.523599 
0.523599 
0.523599 
0.523599 
0.523599 
0.523599 
0.523599 
0.523599 
0.523599 
0.523599 
0.523599 
0.523599 
0.523599 
0.523599 
0.523599 
0.523599 
0.523599 
0.523599 
0.523599 
0.523599 
0.523599 
0.523599 
0.523599 
0.523599 
0.523599 
0.523599 
0.523599 
0.523599 
0.523599 
0.523599 
0.523599 
0.523599 
0.523599 
0.523599 
0.523599 
0.523599 
0.523599 
0.523599 
0.523599 
0.523599 
0.523599 
0.523599 
0.523599 
0.523599 
0.523599 
0.523599 
0.523599 
0.523599 
0.523599 
0.523599 
0.523599 
0.523599 
0.523599 
0.523599 
0.523599 
0.523599 
0.523599 
0.523599 
0.523599 
0.523599 
0.523599 
0.523599 
0.523599 
0.523599 
0.523599 
0.523599 
0.523599 
0.523599 
0.523599 
0.523599 
0.523599 
0.523599 
0.523599 
0.523599 
0.523599 
0.523599 
0.523599 
0.523599 
0.523599 
0.523599 
0.523599 
0.523599 
0.523599 
0.523599 
0.523599 
0.523599 
0.523599 
0.523599 
0.523599 
0.523599 
0.523599 
0.523599 
0.523599 
0.523599 
0.523599 
0.523599 
0.523599 
0.523599 
0.523599 
0.523599 
0.523599 
0.523599 
0.523599 
0.523599 
0.523599 
0.523599 
0.523599 
0.523599 
0.523599 
0.523599 
0.523599 
0.523599 
0.523599 
0.523599 
0.523599 
0.523599 
0.523599 
0.523599 
0.523599 
0.523599 
0.523599 
0.523599 
0.523599 
0.523599 
0.523599 
0.523599 
0.523599 
0.523599 
0.523599 
0.523599 
0.523599 
0.523599 
0.523599 
0.523599 
0.523599 
0.523599 
0.523599 
0.523599 
0.523599 
0.523599 
0.523599 
0.523599 
0.523599 
0.523599 
0.523599 
0.523599 
0.523599 
0.523599 
0.523599 
0.523599 
0.523599 
0.523599 
0.523599 
0.523599 
0.523599 
0.523599 
0.523599 
0.523599 
0.523599 
0.523599 
0.523599 
0.523599 
0.523599 
0.523599 
0.523599 
0.523599 
0.523599 
0.523599 
0.523599 
0.523599 
0.523599 
0.523599 
0.523599 
0.523599 
0.523599 
0.523599 
0.523599 
0.523599 
0.523599 
0.523599 
0.523599 
0.523599 
0.523599 
0.523599 
0.523599 
0.523599 
0.523599 
0.523599 
0.523599 
0.523599 
0.523599 
0.523599 
0.523599 
0.523599 
0.523599 
0.523599 
0.523599 
0.523599 
0.523599 
0.523599 
0.523599 
0.523599 
0.523599 
0.523599 
0.523599 
0.523599 
0.523599 
0.523599 
0.523599 
0.523599 
0.523599 
0.523599 
0.523599 
0.523599 
0.523599 
0.523599 
0.523599 
0.523599 
0.523599 
0.523599 
0.523599 
0.523599 
0.523599 
0.523599 
0.523599 
0.523599 
0.523599 
0.523599 
0.523599 
0.523599 
0.523599 
0.523599 
0.523599 
0.523599 
0.523599 
0.523599 
0.523599 
0.523599 
0.523599 
0.523599 
0.523599 
0.523599 
0.523599 
0.523599 
0.523599 
0.523599 
0.523599 
0.523599 
0.523599 
0.523599 
0.523599 
0.523599 
0.523599 
0.523599 
0.523599 
0.523599 
0.523599 
0.523599 
0.523599 
0.523599 
0.523599 
0.523599 
0.523599 
0.523599 
0.523599 
0.523599 
0.523599 
0.523599 
0.523599 
0.523599 
0.523599 
0.523599 
0.523599 
0.523599 
0.523599 
0.523599 
0.523599 
0.523599 
0.523599 
0.523599 
0.523599 
0.523599 
0.523599 
0.523599 
0.523599 
0.523599 
0.523599 
0.523599 
0.523599 
0.523599 
0.523599 
0.523599 
0.523599 
0.523599 
0.523599 
0.523599 
0.523599 
0.523599 
0.523599 
0.523599 
0.523599 
0.523599 
0.523599 
0.523599 
0.523599 
0.523599 
0.523599 
0.523599 
0.523599 
0.523599 
0.523599 
0.523599 
0.523599 
0.523599 
0.523599 
0.523599 
0.523599 
0.523599 
0.523599 
0.523599 
0.523599 
0.523599 
0.523599 
0.523599 
0.523599 
0.523599 
0.523599 
0.523599 
0.523599 
0.523599 
0.523599 
0.523599 
0.523599 
0.523599 
0.523599 
0.523599 
0.523599 
0.523599 
0.523599 
0.523599 
0.523599 
0.523599 
0.523599 
0.523599 
0.523599 
0.523599 
0.523599 
0.523599 
0.523599 
0.523599 
0.523599 
0.523599 
0.523599 
0.523599 
0.523599 
0.523599 
0.523599 
0.523599 
0.523599 
0.523599 
0.523599 
0.523599 
0.523599 
0.523599 
0.523599 
0.523599 
0.523599 
0.523599 
0.523599 
0.523599 
0.523599 
0.523599 
0.523599 
0.523599 
0.523599 
0.523599 
0.523599 
0.523599 
0.523599 
0.523599 
0.523599 
0.523599 
0.523599 
0.523599 
0.523599 
0.523599 
0.523599 
0.523599 
0.523599 
0.523599 
0.523599 
0.523599 
0.523599 
0.523599 
0.523599 
0.523599 
0.523599 
0.523599 
0.523599 
0.523599 
0.523599 
0.523599 
0.523599 
0.523599 
0.523599 
0.523599 
0.523599 
0.523599 
0.523599 
0.523599 
0.523599 
0.523599 
0.523599 
0.523599 
0.523599 
0.523599 
0.523599 
0.523599 
0.523599 
0.523599 
0.523599 
0.523599 
0.523599 
0.523599 
0.523599 
0.523599 
0.523599 
0.523599 
0.523599 
0.523599 
0.523599 
0.523599 
0.523599 
0.523599 
0.523599 
0.523599 
0.523599 
0.523599 
0.523599 
0.523599 
0.523599 
0.523599 
0.523599 
0.523599 
0.523599 
0.523599 
0.523599 
0.523599 
0.523599 
0.523599 
0.523599 
0.523599 
0.523599 
0.523599 
0.523599 
0.523599 
0.523599 
0.523599 
0.523599 
0.523599 
0.523599 
0.523599 
0.523599 
0.523599 
0.523599 
0.523599 
0.523599 
0.523599 
0.523599 
0.523599 
0.523599 
0.523599 
0.523599 
0.523599 
0.523599 
0.523599 
0.523599 
0.523599 
0.523599 
0.523599 
0.523599 
0.523599 
0.523599 
0.523599 
0.523599 
0.523599 
0.523599 
0.523599 
0.523599 
0.523599 
0.523599 
0.523599 
0.523599 
0.523599 
0.523599 
0.523599 
0.523599 
0.523599 
0.523599 
0.523599 
0.523599 
0.523599 
0.523599 
0.523599 
0.523599 
0.523599 
0.523599 
0.523599 
0.523599 
0.523599 
0.523599 
0.523599 
0.523599 
0.523599 
0.523599 
0.523599 
0.523599 
0.523599 
0.523599 
0.523599 
0.523599 
0.523599 
0.523599 
0.523599 
0.523599 
0.523599 
0.523599 
0.523599 
0.523599 
0.523599 
0.523599 
0.523599 
0.523599 
0.523599 
0.523599 
0.523599 
0.523599 
0.523599 
0.523599 
0.523599 
0.523599 
0.523599 

SCALARS Coesion float
LOOKUP_TABLE default
10 
10 
10 
10 
10 
10 
10 
10 
10 
10 
10 
10 
10 
10 
10 
10 
10 
10 
10 
10 
10 
10 
10 
10 
10 
10 
10 
10 
10 
10 
10 
10 
10 
10 
10 
10 
10 
10 
10 
10 
10 
10 
10 
10 
10 
10 
10 
10 
10 
10 
10 
10 
10 
10 
10 
10 
10 
10 
10 
10 
10 
10 
10 
10 
10 
10 
10 
10 
10 
10 
10 
10 
10 
10 
10 
10 
10 
10 
10 
10 
10 
10 
10 
10 
10 
10 
10 
10 
10 
10 
10 
10 
10 
10 
10 
10 
10 
10 
10 
10 
10 
10 
10 
10 
10 
10 
10 
10 
10 
10 
10 
10 
10 
10 
10 
10 
10 
10 
10 
10 
10 
10 
10 
10 
10 
10 
10 
10 
10 
10 
10 
10 
10 
10 
10 
10 
10 
10 
10 
10 
10 
10 
10 
10 
10 
10 
10 
10 
10 
10 
10 
10 
10 
10 
10 
10 
10 
10 
10 
10 
10 
10 
10 
10 
10 
10 
10 
10 
10 
10 
10 
10 
10 
10 
10 
10 
10 
10 
10 
10 
10 
10 
10 
10 
10 
10 
10 
10 
10 
10 
10 
10 
10 
10 
10 
10 
10 
10 
10 
10 
10 
10 
10 
10 
10 
10 
10 
10 
10 
10 
10 
10 
10 
10 
10 
10 
10 
10 
10 
10 
10 
10 
10 
10 
10 
10 
10 
10 
10 
10 
10 
10 
10 
10 
10 
10 
10 
10 
10 
10 
10 
10 
10 
10 
10 
10 
10 
10 
10 
10 
10 
10 
10 
10 
10 
10 
10 
10 
10 
10 
10 
10 
10 
10 
10 
10 
10 
10 
10 
10 
10 
10 
10 
10 
10 
10 
10 
10 
10 
10 
10 
10 
10 
10 
10 
10 
10 
10 
10 
10 
10 
10 
10 
10 
10 
10 
10 
10 
10 
10 
10 
10 
10 
10 
10 
10 
10 
10 
10 
10 
10 
10 
10 
10 
10 
10 
10 
10 
10 
10 
10 
10 
10 
10 
10 
10 
10 
10 
10 
10 
10 
10 
10 
10 
10 
10 
10 
10 
10 
10 
10 
10 
10 
10 
10 
10 
10 
10 
10 
10 
10 
10 
10 
10 
10 
10 
10 
10 
10 
10 
10 
10 
10 
10 
10 
10 
10 
10 
10 
10 
10 
10 
10 
10 
10 
10 
10 
10 
10 
10 
10 
10 
10 
10 
10 
10 
10 
10 
10 
10 
10 
10 
10 
10 
10 
10 
10 
10 
10 
10 
10 
10 
10 
10 
10 
10 
10 
10 
10 
10 
10 
10 
10 
10 
10 
10 
10 
10 
10 
10 
10 
10 
10 
10 
10 
10 
10 
10 
10 
10 
10 
10 
10 
10 
10 
10 
10 
10 
10 
10 
10 
10 
10 
10 
10 
10 
10 
10 
10 
10 
10 
10 
10 
10 
10 
10 
10 
10 
10 
10 
10 
10 
10 
10 
10 
10 
10 
10 
10 
10 
10 
10 
10 
10 
10 
10 
10 
10 
10 
10 
10 
10 
10 
10 
10 
10 
10 
10 
10 
10 
10 
10 
10 
10 
10 
10 
10 
10 
10 
10 
10 
10 
10 
10 
10 
10 
10 
10 
10 
10 
10 
10 
10 
10 
10 
10 
10 
10 
10 
10 
10 
10 
10 
10 
10 
10 
10 
10 
10 
10 
10 
10 
10 
10 
10 
10 
10 
10 
10 
10 
10 
10 
10 
10 
10 
10 
10 
10 
10 
10 
10 
10 
10 
10 
10 
10 
10 
10 
10 
10 
10 
10 
10 
10 
10 
10 
10 
10 
10 
10 
10 
10 
10 
10 
10 
10 
10 
10 
10 
10 
10 
10 
10 
10 
10 
10 
10 
10 
10 
10 
10 
10 
10 
10 
10 
10 
10 
10 
10 
10 
10 
10 
10 
10 
10 
10 
10 
10 
10 
10 
10 
10 
10 
10 
10 
10 
10 
10 
10 
10 
10 
10 
10 
10 
10 
10 
10 
10 
10 
10 
10 
10 
10 
10 
10 
10 
10 
10 
10 
10 
10 
10 
10 
10 
10 
10 
10 
10 
10 
10 
10 
10 
10 
10 
10 
10 
10 
10 
10 
10 
10 
10 
10 
10 
10 
10 
10 
10 
10 
10 
10 
10 
10 
10 
10 
10 
10 
10 
10 
10 
10 
10 
10 
10 
10 
10 
10 
10 
10 
10 
10 
10 
10 
10 
10 
10 
10 
10 
10 
10 
10 
10 
10 
10 
10 
10 
10 
10 
10 
10 
10 
10 
10 
10 
10 
10 
10 
10 
10 
10 
10 
10 
10 
10 
10 
10 
10 
10 
10 
10 
10 
10 
10 
10 
10 
10 
10 
10 
10 
10 
10 
10 
10 
10 
10 
10 
10 
10 
10 
10 
10 
10 
10 
10 
10 
10 
10 
10 
10 
10 
10 
10 
10 
10 
10 
10 
10 
10 
10 
10 
10 
10 
10 
10 
10 
10 
10 
10 
10 
10 
10 
10 
10 
10 
10 
10 
10 
10 
10 
10 
10 
10 
10 
10 
10 
10 
10 
10 
10 
10 
10 
10 
10 
10 
10 
10 
10 
10 
10 
10 
10 
10 
10 
10 
10 
10 
10 
10 
10 
10 
10 
10 
10 
10 
10 
10 
10 
10 
10 
10 
10 
10 
10 
10 
10 
10 
10 
10 
10 
10 
10 
10 
10 
10 
10 
10 
10 
10 
10 
10 
10 
10 
10 
10 
10 
10 
10 
10 
10 
10 
10 
10 
10 
10 
10 
10 
10 
10 
10 
10 
10 
10 
10 
10 
10 
10 
10 
10 
10 
10 
10 
10 
10 
10 
10 
10 
10 
10 
10 
10 
10 
10 
10 
10 
10 
10 
10 
10 
10 
10 
10 
10 
10 
10 
10 
10 
10 
10 
10 
10 
10 
10 
10 
10 
10 
10 
10 
10 
10 
10 
10 
10 
10 
10 
10 
10 
10 
10 
10 
10 
10 
10 
10 
10 
10 
10 
10 
10 
10 
10 
10 
10 
10 
10 
10 
10 
10 
10 
10 
10 
10 
10 
10 
10 
10 
10 
10 
10 
10 
10 
10 
10 
10 
10 
10 
10 
10 
10 
10 
10 
10 
10 
10 
10 
10 
10 
10 
10 
10 
10 
10 
10 
10 
10 
10 
10 
10 
10 
10 
10 
10 
10 
10 
10 
10 
10 
10 
10 
10 
10 
10 
10 
10 
10 
10 
10 
10 
10 
10 
10 
10 
10 
10 
10 
10 
10 
10 
10 
10 
10 
10 
10 
10 
10 
10 
10 
10 
10 
10 
10 
10 
10 
10 
10 
10 
10 
10 
10 
10 
10 
10 
10 
10 
10 
10 
10 
10 
10 
10 
10 
10 
10 
10 
10 
10 
10 
10 
10 
10 
10 
10 
10 
10 
10 
10 
10 
10 
10 
10 
10 
10 
10 
10 
10 
10 
10 
10 
10 
10 
10 
10 
10 
10 
10 
10 
10 
10 
10 
10 
10 
10 
10 
10 
10 
10 
10 
10 
10 
10 
10 
10 
10 
10 
10 
10 
10 
10 
10 
10 
10 
10 
10 
10 
10 
10 
10 
10 
10 
10 
10 
10 
10 
10 
10 
10 
10 
10 
10 
10 
10 
10 
10 
10 
10 
10 
10 
10 
10 
10 
10 
10 
10 
10 
10 
10 
10 
10 
10 
10 
10 
10 
10 
10 
10 
10 
10 
10 
10 
10 
10 
10 
10 
10 
10 
10 
10 
10 
10 
10 
10 
10 
10 
10 
10 
10 
10 
10 
10 
10 
10 
10 
10 
10 
10 
10 
10 
10 
10 
10 
10 
10 
10 
10 
10 
10 
10 
10 
10 
10 
10 
10 
10 
10 
10 
10 
10 
10 
10 
10 
10 
10 
10 
10 
10 
10 
10 
10 
10 
10 
10 
10 
10 
10 
10 
10 
10 
10 
10 
10 
10 
10 
10 
10 
10 
10 
10 
10 
10 
10 
10 
10 
10 
10 
10 
10 
10 
10 
10 
10 
10 
10 
10 
10 
10 
10 
10 
10 
10 
10 
10 
10 
10 
10 
10 
10 
10 
10 
10 
10 
10 
10 
10 
10 
10 
10 
10 
10 
10 
10 
10 
10 
10 
10 
10 
10 
10 
10 
10 
10 
10 
10 
10 
10 
10 
10 
10 
10 
10 
10 
10 
10 
10 
10 
10 
10 
10 
10 
10 
10 
10 
10 
10 
10 
10 
10 
10 
10 
10 
10 
10 
10 
10 
10 
10 
10 
10 
10 
10 
10 
10 
10 
10 
10 
10 
10 
10 
10 
10 
10 
10 
10 
10 
10 
10 
10 
10 
10 
10 
10 
10 
10 
10 
10 
10 
10 
10 
10 
10 
10 
10 
10 
10 
10 
10 
10 
10 
10 
10 
10 
10 
10 
10 
10 
10 
10 
10 
10 
10 
10 
10 
10 
10 
10 
10 
10 
10 
10 
10 
10 
10 
10 
10 
10 
10 
10 
10 
10 
10 
10 
10 
10 
10 
10 
10 
10 
10 
10 
10 
10 
10 
10 
10 
10 
10 
10 
10 
10 
10 
10 
10 
10 
10 
10 
10 
10 
10 
10 
10 
10 
10 
10 
10 
10 
10 
10 
10 
10 
10 
10 
10 
10 
10 
10 
10 
10 
10 
10 
10 
10 
10 
10 
10 
10 
10 
10 
10 
10 
10 
10 
10 
10 
10 
10 
10 
10 
10 
10 
10 
10 
10 
10 
10 
10 
10 
10 
10 
10 
10 
10 
10 
10 
10 
10 
10 
10 
10 
10 
10 
10 
10 
10 
10 
10 
10 
10 
10 
10 
10 
10 
10 
10 
10 
10 
10 
10 
10 
10 
10 
10 
10 
10 
10 
10 
10 
10 
10 
10 
10 
10 
10 
10 
10 
10 
10 
10 
10 
10 
10 
10 
10 
10 
10 
10 
10 
10 
10 
10 
10 
10 
10 
10 
10 
10 
10 
10 
10 
10 
10 
10 
10 
10 
10 
10 
10 
10 
10 
10 
10 
10 
10 
10 
10 
10 
10 
10 
10 
10 
10 
10 
10 
10 
10 
10 
10 
10 
10 
10 
10 
10 
10 
10 
10 
10 
10 
10 
10 
10 
10 
10 
10 
10 
10 
10 
10 
10 
10 
10 
10 
10 
10 
10 
10 
10 
10 
10 
10 
10 
10 
10 
10 
10 
10 
10 
10 
10 
10 
10 
10 
10 
10 
10 
10 
10 
10 
10 
10 
10 
10 
10 
10 
10 
10 
10 
10 
10 
10 
10 
10 
10 
10 
10 
10 
10 
10 
10 
10 
10 
10 
10 
10 
10 
10 
10 
10 
10 
10 
10 
10 
10 
10 
10 
10 
10 
10 
10 
10 
10 
10 
10 
10 
10 
10 
10 
10 
10 
10 
10 
10 
10 
10 
10 
10 
10 
10 
10 
10 
10 
10 
10 
10 
10 
10 
10 
10 
10 
10 
10 
10 
10 
10 
10 
10 
10 
10 
10 
10 
10 
10 
10 
10 
10 
10 
10 
10 
10 
10 
10 
10 
10 
10 
10 
10 
10 
10 
10 
10 
10 
10 
10 
10 
10 
10 
10 
10 
10 
10 
10 
10 
10 
10 
10 
10 
10 
10 
10 
10 
10 
10 
10 
10 
10 
10 
10 
10 
10 
10 
10 
10 
10 
10 
10 
10 
10 
10 
10 
10 
10 
10 
10 
10 
10 
10 
10 
10 
10 
10 
10 
10 
10 
10 
10 
10 
10 
10 
10 
10 
10 
10 
10 
10 
10 
10 
10 
10 
10 
10 
10 
10 
10 
10 
10 
10 
10 
10 
10 
10 
10 
10 
10 
10 
10 
10 
10 
10 
10 
10 
10 
10 
10 
10 
10 
10 
10 
10 
10 
10 
10 
10 
10 
10 
10 
10 
10 
10 
10 
10 
10 
10 
10 
10 
10 
10 
10 
10 
10 
10 
10 
10 
10 
10 
10 
10 
10 
10 
10 
10 
10 
10 
10 
10 
10 
10 
10 
10 
10 
10 
10 
10 
10 
10 
10 
10 
10 
10 
10 
10 
10 
10 
10 
10 
10 
10 
10 
10 
10 
10 
10 
10 
10 
10 
10 
10 
10 
10 
10 
10 
10 
10 
10 
10 
10 
10 
10 
10 
10 
10 
10 
10 
10 
10 
10 
10 
10 
10 
10 
10 
10 
10 
10 
10 
10 
10 
10 
10 
10 
10 
10 
10 
10 
10 
10 
10 
10 
10 
10 
10 
10 
10 
10 
10 
10 
10 
10 
10 
10 
10 
10 
10 
10 
10 
10 
10 
10 
10 
10 
10 
10 
10 
10 
10 
10 
10 
10 
10 
10 
10 
10 
10 
10 
10 
10 
10 
10 
10 
10 
10 
10 
10 
10 
10 
10 
10 
10 
10 
10 
10 
10 
10 
10 
10 
10 
10 
10 
10 
10 
10 
10 
10 
10 
10 
10 
10 
10 
10 
10 
10 
10 
10 
10 
10 
10 
10 
10 
10 
10 
10 
10 
10 
10 
10 
10 
10 
10 
10 
10 
10 
10 
10 
10 
10 
10 
10 
10 
10 
10 
10 
10 
10 
10 
10 
10 
10 
10 
10 
10 
10 
10 
10 
10 
10 
10 
10 
10 
10 
10 
10 
10 
10 
10 
10 
10 
10 
10 
10 
10 
10 
10 
10 
10 
10 
10 
10 
10 
10 
10 
10 
10 
10 
10 
10 
10 
10 
10 
10 
10 
10 
10 
10 
10 
10 
10 
10 
10 
10 
10 
10 
10 
10 
10 
10 
10 
10 
10 
10 
10 
10 
10 
10 
10 
10 
10 
10 
10 
10 
10 
10 
10 
10 
10 
10 
10 
10 
10 
10 
10 
10 
10 
10 
10 
10 
10 
10 
10 
10 
10 
10 
10 
10 
10 
10 
10 
10 
10 
10 
10 
10 
10 
10 
10 
10 
10 
10 
10 
10 
10 
10 
10 
10 
10 
10 
10 
10 
10 
10 
10 
10 
10 
10 
10 
10 
10 
10 
10 
10 
10 
10 
10 
10 
10 
10 
10 
10 
10 
10 
10 
10 
10 
10 
10 
10 
10 
10 
10 
10 
10 
10 
10 
10 
10 
10 
10 
10 
10 
10 
10 
10 
10 
10 
10 
10 
10 
10 
10 
10 
10 
10 
10 
10 
10 
10 
10 
10 
10 
10 
10 
10 
10 
10 
10 
10 
10 
10 
10 
10 
10 
10 
10 
10 
10 
10 
10 
10 
10 
10 
10 
10 
10 
10 
10 
10 
10 
10 
10 
10 
10 
10 
10 
10 
10 
10 
10 
10 
10 
10 
10 
10 
10 
10 
10 
10 
10 
10 
10 
10 
10 
10 
10 
10 
10 
10 
10 
10 
10 
10 
10 
10 
10 
10 
10 
10 
10 
10 
10 
10 
10 
10 
10 
10 
10 
10 
10 
10 
10 
10 
10 
10 
10 
10 
10 
10 
10 
10 
10 
10 
10 
10 
10 
10 
10 
10 
10 
10 
10 
10 
10 
10 
10 
10 
10 
10 
10 
10 
10 
10 
10 
10 
10 
10 
10 
10 
10 
10 
10 
10 
10 
10 
10 
10 
10 
10 
10 
10 
10 
10 
10 
10 
10 
10 
10 
10 
10 
10 
10 
10 
10 
10 
10 
10 
10 
10 
10 
10 
10 
10 
10 
10 
10 
10 
10 
10 
10 
10 
10 
10 
10 
10 
10 
10 
10 
10 
10 
10 
10 
10 
10 
10 
10 
10 
10 
10 
10 
10 
10 
10 
10 
10 
10 
10 
10 
10 
10 
10 
10 
10 
10 
10 
10 
10 
10 
10 
10 
10 
10 
10 
10 
10 
10 
10 
10 
10 
10 
10 
10 
10 
10 
10 
10 
10 
10 
10 
10 
10 
10 
10 
10 
10 
10 
10 
10 
10 
10 
10 
10 
10 
10 
10 
10 
10 
10 
10 
10 
10 
10 
10 
10 
10 
10 
10 
10 
10 
10 
10 
10 
10 
10 
10 
10 
10 
10 
10 
10 
10 
10 
10 
10 
10 
10 
10 
10 
10 
10 
10 
10 
10 
10 
10 
10 
10 
10 
10 
10 
10 
10 
10 
10 
10 
10 
10 
10 
10 
10 
10 
10 
10 
10 
10 
10 
10 
10 
10 
10 
10 
10 
10 
10 
10 
10 
10 
10 
10 
10 
10 
10 
10 
10 
10 
10 
10 
10 
10 
10 
10 
10 
10 
10 
10 
10 
10 
10 
10 
10 
10 
10 
10 
10 
10 
10 
10 
10 
10 
10 
10 
10 
10 
10 
10 
10 
10 
10 
10 
10 
10 
10 
10 
10 
10 
10 
10 
10 
10 
10 
10 
10 
10 
10 
10 
10 
10 
10 
10 
10 
10 
10 
10 
10 
10 
10 
10 
10 
10 
10 
10 
10 
10 
10 
10 
10 
10 
10 
10 
10 
10 
10 
10 
10 
10 
10 
10 
10 
10 
10 
10 
10 
10 
10 
10 
10 
10 
10 
10 
10 
10 
10 
10 
10 
10 
10 
10 
10 
10 
10 
10 
10 
10 
10 
10 
10 
10 
10 
10 
10 
10 
10 
10 
10 
10 
10 
10 
10 
10 
10 
10 
10 
10 
10 
10 
10 
10 
10 
10 
10 
10 
10 
10 
10 
10 
10 
10 
10 
10 
10 
10 
10 
10 
10 
10 
10 
10 
10 
10 
10 
10 
10 
10 
10 
10 
10 
10 
10 
10 
10 
10 
10 
10 
10 
10 
10 
10 
10 
10 
10 
10 
10 
10 
10 
10 
10 
10 
10 
10 
10 
10 
10 
10 
10 
10 
10 
10 
10 
10 
10 
10 
10 
10 
10 
10 
10 
10 
10 
10 
10 
10 
10 
10 
10 
10 
10 
10 
10 
10 
10 
10 
10 
10 
10 
10 
10 
10 
10 
10 
10 
10 
10 
10 
10 
10 
10 
10 
10 
10 
10 
10 
10 
10 
10 
10 
10 
10 
10 
10 
10 
10 
10 
10 
10 
10 
10 
10 
10 
10 
10 
10 
10 
10 
10 
10 
10 
10 
10 
10 
10 
10 
10 
10 
10 
10 
10 
10 
10 
10 
10 
10 
10 
10 
10 
10 
10 
10 
10 
10 
10 
10 
10 
10 
10 
10 
10 
10 
10 
10 
10 
10 
10 
10 
10 
10 
10 
10 
10 
10 
10 
10 
10 
10 
10 
10 
10 
10 
10 
10 
10 
10 
10 
10 
10 
10 
10 
10 
10 
10 
10 
10 
10 
10 
10 
10 
10 
10 
10 
10 
10 
10 
10 
10 
10 
10 
10 
10 
10 
10 
10 
10 
10 
10 
10 
10 
10 
10 
10 
10 
10 
10 
10 
10 
10 
10 
10 
10 
10 
10 
10 
10 
10 
10 
10 
10 
10 
10 
10 
10 
10 
10 
10 
10 
10 
10 
10 
10 
10 
10 
10 
10 
10 
10 
10 
10 
10 
10 
10 
10 
10 
10 
10 
10 
10 
10 
10 
10 
10 
10 
10 
10 
10 
10 
10 
10 
10 
10 
10 
10 
10 
10 
10 
10 
10 
10 
10 
10 
10 
10 
10 
10 
10 
10 
10 
10 
10 
10 
10 
10 
10 
10 
10 
10 
10 
10 
10 
10 
10 
10 
10 
10 
10 
10 
10 
10 
10 
10 
10 
10 
10 
10 
10 
10 
10 
10 
10 
10 
10 
10 
10 
10 
10 
10 
10 
10 
10 
10 
10 
10 
10 
10 
10 
10 
10 
10 
10 
10 
10 
10 
10 
10 
10 
10 
10 
10 
10 
10 
10 
10 
10 
10 
10 
10 
10 
10 
10 
10 
10 
10 
10 
10 
10 
10 
10 
10 
10 
10 
10 
10 
10 
10 
10 
10 
10 
10 
10 
10 
10 
10 
10 
10 
10 
10 
10 
10 
10 
10 
10 
10 
10 
10 
10 
10 
10 
10 
10 
10 
10 
10 
10 
10 
10 
10 
10 
10 
10 
10 
10 
10 
10 
10 
10 
10 
10 
10 
10 
10 
10 
10 
10 
10 
10 
10 
10 
10 
10 
10 
10 
10 
10 
10 
10 
10 
10 
10 
10 
10 
10 
10 
10 
10 
10 
10 
10 
10 
10 
10 
10 
10 
10 
10 
10 
10 
10 
10 
10 
10 
10 
10 
10 
10 
10 
10 
10 
10 
10 
10 
10 
10 
10 
10 
10 
10 
10 
10 
10 
10 
10 
10 
10 
10 
10 
10 
10 
10 
10 
10 
10 
10 
10 
10 
10 
10 
10 
10 
10 
10 
10 
10 
10 
10 
10 
10 
10 
10 
10 
10 
10 
10 
10 
10 
10 
10 
10 
10 
10 
10 
10 
10 
10 
10 
10 
10 
10 
10 
10 
10 
10 
10 
10 
10 
10 
10 
10 
10 
10 
10 
10 
10 
10 
10 
10 
10 
10 
10 
10 
10 
10 
10 
10 
10 
10 
10 
10 
10 
10 
10 
10 
10 
10 
10 
10 
10 
10 
10 
10 
10 
10 
10 
10 
10 
10 
10 
10 
10 
10 
10 
10 
10 
10 
10 
10 
10 
10 
10 
10 
10 
10 
10 
10 
10 
10 
10 
10 
10 
10 
10 
10 
10 
10 
10 
10 
10 
10 
10 
10 
10 
10 
10 
10 
10 
10 
10 
10 
10 
10 
10 
10 
10 
10 
10 
10 
10 
10 
10 
10 
10 
10 
10 
10 
10 
10 
10 
10 
10 
10 
10 
10 
10 
10 
10 
10 
10 
10 
10 
10 
10 
10 
10 
10 
10 
10 
10 
10 
10 
10 
10 
10 
10 
10 
10 
10 
10 
10 
10 
10 
10 
10 
10 
10 
10 
10 
10 
10 
10 
10 
10 
10 
10 
10 
10 
10 
10 
10 
10 
10 
10 
10 
10 
10 
10 
10 
10 
10 
10 
10 
10 
10 
10 
10 
10 
10 
10 
10 
10 
10 
10 
10 
10 
10 
10 
10 
10 
10 
10 
10 
10 
10 
10 
10 
10 
10 
10 
10 
10 
10 
10 
10 
10 
10 
10 
10 
10 
10 
10 
10 
10 
10 
10 
10 
10 
10 
10 
10 
10 
10 
10 
10 
10 
10 
10 
10 
10 
10 
10 
10 
10 
10 
10 
10 
10 
10 
10 
10 
10 
10 
10 
10 
10 
10 
10 
10 
10 
10 
10 
10 
10 
10 
10 
10 
10 
10 
10 
10 
10 
10 
10 
10 
10 
10 
10 
10 
10 
10 
10 
10 
10 
10 
10 
10 
10 
10 
10 
10 
10 
10 
10 
10 
10 
10 
10 
10 
10 
10 
10 
10 
10 
10 
10 
10 
10 
10 
10 
10 
10 
10 
10 
10 
10 
10 
10 
10 
10 
10 
10 
10 
10 
10 
10 
10 
10 
10 
10 
10 
10 
10 
10 
10 
10 
10 
10 
10 
10 
10 
10 
10 
10 
10 
10 
10 
10 
10 
10 
10 
10 
10 
10 
10 
10 
10 
10 
10 
10 
10 
10 
10 
10 
10 
10 
10 
10 
10 
10 
10 
10 
10 
10 
10 
10 
10 
10 
10 
10 
10 
10 
10 
10 
10 
10 
10 
10 
10 
10 
10 
10 
10 
10 
10 
10 
10 
10 
10 
10 
10 
10 
10 
10 
10 
10 
10 
10 
10 
10 
10 
10 
10 
10 
10 
10 
10 
10 
10 
10 
10 
10 
10 
10 
10 
10 
10 
10 
10 
10 
10 
10 
10 
10 
10 
10 
10 
10 
10 
10 
10 
10 
10 
10 
10 
10 
10 
10 
10 
10 
10 
10 
10 
10 
10 
10 
10 
10 
10 
10 
10 
10 
10 
10 
10 
10 
10 
10 
10 
10 
10 
10 
10 
10 
10 
10 
10 
10 
10 
10 
10 
10 
10 
10 
10 
10 
10 
10 
10 
10 
10 
10 
10 
10 
10 
10 
10 
10 
10 
10 
10 
10 
10 
10 
10 
10 
10 
10 
10 
10 
10 
10 
10 
10 
10 
10 
10 
10 
10 
10 
10 
10 
10 
10 
10 
10 
10 
10 
10 
10 
10 
10 
10 
10 
10 
10 
10 
10 
10 
10 
10 
10 
10 
10 
10 
10 
10 
10 
10 
10 
10 
10 
10 
10 
10 
10 
10 
10 
10 
10 
10 
10 
10 
10 
10 
10 
10 
10 
10 
10 
10 
10 
10 
10 
10 
10 
10 
10 
10 
10 
10 
10 
10 
10 
10 
10 
10 
10 
10 
10 
10 
10 
10 
10 
10 
10 
10 
10 
10 
10 
10 
10 
10 
10 
10 
10 
10 
10 
10 
10 
10 
10 
10 
10 
10 
10 
10 
10 
10 
10 
10 
10 
10 
10 
10 
10 
10 
10 
10 
10 
10 
10 
10 
10 
10 
10 
10 
10 
10 
10 
10 
10 
10 
10 
10 
10 
10 
10 
10 
10 
10 
10 
10 
10 
10 
10 
10 
10 
10 
10 
10 
10 
10 
10 
10 
10 
10 
10 
10 
10 
10 
10 
10 
10 
10 
10 
10 
10 
10 
10 
10 
10 
10 
10 
10 
10 
10 
10 
10 
10 
10 
10 
10 
10 
10 
10 
10 
10 
10 
10 
10 
10 
10 
10 
10 
10 
10 
10 
10 
10 
10 
10 
10 
10 
10 
10 
10 
10 
10 
10 
10 
10 
10 
10 
10 
10 
10 
10 
10 
10 
10 
10 
10 
10 
10 
10 
10 
10 
10 
10 
10 
10 
10 
10 
10 
10 
10 
10 
10 
10 
10 
10 
10 
10 
10 
10 
10 
10 
10 
10 
10 
10 
10 
10 
10 
10 
10 
10 
10 
10 
10 
10 
10 
10 
10 
10 
10 
10 
10 
10 
10 
10 
10 
10 
10 
10 
10 
10 
10 
10 
10 
10 
10 
10 
10 
10 
10 
10 
10 
10 
10 
10 
10 
10 
10 
10 
10 
10 
10 
10 
10 
10 
10 
10 
10 
10 
10 
10 
10 
10 
10 
10 
10 
10 
10 
10 
10 
10 
10 
10 
10 
10 
10 
10 
10 
10 
10 
10 
10 
10 
10 
10 
10 
10 
10 
10 
10 
10 
10 
10 
10 
10 
10 
10 
10 
10 
10 
10 
10 
10 
10 
10 
10 
10 
10 
10 
10 
10 
10 
10 
10 
10 
10 
10 
10 
10 
10 
10 
10 
10 
10 
10 
10 
10 
10 
10 
10 
10 
10 
10 
10 
10 
10 
10 
10 
10 
10 
10 
10 
10 
10 
10 
10 
10 
10 
10 
10 
10 
10 
10 
10 
10 
10 
10 
10 
10 
10 
10 
10 
10 
10 
10 
10 
10 
10 
10 
10 
10 
10 
10 
10 
10 
10 
10 
10 
10 
10 
10 
10 
10 
10 
10 
10 
10 
10 
10 
10 
10 
10 
10 
10 
10 
10 
10 
10 
10 
10 
10 
10 
10 
10 
10 
10 
10 
10 
10 
10 
10 
10 
10 
10 
10 
10 
10 
10 
10 
10 
10 
10 
10 
10 
10 
10 
10 
10 
10 
10 
10 
10 
10 
10 
10 
10 
10 
10 
10 
10 
10 
10 
10 
10 
10 
10 
10 
10 
10 
10 
10 
10 
10 
10 
10 
10 
10 
10 
10 
10 
10 
10 
10 
10 
10 
10 
10 
10 
10 
10 
10 
10 
10 
10 
10 
10 
10 
10 
10 
10 
10 
10 
10 
10 
10 
10 
10 
10 
10 
10 
10 
10 
10 
10 
10 
10 
10 
10 
10 
10 
10 
10 
10 
10 
10 
10 
10 
10 
10 
10 
10 
10 
10 
10 
10 
10 
10 
10 
10 
10 
10 
10 
10 
10 
10 
10 
10 
10 
10 
10 
10 
10 
10 
10 
10 
10 
10 
10 
10 
10 
10 
10 
10 
10 
10 
10 
10 
10 
10 
10 
10 
10 
10 
10 
10 
10 
10 
10 
10 
10 
10 
10 
10 
10 
10 
10 
10 
10 
10 
10 
10 
10 
10 
10 
10 
10 
10 
10 
10 
10 
10 
10 
10 
10 
10 
10 
10 
10 
10 
10 
10 
10 
10 
10 
10 
10 
10 
10 
10 
10 
10 
10 
10 
10 
10 
10 
10 
10 
10 
10 
10 
10 
10 
10 
10 
10 
10 
10 
10 
10 
10 
10 
10 
10 
10 
10 
10 
10 
10 
10 
10 
10 
10 
10 
10 
10 
10 
10 
10 
10 
10 
10 
10 
10 
10 
10 
10 
10 
10 
10 
10 
10 
10 
10 
10 
10 
10 
10 
10 
10 
10 
10 
10 
10 
10 
10 
10 
10 
10 
10 
10 
10 
10 
10 
10 
10 
10 
10 
10 
10 
10 
10 
10 
10 
10 
10 
10 
10 
10 
10 
10 
10 
10 
10 
10 
10 
10 
10 
10 
10 
10 
10 
10 
10 
10 
10 
10 
10 
10 
10 
10 
10 
10 
10 
10 
10 
10 
10 
10 
10 
10 
10 
10 
10 
10 
10 
10 
10 
10 
10 
10 
10 
10 
10 
10 
10 
10 
10 
10 
10 
10 
10 
10 
10 
10 
10 
10 
10 
10 
10 
10 
10 
10 
10 
10 
10 
10 
10 
10 
10 
10 
10 
10 
10 
10 
10 
10 
10 
10 
10 
10 
10 
10 
10 
10 
10 
10 
10 
10 
10 
10 
10 
10 
10 
10 
10 
10 
10 
10 
10 
10 
10 
10 
10 
10 
10 
10 
10 
10 
10 
10 
10 
10 
10 
10 
10 
10 
10 
10 
10 
10 
10 
10 
10 
10 
10 
10 
10 
10 
10 
10 
10 
10 
10 
10 
10 
10 
10 
10 
10 
10 
10 
10 
10 
10 
10 
10 
10 
10 
10 
10 
10 
10 
10 
10 
10 
10 
10 
10 
10 
10 
10 
10 
10 
10 
10 
10 
10 
10 
10 
10 
10 
10 
10 
10 
10 
10 
10 
10 
10 
10 
10 
10 
10 
10 
10 
10 
10 
10 
10 
10 
10 
10 
10 
10 
10 
10 
10 
10 
10 
10 
10 
10 
10 
10 
10 
10 
10 
10 
10 
10 
10 
10 
10 
10 
10 
10 
10 
10 
10 
10 
10 
10 
10 
10 
10 
10 
10 
10 
10 
10 
10 
10 
10 
10 
10 
10 
10 
10 
10 
10 
10 
10 
10 
10 
10 
10 
10 
10 
10 
10 
10 
10 
10 
10 
10 
10 
10 
10 
10 
10 
10 
10 
10 
10 
10 
10 
10 
10 
10 
10 
10 
10 
10 
10 
10 
10 
10 
10 
10 
10 
10 
10 
10 
10 
10 
10 
10 
10 
10 
10 
10 
10 
10 
10 
10 
10 
10 
10 
10 
10 
10 
10 
10 
10 
10 
10 
10 
10 
10 
10 
10 
10 
10 
10 
10 
10 
10 
10 
10 
10 
10 
10 
10 
10 
10 
10 
10 
10 
10 
10 
10 
10 
10 
10 
10 
10 
10 
10 
10 
10 
10 
10 
10 
10 
10 
10 
10 
10 
10 
10 
10 
10 
10 
10 
10 
10 
10 
10 
10 
10 
10 
10 
10 
10 
10 
10 
10 
10 
10 
10 
10 
10 
10 
10 
10 
10 
10 
10 
10 
10 
10 
10 
10 
10 
10 
10 
10 
10 
10 
10 
10 
10 
10 
10 
10 
10 
10 
10 
10 
10 
10 
10 
10 
10 
10 
10 
10 
10 
10 
10 
10 
10 
10 
10 
10 
10 
10 
10 
10 
10 
10 
10 
10 
10 
10 
10 
10 
10 
10 
10 
10 
10 
10 
10 
10 
10 
10 
10 
10 
10 
10 
10 
10 
10 
10 
10 
10 
10 
10 
10 
10 
10 
10 
10 
10 
10 
10 
10 
10 
10 
10 
10 
10 
10 
10 
10 
10 
10 
10 
10 
10 
10 
10 
10 
10 
10 
10 
10 
10 
10 
10 
10 
10 
10 
10 
10 
10 
10 
10 
10 
10 
10 
10 
10 
10 
10 
10 
10 
10 
10 
10 
10 
10 
10 
10 
10 
10 
10 
10 
10 
10 
10 
10 
10 
10 
10 
10 
10 
10 
10 
10 
10 
10 
10 
10 
10 
10 
10 
10 
10 
10 
10 
10 
10 
10 
10 
10 
10 
10 
10 
10 
10 
10 
10 
10 
10 
10 
10 
10 
10 
10 
10 
10 
10 
10 
10 
10 
10 
10 
10 
10 
10 
10 
10 
10 
10 
10 
10 
10 
10 
10 
10 
10 
10 
10 
10 
10 
10 
10 
10 
10 
10 
10 
10 
10 
10 
10 
10 
10 
10 
10 
10 
10 
10 
10 
10 
10 
10 
10 
10 
10 
10 
10 
10 
10 
10 
10 
10 
10 
10 
10 
10 
10 
10 
10 
10 
10 
10 
10 
10 
10 
10 
10 
10 
10 
10 
10 
10 
10 
10 
10 
10 
10 
10 
10 
10 
10 
10 
10 
10 
10 
10 
10 
10 
10 
10 
10 
10 
10 
10 
10 
10 
10 
10 
10 
10 
10 
10 
10 
10 
10 
10 
10 
10 
10 
10 
10 
10 
10 
10 
10 
10 
10 
10 
10 
10 
10 
10 
10 
10 
10 
10 
10 
10 
10 
10 
10 
10 
10 
10 
10 
10 
10 
10 
10 
10 
10 
10 
10 
10 
10 
10 
10 
10 
10 
10 
10 
10 
10 
10 
10 
10 
10 
10 
10 
10 
10 
10 
10 
10 
10 
10 
10 
10 
10 
10 
10 
10 
10 
10 
10 
10 
10 
10 
10 
10 
10 
10 
10 
10 
10 
10 
10 
10 
10 
10 
10 
10 
10 
10 
10 
10 
10 
10 
10 
10 
10 
10 
10 
10 
10 
10 
10 
10 
10 
10 
10 
10 
10 
10 
10 
10 
10 
10 
10 
10 
10 
10 
10 
10 
10 
10 
10 
10 
10 
10 
10 
10 
10 
10 
10 
10 
10 
10 
10 
10 
10 
10 
10 
10 
10 
10 
10 
10 
10 
10 
10 
10 
10 
10 
10 
10 
10 
10 
10 
10 
10 
10 
10 
10 
10 
10 
10 
10 
10 
10 
10 
10 
10 
10 
10 
10 
10 
10 
10 
10 
10 
10 
10 
10 
10 
10 
10 
10 
10 
10 
10 
10 
10 
10 
10 
10 
10 
10 
10 
10 
10 
10 
10 
10 
10 
10 
10 
10 
10 
10 
10 
10 
10 
10 
10 
10 
10 
10 
10 
10 
10 
10 
10 
10 
10 
10 
10 
10 
10 
10 
10 
10 
10 
10 
10 
10 
10 
10 
10 
10 
10 
10 
10 
10 
10 
10 
10 
10 
10 
10 
10 
10 
10 
10 
10 
10 
10 
10 
10 
10 
10 
10 
10 
10 
10 
10 
10 
10 
10 
10 
10 
10 
10 
10 
10 
10 
10 
10 
10 
10 
10 
10 
10 
10 
10 
10 
10 
10 
10 
10 
10 
10 
10 
10 
10 
10 
10 
10 
10 
10 
10 
10 
10 
10 
10 
10 
10 
10 
10 
10 
10 
10 
10 
10 
10 
10 
10 
10 
10 
10 
10 
10 
10 
10 
10 
10 
10 
10 
10 
10 
10 
10 
10 
10 
10 
10 
10 
10 
10 
10 
10 
10 
10 
10 
10 
10 
10 
10 
10 
10 
10 
10 
10 
10 
10 
10 
10 
10 
10 
10 
10 
10 
10 
10 
10 
10 
10 
10 
10 
10 
10 
10 
10 
10 
10 
10 
10 
10 
10 
10 
10 
10 
10 
10 
10 
10 
10 
10 
10 
10 
10 
10 
10 
10 
10 
10 
10 
10 
10 
10 
10 
10 
10 
10 
10 
10 
10 
10 
10 
10 
10 
10 
10 
10 
10 
10 
10 
10 
10 
10 
10 
10 
10 
10 
10 
10 
10 
10 
10 
10 
10 
10 
10 
10 
10 
10 
10 
10 
10 
10 
10 
10 
10 
10 
10 
10 
10 
10 
10 
10 
10 
10 
10 
10 
10 
10 
10 
10 
10 
10 
10 
10 
10 
10 
10 
10 
10 
10 
10 
10 
10 
10 
10 
10 
10 
10 
10 
10 
10 
10 
10 
10 
10 
10 
10 
10 
10 
10 
10 
10 
10 
10 
10 
10 
10 
10 
10 
10 
10 
10 
10 
10 
10 
10 
10 
10 
10 
10 
10 
10 
10 
10 
10 
10 
10 
10 
10 
10 
10 
10 
10 
10 
10 
10 
10 
10 
10 
10 
10 
10 
10 
10 
10 
10 
10 
10 
10 
10 
10 
10 
10 
10 
10 
10 
10 
10 
10 
10 
10 
10 
10 
10 
10 
10 
10 
10 
10 
10 
10 
10 
10 
10 
10 
10 
10 
10 
10 
10 
10 
10 
10 
10 
10 
10 
10 
10 
10 
10 
10 
10 
10 
10 
10 
10 
10 
10 
10 
10 
10 
10 
10 
10 
10 
10 
10 
10 
10 
10 
10 
10 
10 
10 
10 
10 
10 
10 
10 
10 
10 
10 
10 
10 
10 
10 
10 
10 
10 
10 
10 
10 
10 
10 
10 
10 
10 
10 
10 
10 
10 
10 
10 
10 
10 
10 
10 
10 
10 
10 
10 
10 
10 
10 
10 
10 
10 
10 
10 
10 
10 
10 
10 
10 
10 
10 
10 
10 
10 
10 
10 
10 
10 
10 
10 
10 
10 
10 
10 
10 
10 
10 
10 
10 
10 
10 
10 
10 
10 
10 
10 
10 
10 
10 
10 
10 
10 
10 
10 
10 
10 
10 
10 
10 
10 
10 
10 
10 
10 
10 
10 
10 
10 
10 
10 
10 
10 
10 
10 
10 
10 
10 
10 
10 
10 
10 
10 
10 
10 
10 
10 
10 
10 
10 
10 
10 
10 
10 
10 
10 
10 
10 
10 
10 
10 
10 
10 
10 
10 
10 
10 
10 
10 
10 
10 
10 
10 
10 
10 
10 
10 
10 
10 
10 
10 
10 
10 
10 
10 
10 
10 
10 
10 
10 
10 
10 
10 
10 
10 
10 
10 
10 
10 
10 
10 
10 
10 
10 
10 
10 
10 
10 
10 
10 
10 
10 
10 
10 
10 
10 
10 
10 
10 
10 
10 
10 
10 
10 
10 
10 
10 
10 
10 
10 
10 
10 
10 
10 
10 
10 
10 
10 
10 
10 
10 
10 
10 
10 
10 
10 
10 
10 
10 
10 
10 
10 
10 
10 
10 
10 
10 
10 
10 
10 
10 
10 
10 
10 
10 
10 
10 
10 
10 
10 
10 
10 
10 
10 
10 
10 
10 
10 
10 
10 
10 
10 
10 
10 
10 
10 
10 
10 
10 
10 
10 
10 
10 
10 
10 
10 
10 
10 
10 
10 
10 
10 
10 
10 
10 
10 
10 
10 
10 
10 
10 
10 
10 
10 
10 
10 
10 
10 
10 
10 
10 
10 
10 
10 
10 
10 
10 
10 
10 
10 
10 
10 
10 
10 
10 
10 
10 
10 
10 
10 
10 
10 
10 
10 
10 
10 
10 
10 
10 
10 
10 
10 
10 
10 
10 
10 
10 
10 
10 
10 
10 
10 
10 
10 
10 
10 
10 
10 
10 
10 
10 
10 
10 
10 
10 
10 
10 
10 
10 
10 
10 
10 
10 
10 
10 
10 
10 
10 
10 
10 
10 
10 
10 
10 
10 
10 
10 
10 
10 
10 
10 
10 
10 
10 
10 
10 
10 
10 
10 
10 
10 
10 
10 
10 
10 
10 
10 
10 
10 
10 
10 
10 
10 
10 
10 
10 
10 
10 
10 
10 
10 
10 
10 
10 
10 
10 
10 
10 
10 
10 
10 
10 
10 
10 
10 
10 
10 
10 
10 
10 
10 
10 
10 
10 
10 
10 
10 
10 
10 
10 
10 
10 
10 
10 
10 
10 
10 
10 
10 
10 
10 
10 
10 
10 
10 
10 
10 
10 
10 
10 
10 
10 
10 
10 
10 
10 
10 
10 
10 
10 
10 
10 
10 
10 
10 
10 
10 
10 
10 
10 
10 
10 
10 
10 
10 
10 
10 
10 
10 
10 
10 
10 
10 
10 
10 
10 
10 
10 
10 
10 
10 
10 
10 
10 
10 
10 
10 
10 
10 
10 
10 
10 
10 
10 
10 
10 
10 
10 
10 
10 
10 
10 
10 
10 
10 
10 
10 
10 
10 
10 
10 
10 
10 
10 
10 
10 
10 
10 
10 
10 
10 
10 
10 
10 
10 
10 
10 
10 
10 
10 
10 
10 
10 
10 
10 
10 
10 
10 
10 
10 
10 
10 
10 
10 
10 
10 
10 
10 
10 
10 
10 
10 
10 
10 
10 
10 
10 
10 
10 
10 
10 
10 
10 
10 
10 
10 
10 
10 
10 
10 
10 
10 
10 
10 
10 
10 
10 
10 
10 
10 
10 
10 
10 
10 
10 
10 
10 
10 
10 
10 
10 
10 
10 
10 
10 
10 
10 
10 
10 
10 
10 
10 
10 
10 
10 
10 
10 
10 
10 
10 
10 
10 
10 
10 
10 
10 
10 
10 
10 
10 
10 
10 
10 
10 
10 
10 
10 
10 
10 
10 
10 
10 
10 
10 
10 
10 
10 
10 
10 
10 
10 
10 
10 
10 
10 
10 
10 
10 
10 
10 
10 
10 
10 
10 
10 
10 
10 
10 
10 
10 
10 
10 
10 
10 
10 
10 
10 
10 
10 
10 
10 
10 
10 
10 
10 
10 
10 
10 
10 
10 
10 
10 
10 
10 
10 
10 
10 
10 
10 
10 
10 
10 
10 
10 
10 
10 
10 
10 
10 
10 
10 
10 
10 
10 
10 
10 
10 
10 
10 
10 
10 
10 
10 
10 
10 
10 
10 
10 
10 
10 
10 
10 
10 
10 
10 
10 
10 
10 
10 
10 
10 
10 
10 
10 
10 
10 
10 
10 
10 
10 
10 
10 
10 
10 
10 
10 
10 
10 
10 
10 
10 
10 
10 
10 
10 
10 
10 
10 
10 
10 
10 
10 
10 
10 
10 
10 
10 
10 
10 
10 
10 
10 
10 
10 
10 
10 
10 
10 
10 
10 
10 
10 
10 
10 
10 
10 
10 
10 
10 
10 
10 
10 
10 
10 
10 
10 
10 
10 
10 
10 
10 
10 
10 
10 
10 
10 
10 
10 
10 
10 
10 
10 
10 
10 
10 
10 
10 
10 
10 
10 
10 
10 
10 
10 
10 
10 
10 
10 
10 
10 
10 
10 
10 
10 
10 
10 
10 
10 
10 
10 
10 
10 
10 
10 
10 
10 
10 
10 
10 
10 
10 
10 
10 
10 
10 
10 
10 
10 
10 
10 
10 
10 
10 
10 
10 
10 
10 
10 
10 
10 
10 
10 
10 
10 
10 
10 
10 
10 
10 
10 
10 
10 
10 
10 
10 
10 
10 
10 
10 
10 
10 
10 
10 
10 
10 
10 
10 
10 
10 
10 
10 
10 
10 
10 
10 
10 
10 
10 
10 
10 
10 
10 
10 
10 
10 
10 
10 
10 
10 
10 
10 
10 
10 
10 
10 
10 
10 
10 
10 
10 
10 
10 
10 
10 
10 
10 
10 
10 
10 
10 
10 
10 
10 
10 
10 
10 
10 
10 
10 
10 
10 
10 
10 
10 
10 
10 
10 
10 
10 
10 
10 
10 
10 
10 
10 
10 
10 
10 
10 
10 
10 
10 
10 
10 
10 
10 
10 
10 
10 
10 
10 
10 
10 
10 
10 
10 
10 
10 
10 
10 
10 
10 
10 
10 
10 
10 
10 
10 
10 
10 
10 
10 
10 
10 
10 
10 
10 
10 
10 
10 
10 
10 
10 
10 
10 
10 
10 
10 
10 
10 
10 
10 
10 
10 
10 
10 
10 
10 
10 
10 
10 
10 
10 
10 
10 
10 
10 
10 
10 
10 
10 
10 
10 
10 
10 
10 
10 
10 
10 
10 
10 
10 
10 
10 
10 
10 
10 
10 
10 
10 
10 
10 
10 
10 
10 
10 
10 
10 
10 
10 
10 
10 
10 
10 
10 
10 
10 
10 
10 
10 
10 
10 
10 
10 
10 
10 
10 
10 
10 
10 
10 
10 
10 
10 
10 
10 
10 
10 
10 
10 
10 
10 
10 
10 
10 
10 
10 
10 
10 
10 
10 
10 
10 
10 
10 
10 
10 
10 
10 
10 
10 
10 
10 
10 
10 
10 
10 
10 
10 
10 
10 
10 
10 
10 
10 
10 
10 
10 
10 
10 
10 
10 
10 
10 
10 
10 
10 
10 
10 
10 
10 
10 
10 
10 
10 
10 
10 
10 
10 
10 
10 
10 
10 
10 
10 
10 
10 
10 
10 
10 
10 
10 
10 
10 
10 
10 
10 
10 
10 
10 
10 
10 
10 
10 
10 
10 
10 
10 
10 
10 
10 
10 
10 
10 
10 
10 
10 
10 
10 
10 
10 
10 
10 
10 
10 
10 
10 
10 
10 
10 
10 
10 
10 
10 
10 
10 
10 
10 
10 
10 
10 
10 
10 
10 
10 
10 
10 
10 
10 
10 
10 
10 
10 
10 
10 
10 
10 
10 
10 
10 
10 
10 
10 
10 
10 
10 
10 
10 
10 
10 
10 
10 
10 
10 
10 
10 
10 
10 
10 
10 
10 
10 
10 
10 
10 
10 
10 
10 
10 
10 
10 
10 
10 
10 
10 
10 
10 
10 
10 
10 
10 
10 
10 
10 
10 
10 
10 
10 
10 
10 
10 
10 
10 
10 
10 
10 
10 
10 
10 
10 
10 
10 
10 
10 
10 
10 
10 
10 
10 
10 
10 
10 
10 
10 
10 
10 
10 
10 
10 
10 
10 
10 
10 
10 
10 
10 
10 
10 
10 
10 
10 
10 
10 
10 
10 
10 
10 
10 
10 
10 
10 
10 
10 
10 
10 
10 
10 
10 
10 
10 
10 
10 
10 
10 
10 
10 
10 
10 
10 
10 
10 
10 
10 
10 
10 
10 
10 
10 
10 
10 
10 
10 
10 
10 
10 
10 
10 
10 
10 
10 
10 
10 
10 
10 
10 
10 
10 
10 
10 
10 
10 
10 
10 
10 
10 
10 
10 
10 
10 
10 
10 
10 
10 
10 
10 
10 
10 
10 
10 
10 
10 
10 
10 
10 
10 
10 
10 
10 
10 
10 
10 
10 
10 
10 
10 
10 
10 
10 
10 
10 
10 
10 
10 
10 
10 
10 
10 
10 
10 
10 
10 
10 
10 
10 
10 
10 
10 
10 
10 
10 
10 
10 
10 
10 
10 
10 
10 
10 
10 
10 
10 
10 
10 
10 
10 
10 
10 
10 
10 
10 
10 
10 
10 
10 
10 
10 
10 
10 
10 
10 
10 
10 
10 
10 
10 
10 
10 
10 
10 
10 
10 
10 
10 
10 
10 
10 
10 
10 
10 
10 
10 
10 
10 
10 
10 
10 
10 
10 
10 
10 
10 
10 
10 
10 
10 
10 
10 
10 
10 
10 
10 
10 
10 
10 
10 
10 
10 
10 
10 
10 
10 
10 
10 
10 
10 
10 
10 
10 
10 
10 
10 
10 
10 
10 
10 
10 
10 
10 
10 
10 
10 
10 
10 
10 
10 
10 
10 
10 
10 
10 
10 
10 
10 
10 
10 
10 
10 
10 
10 
10 
10 
10 
10 
10 
10 
10 
10 
10 
10 
10 
10 
10 
10 
10 
10 
10 
10 
10 
10 
10 
10 
10 
10 
10 
10 
10 
10 
10 
10 
10 
10 
10 
10 
10 
10 
10 
10 
10 
10 
10 
10 
10 
10 
10 
10 
10 
10 
10 
10 
10 
10 
10 
10 
10 
10 
10 
10 
10 
10 
10 
10 
10 
10 
10 
10 
10 
10 
10 
10 
10 
10 
10 
10 
10 
10 
10 
10 
10 
10 
10 
10 
10 
10 
10 
10 
10 
10 
10 
10 
10 
10 
10 
10 
10 
10 
10 
10 
10 
10 
10 
10 
10 
10 
10 
10 
10 
10 
10 
10 
10 
10 
10 
10 
10 
10 
10 
10 
10 
10 
10 
10 
10 
10 
10 
10 
10 
10 
10 
10 
10 
10 
10 
10 
10 
10 
10 
10 
10 
10 
10 
10 
10 
10 
10 
10 
10 
10 
10 
10 
10 
10 
10 
10 
10 
10 
10 
10 
10 
10 
10 
10 
10 
10 
10 
10 
10 
10 
10 
10 
10 
10 
10 
10 
10 
10 
10 
10 
10 
10 
10 
10 
10 
10 
10 
10 
10 
10 
10 
10 
10 
10 
10 
10 
10 
10 
10 
10 
10 
10 
10 
10 
10 
10 
10 
10 
10 
10 
10 
10 
10 
10 
10 
10 
10 
10 
10 
10 
10 
10 
10 
10 
10 
10 
10 
10 
10 
10 
10 
10 
10 
10 
10 
10 
10 
10 
10 
10 
10 
10 
10 
10 
10 
10 
10 
10 
10 
10 
10 
10 
10 
10 
10 
10 
10 
10 
10 
10 
10 
10 
10 
10 
10 
10 
10 
10 
10 
10 
10 
10 
10 
10 
10 
10 
10 
10 
10 
10 
10 
10 
10 
10 
10 
10 
10 
10 
10 
10 
10 
10 
10 
10 
10 
10 
10 
10 
10 
10 
10 
10 
10 
10 
10 
10 
10 
10 
10 
10 
10 
10 
10 
10 
10 
10 
10 
10 
10 
10 
10 
10 
10 
10 
10 
10 
10 
10 
10 
10 
10 
10 
10 
10 
10 
10 
10 
10 
10 
10 
10 
10 
10 
10 
10 
10 
10 
10 
10 
10 
10 
10 
10 
10 
10 
10 
10 
10 
10 
10 
10 
10 
10 
10 
10 
10 
10 
10 
10 
10 
10 
10 
10 
10 
10 
10 
10 
10 
10 
10 
10 
10 
10 
10 
10 
10 
10 
10 
10 
10 
10 
10 
10 
10 
10 
10 
10 
10 
10 
10 
10 
10 
10 
10 
10 
10 
10 
10 
10 
10 
10 
10 
10 
10 
10 
10 
10 
10 
10 
10 
10 
10 
10 
10 
10 
10 
10 
10 
10 
10 
10 
10 
10 
10 
10 
10 
10 
10 
10 
10 
10 
10 
10 
10 
10 
10 
10 
10 
10 
10 
10 
10 
10 
10 
10 
10 
10 
10 
10 
10 
10 
10 
10 
10 
10 
10 
10 
10 
10 
10 
10 
10 
10 
10 
10 
10 
10 
10 
10 
10 
10 
10 
10 
10 
10 
10 
10 
10 
10 
10 
10 
10 
10 
10 
10 
10 
10 
10 
10 
10 
10 
10 
10 
10 
10 
10 
10 
10 
10 
10 
10 
10 
10 
10 
10 
10 
10 
10 
10 
10 
10 
10 
10 
10 
10 
10 
10 
10 
10 
10 
10 
10 
10 
10 
10 
10 
10 
10 
10 
10 
10 
10 
10 
10 
10 
10 
10 
10 
10 
10 
10 
10 
10 
10 
10 
10 
10 
10 
10 
10 
10 
10 
10 
10 
10 
10 
10 
10 
10 
10 
10 
10 
10 
10 
10 
10 
10 
10 
10 
10 
10 
10 
10 
10 
10 
10 
10 
10 
10 
10 
10 
10 
10 
10 
10 
10 
10 
10 
10 
10 
10 
10 
10 
10 
10 
10 
10 
10 
10 
10 
10 
10 
10 
10 
10 
10 
10 
10 
10 
10 
10 
10 
10 
10 
10 
10 
10 
10 
10 
10 
10 
10 
10 
10 
10 
10 
10 
10 
10 
10 
10 
10 
10 
10 
10 
10 
10 
10 
10 
10 
10 
10 
10 
10 
10 
10 
10 
10 
10 
10 
10 
10 
10 
10 
10 
10 
10 
10 
10 
10 
10 
10 
10 
10 
10 
10 
10 
10 
10 
10 
10 
10 
10 
10 
10 
10 
10 
10 
10 
10 
10 
10 
10 
10 
10 
10 
10 
10 
10 
10 
10 
10 
10 
10 
10 
10 
10 
10 
10 
10 
10 
10 
10 
10 
10 
10 
10 
10 
10 
10 
10 
10 
10 
10 
10 
10 
10 
10 
10 
10 
10 
10 
10 
10 
10 
10 
10 
10 
10 
10 
10 
10 
10 
10 
10 
10 
10 
10 
10 
10 
10 
10 
10 
10 
10 
10 
10 
10 
10 
10 
10 
10 
10 
10 
10 
10 
10 
10 
10 
10 
10 
10 
10 
10 
10 
10 
10 
10 
10 
10 
10 
10 
10 
10 
10 
10 
10 
10 
10 
10 
10 
10 
10 
10 
10 
10 
10 
10 
10 
10 
10 
10 
10 
10 
10 
10 
10 
10 
10 
10 
10 
10 
10 
10 
10 
10 
10 
10 
10 
10 
10 
10 
10 
10 
10 
10 
10 
10 
10 
10 
10 
10 
10 
10 
10 
10 
10 
10 
10 
10 
10 
10 
10 
10 
10 
10 
10 
10 
10 
10 
10 
10 
10 
10 
10 
10 
10 
10 
10 
10 
10 
10 
10 
10 
10 
10 
10 
10 
10 
10 
10 
10 
10 
10 
10 
10 
10 
10 
10 
10 
10 
10 
10 
10 
10 
10 
10 
10 
10 
10 
10 
10 
10 
10 
10 
10 
10 
10 
10 
10 
10 
10 
10 
10 
10 
10 
10 
10 
10 
10 
10 
10 
10 
10 
10 
10 
10 
10 
10 
10 
10 
10 
10 
10 
10 
10 
10 
10 
10 
10 
10 
10 
10 
10 
10 
10 
10 
10 
10 
10 
10 
10 
10 
10 
10 
10 
10 
10 
10 
10 
10 
10 
10 
10 
10 
10 
10 
10 
10 
10 
10 
10 
10 
10 
10 
10 
10 
10 
10 
10 
10 
10 
10 
10 
10 
10 
10 
10 
10 
10 
10 
10 
10 
10 
10 
10 
10 
10 
10 
10 
10 
10 
10 
10 
10 
10 
10 
10 
10 
10 
10 
10 
10 
10 
10 
10 
10 
10 
10 
10 
10 
10 
10 
10 
10 
10 
10 
10 
10 
10 
10 
10 
10 
10 
10 
10 
10 
10 
10 
10 
10 
10 
10 
10 
10 
10 
10 
10 
10 
10 
10 
10 
10 
10 
10 
10 
10 
10 
10 
10 
10 
10 
10 
10 
10 
10 
10 
10 
10 
10 
10 
10 
10 
10 
10 
10 
10 
10 
10 
10 
10 
10 
10 
10 
10 
10 
10 
10 
10 
10 
10 
10 
10 
10 
10 
10 
10 
10 
10 
10 
10 
10 
10 
10 
10 
10 
10 
10 
10 
10 
10 
10 
10 
10 
10 
10 
10 
10 
10 
10 
10 
10 
10 
10 
10 
10 
10 
10 
10 
10 
10 
10 
10 
10 
10 
10 
10 
10 
10 
10 
10 
10 
10 
10 
10 
10 
10 
10 
10 
10 
10 
10 
10 
10 
10 
10 
10 
10 
10 
10 
10 
10 
10 
10 
10 
10 
10 
10 
10 
10 
10 
10 
10 
10 
10 
10 
10 
10 
10 
10 
10 
10 
10 
10 
10 
10 
10 
10 
10 
10 
10 
10 
10 
10 
10 
10 
10 
10 
10 
10 
10 
10 
10 
10 
10 
10 
10 
10 
10 
10 
10 
10 
10 
10 
10 
10 
10 
10 
10 
10 
10 
10 
10 
10 
10 
10 
10 
10 
10 
10 
10 
10 
10 
10 
10 
10 
10 
10 
10 
10 
10 
10 
10 
10 
10 
10 
10 
10 
10 
10 
10 
10 
10 
10 
10 
10 
10 
10 
10 
10 
10 
10 
10 
10 
10 
10 
10 
10 
10 
10 
10 
10 
10 
10 
10 
10 
10 
10 
10 
10 
10 
10 
10 
10 
10 
10 
10 
10 
10 
10 
10 
10 
10 
10 
10 
10 
10 
10 
10 
10 
10 
10 
10 
10 
10 
10 
10 
10 
10 
10 
10 
10 
10 
10 
10 
10 
10 
10 
10 
10 
10 
10 
10 
10 
10 
10 
10 
10 
10 
10 
10 
10 
10 
10 
10 
10 
10 
10 
10 
10 
10 
10 
10 
10 
10 
10 
10 
10 
10 
10 
10 
10 
10 
10 
10 
10 
10 
10 
10 
10 
10 
10 
10 
10 
10 
10 
10 
10 
10 
10 
10 
10 
10 
10 
10 
10 
10 
10 
10 
10 
10 
10 
10 
10 
10 
10 
10 
10 
10 
10 
10 
10 
10 
10 
10 
10 
10 
10 
10 
10 
10 
10 
10 
10 
10 
10 
10 
10 
10 
10 
10 
10 
10 
10 
10 
10 
10 
10 
10 
10 
10 
10 
10 
10 
10 
10 
10 
10 
10 
10 
10 
10 
10 
10 
10 
10 
10 
10 
10 
10 
10 
10 
10 
10 
10 
10 
10 
10 
10 
10 
10 
10 
10 
10 
10 
10 
10 
10 
10 
10 
10 
10 
10 
10 
10 
10 
10 
10 
10 
10 
10 
10 
10 
10 
10 
10 
10 
10 
10 
10 
10 
10 
10 
10 
10 
10 
10 
10 
10 
10 
10 
10 
10 
10 
10 
10 
10 
10 
10 
10 
10 
10 
10 
10 
10 
10 
10 
10 
10 
10 
10 
10 
10 
10 
10 
10 
10 
10 
10 
10 
10 
10 
10 
10 
10 
10 
10 
10 
10 
10 
10 
10 
10 
10 
10 
10 
10 
10 
10 
10 
10 
10 
10 
10 
10 
10 
10 
10 
10 
10 
10 
10 
10 
10 
10 
10 
10 
10 
10 
10 
10 
10 
10 
10 
10 
10 
10 
10 
10 
10 
10 
10 
10 
10 
10 
10 
10 
10 
10 
10 
10 
10 
10 
10 
10 
10 
10 
10 
10 
10 
10 
10 
10 
10 
10 
10 
10 
10 
10 
10 
10 
10 
10 
10 
10 
10 
10 
10 
10 
10 
10 
10 
10 
10 
10 
10 
10 
10 
10 
10 
10 
10 
10 
10 
10 
10 
10 
10 
10 
10 
10 
10 
10 
10 
10 
10 
10 
10 
10 
10 
10 
10 
10 
10 
10 
10 
10 
10 
10 
10 
10 
10 
10 
10 
10 
10 
10 
10 
10 
10 
10 
10 
10 
10 
10 
10 
10 
10 
10 
10 
10 
10 
10 
10 
10 
10 
10 
10 
10 
10 
10 
10 
10 
10 
10 
10 
10 
10 
10 
10 
10 
10 
10 
10 
10 
10 
10 
10 
10 
10 
10 
10 
10 
10 
10 
10 
10 
10 
10 
10 
10 
10 
10 
10 
10 
10 
10 
10 
10 
10 
10 
10 
10 
10 
10 
10 
10 
10 
10 
10 
10 
10 
10 
10 
10 
10 
10 
10 
10 
10 
10 
10 
10 
10 
10 
10 
10 
10 
10 
10 
10 
10 
10 
10 
10 
10 
10 
10 
10 
10 
10 
10 
10 
10 
10 
10 
10 
10 
10 
10 
10 
10 
10 
10 
10 
10 
10 
10 
10 
10 
10 
10 
10 
10 
10 
10 
10 
10 
10 
10 
10 
10 
10 
10 
10 
10 
10 
10 
10 
10 
10 
10 
10 
10 
10 
10 
10 
10 
10 
10 
10 
10 
10 
10 
10 
10 
10 
10 
10 
10 
10 
10 
10 
10 
10 
10 
10 
10 
10 
10 
10 
10 
10 
10 
10 
10 
10 
10 
10 
10 
10 
10 
10 
10 
10 
10 
10 
10 
10 
10 
10 
10 
10 
10 
10 
10 
10 
10 
10 
10 
10 
10 
10 
10 
10 
10 
10 
10 
10 
10 
10 
10 
10 
10 
10 
10 
10 
10 
10 
10 
10 
10 
10 
10 
10 
10 
10 
10 
10 
10 
10 
10 
10 
10 
10 
10 
10 
10 
10 
10 
10 
10 
10 
10 
10 
10 
10 
10 
10 
10 
10 
10 
10 
10 
10 
10 
10 
10 
10 
10 
10 
10 
10 
10 
10 
10 
10 
10 
10 
10 
10 
10 
10 
10 
10 
10 
10 
10 
10 
10 
10 
10 
10 
10 
10 
10 
10 
10 
10 
10 
10 
10 
10 
10 
10 
10 
10 
10 
10 
10 
10 
10 
10 
10 
10 
10 
10 
10 
10 
10 
10 
10 
10 
10 
10 
10 
10 
10 
10 
10 
10 
10 
10 
10 
10 
10 
10 
10 
10 
10 
10 
10 
10 
10 
10 
10 
10 
10 
10 
10 
10 
10 
10 
10 
10 
10 
10 
10 
10 
10 
10 
10 
10 
10 
10 
10 
10 
10 
10 
10 
10 
10 
10 
10 
10 
10 
10 
10 
10 
10 
10 
10 
10 
10 
10 
10 
10 
10 
10 
10 
10 
10 
10 
10 
10 
10 
10 
10 
10 
10 
10 
10 
10 
10 
10 
10 
10 
10 
10 
10 
10 
10 
10 
10 
10 
10 
10 
10 
10 
10 
10 
10 
10 
10 
10 
10 
10 
10 
10 
10 
10 
10 
10 
10 
10 
10 
10 
10 
10 
10 
10 
10 
10 
10 
10 
10 
10 
10 
10 
10 
10 
10 
10 
10 
10 
10 
10 
10 
10 
10 
10 
10 
10 
10 
10 
10 
10 
10 
10 
10 
10 
10 
10 
10 
10 
10 
10 
10 
10 
10 
10 
10 
10 
10 
10 
10 
10 
10 
10 
10 
10 
10 
10 
10 
10 
10 
10 
10 
10 
10 
10 
10 
10 
10 
10 
10 
10 
10 
10 
10 
10 
10 
10 
10 
10 
10 
10 
10 
10 
10 
10 
10 
10 
10 
10 
10 
10 
10 
10 
10 
10 
10 
10 
10 
10 
10 
10 
10 
10 
10 
10 
10 
10 
10 
10 
10 
10 
10 
10 
10 
10 
10 
10 
10 
10 
10 
10 
10 
10 
10 
10 
10 
10 
10 
10 
10 
10 
10 
10 
10 
10 
10 
10 
10 
10 
10 
10 
10 
10 
10 
10 
10 
10 
10 
10 
10 
10 
10 
10 
10 
10 
10 
10 
10 
10 
10 
10 
10 
10 
10 
10 
10 
10 
10 
10 
10 
10 
10 
10 
10 
10 
10 
10 
10 
10 
10 
10 
10 
10 
10 
10 
10 
10 
10 
10 
10 
10 
10 
10 
10 
10 
10 
10 
10 
10 
10 
10 
10 
10 
10 
10 
10 
10 
10 
10 
10 
10 
10 
10 
10 
10 
10 
10 
10 
10 
10 
10 
10 
10 
10 
10 
10 
10 
10 
10 
10 
10 
10 
10 
10 
10 
10 
10 
10 
10 
10 
10 
10 
10 
10 
10 
10 
10 
10 
10 
10 
10 
10 
10 
10 
10 
10 
10 
10 
10 
10 
10 
10 
10 
10 
10 
10 
10 
10 
10 
10 
10 
10 
10 
10 
10 
10 
10 
10 
10 
10 
10 
10 
10 
10 
10 
10 
10 
10 
10 
10 
10 
10 
10 
10 
10 
10 
10 
10 
10 
10 
10 
10 
10 
10 
10 
10 
10 
10 
10 
10 
10 
10 
10 
10 
10 
10 
10 
10 
10 
10 
10 
10 
10 
10 
10 
10 
10 
10 
10 
10 
10 
10 
10 
10 
10 
10 
10 
10 
10 
10 
10 
10 
10 
10 
10 
10 
10 
10 
10 
10 
10 
10 
10 
10 
10 
10 
10 
10 
10 
10 
10 
10 
10 
10 
10 
10 
10 
10 
10 
10 
10 
10 
10 
10 
10 
10 
10 
10 
10 
10 
10 
10 
10 
10 
10 
10 
10 
10 
10 
10 
10 
10 
10 
10 
10 
10 
10 
10 
10 
10 
10 
10 
10 
10 
10 
10 
10 
10 
10 
10 
10 
10 
10 
10 
10 
10 
10 
10 
10 
10 
10 
10 
10 
10 
10 
10 
10 
10 
10 
10 
10 
10 
10 
10 
10 
10 
10 
10 
10 
10 
10 
10 
10 
10 
10 
10 
10 
10 
10 
10 
10 
10 
10 
10 
10 
10 
10 
10 
10 
10 
10 
10 
10 
10 
10 
10 
10 
10 
10 
10 
10 
10 
10 
10 
10 
10 
10 
10 
10 
10 
10 
10 
10 
10 
10 
10 
10 
10 
10 
10 
10 
10 
10 
10 
10 
10 
10 
10 
10 
10 
10 
10 
10 
10 
10 
10 
10 
10 
10 
10 
10 
10 
10 
10 
10 
10 
10 
10 
10 
10 
10 
10 
10 
10 
10 
10 
10 
10 
10 
10 
10 
10 
10 
10 
10 
10 
10 
10 
10 
10 
10 
10 
10 
10 
10 
10 
10 
10 
10 
10 
10 
10 
10 
10 
10 
10 
10 
10 
10 
10 
10 
10 
10 
10 
10 
10 
10 
10 
10 
10 
10 
10 
10 
10 
10 
10 
10 
10 
10 
10 
10 
10 
10 
10 
10 
10 
10 
10 
10 
10 
10 
10 
10 
10 
10 
10 
10 
10 
10 
10 
10 
10 
10 
10 
10 
10 
10 
10 
10 
10 
10 
10 
10 
10 
10 
10 
10 
10 
10 
10 
10 
10 
10 
10 
10 
10 
10 
10 
10 
10 
10 
10 
10 
10 
10 
10 
10 
10 
10 
10 
10 
10 
10 
10 
10 
10 
10 
10 
10 
10 
10 
10 
10 
10 
10 
10 
10 
10 
10 
10 
10 
10 
10 
10 
10 
10 
10 
10 
10 
10 
10 
10 
10 
10 
10 
10 
10 
10 
10 
10 
10 
10 
10 
10 
10 
10 
10 
10 
10 
10 
10 
10 
10 
10 
10 
10 
10 
10 
10 
10 
10 
10 
10 
10 
10 
10 
10 
10 
10 
10 
10 
10 
10 
10 
10 
10 
10 
10 
10 
10 
10 
10 
10 
10 
10 
10 
10 
10 
10 
10 
10 
10 
10 
10 
10 
10 
10 
10 
10 
10 
10 
10 
10 
10 
10 
10 
10 
10 
10 
10 
10 
10 
10 
10 
10 
10 
10 
10 
10 
10 
10 
10 
10 
10 
10 
10 
10 
10 
10 
10 
10 
10 
10 
10 
10 
10 
10 
10 
10 
10 
10 
10 
10 
10 
10 
10 
10 
10 
10 
10 
10 
10 
10 
10 
10 
10 
10 
10 
10 
10 
10 
10 
10 
10 
10 
10 
10 
10 
10 
10 
10 
10 
10 
10 
10 
10 
10 
10 
10 
10 
10 
10 
10 
10 
10 
10 
10 
10 
10 
10 
10 
10 
10 
10 
10 
10 
10 
10 
10 
10 
10 
10 
10 
10 
10 
10 
10 
10 
10 
10 
10 
10 
10 
10 
10 
10 
10 
10 
10 
10 
10 
10 
10 
10 
10 
10 
10 
10 
10 
10 
10 
10 
10 
10 
10 
10 
10 
10 
10 
10 
10 
10 
10 
10 
10 
10 
10 
10 
10 
10 
10 
10 
10 
10 
10 
10 
10 
10 
10 
10 
10 
10 
10 
10 
10 
10 
10 
10 
10 
10 
10 
10 
10 
10 
10 
10 
10 
10 
10 
10 
10 
10 
10 
10 
10 
10 
10 
10 
10 
10 
10 
10 
10 
10 
10 
10 
10 
10 
10 
10 
10 
10 
10 
10 
10 
10 
10 
10 
10 
10 
10 
10 
10 
10 
10 
10 
10 
10 
10 
10 
10 
10 
10 
10 
10 
10 
10 
10 
10 
10 
10 
10 
10 
10 
10 
10 
10 
10 
10 
10 
10 
10 
10 
10 
10 
10 
10 
10 
10 
10 
10 
10 
10 
10 
10 
10 
10 
10 
10 
10 
10 
10 
10 
10 
10 
10 
10 
10 
10 
10 
10 
10 
10 
10 
10 
10 
10 
10 
10 
10 
10 
10 
10 
10 
10 
10 
10 
10 
10 
10 
10 
10 
10 
10 
10 
10 
10 
10 
10 
10 
10 
10 
10 
10 
10 
10 
10 
10 
10 
10 
10 
10 
10 
10 
10 
10 
10 
10 
10 
10 
10 
10 
10 
10 
10 
10 
10 
10 
10 
10 
10 
10 
10 
10 
10 
10 
10 
10 
10 
10 
10 
10 
10 
10 
10 
10 
10 
10 
10 
10 
10 
10 
10 
10 
10 
10 
10 
10 
10 
10 
10 
10 
10 
10 
10 
10 
10 
10 
10 
10 
10 
10 
10 
10 
10 
10 
10 
10 
10 
10 
10 
10 
10 
10 
10 
10 
10 
10 
10 
10 
10 
10 
10 
10 
10 
10 
10 
10 
10 
10 
10 
10 
10 
10 
10 
10 
10 
10 
10 
10 
10 
10 
10 
10 
10 
10 
10 
10 
10 
10 
10 
10 
10 
10 
10 
10 
10 
10 
10 
10 
10 
10 
10 
10 
10 
10 
10 
10 
10 
10 
10 
10 
10 
10 
10 
10 
10 
10 
10 
10 
10 
10 
10 
10 
10 
10 
10 
10 
10 
10 
10 
10 
10 
10 
10 
10 
10 
10 
10 
10 
10 
10 
10 
10 
10 
10 
10 
10 
10 
10 
10 
10 
10 
10 
10 
10 
10 
10 
10 
10 
10 
10 
10 
10 
10 
10 
10 
10 
10 
10 
10 
10 
10 
10 
10 
10 
10 
10 
10 
10 
10 
10 
10 
10 
10 
10 
10 
10 
10 
10 
10 
10 
10 
10 
10 
10 
10 
10 
10 
10 
10 
10 
10 
10 
10 
10 
10 
10 
10 
10 
10 
10 
10 
10 
10 
10 
10 
10 
10 
10 
10 
10 
10 
10 
10 
10 
10 
10 
10 
10 
10 
10 
10 
10 
10 
10 
10 
10 
10 
10 
10 
10 
10 
10 
10 
10 
10 
10 
10 
10 
10 
10 
10 
10 
10 
10 
10 
10 
10 
10 
10 
10 
10 
10 
10 
10 
10 
10 
10 
10 
10 
10 
10 
10 
10 
10 
10 
10 
10 
10 
10 
10 
10 
10 
10 
10 
10 
10 
10 
10 
10 
10 
10 
10 
10 
10 
10 
10 
10 
10 
10 
10 
10 
10 
10 
10 
10 
10 
10 
10 
10 
10 
10 
10 
10 
10 
10 
10 
10 
10 
10 
10 
10 
10 
10 
10 
10 
10 
10 
10 
10 
10 
10 
10 
10 
10 
10 
10 
10 
10 
10 
10 
10 
10 
10 
10 
10 
10 
10 
10 
10 
10 
10 
10 
10 
10 
10 
10 
10 
10 
10 
10 
10 
10 
10 
10 
10 
10 
10 
10 
10 
10 
10 
10 
10 
10 
10 
10 
10 
10 
10 
10 
10 
10 
10 
10 
10 
10 
10 
10 
10 
10 
10 
10 
10 
10 
10 
10 
10 
10 
10 
10 
10 
10 
10 
10 
10 
10 
10 
10 
10 
10 
10 
10 
10 
10 
10 
10 
10 
10 
10 
10 
10 
10 
10 
10 
10 
10 
10 
10 
10 
10 
10 
10 
10 
10 
10 
10 
10 
10 
10 
10 
10 
10 
10 
10 
10 
10 
10 
10 
10 
10 
10 
10 
10 
10 
10 
10 
10 
10 
10 
10 
10 
10 
10 
10 
10 
10 
10 
10 
10 
10 
10 
10 
10 
10 
10 
10 
10 
10 
10 
10 
10 
10 
10 
10 
10 
10 
10 
10 
10 
10 
10 
10 
10 
10 
10 
10 
10 
10 
10 
10 
10 
10 
10 
10 
10 
10 
10 
10 
10 
10 
10 
10 
10 
10 
10 
10 
10 
10 
10 
10 
10 
10 
10 
10 
10 
10 
10 
10 
10 
10 
10 
10 
10 
10 
10 
10 
10 
10 
10 
10 
10 
10 
10 
10 
10 
10 
10 
10 
10 
10 
10 
10 
10 
10 
10 
10 
10 
10 
10 
10 
10 
10 
10 
10 
10 
10 
10 
10 
10 
10 
10 
10 
10 
10 
10 
10 
10 
10 
10 
10 
10 
10 
10 
10 
10 
10 
10 
10 
10 
10 
10 

SCALARS StrainPlasticJ2 float
LOOKUP_TABLE default
0 
0 
0 
0 
0 
0 
0 
0 
0 
0 
0 
0 
0 
0 
0 
0 
0 
0 
0 
0 
0 
0 
0 
0 
0 
0 
0 
0 
0 
0 
0 
0 
0 
0 
0 
0 
0 
0 
0 
0 
0 
0 
0 
0 
5.06078e-06 
1.13858e-07 
5.69633e-06 
1.13858e-07 
6.68564e-07 
1.03429e-06 
4.16741e-06 
1.03429e-06 
4.81473e-06 
1.41061e-07 
1.19212e-07 
1.41061e-07 
2.54766e-08 
7.11841e-07 
5.94232e-09 
7.11841e-07 
0 
0 
0 
0 
0 
0 
0 
0 
0 
0 
0 
0 
0 
0 
0 
0 
0 
0 
0 
0 
0 
0 
0 
0 
0 
0 
0 
0 
0 
0 
0 
0 
0 
0 
0 
0 
0 
0 
0 
0 
0 
0 
0 
0 
0 
0 
0 
0 
0 
0 
0 
0 
0 
0 
0 
0 
0 
0 
0 
0 
0 
0 
0 
0 
0 
0 
0 
0 
0 
0 
0 
0 
0 
0 
0 
0 
0 
0 
0 
0 
0 
0 
0 
0 
0 
0 
0 
0 
0 
0 
0 
0 
0 
0 
0 
0 
0 
0 
0 
0 
0 
0 
0 
0 
0 
0 
0 
0 
2.10514e-10 
2.84665e-09 
2.10514e-10 
2.84665e-09 
1.19413e-07 
1.50291e-07 
5.5162e-06 
1.50291e-07 
5.05859e-06 
4.78066e-07 
2.21912e-06 
4.78066e-07 
0 
0 
0 
0 
0 
0 
0 
0 
0 
0 
0 
0 
0 
0 
0 
0 
0 
0 
0 
0 
0 
0 
0 
0 
0 
0 
0 
0 
0 
0 
0 
0 
0 
0 
0 
0 
0 
0 
0 
0 
0 
0 
0 
0 
0 
0 
0 
0 
0 
0 
0 
0 
0 
0 
0 
0 
0 
0 
0 
0 
0 
0 
0 
0 
0 
0 
0 
0 
0 
0 
0 
0 
0 
0 
0 
0 
0 
0 
0 
0 
0 
0 
0 
0 
0 
0 
0 
0 
0 
0 
0 
0 
0 
0 
0 
0 
0 
0 
0 
0 
0 
0 
0 
0 
0 
0 
0 
0 
0 
0 
0 
0 
0 
0 
0 
0 
0 
0 
0 
0 
0 
0 
0 
0 
0 
0 
0 
0 
0 
0 
0 
0 
0 
0 
0 
0 
0 
0 
0 
0 
0 
0 
0 
0 
0 
0 
0 
0 
0 
0 
0 
0 
0 
0 
0 
0 
0 
0 
0 
0 
0 
0 
0 
0 
0 
0 
0 
0 
0 
0 
0 
0 
0 
0 
0 
0 
0 
0 
0 
0 
0 
0 
0 
0 
0 
0 
0 
0 
0 
0 
0 
0 
0 
0 
0 
0 
0 
0 
0 
0 
0 
0 
0 
0 
0 
0 
0 
0 
0 
0 
0 
0 
0 
0 
0 
0 
0 
0 
0 
0 
0 
0 
0 
0 
0 
0 
0 
0 
0 
0 
0 
0 
0 
0 
0 
0 
1.65807e-09 
1.02002e-09 
2.04633e-08 
1.02002e-09 
4.68251e-07 
2.70294e-10 
2.39054e-10 
2.70294e-10 
0 
0 
0 
0 
0 
0 
0 
0 
0 
0 
0 
0 
0 
0 
0 
0 
1.98575e-06 
1.62872e-07 
6.86478e-07 
1.62872e-07 
5.84462e-07 
2.01456e-07 
7.30268e-09 
2.01456e-07 
1.43663e-09 
1.28858e-07 
8.22107e-09 
1.28858e-07 
4.20328e-09 
1.40336e-07 
4.93166e-07 
1.40336e-07 
5.88699e-07 
1.34643e-07 
2.07705e-06 
1.34643e-07 
0 
0 
0 
0 
0 
0 
0 
0 
0 
0 
0 
0 
0 
0 
0 
0 
0 
0 
0 
0 
0 
0 
0 
0 
0 
0 
0 
0 
0 
0 
0 
0 
0 
0 
0 
0 
0 
0 
0 
0 
0 
0 
0 
0 
0 
0 
0 
0 
0 
0 
0 
0 
0 
0 
0 
0 
0 
0 
0 
0 
0 
0 
0 
0 
0 
0 
0 
0 
0 
0 
0 
0 
1.25888e-09 
2.18032e-10 
1.49511e-10 
2.18032e-10 
3.93732e-10 
3.93249e-10 
5.32272e-09 
3.93249e-10 
8.35115e-10 
7.25662e-11 
2.49334e-11 
7.25662e-11 
0 
0 
0 
0 
6.38775e-13 
8.63778e-12 
6.38775e-13 
8.63778e-12 
0 
0 
0 
0 
1.02977e-10 
1.02977e-10 
1.3925e-09 
1.02977e-10 
0 
0 
0 
0 
8.79336e-10 
6.50281e-11 
6.50281e-11 
6.50281e-11 
0 
0 
0 
0 
9.09526e-10 
1.35464e-08 
1.28207e-09 
1.35464e-08 
0 
0 
0 
0 
0 
0 
0 
0 
0 
0 
0 
0 
0 
0 
0 
0 
0 
0 
0 
0 
0 
0 
0 
0 
0 
0 
0 
0 
0 
0 
0 
0 
0 
0 
0 
0 
0 
0 
0 
0 
0 
0 
0 
0 
0 
0 
0 
0 
0 
0 
0 
0 
0 
0 
0 
0 
0 
0 
0 
0 
0 
0 
0 
0 
1.31423e-09 
1.80473e-10 
1.30762e-09 
1.80473e-10 
1.76665e-10 
1.76665e-10 
2.38894e-09 
1.76665e-10 
2.91157e-09 
9.86876e-11 
2.49545e-10 
9.86876e-11 
0 
0 
0 
0 
0 
0 
0 
0 
0 
0 
0 
0 
0 
0 
0 
0 
0 
0 
0 
0 
8.42043e-11 
7.19057e-10 
3.38345e-10 
7.19057e-10 
4.05215e-10 
2.0488e-10 
6.64374e-11 
2.0488e-10 
8.54284e-11 
1.02653e-09 
5.53586e-11 
1.02653e-09 
1.42088e-10 
1.42088e-10 
1.92137e-09 
1.42088e-10 
0 
0 
0 
0 
0 
0 
0 
0 
0 
0 
0 
0 
4.74288e-09 
1.11932e-09 
6.94637e-09 
1.11932e-09 
1.46633e-09 
6.31878e-09 
4.91573e-09 
6.31878e-09 
0 
0 
0 
0 
0 
0 
0 
0 
0 
0 
0 
0 
0 
0 
0 
0 
0 
0 
0 
0 
0 
0 
0 
0 
0 
0 
0 
0 
0 
0 
0 
0 
4.18485e-10 
3.89049e-10 
4.63739e-09 
3.89049e-10 
0 
0 
0 
0 
2.17224e-09 
1.60381e-10 
1.60716e-10 
1.60381e-10 
1.12337e-10 
1.34622e-10 
9.74823e-10 
1.34622e-10 
1.001e-09 
1.21894e-10 
5.15835e-11 
1.21894e-10 
2.309e-10 
1.90068e-10 
2.52935e-09 
1.90068e-10 
1.21859e-10 
1.21859e-10 
1.64783e-09 
1.21859e-10 
4.68052e-10 
5.05131e-10 
6.09324e-09 
5.05131e-10 
3.67096e-11 
2.71473e-12 
2.71473e-12 
2.71473e-12 
4.61196e-09 
6.93369e-10 
1.63876e-09 
6.93369e-10 
0 
0 
0 
0 
0 
0 
0 
0 
0 
0 
0 
0 
0 
0 
0 
0 
0 
0 
0 
0 
2.84055e-11 
2.84055e-11 
3.8411e-10 
2.84055e-11 
0 
0 
0 
0 
0 
0 
0 
0 
0 
0 
0 
0 
0 
0 
0 
0 
0 
0 
0 
0 
0 
0 
0 
0 
0 
0 
0 
0 
0 
0 
0 
0 
1.33674e-11 
1.33674e-11 
1.80759e-10 
1.33674e-11 
0 
0 
0 
0 
2.83209e-08 
2.74445e-07 
1.09722e-05 
2.74445e-07 
3.688e-08 
4.00074e-08 
7.2536e-07 
4.00074e-08 
9.384e-07 
2.259e-05 
7.47295e-07 
2.259e-05 
4.99609e-09 
1.75549e-07 
4.7166e-06 
1.75549e-07 
1.93703e-05 
0.000201657 
9.86405e-06 
0.000201657 
6.72832e-06 
9.8428e-05 
4.32761e-06 
9.8428e-05 
7.5996e-05 
1.36846e-05 
0.000186463 
1.36846e-05 
9.95397e-06 
0.000160887 
5.00179e-05 
0.000160887 
0.000463073 
0.000774865 
0.0272296 
0.000774865 
1.08701e-05 
0.000185801 
6.82528e-06 
0.000185801 
9.48995e-06 
0.000243813 
7.22773e-06 
0.000243813 
0.000462768 
1.81222e-05 
8.05231e-05 
1.81222e-05 
0 
0 
0 
0 
0 
0 
0 
0 
2.41288e-07 
1.21362e-05 
2.10218e-07 
1.21362e-05 
3.96006e-07 
3.0472e-08 
2.52416e-08 
3.0472e-08 
1.45556e-07 
9.71833e-08 
2.33055e-06 
9.71833e-08 
3.39888e-06 
1.35396e-06 
5.45057e-05 
1.35396e-06 
0.000152088 
4.72554e-06 
-1.40821e-08 
4.72554e-06 
0.784392 
0.00346341 
0.506259 
0.00346341 
0.0823418 
0.00143916 
0.0348559 
0.00143916 
0.0185073 
0.000451451 
0.00746034 
0.000451451 
0.00028714 
0.0183426 
0.00180726 
0.0183426 
3.46311e-05 
0.000125298 
0.000130334 
0.000125298 
0.00795088 
0.000130165 
0.00200465 
0.000130165 
0.000896212 
5.2758e-05 
6.36204e-05 
5.2758e-05 
1.57949e-05 
0.000797026 
0.000173753 
0.000797026 
0 
0 
0 
0 
2.59183e-06 
4.6952e-06 
0.000289944 
4.6952e-06 
0 
0 
0 
0 
4.11378e-08 
9.33627e-07 
5.53819e-08 
9.33627e-07 
1.62904e-06 
1.01341e-07 
8.6421e-08 
1.01341e-07 
8.43636e-07 
5.10646e-06 
8.91482e-06 
5.10646e-06 
0 
0 
0 
0 
1.98619e-06 
1.09898e-07 
8.2944e-05 
1.09898e-07 
0 
0 
0 
0 
0 
0 
0 
0 
4.3679e-10 
7.85703e-10 
8.89319e-09 
7.85703e-10 
3.60498e-06 
1.432e-07 
1.40485e-07 
1.432e-07 
6.25797e-07 
2.65093e-08 
3.47173e-08 
2.65093e-08 
1.85399e-08 
3.17639e-08 
9.3641e-07 
3.17639e-08 
3.6297e-06 
1.57704e-07 
1.34746e-07 
1.57704e-07 
1.65372e-07 
1.05288e-08 
6.40078e-09 
1.05288e-08 
8.38473e-08 
1.97864e-06 
2.85792e-07 
1.97864e-06 
9.92889e-08 
1.56298e-06 
5.79478e-05 
1.56298e-06 
1.167e-09 
1.167e-09 
1.57806e-08 
1.167e-09 
2.25859e-07 
0.000101972 
3.6111e-06 
0.000101972 
3.06533e-07 
4.56492e-05 
1.14786e-06 
4.56492e-05 
0.0961155 
0.00455303 
0.00176314 
0.00455303 
0.00041453 
0.0360764 
0.0294841 
0.0360764 
0.0304519 
9.74268e-05 
0.000821415 
9.74268e-05 
0.331775 
0.000620295 
0.260355 
0.000620295 
0.207469 
0.00123993 
0.155357 
0.00123993 
0.000236206 
0.0269917 
5.60142e-05 
0.0269917 
0.00138415 
0.209139 
0.000996966 
0.209139 
0.00361932 
0.000334763 
6.06871e-05 
0.000334763 
0.00115426 
0.00457547 
0.000829798 
0.00457547 
0.000845738 
1.64705e-05 
0.000549282 
1.64705e-05 
0.000505688 
2.18971e-05 
0.00359161 
2.18971e-05 
0.0109331 
0.00414355 
5.55206e-05 
0.00414355 
5.30485e-05 
0.00246553 
0.01296 
0.00246553 
4.42192e-09 
4.98714e-09 
7.44789e-08 
4.98714e-09 
1.16064e-05 
0.00134145 
3.17033e-05 
0.00134145 
7.35625e-07 
2.69055e-05 
5.14427e-07 
2.69055e-05 
0 
0 
0 
0 
3.89459e-08 
8.68418e-08 
1.99055e-06 
8.68418e-08 
0 
0 
0 
0 
2.25474e-09 
3.04895e-08 
2.25474e-09 
3.04895e-08 
0.00468031 
0.00136258 
0.604099 
0.00136258 
0.317801 
0.000377171 
0.00102894 
0.000377171 
0.000419542 
0.103854 
0.015796 
0.103854 
0.0897743 
0.000253649 
0.00605277 
0.000253649 
0.62576 
0.00106312 
0.545995 
0.00106312 
0.450301 
0.000811482 
0.402429 
0.000811482 
0.00136847 
0.445492 
0.0051029 
0.445492 
0 
0 
0 
0 
2.74225e-07 
2.04703e-07 
8.28022e-06 
2.04703e-07 
0 
0 
0 
0 
0 
0 
0 
0 
0 
0 
0 
0 
8.93295e-08 
6.60604e-09 
6.60604e-09 
6.60604e-09 
0 
0 
0 
0 
0 
0 
0 
0 
0.00419077 
1.9375e-08 
4.31299e-09 
1.9375e-08 
0.00421862 
5.96406e-08 
1.65392e-08 
5.96406e-08 
-5.5048e-09 
0.00421673 
0.00421822 
0.00421673 
0.00432675 
1.65561e-06 
1.18262e-07 
1.65561e-06 
0.00455873 
9.45246e-06 
3.20745e-06 
9.45246e-06 
3.34261e-06 
0.0037453 
0.00455894 
0.0037453 
9.55191e-08 
0.00421929 
0.00432275 
0.00421929 
0.00411242 
0.000120091 
0.0177907 
0.000120091 
0.000130525 
7.8053e-06 
0.00353218 
7.8053e-06 
0.00398981 
0.0144423 
0.000113703 
0.0144423 
9.0579e-05 
1.08868e-05 
0.00243367 
1.08868e-05 
0.00639223 
1.06043e-05 
0.0387366 
1.06043e-05 
3.50249e-07 
3.86351e-07 
8.33305e-05 
3.86351e-07 
0.000144239 
0.0037335 
7.23624e-05 
0.0037335 
0.00401949 
0.000142147 
0.0143872 
0.000142147 
0.000144639 
0.00346605 
7.18129e-05 
0.00346605 
3.11013e-06 
0.000188945 
6.42621e-06 
0.000188945 
0.00520567 
0.0488721 
0.00013652 
0.0488721 
0.000164682 
5.49171e-06 
0.00192056 
5.49171e-06 
0.00430639 
0.0250084 
2.7028e-05 
0.0250084 
9.4065e-06 
8.22692e-06 
0.000114696 
8.22692e-06 
1.93019e-05 
0.00126254 
0.0043288 
0.00126254 
1.01835e-05 
0.000299825 
0.00130886 
0.000299825 
0.000812289 
0.000115645 
1.17948e-05 
0.000115645 
0.000166055 
0.00174305 
0.000116591 
0.00174305 
8.62617e-05 
0.00362993 
0.000118998 
0.00362993 
0.00373168 
1.09509e-05 
0.00213903 
1.09509e-05 
0.00443796 
0.00329089 
1.87078e-05 
0.00329089 
0.0514255 
0.109129 
0.181989 
0.109129 
0.124946 
0.424663 
0.77487 
0.424663 
0.401956 
0.0985562 
0.0568918 
0.0985562 
0.109944 
0.594705 
0.0142935 
0.594705 
0.0204523 
0.00823992 
0.000154134 
0.00823992 
0.000785795 
0.0118531 
0.00360224 
0.0118531 
0.000147019 
0.00818483 
0.000202588 
0.00818483 
0.00019014 
0.0142764 
0.000980759 
0.0142764 
0.0151948 
9.03706e-05 
0.00691803 
9.03706e-05 
0.00286532 
0.000485911 
0.000591526 
0.000485911 
9.23797e-05 
5.02174e-05 
1.17315e-05 
5.02174e-05 
0.000448598 
0.000353072 
0.000226838 
0.000353072 
8.47654e-06 
0.000243809 
0.00049756 
0.000243809 
0.0124272 
0.00460233 
0.0823924 
0.00460233 
0.00421453 
0.0014279 
0.0868552 
0.0014279 
0.0733051 
0.0756814 
0.00441004 
0.0756814 
3.37385e-05 
0.000523511 
0.00450258 
0.000523511 
6.47587e-07 
5.84698e-06 
2.02818e-05 
5.84698e-06 
1.29534e-05 
0.000951028 
0.00663769 
0.000951028 
1.53918e-05 
0.000117001 
0.00129659 
0.000117001 
0.000660644 
1.68384e-05 
3.66535e-07 
1.68384e-05 
0.00521035 
0.000683583 
1.18733e-06 
0.000683583 
1.05429e-05 
3.9634e-07 
6.51738e-08 
3.9634e-07 
0.000219228 
2.03877e-06 
2.42788e-06 
2.03877e-06 
9.94073e-06 
1.38647e-05 
0.000445089 
1.38647e-05 
0.00236352 
4.7386e-05 
0.00833007 
4.7386e-05 
0.00196688 
0.0727779 
0.000463996 
0.0727779 
7.28233e-07 
0.0118887 
0.000183087 
0.0118887 
0.0170387 
9.24008e-05 
0.0559294 
9.24008e-05 
0.00532225 
9.00107e-05 
0.000156195 
9.00107e-05 
0.000519722 
1.48075e-05 
1.27963e-06 
1.48075e-05 
5.74847e-06 
0.00335488 
0.000640492 
0.00335488 
2.9064e-06 
0.000197296 
2.12286e-05 
0.000197296 
5.02455e-05 
0.0112277 
0.00138893 
0.0112277 
0.0121949 
0.000186723 
0.000690041 
0.000186723 
0.794056 
0.0216668 
0.0440925 
0.0216668 
0.76417 
1.93996 
0.682639 
1.93996 
0.729465 
1.02259 
0.229789 
1.02259 
1.00555 
0.719555 
1.9322 
0.719555 
0.00213856 
0.0196995 
0.000802995 
0.0196995 
0.000977344 
0.0115005 
0.000388322 
0.0115005 
0.0221825 
0.0242032 
0.00716101 
0.0242032 
0.00840817 
0.00116473 
0.0194206 
0.00116473 
0.00303641 
0.000394054 
0.00834528 
0.000394054 
6.10563e-05 
0.000918644 
0.00192121 
0.000918644 
3.26794e-05 
0.000258221 
0.000614852 
0.000258221 
0.000333836 
0.00238407 
0.00509778 
0.00238407 
0.000115452 
0.000721264 
0.00292118 
0.000721264 
0.00235287 
0.000563632 
0.000204249 
0.000563632 
0.00408926 
0.000478356 
0.000593314 
0.000478356 
0.000619011 
0.000131847 
0.000122393 
0.000131847 
0.000676688 
0.000132559 
0.000126086 
0.000132559 
8.62503e-05 
0.000746321 
0.00066049 
0.000746321 
0.000175642 
0.000805638 
7.50715e-05 
0.000805638 
9.54822e-05 
0.000228309 
7.21238e-06 
0.000228309 
0.000810574 
0.00132026 
0.000122291 
0.00132026 
0.000202978 
0.000115871 
0.000803532 
0.000115871 
0.00296488 
0.000177539 
2.32084e-05 
0.000177539 
1.42782e-05 
0.000249812 
1.57233e-06 
0.000249812 
4.92378e-06 
6.52347e-05 
5.3682e-06 
6.52347e-05 
0.000236952 
0.000400594 
6.96452e-05 
0.000400594 
6.17849e-05 
1.83408e-06 
0.000221705 
1.83408e-06 
0.00152272 
0.0191753 
9.41744e-05 
0.0191753 
0.000202884 
0.000471285 
6.56124e-06 
0.000471285 
0.000423134 
4.1244e-05 
0.0103076 
4.1244e-05 
5.37697e-06 
0.000362072 
4.73542e-07 
0.000362072 
3.19447e-06 
0.00129992 
1.53887e-05 
0.00129992 
0.00174536 
1.50751e-05 
0.000594904 
1.50751e-05 
2.88699e-05 
0.00548989 
0.0251578 
0.00548989 
3.82851e-05 
0.00132516 
0.00390195 
0.00132516 
0.00273579 
4.79126e-06 
9.5214e-06 
4.79126e-06 
0.00642525 
0.0001155 
8.04434e-06 
0.0001155 
3.14762e-05 
0.00268754 
0.0101568 
0.00268754 
0.000110201 
9.40768e-05 
0.00144884 
9.40768e-05 
2.75353e-05 
9.29742e-07 
4.20845e-06 
9.29742e-07 
4.49492e-05 
0.00201214 
3.09271e-05 
0.00201214 
0.000295877 
1.24107e-05 
0.000732991 
1.24107e-05 
3.3117e-06 
0.000346959 
5.4777e-06 
0.000346959 
5.99713e-07 
7.82915e-05 
1.00407e-06 
7.82915e-05 
6.70585e-05 
1.26393e-06 
0.000145972 
1.26393e-06 
0.00391052 
6.62934e-05 
3.33553e-05 
6.62934e-05 
0.00152873 
2.71189e-05 
8.70986e-06 
2.71189e-05 
2.13034e-05 
0.00418719 
0.00116704 
0.00418719 
0.0121603 
0.000111101 
0.000356124 
0.000111101 
0.00118285 
2.77829e-05 
4.49854e-06 
2.77829e-05 
5.93803e-06 
0.0072395 
0.0013591 
0.0072395 
0.11397 
0.00137825 
0.00189522 
0.00137825 
0.00144655 
2.62006e-05 
2.52248e-05 
2.62006e-05 
0.000309735 
7.79371e-06 
2.87744e-06 
7.79371e-06 
8.23411e-06 
0.000590487 
0.000223409 
0.000590487 
0.000298082 
1.56189e-05 
0.00373354 
1.56189e-05 
0.0154018 
0.000714945 
0.101146 
0.000714945 
1.4838e-05 
2.26132e-06 
0.000184397 
2.26132e-06 
5.48827e-05 
0.00523015 
7.15715e-05 
0.00523015 
1.39965e-05 
0.00119835 
3.18701e-05 
0.00119835 
-6.52288e-08 
0.000139683 
4.05483e-06 
0.000139683 
0.000141021 
2.87692e-06 
0.000578031 
2.87692e-06 
7.35091e-05 
3.08968e-05 
0.00171831 
3.08968e-05 
9.86658e-06 
3.12772e-07 
7.40325e-06 
3.12772e-07 
0.000149629 
0.00270603 
6.48008e-05 
0.00270603 
5.14238e-05 
0.00724274 
0.00319656 
0.00724274 
0.0117424 
0.000184683 
0.000147479 
0.000184683 
0.001278 
0.0102753 
0.0190841 
0.0102753 
0.0239711 
0.0420249 
0.0223697 
0.0420249 
0.0133419 
0.0372545 
0.0352091 
0.0372545 
0.0360633 
0.0187188 
0.0116927 
0.0187188 
0.0192201 
0.0433304 
0.0467999 
0.0433304 
0.0367727 
0.0418173 
0.0786824 
0.0418173 
0.0643591 
0.0401299 
0.0329466 
0.0401299 
0.0340833 
0.0325005 
0.111346 
0.0325005 
0.108658 
0.045692 
0.225041 
0.045692 
0.0333459 
0.0441422 
0.0770343 
0.0441422 
0.0550271 
0.102702 
0.0295835 
0.102702 
0.160741 
0.160222 
0.0750024 
0.160222 
0.0861185 
0.0680759 
0.0288036 
0.0680759 
0.070259 
0.0889089 
0.179604 
0.0889089 
0.000274182 
0.00124098 
0.000722542 
0.00124098 
0.000809353 
0.00186489 
0.00132125 
0.00186489 
0.00145928 
0.00404047 
0.00170712 
0.00404047 
0.00175351 
0.000656907 
0.00132501 
0.000656907 
0.019423 
0.0235616 
0.0082068 
0.0235616 
0.00995768 
0.00429822 
0.000958919 
0.00429822 
0.0142521 
0.00931649 
0.00484617 
0.00931649 
0.00367814 
0.0117896 
0.0240157 
0.0117896 
0.00104864 
0.00412324 
0.0074657 
0.00412324 
0.000946613 
0.00197388 
0.00342858 
0.00197388 
0.00150789 
0.00306522 
0.00645386 
0.00306522 
0.0085386 
0.00242664 
0.00249678 
0.00242664 
0.00522564 
0.00792942 
0.00217665 
0.00792942 
0.0257653 
0.00490568 
0.00830884 
0.00490568 
0.0153008 
0.00281503 
0.00554601 
0.00281503 
0.00758949 
0.00241069 
0.00347 
0.00241069 
0.0032158 
0.0148156 
0.00857397 
0.0148156 
0.0057405 
0.0249269 
0.0155921 
0.0249269 
5.49283e-06 
0.000944106 
0.000265614 
0.000944106 
7.65524e-06 
0.00549317 
0.00358252 
0.00549317 
0.00404071 
5.42279e-05 
6.88554e-06 
5.42279e-05 
0.00155878 
2.81952e-05 
1.59088e-05 
2.81952e-05 
1.28595e-05 
0.00176267 
0.00144308 
0.00176267 
0.000763631 
0.176297 
0.00177086 
0.176297 
0.000140083 
0.00892436 
1.90701e-05 
0.00892436 
2.75604e-05 
6.22181e-06 
0.000329674 
6.22181e-06 
0.000938207 
8.38967e-06 
8.57687e-05 
8.38967e-06 
3.7737e-06 
3.49075e-07 
6.21733e-06 
3.49075e-07 
8.34468e-06 
0.00107813 
5.14726e-06 
0.00107813 
0.000221408 
0.000345735 
9.15323e-06 
0.000345735 
0.0376837 
0.00295182 
0.00173928 
0.00295182 
0.00021368 
0.0063682 
4.64689e-06 
0.0063682 
3.09543e-05 
0.00331701 
0.00119137 
0.00331701 
0.787211 
0.532976 
0.0206397 
0.532976 
1.87643 
2.24785 
0.585834 
2.24785 
0.575495 
0.923207 
1.92953 
0.923207 
0.276253 
1.10849 
0.0403873 
1.10849 
0.498904 
0.625405 
0.336905 
0.625405 
0.468855 
0.0931354 
0.000637486 
0.0931354 
0.365297 
0.312325 
0.145902 
0.312325 
0.0998491 
0.518646 
0.631619 
0.518646 
0.00111711 
0.0209262 
0.39397 
0.0209262 
0.0186675 
0.235338 
1.06666 
0.235338 
0.845478 
0.225426 
0.022211 
0.225426 
0.0117714 
0.11666 
0.0311767 
0.11666 
0.0318752 
0.161707 
0.0589272 
0.161707 
0.107249 
0.305691 
0.177967 
0.305691 
0.176287 
0.0282806 
0.10439 
0.0282806 
0.00018769 
0.157414 
0.000224777 
0.157414 
0.000886746 
0.126248 
0.000370938 
0.126248 
0.195235 
0.282675 
0.0786005 
0.282675 
0.108328 
0.00119257 
0.167713 
0.00119257 
0.0158653 
0.0595212 
0.061063 
0.0595212 
0.0267526 
0.0707869 
0.20911 
0.0707869 
0.0549543 
0.131283 
0.148394 
0.131283 
0.139496 
0.0609485 
0.0605513 
0.0609485 
0.0660695 
0.151909 
0.147686 
0.151909 
0.0381006 
0.136961 
0.305213 
0.136961 
0.147058 
0.248042 
0.35752 
0.248042 
0.367872 
0.145 
0.153348 
0.145 
0.497495 
0.319599 
0.105367 
0.319599 
0.233229 
0.146251 
0.125217 
0.146251 
0.351719 
0.208129 
0.0696596 
0.208129 
0.065214 
0.106742 
0.322526 
0.106742 
7.01385e-06 
1.04588e-05 
7.82083e-05 
1.04588e-05 
0.000367574 
1.49932e-05 
0.00121861 
1.49932e-05 
1.88989e-06 
1.22209e-07 
5.91664e-09 
1.22209e-07 
8.79689e-06 
0.000414824 
5.59695e-06 
0.000414824 
0.00233165 
8.32153e-05 
0.00762018 
8.32153e-05 
0.0103027 
0.000188012 
0.037902 
0.000188012 
4.29197e-05 
8.68975e-07 
5.64036e-07 
8.68975e-07 
1.86936e-05 
0.011134 
0.00015181 
0.011134 
1.11843e-06 
3.51986e-05 
3.23173e-07 
3.51986e-05 
2.68556e-07 
7.91441e-06 
1.28638e-07 
7.91441e-06 
4.06343e-05 
0.0025926 
3.38501e-05 
0.0025926 
9.67715e-06 
2.29837e-07 
1.69175e-07 
2.29837e-07 
0.0327213 
0.000289781 
0.000374145 
0.000289781 
0.000338863 
7.26541e-06 
4.93366e-06 
7.26541e-06 
0.000103857 
1.90548e-06 
1.6235e-06 
1.90548e-06 
1.38879e-06 
6.94756e-05 
0.000110761 
6.94756e-05 
3.86828e-10 
7.55416e-09 
8.02344e-10 
7.55416e-09 
0 
0 
0 
0 
6.12967e-08 
4.08799e-07 
5.79419e-08 
4.08799e-07 
0 
0 
0 
0 
0 
0 
0 
0 
0 
0 
0 
0 
1.13681e-08 
1.53724e-07 
1.13681e-08 
1.53724e-07 
0 
0 
0 
0 
0 
0 
0 
0 
9.90602e-08 
2.16718e-07 
3.88981e-06 
2.16718e-07 
0 
0 
0 
0 
6.73733e-09 
9.1105e-08 
6.73733e-09 
9.1105e-08 
7.84557e-06 
6.64057e-07 
1.23677e-06 
6.64057e-07 
3.21445e-08 
2.37713e-09 
2.37713e-09 
2.37713e-09 
0 
0 
0 
0 
0 
0 
0 
0 
0.16864 
5.73946 
1.61328 
5.73946 
0.116207 
29.4213 
54.4431 
29.4213 
4.97698 
37.8928 
44.1096 
37.8928 
43.2309 
0.322617 
5.38867 
0.322617 
95.4122 
76.3762 
73.7684 
76.3762 
160.564 
44.966 
44.8931 
44.966 
165.865 
45.1134 
44.9913 
45.1134 
44.9915 
160.661 
165.841 
160.661 
89.119 
81.2616 
80.9524 
81.2616 
132.315 
48.0446 
45.1571 
48.0446 
156.423 
61.5012 
52.6242 
61.5012 
52.436 
150.775 
155.24 
150.775 
45.1371 
164.394 
131.472 
164.394 
80.135 
77.0923 
88.1506 
77.0923 
75.2714 
93.2134 
57.5487 
93.2134 
58.5113 
66.5263 
75.3138 
66.5263 
49.8075 
10.2677 
10.1992 
10.2677 
3.20587 
0.628037 
0.621895 
0.628037 
3.22362 
0.625763 
0.628037 
0.625763 
0.628037 
3.22121 
3.2236 
3.22121 
49.8935 
13.1095 
11.9683 
13.1095 
2.72748 
0.664291 
0.549755 
0.664291 
3.28659 
0.59591 
0.660303 
0.59591 
0.660412 
2.81767 
3.28479 
2.81767 
0.549758 
3.31354 
2.72503 
3.31354 
11.9651 
47.1874 
49.8613 
47.1874 
10.0858 
51.5084 
42.898 
51.5084 
43.0882 
11.7915 
10.0874 
11.7915 
0.625811 
3.26515 
3.21539 
3.26515 
10.3276 
50.0609 
51.3948 
50.0609 
10.3418 
50.1734 
50.0333 
50.1734 
50.0332 
10.331 
10.3418 
10.331 
51.4119 
10.0226 
10.3274 
10.0226 
3.2153 
0.609317 
0.625812 
0.609317 
3.26926 
0.556583 
0.609097 
0.556583 
0.609099 
3.2138 
3.26667 
3.2138 
0.454001 
0.0712142 
1.02083 
0.0712142 
3.1899 
0.985737 
7.67165 
0.985737 
0.0714047 
0.00335394 
0.358476 
0.00335394 
0.375848 
0.716081 
0.0714977 
0.716081 
0.311367 
0.00543563 
1.40998 
0.00543563 
2.5459 
0.264661 
6.73325 
0.264661 
0.0178087 
0.0010841 
0.0921398 
0.0010841 
0.209443 
1.35867 
0.00217322 
1.35867 
9.86891 
2.29073 
22.1785 
2.29073 
31.9479 
11.5321 
44.0564 
11.5321 
2.05975 
0.425296 
4.14101 
0.425296 
8.24335 
25.4592 
2.80132 
25.4592 
0.290526 
1.57373 
0.00436016 
1.57373 
0.0150553 
0.142088 
-0.000827424 
0.142088 
1.91523 
6.88162 
0.288092 
6.88162 
0.250438 
0.00931436 
1.12878 
0.00931436 
60.2667 
124.519 
37.9009 
124.519 
28.5831 
55.5071 
11.8503 
55.5071 
111.853 
114.882 
75.9983 
114.882 
69.978 
34.3803 
113.795 
34.3803 
9.5431 
21.8285 
2.92749 
21.8285 
2.4191 
6.00495 
0.271752 
6.00495 
28.5104 
49.6281 
10.9914 
49.6281 
9.93506 
3.37099 
22.737 
3.37099 
126.59 
87.4763 
113.219 
87.4763 
105.223 
111.062 
69.9136 
111.062 
101.115 
57.7906 
114.516 
57.7906 
116.285 
121.534 
111.818 
121.534 
65.182 
37.0839 
102.393 
37.0839 
110.661 
79.7473 
139.257 
79.7473 
31.1278 
12.1651 
58.0664 
12.1651 
65.8032 
94.6586 
34.9758 
94.6586 
0.170955 
1.3028 
0.00549949 
1.3028 
0.019656 
0.0887544 
0.000921542 
0.0887544 
1.82443 
5.64127 
0.236626 
5.64127 
0.257116 
0.00824294 
1.09967 
0.00824294 
7.56209 
16.3694 
2.17394 
16.3694 
1.72359 
2.9515 
0.243097 
2.9515 
22.3987 
29.9902 
7.35485 
29.9902 
7.32074 
2.71252 
17.9931 
2.71252 
0.317809 
0.0112796 
1.05086 
0.0112796 
2.10687 
0.285087 
5.58609 
0.285087 
0.0204996 
0.0022582 
0.0820112 
0.0022582 
0.165524 
0.914447 
0.0107693 
0.914447 
68.3907 
32.0752 
88.0629 
32.0752 
113.21 
68.5382 
118.493 
68.5382 
40.1688 
15.1256 
56.0314 
15.1256 
59.8253 
107.524 
43.8854 
107.524 
118.509 
106.741 
98.3414 
106.741 
89.134 
98.6117 
45.8956 
98.6117 
116.34 
95.9747 
100.722 
95.9747 
100.199 
104.788 
117.263 
104.788 
20.9092 
5.2001 
29.9881 
5.2001 
43.43 
25.6154 
70.6693 
25.6154 
7.08566 
1.44504 
17.5755 
1.44504 
19.496 
35.7263 
7.68527 
35.7263 
75.5572 
117.27 
46.0081 
117.27 
32.9694 
73.5573 
22.8674 
73.5573 
107.533 
129.19 
88.2684 
129.19 
83.388 
39.6185 
107.037 
39.6185 
44.6007 
29.9214 
82.2111 
29.9214 
94.1832 
66.109 
116.073 
66.109 
24.9358 
11.0766 
44.0107 
11.0766 
51.149 
77.4345 
26.6121 
77.4345 
116.573 
111.716 
118.043 
111.716 
91.7319 
131.595 
74.6462 
131.595 
101.174 
75.0643 
128.591 
75.0643 
125.81 
97.0719 
105.551 
97.0719 
9.77098 
3.05798 
19.2065 
3.05798 
29.969 
12.2772 
53.155 
12.2772 
2.84187 
0.346312 
6.48248 
0.346312 
8.76786 
19.5646 
3.03976 
19.5646 
60.2385 
83.7293 
32.8028 
83.7293 
24.1943 
43.8308 
10.4972 
43.8308 
94.79 
105.984 
64.62 
105.984 
60.4003 
33.426 
88.7009 
33.426 
0.000320734 
0.194341 
1.76106 
0.194341 
0.729081 
4.84177 
35.3297 
4.84177 
0.154033 
1.49917 
13.5666 
1.49917 
11.3804 
3.6612 
0.276628 
3.6612 
22.6463 
44.3904 
134.815 
44.3904 
116.095 
129.239 
86.0126 
129.239 
70.1074 
97.1822 
122.392 
97.1822 
130.681 
144.577 
59.9655 
144.577 
3.18568 
9.73965 
48.6608 
9.73965 
40.2022 
68.2768 
122.83 
68.2768 
20.4635 
42.7393 
91.8065 
42.7393 
93.4706 
70.5324 
18.6825 
70.5324 
126.686 
114.547 
35.0662 
114.547 
41.9143 
20.6718 
2.99556 
20.6718 
80.0293 
44.9063 
7.86589 
44.9063 
9.11979 
21.699 
91.355 
21.699 
8.89205e-06 
0.00207197 
0.00167578 
0.00207197 
0.000148503 
0.0155446 
0.112431 
0.0155446 
0.000393521 
0.00698458 
0.00699378 
0.00698458 
0.00797745 
0.000655279 
0.00144094 
0.000655279 
0.0813221 
0.88271 
7.70054 
0.88271 
7.92956 
22.0249 
58.4176 
22.0249 
2.06613 
9.44921 
32.5851 
9.44921 
32.1134 
15.4512 
2.11356 
15.4512 
0.000593583 
0.146817 
0.34001 
0.146817 
0.197154 
2.73354 
15.865 
2.73354 
0.0103373 
1.45011 
5.02101 
1.45011 
5.12515 
0.804633 
0.056984 
0.804633 
14.9742 
4.84976 
0.312579 
4.84976 
0.377031 
0.0318697 
0.00569344 
0.0318697 
1.83504 
0.382591 
0.0167488 
0.382591 
0.00251405 
0.202205 
2.11262 
0.202205 
58.5558 
36.1566 
7.55468 
36.1566 
6.57947 
2.04989 
0.131796 
2.04989 
18.2176 
7.47185 
0.782114 
7.47185 
0.711927 
3.3405 
21.2351 
3.3405 
0.0989914 
0.00604744 
0.00421536 
0.00604744 
0.00284744 
0.000700616 
0.000305282 
0.000700616 
0.00666707 
0.00094393 
0.000636702 
0.00094393 
8.51642e-05 
0.00620968 
0.00490802 
0.00620968 
3.23903 
0.774853 
0.0431097 
0.774853 
0.0319104 
0.00192293 
0.0014373 
0.00192293 
0.287481 
0.0473697 
0.00250423 
0.0473697 
0.000650574 
0.0382944 
0.305017 
0.0382944 
0.000141501 
0.0120363 
0.0294043 
0.0120363 
0.0107091 
0.349965 
3.93143 
0.349965 
0.00117311 
0.0754824 
0.820144 
0.0754824 
0.688529 
0.0966118 
0.0100393 
0.0966118 
0.000735079 
0.0508054 
0.000396878 
0.0508054 
0.00129665 
0.119993 
0.000918969 
0.119993 
0.0118019 
1.80394 
0.039163 
1.80394 
0.125696 
0.000737098 
0.0679246 
0.000737098 
0.0376785 
0.126535 
5.59057 
0.126535 
4.32096 
17.4741 
49.6925 
17.4741 
0.129198 
1.17229 
11.5738 
1.17229 
14.2863 
4.18232 
0.125485 
4.18232 
81.7307 
108.835 
88.325 
108.835 
133.509 
152.24 
48.2516 
152.24 
103.781 
116.169 
115.479 
116.169 
119.195 
84.6085 
105.902 
84.6085 
1.20271 
3.93276 
20.8678 
3.93276 
23.4716 
49.3146 
90.5126 
49.3146 
4.74592 
8.97428 
37.2135 
8.97428 
38.5694 
17.5954 
3.37195 
17.5954 
85.1324 
70.0741 
25.6688 
70.0741 
22.384 
9.23145 
0.909796 
9.23145 
73.6867 
45.4768 
14.4656 
45.4768 
11.5533 
30.03 
72.1322 
30.03 
43.4142 
45.4855 
7.02122 
45.4855 
2.67717 
3.22843 
0.229985 
3.22843 
41.9542 
27.3122 
4.53955 
27.3122 
5.77581 
8.86442 
46.6841 
8.86442 
27.7284 
20.0081 
1.4276 
20.0081 
1.02179 
1.38191 
0.0127143 
1.38191 
15.4211 
13.3645 
0.102799 
13.3645 
1.00699 
1.49985 
21.245 
1.49985 
0.000938722 
0.0566517 
1.71656 
0.0566517 
2.23173 
4.54199 
28.6216 
4.54199 
0.0561028 
0.424998 
3.22309 
0.424998 
2.3567 
1.65293 
0.05631 
1.65293 
10.0856 
16.2348 
58.7431 
16.2348 
63.2792 
75.2191 
136.186 
75.2191 
18.1726 
26.6297 
84.1522 
26.6297 
68.3366 
54.8954 
14.1807 
54.8954 
141.809 
128.517 
92.6182 
128.517 
82.7213 
54.2019 
9.25797 
54.2019 
154.07 
103.238 
85.5848 
103.238 
69.2208 
96.6672 
128.303 
96.6672 
30.6057 
39.8355 
104.785 
39.8355 
105.312 
100.445 
172.11 
100.445 
45.7614 
52.8726 
113.599 
52.8726 
100.224 
100.536 
35.6706 
100.536 
128.363 
165.195 
78.5263 
165.195 
77.5607 
80.9966 
23.0581 
80.9966 
139.187 
133.78 
72.0523 
133.78 
87.8996 
82.3387 
165.333 
82.3387 
13.4993 
18.6152 
86.5121 
18.6152 
96.2273 
107.392 
141.251 
107.392 
23.3222 
34.1224 
107.057 
34.1224 
104.03 
83.0632 
17.347 
83.0632 
135.691 
106.301 
61.5315 
106.301 
56.2363 
33.0139 
7.88941 
33.0139 
114.358 
86.6659 
43.9277 
86.6659 
41.446 
65.987 
110.708 
65.987 
33.3434 
49.1183 
119.571 
49.1183 
105.506 
116.433 
111.165 
116.433 
52.7664 
51.4202 
153.393 
51.4202 
149.738 
117.548 
47.7721 
117.548 
116.537 
138.223 
115.887 
138.223 
131.017 
103.976 
32.5085 
103.976 
128.116 
143.858 
104.229 
143.858 
107.342 
117.847 
132.808 
117.847 
0.0720592 
0.184726 
0.218624 
0.184726 
0.215539 
0.390327 
0.436227 
0.390327 
0.202725 
0.476704 
0.46107 
0.476704 
0.388482 
0.212868 
0.186441 
0.212868 
0.692689 
1.16949 
1.35236 
1.16949 
2.17696 
2.14875 
0.630961 
2.14875 
1.08522 
1.78669 
1.74926 
1.78669 
1.60834 
1.17275 
1.06392 
1.17275 
0.313425 
2.15042 
1.58336 
2.15042 
1.1405 
2.22539 
0.895441 
2.22539 
1.39861 
6.18826 
3.92971 
6.18826 
2.65318 
1.26102 
1.49693 
1.26102 
0.627149 
0.379483 
1.06601 
0.379483 
1.47272 
0.370373 
0.324655 
0.370373 
0.388298 
0.110319 
0.625799 
0.110319 
0.657729 
1.30084 
0.392961 
1.30084 
0.553216 
0.858727 
0.989565 
0.858727 
0.723038 
0.855646 
0.835693 
0.855646 
0.758466 
1.40475 
1.15155 
1.40475 
0.884256 
0.70597 
0.638845 
0.70597 
0.425851 
3.3759 
2.52468 
3.3759 
1.94909 
11.9643 
8.69983 
11.9643 
3.76558 
20.4679 
16.3905 
20.4679 
12.0555 
1.96531 
3.22334 
1.96531 
2.69186 
10.4339 
8.23048 
10.4339 
8.42666 
33.336 
28.8143 
33.336 
19.059 
48.9128 
44.4038 
48.9128 
33.3055 
8.57875 
11.8729 
8.57875 
20.4002 
3.83625 
6.09414 
3.83625 
5.82464 
1.00126 
1.57176 
1.00126 
3.46212 
0.423313 
0.732576 
0.423313 
0.985949 
5.63149 
4.00337 
5.63149 
6.46608 
1.41782 
1.97664 
1.41782 
2.55533 
0.235027 
0.3752 
0.235027 
2.18998 
0.217367 
0.248288 
0.217367 
0.258484 
2.5327 
2.10151 
2.5327 
0.792859 
0.809412 
0.690084 
0.809412 
0.954346 
0.378301 
0.415404 
0.378301 
0.980658 
0.291182 
0.316807 
0.291182 
0.381653 
0.978813 
1.02231 
0.978813 
1.50604 
0.891121 
0.860691 
0.891121 
0.944622 
0.332345 
0.291732 
0.332345 
0.972434 
0.461954 
0.33939 
0.461954 
0.337728 
0.95813 
1.00312 
0.95813 
0.314262 
1.0052 
1.01786 
1.0052 
0.926333 
1.12513 
1.45654 
1.12513 
0.828175 
0.808043 
1.01776 
0.808043 
1.03183 
0.909786 
0.787169 
0.909786 
106.255 
225.77 
64.2398 
225.77 
35.7482 
94.398 
16.2678 
94.398 
190.326 
378.653 
116.791 
378.653 
125.646 
42.9419 
194.114 
42.9419 
6.84572 
39.1255 
2.74381 
39.1255 
0.570502 
22.146 
1.1968 
22.146 
36.365 
189.992 
29.557 
189.992 
30.7926 
0.741736 
37.0129 
0.741736 
379.386 
593.241 
306.322 
593.241 
260.98 
647.358 
217.62 
647.358 
660.319 
653.996 
665.766 
653.996 
679.54 
311.28 
650.197 
311.28 
226.319 
46.8645 
268.221 
46.8645 
322.147 
105.4 
384.564 
105.4 
52.668 
8.05318 
83.1018 
8.05318 
80.7668 
265.499 
48.203 
265.499 
0.148468 
27.6205 
2.06027 
27.6205 
0.0384629 
114.801 
0.0515394 
114.801 
34.5137 
322.687 
100.813 
322.687 
97.7257 
0.833714 
35.6398 
0.833714 
1.43607 
368.841 
92.6464 
368.841 
758.806 
352.81 
1362.6 
352.81 
608.715 
255.308 
588.227 
255.308 
383.52 
373.278 
526.005 
373.278 
381.873 
370.545 
541.803 
370.545 
495.071 
241.587 
427.774 
241.587 
461.824 
407.573 
404.575 
407.573 
263.504 
548.27 
300.574 
548.27 
279.806 
624.491 
360.449 
624.491 
444.381 
159.45 
359.846 
159.45 
397.424 
0.0474617 
185.749 
0.0474617 
173.571 
372.205 
428.605 
372.205 
703.804 
451.722 
804.107 
451.722 
799.206 
590.502 
883.873 
590.502 
449.804 
230.165 
569.706 
230.165 
596.877 
813.939 
474.879 
813.939 
777.183 
644.204 
826.605 
644.204 
637.782 
647.693 
631.718 
647.693 
554.086 
462.457 
685.376 
462.457 
674.22 
709.808 
571.656 
709.808 
182.568 
86.2241 
250.731 
86.2241 
225.699 
146.989 
345.12 
146.989 
49.8824 
24.7441 
93.1747 
24.7441 
149.839 
226.94 
78.438 
226.94 
471.862 
589.402 
310.295 
589.402 
338.827 
558.938 
228.798 
558.938 
677.096 
837.981 
582.916 
837.981 
549.678 
338.468 
663.395 
338.468 
442.323 
522.59 
471.533 
522.59 
660.97 
618.386 
696.341 
618.386 
450.267 
398.399 
466.047 
398.399 
554.205 
576.676 
596.37 
576.676 
809.142 
654.669 
791.759 
654.669 
794.47 
693.549 
705.949 
693.549 
664.265 
232.269 
673.319 
232.269 
663.805 
780.712 
660.377 
780.712 
344.855 
41.9827 
235.997 
41.9827 
226.555 
30.2181 
202.15 
30.2181 
33.1464 
0.297117 
22.5098 
0.297117 
22.4405 
207.864 
35.9832 
207.864 
200.214 
610.71 
223.044 
610.71 
236.998 
503.636 
352.628 
503.636 
610.779 
740.766 
650.994 
740.766 
588.722 
253.497 
601.871 
253.497 
2.54359 
3.49327 
21.0974 
3.49327 
31.4766 
36.5948 
82.4753 
36.5948 
7.14578 
10.6862 
31.6513 
10.6862 
25.8346 
23.3441 
4.47137 
23.3441 
116.586 
111.865 
114.412 
111.865 
111.523 
90.4496 
54.5736 
90.4496 
120.207 
113.264 
106.716 
113.264 
105.55 
114.04 
111.424 
114.04 
14.8902 
22.5797 
55.2015 
22.5797 
76.4996 
90.0195 
124.022 
90.0195 
29.4167 
43.3037 
84.3268 
43.3037 
77.4807 
60.6173 
25.6667 
60.6173 
114.306 
107.598 
67.9018 
107.598 
48.0594 
35.6767 
12.2805 
35.6767 
100.709 
89.357 
40.4373 
89.357 
47.6316 
62.6777 
108.345 
62.6777 
32.1685 
23.6948 
9.44116 
23.6948 
3.03699 
2.06436 
0.380687 
2.06436 
20.184 
12.3642 
4.08356 
12.3642 
4.1051 
8.28773 
20.5869 
8.28773 
10.4695 
6.00702 
1.45904 
6.00702 
0.496698 
0.248745 
0.00616455 
0.248745 
4.43958 
2.91095 
0.329108 
2.91095 
0.46451 
1.33902 
4.70178 
1.33902 
0.0062028 
0.0631692 
0.541788 
0.0631692 
1.41398 
3.76432 
10.2822 
3.76432 
0.0504935 
0.304834 
1.68908 
0.304834 
1.58079 
0.713798 
0.0608402 
0.713798 
52.5269 
71.82 
109.782 
71.82 
117.477 
114.552 
101.327 
114.552 
81.7365 
101.028 
119.622 
101.028 
121.963 
113.055 
80.158 
113.055 
77.6221 
61.993 
34.2849 
61.993 
19.1265 
14.4528 
3.8084 
14.4528 
50.8098 
42.3108 
17.8525 
42.3108 
20.9552 
30.151 
54.0572 
30.151 
107.696 
122.872 
109.505 
122.872 
89.1091 
81.3652 
49.9934 
81.3652 
118.558 
91.6918 
96.878 
91.6918 
94.894 
102.632 
129.114 
102.632 
55.4396 
67.3203 
94.8498 
67.3203 
116.093 
118.226 
110.085 
118.226 
78.2483 
94.6134 
113.347 
94.6134 
111.458 
101.86 
74.7078 
101.86 
4.80705 
8.66998 
20.2595 
8.66998 
35.1706 
51.8735 
77.2503 
51.8735 
9.81428 
18.357 
35.2495 
18.357 
36.2894 
24.8816 
9.78342 
24.8816 
100.748 
115.508 
113.446 
115.508 
106.17 
89.6923 
48.7884 
89.6923 
115.838 
120.49 
95.3218 
120.49 
103.158 
110.043 
121.332 
110.043 
19.5445 
32.7998 
55.2766 
32.7998 
79.0565 
99.6569 
110.011 
99.6569 
35.9372 
50.6617 
83.3589 
50.6617 
84.3827 
62.1806 
35.7349 
62.1806 
120.057 
104.204 
82.9607 
104.204 
58.095 
40.7893 
20.2255 
40.7893 
103.582 
84.1828 
57.0079 
84.1828 
55.0747 
76.3635 
98.4295 
76.3635 
0.00302772 
0.00787478 
0.00271391 
0.00787478 
0.00215251 
0.0158476 
0.00361141 
0.0158476 
0.0111656 
0.100939 
0.029013 
0.100939 
0.013751 
0.0014067 
0.00967994 
0.0014067 
0.023005 
0.350088 
0.11176 
0.350088 
0.0699638 
0.475556 
0.177589 
0.475556 
0.300603 
1.78392 
0.484584 
1.78392 
0.441757 
0.0788618 
0.342953 
0.0788618 
0.0965972 
0.00628468 
0.0374971 
0.00628468 
0.0604362 
0.0088081 
0.0126096 
0.0088081 
0.00620061 
0.00307758 
0.011804 
0.00307758 
0.0102751 
0.0439402 
0.011051 
0.0439402 
0.00374971 
0.180955 
0.00544755 
0.180955 
0.00497527 
0.35112 
0.0285081 
0.35112 
0.166713 
1.80582 
0.349259 
1.80582 
0.351259 
0.00403908 
0.19089 
0.00403908 
80.3096 
119.803 
99.5949 
119.803 
134.156 
119.727 
14.3865 
119.727 
130.185 
143.152 
52.3465 
143.152 
64.8508 
94.0735 
126.727 
94.0735 
35.338 
22.4202 
0.510598 
22.4202 
1.87236 
0.726867 
0.0418274 
0.726867 
15.2333 
7.07498 
0.135281 
7.07498 
0.0180989 
0.84281 
19.4078 
0.84281 
139.965 
129.81 
22.0663 
129.81 
54.6009 
32.8465 
1.10708 
32.8465 
113.324 
92.717 
7.49368 
92.717 
9.11233 
20.2034 
129.88 
20.2034 
0.838586 
4.12977 
65.4147 
4.12977 
27.3413 
48.7881 
147.198 
48.7881 
4.59522 
12.2721 
114.755 
12.2721 
96.5266 
69.8431 
4.40029 
69.8431 
71.337 
50.2315 
2.23063 
50.2315 
7.77387 
3.29024 
0.124526 
3.29024 
34.45 
20.5648 
0.72157 
20.5648 
0.581903 
2.16969 
47.9771 
2.16969 
0.218956 
0.0283024 
0.0397828 
0.0283024 
0.00164777 
0.00304456 
0.000230315 
0.00304456 
0.0324288 
0.00754366 
0.0129832 
0.00754366 
0.000234681 
0.0115957 
0.0201809 
0.0115957 
12.7135 
6.44281 
0.318537 
6.44281 
0.513942 
0.188138 
0.00047405 
0.188138 
3.65975 
1.83681 
0.171475 
1.83681 
0.150039 
0.340385 
6.12657 
0.340385 
-0.000381273 
0.0477306 
0.578675 
0.0477306 
0.193257 
0.780241 
19.3034 
0.780241 
0.00401658 
0.12081 
2.78655 
0.12081 
2.08214 
0.670693 
0.0682866 
0.670693 
3.74836e-05 
0.00123006 
0.000939226 
0.00123006 
1.09406e-05 
0.0135274 
0.229627 
0.0135274 
-0.000103879 
0.00296389 
0.00486867 
0.00296389 
0.00491907 
0.00228065 
0.00255833 
0.00228065 
0.0155364 
0.399301 
10.2725 
0.399301 
2.33404 
6.75873 
90.4768 
6.75873 
0.1097 
1.25988 
29.6263 
1.25988 
23.4009 
11.8666 
0.327885 
11.8666 
-0.000263514 
0.00271657 
0.0683165 
0.00271657 
0.00752963 
0.12582 
5.91861 
0.12582 
0.000492706 
0.0286589 
0.519757 
0.0286589 
0.387927 
0.0977556 
0.016131 
0.0977556 
4.58907 
1.77764 
0.0695116 
1.77764 
0.0503362 
0.0050927 
0.00819903 
0.0050927 
1.08898 
0.313349 
0.0428953 
0.313349 
0.00187106 
0.0379887 
1.39227 
0.0379887 
0.0691844 
0.0735204 
0.183418 
0.0735204 
0.200684 
0.275235 
0.473117 
0.275235 
0.0711131 
0.0779701 
0.289961 
0.0779701 
0.267337 
0.204692 
0.0720829 
0.204692 
0.577348 
0.797051 
0.80217 
0.797051 
0.783085 
1.04052 
1.45728 
1.04052 
0.813058 
1.11951 
0.934362 
1.11951 
0.935581 
0.70329 
0.817165 
0.70329 
2.71271 
4.94663 
10.8315 
4.94663 
19.1503 
32.581 
48.5357 
32.581 
9.10895 
18.8128 
33.9529 
18.8128 
34.1466 
21.2299 
9.07482 
21.2299 
0.97483 
2.12239 
3.06799 
2.12239 
4.1675 
10.4546 
21.4959 
10.4546 
2.30125 
6.28707 
12.5637 
6.28707 
12.2123 
4.50932 
2.30166 
4.50932 
21.1696 
10.409 
4.13628 
10.409 
3.01722 
1.18535 
1.00982 
1.18535 
5.651 
2.9212 
1.29637 
2.9212 
1.29193 
2.81104 
5.73324 
2.81104 
0.00206908 
0.0152227 
0.0771384 
0.0152227 
0.0850897 
0.263648 
0.574949 
0.263648 
0.0153857 
0.0839511 
0.281906 
0.0839511 
0.275435 
0.0952486 
0.0193451 
0.0952486 
0.540304 
1.27245 
1.4021 
1.27245 
1.36901 
3.99906 
7.214 
3.99906 
0.969596 
2.9032 
4.33647 
2.9032 
4.25462 
1.21126 
0.981305 
1.21126 
0.111947 
0.371813 
0.825876 
0.371813 
0.646614 
2.25213 
2.9203 
2.25213 
0.350703 
1.48837 
2.29226 
1.48837 
2.29033 
0.693009 
0.369156 
0.693009 
2.89591 
0.876775 
0.64283 
0.876775 
0.815937 
0.303295 
0.123416 
0.303295 
1.12585 
0.522225 
0.268319 
0.522225 
0.269774 
0.79979 
1.12115 
0.79979 
7.02724 
2.16519 
1.37997 
2.16519 
1.40632 
0.626845 
0.551264 
0.626845 
1.95129 
0.811813 
0.756961 
0.811813 
0.729032 
1.61915 
1.95923 
1.61915 
0.579243 
0.30892 
0.0858098 
0.30892 
0.0751052 
0.0403514 
0.00221842 
0.0403514 
0.238342 
0.13249 
0.0380807 
0.13249 
0.0369889 
0.0755776 
0.250819 
0.0755776 
0.935791 
0.750781 
0.560461 
0.750781 
0.484448 
0.359748 
0.119589 
0.359748 
0.722106 
0.559723 
0.341178 
0.559723 
0.357864 
0.528553 
0.722645 
0.528553 
0.128713 
0.240745 
0.498989 
0.240745 
0.568657 
0.927359 
0.899297 
0.927359 
0.295433 
0.626181 
0.761419 
0.626181 
0.785124 
0.539141 
0.28789 
0.539141 
0.00472545 
0.0646852 
0.352989 
0.0646852 
0.842281 
2.45329 
6.69021 
2.45329 
0.159744 
0.662446 
2.17584 
0.662446 
2.13804 
0.898648 
0.145332 
0.898648 
0.000140083 
0.00222886 
0.00747904 
0.00222886 
0.0102608 
0.115348 
0.603351 
0.115348 
0.00047867 
0.00796586 
0.12367 
0.00796586 
0.0851051 
0.0153333 
0.000513142 
0.0153333 
0.551591 
0.176714 
0.00905892 
0.176714 
0.00543617 
0.00144617 
0.000242074 
0.00144617 
0.0508807 
0.00692523 
0.000309396 
0.00692523 
-5.85864e-05 
0.00601063 
0.0659242 
0.00601063 
135.558 
374.84 
295.259 
374.84 
244.808 
451.216 
439.951 
451.216 
444.216 
417.187 
468.073 
417.187 
428.026 
281.521 
374.227 
281.521 
438.956 
508.097 
600.369 
508.097 
678.053 
474.976 
617.25 
474.976 
535.752 
250.905 
372.976 
250.905 
418.659 
616.467 
539.196 
616.467 
431.204 
171.611 
252.575 
171.611 
329.645 
107.355 
178.674 
107.355 
162.234 
39.3361 
71.4246 
39.3361 
95.3548 
288.415 
192.03 
288.415 
218.669 
475.574 
357.982 
475.574 
278.066 
481.348 
430.153 
481.348 
440.123 
431.11 
457.948 
431.11 
502.008 
325.357 
432.625 
325.357 
674.077 
301.203 
427.103 
301.203 
427.455 
133.058 
221.828 
133.058 
258.819 
62.889 
111.892 
62.889 
124.108 
406.944 
297.081 
406.944 
173.739 
40.7544 
83.731 
40.7544 
46.6413 
7.78071 
24.8193 
7.78071 
28.2699 
2.71917 
9.89359 
2.71917 
10.7224 
52.0411 
31.7184 
52.0411 
49.1776 
6.76317 
14.9688 
6.76317 
14.3093 
0.671142 
2.79734 
0.671142 
4.6639 
0.124429 
0.469694 
0.124429 
0.62896 
12.7258 
6.81335 
12.7258 
3.19219 
28.8256 
17.0029 
28.8256 
17.2649 
95.7539 
60.8062 
95.7539 
42.2011 
175.362 
118.495 
175.362 
104.217 
18.7426 
39.3837 
18.7426 
31.7869 
5.11572 
11.6733 
5.11572 
13.8627 
1.62821 
4.19175 
1.62821 
3.19985 
0.27904 
0.798883 
0.27904 
1.40345 
12.0622 
6.10778 
12.0622 
4.80348 
0.277133 
0.858514 
0.277133 
1.06095 
0.024324 
0.12179 
0.024324 
0.224337 
0.00130303 
0.0345436 
0.00130303 
0.031277 
0.888901 
0.315153 
0.888901 
0.167508 
0.000915882 
0.0283274 
0.000915882 
0.0385483 
1.68149e-05 
0.00157545 
1.68149e-05 
0.00393419 
-5.79348e-07 
0.000716115 
-5.79348e-07 
-2.84626e-05 
0.0221862 
0.00397484 
0.0221862 
0.00125811 
0.190489 
0.0605855 
0.190489 
0.034066 
0.785425 
0.281812 
0.785425 
0.234351 
4.08424 
1.67484 
4.08424 
0.921436 
0.0459711 
0.190265 
0.0459711 
0.136647 
3.93039 
1.67149 
3.93039 
1.27973 
15.5584 
7.90267 
15.5584 
5.71431 
43.0341 
25.3374 
43.0341 
18.4469 
1.60206 
4.34799 
1.60206 
6.72206 
40.3758 
23.0125 
40.3758 
18.7902 
80.6803 
47.4342 
80.6803 
55.4281 
197.056 
124.35 
197.056 
92.8377 
20.1487 
39.2856 
20.1487 
56.7644 
232.93 
155.234 
232.93 
134.182 
391.246 
275.1 
391.246 
273.17 
620.516 
492.11 
620.516 
442.675 
149.777 
238.8 
149.777 
227.01 
60.6245 
106.233 
60.6245 
122.192 
25.005 
46.8811 
25.005 
46.0926 
7.69609 
16.2034 
7.69609 
22.1985 
106.896 
65.9884 
106.896 
13.3095 
4.24073 
26.2169 
4.24073 
43.7638 
16.2014 
76.3858 
16.2014 
4.30862 
1.13377 
9.58112 
1.13377 
10.215 
25.9526 
4.03048 
25.9526 
113.805 
49.2811 
186.358 
49.2811 
240.795 
123.986 
367.525 
123.986 
53.2076 
19.7158 
93.7449 
19.7158 
95.8331 
192.533 
50.9395 
192.533 
1.20093 
0.237003 
2.88872 
0.237003 
5.93139 
1.47607 
12.5884 
1.47607 
0.293489 
0.0278239 
0.826238 
0.0278239 
0.896334 
3.34008 
0.26645 
3.34008 
13.3782 
35.4676 
5.48199 
35.4676 
3.15566 
10.3497 
1.10711 
10.3497 
34.4135 
77.6852 
16.5555 
77.6852 
17.5443 
5.17202 
32.9876 
5.17202 
401.637 
253.624 
550.823 
253.624 
518.413 
415.797 
582.951 
415.797 
270.584 
138.413 
405.066 
138.413 
402.749 
580.01 
266.836 
580.01 
464.087 
500.794 
424.286 
500.794 
310.683 
393.804 
178.795 
393.804 
497.549 
384.468 
471.815 
384.468 
476.521 
413.225 
497.178 
413.225 
152.624 
66.314 
245.86 
66.314 
285.076 
152.801 
401.689 
152.801 
78.5001 
37.3108 
142.021 
37.3108 
127.5 
261.047 
70.6939 
261.047 
384.225 
551.968 
276.787 
551.968 
239.821 
423.481 
147.486 
423.481 
554.35 
591.041 
435.305 
591.041 
437.438 
260.612 
555.98 
260.612 
0.0408265 
0.0021081 
0.194925 
0.0021081 
0.498035 
0.0796047 
1.28919 
0.0796047 
0.00424642 
0.00010949 
0.0335614 
0.00010949 
0.0381143 
0.21659 
0.00196168 
0.21659 
2.83083 
0.846636 
6.48649 
0.846636 
12.9696 
5.11305 
27.666 
5.11305 
1.0065 
0.255297 
2.75397 
0.255297 
2.70726 
7.10309 
0.81187 
7.10309 
0.00145388 
7.25265e-05 
0.0135256 
7.25265e-05 
0.0233189 
0.00109831 
0.145534 
0.00109831 
0.000493891 
4.61778e-05 
0.00305208 
4.61778e-05 
0.00486895 
0.0155335 
-3.08787e-05 
0.0155335 
0.160333 
0.398243 
0.02278 
0.398243 
0.0188148 
0.0347581 
0.000139393 
0.0347581 
0.39237 
1.40123 
0.0749069 
1.40123 
0.09778 
0.0210625 
0.382209 
0.0210625 
25.0309 
58.8871 
10.5958 
58.8871 
6.23104 
18.8222 
2.30133 
18.8222 
51.3912 
123.605 
25.7671 
123.605 
28.4686 
10.3979 
54.0106 
10.3979 
1.35505 
4.69735 
0.393349 
4.69735 
0.219649 
0.929001 
0.0250729 
0.929001 
4.38598 
13.982 
1.51692 
13.982 
1.69235 
0.404818 
4.12758 
0.404818 
114.487 
231.511 
61.5948 
231.511 
43.4973 
100.143 
20.6649 
100.143 
219.287 
384.584 
129.367 
384.584 
133.189 
58.3268 
218.184 
58.3268 
22.0715 
6.86085 
42.2115 
6.86085 
64.7193 
24.4244 
114.288 
24.4244 
8.02945 
2.34653 
16.9871 
2.34653 
17.2027 
46.1776 
7.21786 
46.1776 
0.213824 
0.00851176 
0.790051 
0.00851176 
1.47508 
0.0310924 
3.04894 
0.0310924 
0.0251274 
0.000545541 
0.0345704 
0.000545541 
0.0362725 
0.944548 
0.0045056 
0.944548 
4.52742 
0.367141 
8.23661 
0.367141 
11.4581 
1.78146 
19.1983 
1.78146 
0.394805 
0.000314729 
0.863987 
0.000314729 
1.53575 
9.20518 
0.450064 
9.20518 
0.00373774 
0.264121 
-0.000273756 
0.264121 
0.0025142 
0.0536499 
0.000658028 
0.0536499 
0.310175 
3.36172 
0.0490811 
3.36172 
0.0682721 
-0.00112522 
0.190778 
-0.00112522 
23.59 
5.96709 
35.8596 
5.96709 
42.4453 
14.0083 
61.6484 
14.0083 
5.00203 
0.372709 
9.00488 
0.372709 
13.2342 
38.764 
6.87683 
38.764 
68.6703 
28.1002 
88.6844 
28.1002 
98.988 
49.6107 
112.999 
49.6107 
21.7435 
6.02313 
31.2553 
6.02313 
46.1173 
93.1691 
30.809 
93.1691 
0.161116 
0.0216297 
0.815445 
0.0216297 
1.3238 
0.0349319 
2.35194 
0.0349319 
0.0194516 
0.00147789 
0.0125559 
0.00147789 
0.0296726 
0.991496 
-0.0015767 
0.991496 
5.47879 
19.4743 
2.25892 
19.4743 
1.99598 
9.49619 
0.361064 
9.49619 
26.2587 
65.1614 
14.6291 
65.1614 
10.4715 
2.15538 
17.4663 
2.15538 
0.336037 
4.11452 
0.0283915 
4.11452 
0.0358601 
1.06495 
0.00435378 
1.06495 
5.30713 
20.5483 
1.98121 
20.5483 
1.48823 
0.0251505 
3.33042 
0.0251505 
95.212 
44.8546 
86.7263 
44.8546 
75.7309 
17.7061 
40.4171 
17.7061 
34.2459 
5.17186 
15.6807 
5.17186 
19.4582 
83.4856 
48.6618 
83.4856 
35.7953 
3.96622 
13.6833 
3.96622 
11.3244 
0.454108 
2.84818 
0.454108 
2.60328 
0.017031 
0.498459 
0.017031 
0.60754 
10.7957 
4.23017 
10.7957 
3.14513 
0.0496567 
0.397863 
0.0496567 
0.353718 
7.6903e-05 
0.0223899 
7.6903e-05 
0.0254475 
0.000447637 
0.00127673 
0.000447637 
-0.00170446 
0.230564 
0.053603 
0.230564 
0.0263869 
2.40536 
0.761874 
2.40536 
0.622514 
12.7764 
6.18117 
12.7764 
4.29854 
36.0221 
18.6554 
36.0221 
12.7485 
0.661166 
3.35661 
0.661166 
2.12517 
0.00958611 
0.257174 
0.00958611 
0.173805 
-0.000114395 
0.00873858 
-0.000114395 
0.0161277 
-1.19573e-05 
0.00174191 
-1.19573e-05 
-0.000276165 
0.112179 
0.0218712 
0.112179 
0.0003982 
0.0106786 
0.00303628 
0.0106786 
0.00180763 
0.275275 
0.0392371 
0.275275 
0.0145946 
1.81594 
0.522671 
1.81594 
0.275601 
-0.00036697 
0.0241198 
-0.00036697 
4.77525 
1.63839 
3.57962 
1.63839 
3.52134 
1.48141 
3.40163 
1.48141 
1.65929 
0.285482 
1.52113 
0.285482 
1.40209 
2.66498 
1.70406 
2.66498 
3.61876 
0.808016 
3.53857 
0.808016 
3.26557 
0.355977 
2.28713 
0.355977 
0.749595 
0.0184299 
0.359135 
0.0184299 
0.356857 
2.67334 
0.664659 
2.67334 
0.013491 
0.762901 
0.094826 
0.762901 
0.0972777 
1.25749 
0.228545 
1.25749 
0.812389 
2.72983 
1.25636 
2.72983 
1.31417 
0.0968712 
0.935342 
0.0968712 
1.70051 
1.78393 
1.12108 
1.78393 
1.135 
1.06457 
0.695456 
1.06457 
1.55085 
2.3809 
0.910159 
2.3809 
1.06554 
1.13658 
1.87252 
1.13658 
0.342094 
3.34147 
2.39136 
3.34147 
4.66924 
18.0831 
14.2116 
18.0831 
8.14471 
25.7004 
19.9858 
25.7004 
19.1067 
5.31812 
7.8227 
5.31812 
23.4431 
56.0544 
47.0261 
56.0544 
66.7714 
111.512 
101.679 
111.512 
85.1525 
126.424 
116.875 
126.424 
112.422 
70.0502 
81.2673 
70.0502 
45.2117 
93.8556 
77.0363 
93.8556 
101.664 
136.144 
127.217 
136.144 
110.098 
145.488 
132.686 
145.488 
134.285 
105.196 
115.101 
105.196 
125.954 
88.2218 
100.173 
88.2218 
76.3825 
35.7921 
45.3924 
35.7921 
57.978 
25.2742 
32.6002 
25.2742 
33.8453 
74.4082 
61.2818 
74.4082 
125.598 
134.696 
137.264 
134.696 
146.028 
86.6483 
105.061 
86.6483 
124.312 
57.8134 
77.0578 
57.8134 
79.2653 
142.201 
122.673 
142.201 
94.8058 
29.0014 
42.5291 
29.0014 
30.6554 
7.31068 
9.13503 
7.31068 
15.1923 
3.06346 
5.78785 
3.06346 
6.51596 
24.6865 
15.413 
24.6865 
34.328 
7.56061 
13.1705 
7.56061 
7.87191 
0.985894 
2.32608 
0.985894 
3.7373 
0.266508 
0.816152 
0.266508 
0.878475 
7.16617 
4.14151 
7.16617 
2.63216 
13.3399 
8.28661 
13.3399 
13.8188 
54.2536 
36.5549 
54.2536 
25.0484 
85.3785 
60.1749 
85.3785 
58.9416 
15.2234 
24.1005 
15.2234 
108.949 
61.5438 
69.5614 
61.5438 
46.5006 
12.61 
19.9035 
12.61 
34.4526 
6.40888 
10.2155 
6.40888 
11.336 
43.7773 
35.8174 
43.7773 
11.011 
1.42533 
2.94039 
1.42533 
1.67131 
0.0660784 
0.262776 
0.0660784 
0.784419 
0.0096657 
0.0601943 
0.0096657 
0.0605659 
1.55054 
0.88713 
1.55054 
3.75964 
0.068875 
0.370162 
0.068875 
0.35485 
0.00112691 
0.0156884 
0.00112691 
0.20231 
0.00130819 
0.00123765 
0.00130819 
0.000974586 
0.272725 
0.190411 
0.272725 
0.0137879 
0.742469 
0.405146 
0.742469 
0.429417 
5.02828 
3.68175 
5.02828 
1.35785 
10.4348 
6.69875 
10.4348 
5.76657 
0.527124 
1.23402 
0.527124 
0.265764 
3.46647 
1.90015 
3.46647 
3.20737 
18.8871 
12.561 
18.8871 
7.07403 
32.461 
21.7212 
32.461 
19.7084 
3.40599 
6.59096 
3.40599 
21.6155 
65.3509 
49.6088 
65.3509 
73.2941 
125.491 
115.348 
125.491 
97.5536 
135.387 
126.825 
135.387 
126.207 
77.6593 
93.066 
77.6593 
54.7392 
121.97 
98.0803 
121.97 
118.775 
136.46 
132.918 
136.46 
131.314 
127.572 
129.599 
127.572 
134.733 
122.363 
132.174 
122.363 
134.975 
101.414 
115.728 
101.414 
95.6624 
36.7795 
52.1162 
36.7795 
67.9339 
22.5559 
33.2224 
22.5559 
35.4325 
93.2237 
71.8689 
93.2237 
113.738 
115.093 
110.042 
115.093 
98.1866 
119.793 
81.5637 
119.793 
107.616 
69.3817 
128.497 
69.3817 
129.802 
106.239 
124.671 
106.239 
73.0279 
103.85 
52.3841 
103.85 
45.0296 
76.457 
29.041 
76.457 
114.126 
121.399 
96.2387 
121.399 
85.1692 
49.6904 
107.079 
49.6904 
64.2312 
29.0144 
93.3483 
29.0144 
102.396 
57.3933 
123.348 
57.3933 
26.3384 
8.56036 
44.697 
8.56036 
52.1272 
102.81 
31.7578 
102.81 
123.495 
123.383 
113.723 
123.383 
101.183 
135.19 
76.8115 
135.19 
112.597 
77.8855 
127.699 
77.8855 
124.082 
101.908 
120.586 
101.908 
24.8682 
48.1204 
13.9412 
48.1204 
11.1952 
26.1076 
5.33145 
26.1076 
56.4643 
88.1867 
37.4765 
88.1867 
31.8534 
13.6461 
47.2241 
13.6461 
4.30056 
11.236 
1.67621 
11.236 
1.25543 
3.72834 
0.304993 
3.72834 
14.8993 
27.332 
7.12265 
27.332 
6.40086 
1.73501 
11.4463 
1.73501 
97.3314 
126.253 
73.8884 
126.253 
67.8179 
94.1013 
40.6253 
94.1013 
130.424 
134.064 
102.883 
134.064 
96.9919 
74.8439 
126.517 
74.8439 
36.4625 
18.0424 
58.7242 
18.0424 
65.4718 
36.3735 
87.1879 
36.3735 
14.9176 
5.46169 
25.1062 
5.46169 
31.173 
57.9467 
17.4098 
57.9467 
7.7257 
1.69222 
14.8362 
1.69222 
21.6048 
6.41388 
36.7188 
6.41388 
1.61804 
0.178074 
3.41541 
0.178074 
4.83823 
17.3786 
1.9047 
17.3786 
48.7104 
19.4413 
72.6333 
19.4413 
85.6321 
53.5404 
105.478 
53.5404 
17.4587 
5.65564 
34.157 
5.65564 
41.2793 
75.623 
20.2462 
75.623 
0.227144 
0.0147471 
0.55742 
0.0147471 
1.13334 
0.0840203 
3.85513 
0.0840203 
0.0826118 
0.000540153 
0.180497 
0.000540153 
0.147154 
0.684756 
0.0331671 
0.684756 
4.70254 
12.5668 
1.33097 
12.5668 
0.816935 
4.09535 
0.228348 
4.09535 
15.397 
41.5773 
7.23614 
41.5773 
5.93084 
1.20006 
11.6809 
1.20006 
112.179 
132.991 
93.1267 
132.991 
80.2043 
124.216 
56.5701 
124.216 
128.032 
105.943 
130.534 
105.943 
126.907 
89.5976 
133.581 
89.5976 
43.5789 
89.1239 
26.1822 
89.1239 
18.8991 
50.5765 
9.32707 
50.5765 
87.5988 
130.677 
65.1144 
130.677 
55.5921 
22.8106 
80.5766 
22.8106 
96.8546 
63.4689 
117.34 
63.4689 
121.051 
96.0876 
129.91 
96.0876 
55.5219 
28.3933 
76.5841 
28.3933 
87.4344 
114.705 
64.584 
114.705 
127.512 
93.624 
128.974 
93.624 
124.108 
123.249 
107.513 
123.249 
94.5903 
50.2907 
118.071 
50.2907 
119.697 
131.048 
104.176 
131.048 
2.3197 
0.264013 
2.09956 
0.264013 
4.86015 
1.17871 
7.38985 
1.17871 
1.05867 
0.0383052 
1.05421 
0.0383052 
1.1349 
3.99535 
0.877903 
3.99535 
11.0401 
4.36476 
16.5698 
4.36476 
22.8652 
12.4463 
34.2384 
12.4463 
4.8353 
1.84042 
8.15257 
1.84042 
10.337 
19.1639 
5.67763 
19.1639 
0.380491 
0.00175059 
0.368105 
0.00175059 
0.768074 
0.13698 
1.22207 
0.13698 
0.0995919 
0.0002293 
0.10137 
0.0002293 
0.129102 
0.739981 
0.0609193 
0.739981 
1.60228 
4.08034 
0.772712 
4.08034 
0.403748 
1.95763 
0.274759 
1.95763 
3.71713 
9.25714 
2.08477 
9.25714 
2.04275 
0.411781 
2.93643 
0.411781 
43.7366 
29.6752 
62.2451 
29.6752 
73.9449 
57.3319 
97.1995 
57.3319 
25.5166 
16.2378 
42.1361 
16.2378 
47.7193 
61.6203 
29.9733 
61.6203 
106.348 
95.6252 
129.144 
95.6252 
127.447 
123.295 
97.8653 
123.295 
80.6358 
67.1572 
87.8969 
67.1572 
93.0896 
113.659 
82.9919 
113.659 
13.6785 
7.722 
28.0534 
7.722 
28.4709 
19.1217 
47.5954 
19.1217 
5.60427 
2.90494 
14.7661 
2.90494 
16.8047 
24.0388 
6.90734 
24.0388 
51.8931 
67.7939 
31.6048 
67.7939 
31.5012 
40.9923 
16.4392 
40.9923 
81.8373 
91.6813 
55.8816 
91.6813 
50.3869 
36.2707 
79.2325 
36.2707 
0.0078052 
0.00261194 
0.0364842 
0.00261194 
0.0415262 
0.00936548 
0.160248 
0.00936548 
0.00324598 
0.0016221 
0.0107878 
0.0016221 
0.0131909 
0.0359555 
0.0012907 
0.0359555 
0.21542 
0.0596029 
0.697619 
0.0596029 
0.630154 
0.228416 
2.65703 
0.228416 
0.0353475 
0.00898376 
0.258286 
0.00898376 
0.335748 
0.64916 
0.0591812 
0.64916 
0.0134966 
0.0358708 
0.00311435 
0.0358708 
0.00527136 
0.0143963 
0.00133583 
0.0143963 
0.0642791 
0.187675 
0.00840085 
0.187675 
0.0129557 
0.00446993 
0.0304992 
0.00446993 
3.19045 
5.1044 
0.892102 
5.1044 
0.99018 
1.84938 
0.286478 
1.84938 
7.19324 
10.9607 
2.86006 
10.9607 
2.21093 
0.960192 
5.78662 
0.960192 
0.246872 
0.553693 
0.0455073 
0.553693 
0.0544769 
0.174917 
0.00530824 
0.174917 
0.723966 
1.55496 
0.203945 
1.55496 
0.193714 
0.0554334 
0.526824 
0.0554334 
13.4925 
20.2524 
6.48696 
20.2524 
5.24083 
9.13326 
2.20696 
9.13326 
24.3582 
36.4082 
13.5718 
36.4082 
11.3064 
6.29532 
19.8991 
6.29532 
1.82729 
0.814048 
3.93591 
0.814048 
5.19277 
2.7025 
10.7351 
2.7025 
0.653136 
0.266881 
1.70124 
0.266881 
2.35055 
4.13485 
0.822395 
4.13485 
0.000323941 
0.0190655 
0.0536579 
0.0190655 
-0.00156438 
0.30584 
2.17088 
0.30584 
0.00242034 
0.0525665 
0.787892 
0.0525665 
0.607377 
0.0243709 
0.0140384 
0.0243709 
5.59772e-05 
0.00249125 
0.00421782 
0.00249125 
0.000900829 
0.00422365 
0.246186 
0.00422365 
0.000109937 
0.00018526 
0.0584691 
0.00018526 
0.0326454 
0.00128012 
0.00174195 
0.00128012 
0.160713 
0.00355891 
0.00510336 
0.00355891 
0.00412721 
0.00084694 
0.000609043 
0.00084694 
0.0138387 
0.00090104 
0.00110519 
0.00090104 
4.94348e-05 
0.00765355 
0.0142988 
0.00765355 
108.561 
60.462 
121.535 
60.462 
123.914 
109.334 
117.964 
109.334 
73.8177 
38.8722 
105.064 
38.8722 
95.9511 
110.247 
58.997 
110.247 
109.801 
124.604 
91.7095 
124.604 
77.5595 
106.164 
57.7322 
106.164 
117.446 
120.697 
107.072 
120.697 
115.13 
84.9655 
120.592 
84.9655 
48.6339 
26.3415 
83.1349 
26.3415 
101.537 
69.5297 
121.105 
69.5297 
33.7367 
16.6699 
63.1808 
16.6699 
51.6787 
83.5491 
26.4369 
83.5491 
117.263 
119.903 
89.0228 
119.903 
71.559 
102.318 
38.9032 
102.318 
126.15 
108.848 
106.73 
108.848 
115.933 
88.5252 
124.136 
88.5252 
43.8707 
73.8216 
28.9172 
73.8216 
20.2303 
41.6014 
12.0015 
41.6014 
61.6495 
84.6465 
41.7069 
84.6465 
48.7619 
27.5734 
70.9595 
27.5734 
8.00594 
18.1686 
4.34507 
18.1686 
2.86451 
5.59555 
1.46255 
5.59555 
13.4059 
24.51 
6.45697 
24.51 
7.81115 
4.40664 
17.2847 
4.40664 
74.9937 
100.085 
53.6425 
100.085 
43.2652 
64.1321 
26.7552 
64.1321 
90.6284 
113.865 
67.2083 
113.865 
73.3209 
51.7437 
97.4254 
51.7437 
30.4437 
17.6349 
48.8669 
17.6349 
59.1573 
39.8133 
81.97 
39.8133 
22.6639 
11.7976 
39.8249 
11.7976 
32.7672 
50.6764 
18.5661 
50.6764 
22.8663 
10.2545 
44.931 
10.2545 
64.1012 
32.3459 
95.2585 
32.3459 
15.1537 
6.23288 
29.8184 
6.23288 
20.7776 
46.8813 
10.3172 
46.8813 
113.336 
76.9808 
126.693 
76.9808 
129.176 
120.171 
115.749 
120.171 
95.7091 
56.4485 
118.805 
56.4485 
108.614 
126.023 
80.1616 
126.023 
9.54101 
3.87446 
17.9801 
3.87446 
29.3191 
11.4547 
53.2424 
11.4547 
5.86986 
2.028 
9.73657 
2.028 
6.50524 
19.296 
3.85626 
19.296 
41.0529 
77.6879 
21.3175 
77.6879 
11.8263 
31.5872 
6.22543 
31.5872 
60.3877 
97.4119 
34.2036 
97.4119 
45.2653 
19.9441 
74.6824 
19.9441 
119.228 
99.3157 
125.71 
99.3157 
122.691 
122.744 
100.124 
122.744 
108.396 
85.3502 
121.787 
85.3502 
119.215 
126.259 
102.138 
126.259 
82.6041 
111.841 
51.1618 
111.841 
33.8998 
64.7615 
16.7622 
64.7615 
103.646 
119.367 
71.1829 
119.367 
84.163 
49.126 
111.555 
49.126 
94.7135 
71.5986 
111.253 
71.5986 
121.907 
102.993 
119.09 
102.993 
83.5651 
53.8907 
102.318 
53.8907 
93.3571 
114.265 
74.6409 
114.265 
122.286 
114.17 
117.565 
114.17 
106.118 
123.942 
88.1723 
123.942 
122.319 
97.8365 
125.052 
97.8365 
126.868 
114.382 
114.567 
114.382 
1.51178 
5.27884 
1.96964 
5.27884 
1.91999 
8.28971 
2.81322 
8.28971 
6.20451 
23.3204 
11.7088 
23.3204 
8.79662 
1.91778 
4.39635 
1.91778 
2.75115 
13.3915 
4.92536 
13.3915 
4.54882 
21.083 
9.20826 
21.083 
15.673 
44.2051 
26.6734 
44.2051 
22.0896 
4.74821 
11.9175 
4.74821 
25.7227 
61.724 
39.9171 
61.724 
35.4923 
77.2738 
53.0727 
77.2738 
65.076 
111.308 
88.1383 
111.308 
79.8683 
37.0796 
56.9648 
37.0796 
46.0111 
16.4835 
29.3699 
16.4835 
33.8602 
10.562 
20.5878 
10.562 
14.1341 
2.804 
7.18563 
2.804 
10.0068 
32.4222 
17.9613 
32.4222 
8.23081 
31.8457 
16.5746 
31.8457 
14.405 
45.2782 
27.7065 
45.2782 
34.0024 
76.6118 
50.5903 
76.6118 
46.553 
15.2292 
29.4694 
15.2292 
24.9697 
61.7613 
40.3486 
61.7613 
39.0712 
82.7145 
53.7166 
82.7145 
62.0369 
125.51 
82.2933 
125.51 
83.444 
38.8641 
59.7743 
38.8641 
80.0515 
128.493 
107.772 
128.493 
99.739 
136.658 
122.998 
136.658 
128.196 
111.777 
128.919 
111.777 
139.137 
103.868 
126.657 
103.868 
129.87 
63.4197 
94.6283 
63.4197 
102.994 
48.2187 
71.9228 
48.2187 
63.0782 
25.7418 
42.8572 
25.7418 
46.8594 
99.1645 
65.3149 
99.1645 
113.321 
122.098 
127.897 
122.098 
125.809 
107.707 
127.469 
107.707 
119.743 
60.3973 
91.7602 
60.3973 
104.369 
127.537 
129.195 
127.537 
129.988 
87.1249 
115.607 
87.1249 
122.063 
63.8032 
94.4409 
63.8032 
81.1736 
24.2987 
46.1581 
24.2987 
60.6213 
120.444 
95.4134 
120.444 
55.6757 
12.5958 
27.1499 
12.5958 
35.8291 
7.07726 
15.2567 
7.07726 
10.3775 
2.4888 
5.04171 
2.4888 
6.6846 
33.2681 
15.4233 
33.2681 
22.562 
77.6068 
47.1668 
77.6068 
37.5726 
100.577 
69.6145 
100.577 
83.1205 
129.919 
116.387 
129.919 
103.58 
40.6238 
69.3745 
40.6238 
110.108 
130.52 
130.194 
130.52 
123.864 
118.808 
131.66 
118.808 
130.663 
83.209 
108.761 
83.209 
115.98 
125.64 
131.799 
125.64 
129.506 
101.681 
122.709 
101.681 
125.276 
84.1973 
108.21 
84.1973 
97.4796 
50.0014 
72.7747 
50.0014 
81.3792 
123.677 
105.727 
123.677 
79.5179 
35.4046 
54.9255 
35.4046 
61.2196 
24.8664 
40.8803 
24.8664 
33.1385 
8.67172 
19.2468 
8.67172 
23.7768 
58.9209 
37.7011 
58.9209 
48.0327 
94.7145 
68.8495 
94.7145 
62.6705 
112.776 
87.5214 
112.776 
98.6916 
129.684 
122.303 
129.684 
115.406 
65.1744 
90.1206 
65.1744 
51.4407 
79.4514 
109.405 
79.4514 
99.4901 
148.974 
160.425 
148.974 
79.0985 
120.33 
151.601 
120.33 
150.784 
102.125 
78.5774 
102.125 
109.023 
110.801 
80.8263 
110.801 
57.3269 
28.8336 
10.1603 
28.8336 
90.0024 
56.6002 
26.5564 
56.6002 
26.8105 
55.7388 
89.7153 
55.7388 
118.844 
136.025 
128.712 
136.025 
118.747 
90.0021 
50.6362 
90.0021 
128.76 
117.276 
81.1921 
117.276 
83.5105 
116.014 
127.074 
116.014 
52.2688 
86.5703 
118.6 
86.5703 
128.614 
128.486 
115.736 
128.486 
105.984 
107.266 
126.247 
107.266 
127.192 
131.378 
106.366 
131.378 
12.9978 
3.16585 
0.278208 
3.16585 
1.17165 
0.0781422 
0.0112847 
0.0781422 
3.05853 
0.863782 
0.0682092 
0.863782 
0.0825528 
0.96677 
3.15371 
0.96677 
0.424996 
0.098385 
0.00502425 
0.098385 
0.00386742 
0.000234799 
4.90201e-05 
0.000234799 
0.036749 
0.00507067 
0.000100006 
0.00507067 
8.01015e-05 
0.00722429 
0.0382006 
0.00722429 
1.13196e-06 
0.00168521 
0.00396507 
0.00168521 
0.00338692 
0.0545727 
0.470604 
0.0545727 
0.000393834 
0.00259704 
0.0556968 
0.00259704 
0.0459633 
0.00793461 
0.00058726 
0.00793461 
99.8072 
70.8363 
35.8329 
70.8363 
30.5667 
14.3566 
6.37241 
14.3566 
52.773 
28.354 
11.7522 
28.354 
12.235 
25.9297 
54.293 
25.9297 
5.22592 
2.29028 
0.427061 
2.29028 
0.206655 
0.0315496 
0.00172584 
0.0315496 
1.14091 
0.318022 
0.0242641 
0.318022 
0.0234085 
0.184507 
1.23246 
0.184507 
18.8549 
8.38741 
3.74764 
8.38741 
3.48271 
1.26316 
0.160445 
1.26316 
6.21737 
3.0994 
0.786512 
3.0994 
0.891713 
2.87566 
6.3797 
2.87566 
0.145618 
0.931262 
3.55459 
0.931262 
3.83429 
8.14039 
19.6179 
8.14039 
1.83793 
4.618 
10.221 
4.618 
9.84396 
4.6555 
1.72943 
4.6555 
0.000587115 
0.0424752 
0.219991 
0.0424752 
0.432119 
1.56734 
5.46165 
1.56734 
0.0642061 
0.404585 
1.85521 
0.404585 
1.75213 
0.566292 
0.0695863 
0.566292 
6.64733 
14.1765 
31.9797 
14.1765 
37.617 
67.7004 
100.617 
67.7004 
19.9464 
40.6806 
76.0491 
40.6806 
74.0556 
42.6593 
19.0002 
42.6593 
0.743123 
2.77811 
7.86253 
2.77811 
9.2797 
22.8591 
46.0465 
22.8591 
2.98179 
12.3883 
24.8348 
12.3883 
24.6294 
10.1969 
2.83061 
10.1969 
44.662 
22.0594 
8.90453 
22.0594 
7.55144 
3.18312 
0.696831 
3.18312 
16.0459 
7.48994 
2.63803 
7.48994 
2.73919 
6.83667 
16.8254 
6.83667 
0.0420808 
0.476217 
0.00101946 
0.476217 
0.00723107 
0.00758021 
6.02989e-05 
0.00758021 
0.222901 
1.99383 
0.00279603 
1.99383 
0.00988413 
0.0023252 
0.253979 
0.0023252 
0.00011307 
0.00826026 
0.000177683 
0.00826026 
-7.3924e-05 
0.0296909 
0.000147382 
0.0296909 
0.00664746 
1.27133 
0.00850049 
1.27133 
0.0432079 
8.87126e-05 
0.0119746 
8.87126e-05 
0.185724 
2.64458 
5.20949 
2.64458 
9.4737 
35.8051 
46.1061 
35.8051 
7.99401 
23.1754 
40.1036 
23.1754 
41.3158 
15.6354 
7.34088 
15.6354 
0.0493126 
0.591603 
2.13483 
0.591603 
4.77529 
16.5734 
29.467 
16.5734 
2.51525 
10.8104 
21.6223 
10.8104 
18.656 
5.8934 
2.03128 
5.8934 
26.0491 
9.83465 
4.0703 
9.83465 
1.5332 
0.180526 
0.0425161 
0.180526 
3.18143 
0.570505 
0.178907 
0.570505 
0.174632 
1.23168 
3.87776 
1.23168 
0.00136728 
0.125022 
0.53968 
0.125022 
1.10866 
6.65117 
15.0913 
6.65117 
0.403615 
3.92115 
9.96893 
3.92115 
7.89765 
1.43324 
0.319133 
1.43324 
0.000794779 
0.0363593 
0.0726809 
0.0363593 
0.0813312 
2.27446 
5.97583 
2.27446 
0.00645707 
0.989482 
3.40367 
0.989482 
2.63993 
0.102345 
0.00592806 
0.102345 
4.69265 
0.514817 
0.0784061 
0.514817 
0.0586151 
0.000365165 
0.000430154 
0.000365165 
0.142858 
0.0026348 
-0.000270409 
0.0026348 
-0.000131512 
0.0599485 
0.22809 
0.0599485 
12.4877 
3.20034 
0.856324 
3.20034 
0.320786 
0.0127055 
0.000349018 
0.0127055 
0.751642 
0.0571348 
0.0114339 
0.0571348 
0.0125555 
0.255952 
1.16388 
0.255952 
0.00293009 
0.00229213 
0.0298627 
0.00229213 
0.0434348 
-0.000447832 
0.140001 
-0.000447832 
0.000900147 
0.000106961 
0.000134467 
0.000106961 
0.000113697 
0.0369362 
4.95508e-05 
0.0369362 
0.192013 
-0.0010213 
0.517749 
-0.0010213 
0.766942 
-0.00110723 
1.96662 
-0.00110723 
0.00711015 
-0.000127891 
0.0118435 
-0.000127891 
0.00323642 
0.684895 
-0.000433215 
0.684895 
2.4756 
0.00440814 
6.54358 
0.00440814 
6.27784 
0.0477805 
17.0563 
0.0477805 
0.0702899 
-0.000100054 
0.16105 
-0.000100054 
0.0683312 
6.35949 
0.00802562 
6.35949 
7.94395e-05 
0.0679319 
-0.000129345 
0.0679319 
-2.6452e-05 
0.0222855 
-4.71049e-05 
0.0222855 
0.0141861 
2.32307 
3.0305e-05 
2.32307 
0.02269 
-0.000153034 
0.0455725 
-0.000153034 
-4.3587e-05 
0.00697054 
-7.83314e-07 
0.00697054 
1.24375e-05 
0.00126032 
-4.39028e-06 
0.00126032 
0.000799571 
0.164954 
-0.0003633 
0.164954 
0.00122735 
1.69916e-05 
0.0023576 
1.69916e-05 
12.9416 
0.0220571 
0.155486 
0.0220571 
0.497157 
0.00121957 
0.000826662 
0.00121957 
0.179871 
0.000158864 
0.000122728 
0.000158864 
-0.000796996 
0.595461 
0.161176 
0.595461 
8.94619 
78.3403 
37.3426 
78.3403 
43.1922 
146.102 
100.465 
146.102 
95.9507 
159.449 
144.029 
159.449 
141.364 
48.9376 
88.4704 
48.9376 
104.054 
146.088 
140.64 
146.088 
132.303 
88.7674 
114.058 
88.7674 
122.038 
51.7032 
75.985 
51.7032 
84.8709 
138.533 
129.231 
138.533 
146.521 
64.9697 
92.0642 
64.9697 
89.14 
23.2027 
40.7657 
23.2027 
49.0305 
8.31219 
17.763 
8.31219 
20.2181 
77.8069 
52.6895 
77.8069 
45.8628 
113.877 
93.6513 
113.877 
96.9917 
143.628 
143.238 
143.628 
135.549 
112.911 
143.57 
112.911 
147.07 
112.381 
128.097 
112.381 
94.9393 
36.3289 
58.8853 
36.3289 
43.1172 
9.49318 
20.3621 
9.49318 
22.7614 
2.9636 
7.86752 
2.9636 
9.33945 
44.0696 
28.3745 
44.0696 
12.8649 
1.14756 
3.992 
1.14756 
2.12025 
0.0461877 
0.304033 
0.0461877 
0.563297 
0.00695387 
0.0602266 
0.00695387 
0.0509156 
1.98216 
0.81787 
1.98216 
1.56454 
0.0152473 
0.167394 
0.0152473 
0.154217 
-1.41858e-05 
0.0045287 
-1.41858e-05 
0.0195959 
-8.74175e-05 
0.000549782 
-8.74175e-05 
-0.000838872 
0.101469 
0.0266916 
0.101469 
0.00490629 
0.515513 
0.232429 
0.515513 
0.205116 
4.61495 
2.29622 
4.61495 
1.1977 
12.9789 
6.91831 
12.9789 
5.05485 
0.251456 
1.02238 
0.251456 
5.44268 
0.0854019 
0.588138 
0.0854019 
0.579252 
0.000998343 
0.00834302 
0.000998343 
0.0320497 
0.000605425 
0.00138886 
0.000605425 
-0.00212428 
0.388832 
0.0796114 
0.388832 
0.000138661 
0.00936918 
0.00285767 
0.00936918 
0.000599586 
0.262622 
0.0340693 
0.262622 
0.00504421 
1.37141 
0.5575 
1.37141 
0.337161 
-0.00101827 
0.0104369 
-0.00101827 
0.0182052 
2.69611 
1.06311 
2.69611 
0.931045 
13.7601 
7.2974 
13.7601 
4.75454 
31.5944 
18.9909 
31.5944 
16.1505 
1.13999 
3.85249 
1.13999 
2.8828 
21.8681 
12.7319 
21.8681 
15.0903 
60.4732 
41.7978 
60.4732 
35.8483 
98.1685 
73.5771 
98.1685 
63.7835 
16.2586 
31.0825 
16.2586 
36.0899 
5.22686 
12.6618 
5.22686 
9.77863 
0.642933 
2.34358 
0.642933 
3.17306 
0.0312455 
0.439584 
0.0312455 
0.575227 
8.63218 
4.32287 
8.63218 
11.7461 
32.0613 
82.8058 
32.0613 
100.529 
179.326 
324.762 
179.326 
34.1941 
62.351 
130.765 
62.351 
133.61 
87.6873 
32.3032 
87.6873 
369.38 
497.843 
592.32 
497.843 
570.598 
565.266 
483.249 
565.266 
465.3 
541.868 
557.289 
541.868 
591.256 
574.14 
497.849 
574.14 
55.3504 
108.062 
181.811 
108.062 
244.62 
376.436 
440.441 
376.436 
86.4206 
169.889 
230.694 
169.889 
281.043 
186.874 
107.295 
186.874 
494.722 
411.423 
273.955 
411.423 
201.005 
136.639 
62.2446 
136.639 
442.73 
333.228 
180.173 
333.228 
171.241 
274.116 
411.359 
274.116 
365.179 
272.668 
313.674 
272.668 
224.171 
142.428 
402.825 
142.428 
217.578 
195.662 
127.068 
195.662 
170.767 
299.917 
258.355 
299.917 
294.031 
143.242 
736.715 
143.242 
557.587 
261.6 
1690.74 
261.6 
71.0091 
97.7972 
143.877 
97.7972 
337.92 
714.921 
142.275 
714.921 
128.45 
118.518 
81.8359 
118.518 
60.2069 
69.5887 
61.603 
69.5887 
76.7702 
79.005 
47.799 
79.005 
87.8596 
83.6843 
120.206 
83.6843 
118.629 
101.573 
120.172 
101.573 
146.669 
126.144 
192.721 
126.144 
179.177 
388.869 
139.209 
388.869 
96.9928 
118.556 
101.207 
118.556 
121.863 
249.589 
267.277 
249.589 
351.854 
527.323 
408.701 
527.323 
162.763 
322.307 
293.809 
322.307 
433.976 
268.741 
247.045 
268.741 
391.512 
427.934 
210.822 
427.934 
143.03 
168.518 
56.6891 
168.518 
306.371 
344.697 
144.244 
344.697 
240.39 
217.713 
433.4 
217.713 
216.386 
309.237 
330.094 
309.237 
388.571 
466.427 
322.962 
466.427 
419.068 
221.839 
554.24 
221.839 
443.56 
331.653 
312.557 
331.653 
439.879 
367.651 
558.103 
367.651 
490.149 
293.847 
321.304 
293.847 
494.28 
409.142 
526.63 
409.142 
370.015 
554.876 
361.104 
554.876 
110.526 
118.215 
207.641 
118.215 
279.78 
328.529 
488.175 
328.529 
160.499 
188.22 
302.428 
188.22 
239.747 
205.381 
114.098 
205.381 
508.079 
442.327 
456.895 
442.327 
355.343 
233.836 
168.231 
233.836 
520.907 
437.901 
375.354 
437.901 
310.151 
458.559 
444.631 
458.559 
251.264 
286.18 
437.346 
286.18 
512.113 
545.331 
540.857 
545.331 
320.876 
458.265 
550.102 
458.265 
512.948 
448.409 
290.192 
448.409 
485.896 
540.418 
442.986 
540.418 
363.734 
305.878 
185.912 
305.878 
463.739 
487.257 
324.671 
487.257 
384.862 
438.868 
539.727 
438.868 
0.000650665 
0.0301367 
0.000396043 
0.0301367 
0.000456249 
0.00472737 
0.000119171 
0.00472737 
0.0255575 
0.562028 
-0.000339372 
0.562028 
0.00461359 
0.000478141 
0.0201239 
0.000478141 
1.21516 
5.7458 
0.0556386 
5.7458 
0.110197 
1.4683 
0.000627862 
1.4683 
13.1003 
32.8478 
1.94631 
32.8478 
2.01238 
0.114686 
8.6771 
0.114686 
0.00114317 
0.170798 
0.000907554 
0.170798 
-0.000218532 
0.016674 
0.000264805 
0.016674 
0.189761 
1.78911 
0.0174217 
1.78911 
0.0420155 
-0.00120956 
0.2654 
-0.00120956 
52.084 
114.269 
14.5864 
114.269 
23.2781 
28.3996 
3.08302 
28.3996 
209.568 
200.994 
43.4389 
200.994 
36.762 
24.6324 
158.398 
24.6324 
3.48746 
0.258874 
19.3807 
0.258874 
13.5641 
2.31404 
35.4101 
2.31404 
0.211478 
-0.0022688 
1.32493 
-0.0022688 
2.11218 
12.0574 
0.161065 
12.0574 
0.00508719 
0.00119509 
0.0791642 
0.00119509 
0.10271 
-0.000909588 
0.794191 
-0.000909588 
0.00104225 
0.000237812 
0.00101068 
0.000237812 
0.00285628 
0.0675687 
0.000826385 
0.0675687 
-0.00154708 
0.668218 
0.530448 
0.668218 
0.202392 
25.2986 
10.9473 
25.2986 
0.579877 
45.8506 
28.3387 
45.8506 
33.2195 
0.384401 
0.803399 
0.384401 
0.0108389 
8.68624 
4.33848 
8.68624 
3.93778 
74.7063 
42.4571 
74.7063 
10.9877 
113.945 
61.1406 
113.945 
71.1569 
5.02209 
13.2684 
5.02209 
48.9326 
1.53032 
5.05692 
1.53032 
4.932 
0.0152071 
-0.00333055 
0.0152071 
1.72508 
0.00671666 
0.00053057 
0.00671666 
0.00291613 
3.32713 
1.53746 
3.32713 
8.83906e-06 
0.000239587 
0.00644719 
0.000239587 
-0.00120329 
0.799785 
0.499754 
0.799785 
-0.00295427 
1.89787 
1.15997 
1.89787 
1.27559 
-0.000131678 
0.0125686 
-0.000131678 
0.874524 
27.8339 
12.1204 
27.8339 
23.3729 
168.658 
81.4368 
168.658 
42.0676 
226.896 
105.5 
226.896 
124.511 
19.1927 
46.2282 
19.1927 
4.12865 
46.0845 
36.7933 
46.0845 
54.0404 
222.532 
143.892 
222.532 
70.2522 
142.584 
309.333 
142.584 
276.948 
62.498 
100.774 
62.498 
157.083 
33.8226 
57.2133 
33.8226 
39.1189 
2.7897 
7.87995 
2.7897 
21.995 
0.901529 
2.36362 
0.901529 
2.15336 
32.207 
19.3855 
32.207 
95.8936 
9.95877 
27.5488 
9.95877 
14.8889 
0.192715 
0.979431 
0.192715 
8.69752 
0.00606821 
0.126127 
0.00606821 
0.0850962 
17.1529 
7.32935 
17.1529 
0.532611 
0.00119086 
0.000658173 
0.00119086 
0.00542947 
-1.81791e-07 
1.55799e-05 
-1.81791e-07 
0.00237722 
5.92047e-05 
3.61512e-05 
5.92047e-05 
0.00015676 
0.000144841 
0.00347332 
0.000144841 
0.000293424 
9.96676e-06 
0.0116508 
9.96676e-06 
0.050385 
0.0991059 
0.0105276 
0.0991059 
0.00746521 
0.4157 
0.180338 
0.4157 
0.204579 
4.82729e-05 
0.000650653 
4.82729e-05 
0.03816 
0.0522781 
0.0573253 
0.0522781 
0.0715902 
0.0463105 
0.160568 
0.0463105 
0.0559683 
0.0600982 
0.104399 
0.0600982 
0.0567145 
0.0684521 
0.0481399 
0.0684521 
0.178464 
0.0583868 
0.459298 
0.0583868 
0.576447 
0.178517 
1.40653 
0.178517 
0.163897 
0.0899931 
0.291247 
0.0899931 
0.201837 
0.524851 
0.0697009 
0.524851 
1.87937 
0.636262 
4.10457 
0.636262 
5.08889 
2.96686 
4.9751 
2.96686 
0.686605 
0.291752 
1.21198 
0.291752 
1.72799 
4.55735 
0.792712 
4.55735 
0.151161 
0.139112 
0.270529 
0.139112 
0.270077 
0.156013 
0.328606 
0.156013 
0.138099 
0.167909 
0.173847 
0.167909 
0.155785 
0.293482 
0.143071 
0.293482 
0.253888 
0.726103 
0.157886 
0.726103 
0.153491 
0.331985 
0.0780162 
0.331985 
0.644382 
1.66302 
0.213959 
1.66302 
0.301976 
0.135381 
0.611141 
0.135381 
0.0966051 
0.180461 
0.0616769 
0.180461 
0.0676724 
0.0977769 
0.0437977 
0.0977769 
0.0758881 
0.165992 
0.0343986 
0.165992 
0.0948447 
0.0645435 
0.152905 
0.0645435 
0.000833248 
0.000833135 
0.00541367 
0.000833135 
0.00877558 
0.000482699 
0.0218773 
0.000482699 
0.00128454 
0.00140525 
0.00558117 
0.00140525 
0.000741819 
0.00652783 
0.000279996 
0.00652783 
0.0314613 
0.000911201 
0.348621 
0.000911201 
0.598163 
0.0434818 
3.44037 
0.0434818 
0.0377338 
0.00154101 
0.194647 
0.00154101 
0.0145013 
0.446384 
0.00133727 
0.446384 
0.00161603 
0.0191766 
0.000682578 
0.0191766 
0.00115527 
0.00670104 
0.000884104 
0.00670104 
0.0006317 
0.0273909 
0.000183508 
0.0273909 
0.0107863 
0.000874025 
0.0192428 
0.000874025 
5.51664 
1.24142 
18.1964 
1.24142 
28.9931 
11.4135 
57.8492 
11.4135 
3.76328 
0.80082 
13.4259 
0.80082 
6.13578 
19.6672 
1.21876 
19.6672 
89.3891 
50.266 
108.701 
50.266 
157.339 
110.52 
127.201 
110.52 
78.1747 
44.0204 
98.2055 
44.0204 
63.1714 
109.918 
50.4237 
109.918 
2.39257 
0.694618 
9.38949 
0.694618 
16.2175 
7.49843 
36.2499 
7.49843 
1.11623 
0.485931 
6.03882 
0.485931 
4.42924 
9.30463 
0.628318 
9.30463 
21.2492 
47.956 
8.35097 
47.956 
4.75059 
13.7113 
0.742662 
13.7113 
27.5058 
59.8135 
11.4305 
59.8135 
21.9274 
8.64082 
47.317 
8.64082 
0.0023136 
0.00258206 
0.0194342 
0.00258206 
0.00534819 
0.0113936 
0.419059 
0.0113936 
0.0016819 
0.00221913 
0.0238183 
0.00221913 
0.0496337 
0.0146929 
0.00360591 
0.0146929 
0.54949 
0.659156 
0.0127136 
0.659156 
0.0318415 
0.0358206 
0.00385747 
0.0358206 
0.46388 
1.32736 
0.0288833 
1.32736 
0.0860403 
0.020155 
0.722719 
0.020155 
0.500847 
2.29335 
0.0207041 
2.29335 
0.0150065 
0.207669 
0.00073238 
0.207669 
0.612646 
3.96743 
0.0390528 
3.96743 
0.420974 
0.0245706 
2.22161 
0.0245706 
0.0173057 
0.00630359 
0.0843996 
0.00630359 
0.191427 
0.0402069 
1.2956 
0.0402069 
0.0105658 
0.00500156 
0.0406248 
0.00500156 
0.0306209 
0.0859796 
0.00468082 
0.0859796 
123.449 
120.728 
130.642 
120.728 
112.891 
63.2787 
76.1667 
63.2787 
94.5467 
48.5149 
60.6595 
48.5149 
59.6108 
109.312 
89.0408 
109.312 
63.3437 
21.87 
29.6639 
21.87 
23.7619 
5.17883 
8.06457 
5.17883 
15.1912 
2.56224 
4.26882 
2.56224 
4.88767 
22.9477 
15.281 
22.9477 
34.5374 
7.88038 
12.0321 
7.88038 
9.27595 
1.15416 
2.14868 
1.15416 
5.79123 
0.432449 
0.979513 
0.432449 
1.13223 
8.99711 
5.9849 
8.99711 
2.46697 
14.6466 
9.48597 
14.6466 
12.6562 
46.5254 
33.3541 
46.5254 
20.5202 
61.0633 
44.7091 
61.0633 
47.953 
13.2657 
19.3893 
13.2657 
6.17751 
0.760077 
1.38903 
0.760077 
1.0634 
0.0778409 
0.123325 
0.0778409 
0.470374 
0.0213643 
0.0593026 
0.0213643 
0.0727081 
0.978037 
0.548036 
0.978037 
0.136378 
0.0166563 
0.0123779 
0.0166563 
0.0655069 
0.0069732 
-0.000221228 
0.0069732 
0.0266707 
0.0175847 
0.00483362 
0.0175847 
0.00559978 
0.0405437 
0.0341859 
0.0405437 
0.0133096 
0.0103457 
0.0149193 
0.0103457 
0.0081931 
0.0591382 
0.0279963 
0.0591382 
0.0129708 
0.107354 
0.0860272 
0.107354 
0.0678138 
0.00745476 
0.0054286 
0.00745476 
0.420248 
0.00284687 
0.0273515 
0.00284687 
0.0492216 
0.00112274 
0.00358613 
0.00112274 
0.0267427 
0.00141121 
0.00233534 
0.00141121 
0.00147906 
0.046285 
0.0282587 
0.046285 
0.00222617 
0.0981166 
0.0551533 
0.0981166 
0.0252138 
0.810894 
0.487772 
0.810894 
0.100909 
1.59299 
0.978097 
1.59299 
0.832122 
0.0243267 
0.0914843 
0.0243267 
0.0202655 
0.448921 
0.272373 
0.448921 
0.301763 
3.06284 
1.8849 
3.06284 
0.724218 
5.94106 
3.5343 
5.94106 
3.19167 
0.310544 
0.6076 
0.310544 
1.64798 
0.101198 
0.250152 
0.101198 
0.221613 
0.00496609 
0.0172478 
0.00496609 
0.102529 
0.00168368 
0.00728141 
0.00168368 
0.00537933 
0.210821 
0.121321 
0.210821 
0.0710389 
0.634643 
2.17392 
0.634643 
3.47086 
8.60321 
17.5512 
8.60321 
0.293341 
1.66727 
3.95334 
1.66727 
5.65669 
2.51417 
0.653312 
2.51417 
30.5843 
56.8978 
78.9463 
56.8978 
119.936 
175.34 
181.667 
175.34 
45.3515 
80.0277 
101.831 
80.0277 
128.266 
83.9218 
58.3957 
83.9218 
0.641258 
3.42693 
6.29218 
3.42693 
10.2996 
23.3399 
37.5392 
23.3399 
1.41733 
5.79296 
9.58962 
5.79296 
15.3775 
6.87169 
3.51248 
6.87169 
52.1204 
29.1566 
15.2917 
29.1566 
9.80342 
4.41494 
1.71975 
4.41494 
35.7485 
19.6393 
8.90561 
19.6393 
6.34935 
14.9205 
26.7967 
14.9205 
203.793 
227.977 
173.281 
227.977 
134.637 
126.837 
64.7941 
126.837 
188.654 
208.377 
142.189 
208.377 
172.229 
171.52 
228.91 
171.52 
40.269 
41.9815 
9.81029 
41.9815 
5.69255 
12.8177 
0.402849 
12.8177 
25.4389 
28.8671 
7.32977 
28.8671 
19.1675 
9.78343 
40.5526 
9.78343 
163.55 
183.541 
107.249 
183.541 
68.3322 
78.7295 
28.1389 
78.7295 
138.237 
150.823 
83.4623 
150.823 
118.188 
105.661 
180.805 
105.661 
47.5173 
46.4399 
94.936 
46.4399 
139.202 
140.054 
207.398 
140.054 
65.9568 
64.0269 
123.825 
64.0269 
98.3932 
97.5562 
47.0893 
97.5562 
3.12861 
7.70149 
14.7835 
7.70149 
24.3133 
41.8723 
72.5128 
41.8723 
6.69825 
8.52319 
23.106 
8.52319 
26.3354 
15.1027 
7.72047 
15.1027 
102.794 
136.007 
165.039 
136.007 
174.669 
181.976 
164.22 
181.976 
131.948 
137.361 
187.212 
137.361 
182.667 
163.546 
136.135 
163.546 
12.0687 
10.1138 
32.8166 
10.1138 
56.4007 
64.8633 
122.47 
64.8633 
18.5852 
14.2372 
46.8687 
14.2372 
35.7127 
33.3464 
10.0909 
33.3464 
108.57 
100.116 
50.8258 
100.116 
28.9994 
23.2773 
8.48846 
23.2773 
105.165 
73.2152 
41.9957 
73.2152 
38.1457 
50.5251 
100.075 
50.5251 
192.762 
166.761 
209.071 
166.761 
200.03 
143.7 
127.276 
143.7 
216.123 
177.802 
215.395 
177.802 
168.9 
210.36 
169.016 
210.36 
93.4685 
53.8819 
33.1516 
53.8819 
21.5548 
10.1418 
5.87749 
10.1418 
72.7139 
40.0248 
23.6855 
40.0248 
15.804 
32.9534 
51.9817 
32.9534 
225.647 
186.974 
203.842 
186.974 
159.365 
106.528 
81.6266 
106.528 
227.326 
184.278 
178.833 
184.278 
145.975 
201.292 
186.142 
201.292 
61.6468 
105.37 
122.453 
105.37 
161.28 
214.761 
178.769 
214.761 
80.2722 
126.751 
143.027 
126.751 
186.619 
125.648 
106.641 
125.648 
0.000485656 
0.00251696 
0.0157372 
0.00251696 
0.034119 
0.315263 
0.0342494 
0.315263 
-0.00147953 
0.959902 
0.222906 
0.959902 
0.245567 
-0.00120226 
0.000508129 
-0.00120226 
0.0006562 
0.040702 
0.0256085 
0.040702 
0.0100602 
2.08921 
0.446698 
2.08921 
0.04929 
3.70434 
0.911383 
3.70434 
1.14533 
0.0051518 
0.0490631 
0.0051518 
0.535942 
-0.00175239 
0.0125162 
-0.00175239 
0.0250476 
-5.86816e-05 
0.000291027 
-5.86816e-05 
0.0115 
0.000125026 
0.000386831 
0.000125026 
0.000838033 
0.0120183 
0.0123573 
0.0120183 
-0.00105353 
0.138857 
0.15571 
0.138857 
0.127348 
4.98636 
1.95453 
4.98636 
0.290612 
5.23944 
4.27783 
5.23944 
4.39678 
0.167546 
0.279984 
0.167546 
0.0169445 
0.672888 
0.506084 
0.672888 
0.753774 
5.82438 
7.66433 
5.82438 
1.86771 
7.37077 
11.5887 
7.37077 
10.7509 
1.13265 
2.41141 
1.13265 
7.20188 
0.506441 
0.788841 
0.506441 
0.521262 
0.00506921 
0.0303717 
0.00506921 
0.298787 
4.45496e-05 
0.00572388 
4.45496e-05 
0.00447537 
0.287523 
0.313512 
0.287523 
2.32401 
0.0440176 
0.120464 
0.0440176 
0.146375 
-0.00042225 
-2.69853e-06 
-0.00042225 
0.0648498 
-0.000193051 
3.00241e-05 
-0.000193051 
-0.000258992 
0.0858462 
0.0670851 
0.0858462 
0.712175 
3.0309 
0.104592 
3.0309 
0.119571 
0.421285 
0.017602 
0.421285 
7.20266 
9.09836 
1.0549 
9.09836 
0.678918 
0.113555 
3.90923 
0.113555 
0.0172476 
0.00266482 
0.128336 
0.00266482 
0.139447 
0.0287828 
0.307799 
0.0287828 
0.00286124 
0.00100984 
0.0134755 
0.00100984 
0.0293385 
0.134667 
0.00133785 
0.134667 
5.79147 
14.5324 
117.926 
14.5324 
106.227 
143.871 
128.734 
143.871 
24.572 
34.8876 
205.972 
34.8876 
167.762 
119.845 
13.4487 
119.845 
164.222 
163.446 
30.6353 
163.446 
50.0621 
35.8582 
3.59015 
35.8582 
121.23 
103.163 
10.6273 
103.163 
17.528 
31.774 
159.768 
31.774 
78.6685 
112.956 
148.176 
112.956 
196.991 
207.3 
31.9345 
207.3 
162.5 
230.791 
66.337 
230.791 
127.748 
148.008 
115.766 
148.008 
52.9333 
70.1567 
221.481 
70.1567 
175.987 
206.218 
35.0807 
206.218 
99.4234 
128.311 
143.874 
128.311 
188.627 
221.622 
69.8072 
221.622 
5.11448 
2.3306 
0.0632314 
2.3306 
0.00299584 
0.0135732 
-0.000170179 
0.0135732 
0.981228 
0.196341 
-0.00331492 
0.196341 
0.0019393 
0.0107062 
1.88894 
0.0107062 
0.000454069 
-0.000110874 
0.00962495 
-0.000110874 
0.0132921 
0.0057708 
0.118853 
0.0057708 
0.000523153 
0.000570249 
0.00925531 
0.000570249 
0.0187828 
0.0104718 
0.000217949 
0.0104718 
216.601 
265.095 
25.4402 
265.095 
81.4431 
55.7974 
4.56255 
55.7974 
193.189 
179.739 
11.5514 
179.739 
21.9629 
25.333 
266.353 
25.333 
11.4244 
4.40753 
0.0533881 
4.40753 
0.0632048 
0.0500889 
0.00393157 
0.0500889 
1.8882 
0.36552 
0.024195 
0.36552 
0.0193164 
0.0715763 
3.54096 
0.0715763 
116.71 
75.5873 
5.73597 
75.5873 
14.2568 
3.64906 
0.73939 
3.64906 
51.1651 
11.5941 
8.01796 
11.5941 
0.851965 
6.15138 
71.6484 
6.15138 
0.0642208 
1.06158 
19.3454 
1.06158 
7.13002 
11.8272 
177.391 
11.8272 
0.585251 
5.10567 
53.475 
5.10567 
37.1696 
20.903 
0.798593 
20.903 
0.00588075 
0.00546482 
0.205397 
0.00546482 
0.0557349 
0.736574 
17.3392 
0.736574 
0.0194578 
0.0124812 
2.76666 
0.0124812 
0.917967 
0.248121 
0.0085769 
0.248121 
5.50873 
14.1831 
123.061 
14.1831 
61.8027 
65.7857 
234.457 
65.7857 
20.9248 
32.5969 
206.418 
32.5969 
145.84 
125.141 
13.4615 
125.141 
0.0736211 
0.492072 
11.5104 
0.492072 
5.40865 
11.1327 
100.168 
11.1327 
1.18795 
3.64525 
34.2767 
3.64525 
20.9243 
12.187 
0.522686 
12.187 
71.2647 
50.3259 
3.28166 
50.3259 
6.4652 
2.98559 
0.0581251 
2.98559 
33.1382 
19.2652 
0.593011 
19.2652 
1.22236 
3.55011 
47.7952 
3.55011 
233.534 
484.009 
563.636 
484.009 
467.864 
259.698 
341.136 
259.698 
487.192 
240.831 
233.115 
240.831 
219.746 
569.937 
456.811 
569.937 
348.379 
107.813 
156.502 
107.813 
170.243 
48.7355 
60.5952 
48.7355 
119.039 
39.958 
49.3765 
39.958 
48.6681 
160.308 
115.917 
160.308 
229.257 
80.2003 
68.285 
80.2003 
85.5384 
38.7786 
40.812 
38.7786 
77.2982 
44.7462 
29.7037 
44.7462 
27.946 
63.0456 
71.136 
63.0456 
39.9224 
102.157 
81.4173 
102.157 
62.9535 
238.75 
215.116 
238.75 
98.4517 
347.859 
277.689 
347.859 
285.169 
84.435 
104.856 
84.435 
80.1837 
45.5084 
49.5512 
45.5084 
70.9016 
63.6347 
63.3084 
63.6347 
44.1308 
47.9597 
57.3975 
47.9597 
57.281 
52.9936 
43.9976 
52.9936 
99.7474 
133.199 
144.704 
133.199 
259.149 
1919.86 
1704.11 
1919.86 
148.765 
1059.97 
1430.9 
1059.97 
1417.69 
207.375 
148.026 
207.375 
46.7123 
86.386 
113.724 
86.386 
119.145 
380.541 
521.593 
380.541 
89.1379 
155.149 
172.27 
155.149 
168.978 
114.009 
85.1528 
114.009 
503.265 
147.839 
117.229 
147.839 
111.695 
58.7986 
46.8858 
58.7986 
135.808 
70.9888 
63.644 
70.9888 
63.6092 
117.188 
136.859 
117.188 
41.8982 
29.5201 
18.2572 
29.5201 
23.2281 
18.9348 
20.1129 
18.9348 
27.1441 
16.5916 
12.3448 
16.5916 
11.404 
17.3107 
27.3604 
17.3107 
27.5662 
33.8571 
48.1511 
33.8571 
57.8835 
85.7467 
78.2772 
85.7467 
35.2398 
57.5268 
45.6228 
57.5268 
47.0141 
44.4986 
30.3802 
44.4986 
13.8094 
4.04834 
8.3219 
4.04834 
15.9878 
34.1899 
29.2402 
34.1899 
3.11276 
4.77451 
15.0379 
4.77451 
14.5158 
6.76058 
4.17229 
6.76058 
29.5531 
19.7409 
13.3585 
19.7409 
6.77405 
11.1873 
15.1853 
11.1873 
19.9201 
18.4408 
17.2568 
18.4408 
18.4539 
15.3575 
23.3129 
15.3575 
79.8153 
76.5716 
53.3998 
76.5716 
44.3127 
33.4529 
25.6132 
33.4529 
74.8584 
47.3899 
36.9077 
47.3899 
37.6926 
56.3149 
78.4434 
56.3149 
18.5433 
20.7943 
22.6043 
20.7943 
17.6255 
27.3775 
40.4823 
27.3775 
21.8105 
37.9271 
35.9565 
37.9271 
37.8376 
24.1338 
22.2672 
24.1338 
48.5538 
41.4737 
29.5816 
41.4737 
29.5339 
47.0355 
37.9785 
47.0355 
42.3217 
64.1134 
47.6733 
64.1134 
48.2786 
31.2549 
42.4831 
31.2549 
38.7413 
23.7372 
30.1146 
23.7372 
30.0415 
38.5911 
48.3085 
38.5911 
22.5709 
27.5761 
35.0596 
27.5761 
34.2085 
28.2585 
22.1948 
28.2585 
2.79472 
4.08471 
9.43533 
4.08471 
14.3796 
24.5286 
46.5061 
24.5286 
4.62391 
6.46396 
15.4346 
6.46396 
15.3063 
9.331 
4.1658 
9.331 
71.689 
99.6595 
148.648 
99.6595 
189.022 
206.72 
228.544 
206.72 
101.586 
134.832 
185.244 
134.832 
176.431 
149.109 
98.9736 
149.109 
7.07406 
10.0646 
24.4297 
10.0646 
37.9616 
55.9856 
97.4689 
55.9856 
10.5134 
16.619 
36.7804 
16.619 
35.2843 
24.4839 
9.90406 
24.4839 
93.4825 
67.8294 
37.9959 
67.8294 
24.3576 
15.3089 
6.42907 
15.3089 
65.1045 
46.5698 
24.0372 
46.5698 
24.1161 
38.5567 
67.3335 
38.5567 
207.511 
178.568 
137.191 
178.568 
93.5325 
68.8911 
35.6588 
68.8911 
187.324 
152.036 
107.704 
152.036 
100.984 
137.179 
176.989 
137.179 
21.1768 
13.8722 
4.17261 
13.8722 
2.65481 
1.37172 
0.126407 
1.37172 
14.4289 
7.66309 
2.28073 
7.66309 
1.82419 
4.12265 
13.2681 
4.12265 
164.674 
124.55 
81.2341 
124.55 
53.9752 
32.7217 
14.5435 
32.7217 
135.597 
96.2814 
56.4394 
96.2814 
48.5501 
80.9303 
122.954 
80.9303 
11.2769 
22.9772 
47.1692 
22.9772 
72.3196 
107.435 
150.267 
107.435 
21.1599 
35.6937 
66.9519 
35.6937 
71.6822 
48.6225 
23.0652 
48.6225 
16.5021 
26.7104 
55.5287 
26.7104 
84.2801 
116.277 
178.899 
116.277 
26.7023 
43.9996 
82.3677 
43.9996 
78.9373 
56.9735 
26.4532 
56.9735 
223.177 
240.633 
258.594 
240.633 
233.352 
194.399 
142.137 
194.399 
256.81 
265.204 
237.151 
265.204 
234.951 
258.755 
244.399 
258.755 
44.1887 
71.4605 
120.609 
71.4605 
165.311 
216.925 
261.494 
216.925 
70.2892 
111.722 
171.667 
111.722 
174.2 
126.177 
72.1718 
126.177 
265.619 
230.403 
164.218 
230.403 
117.618 
85.4113 
43.9891 
85.4113 
215.971 
182.035 
117.064 
182.035 
119.873 
161.786 
225.894 
161.786 
131.613 
178.931 
219.552 
178.931 
247.562 
253.424 
208.766 
253.424 
166.228 
209.01 
230.205 
209.01 
248.935 
218.887 
179.692 
218.887 
167.206 
135.749 
81.8016 
135.749 
53.0093 
37.3029 
16.3619 
37.3029 
125.964 
98.5918 
55.5357 
98.5918 
57.142 
81.8613 
133.815 
81.8613 
194.587 
224.228 
224.796 
224.228 
209.754 
185.698 
134.635 
185.698 
214.774 
228.129 
206.92 
228.129 
218.373 
224.308 
224.987 
224.308 
139.567 
169.915 
226.357 
169.915 
244.786 
229.621 
209.814 
229.621 
180.369 
206.87 
253.17 
206.87 
237.526 
226.788 
170.5 
226.788 
0.130206 
1.28051 
0.0184788 
1.28051 
0.0304456 
0.471529 
0.00305628 
0.471529 
2.25469 
7.20777 
0.764895 
7.20777 
0.540474 
0.0241615 
1.4294 
0.0241615 
0.0077222 
0.216211 
0.000461738 
0.216211 
0.00180326 
0.0729528 
0.000779697 
0.0729528 
0.236003 
2.2312 
0.0664107 
2.2312 
0.0788776 
-0.000197408 
0.145396 
-0.000197408 
14.4732 
31.1595 
7.38559 
31.1595 
7.3674 
20.7324 
3.50711 
20.7324 
56.1665 
93.6453 
34.1958 
93.6453 
22.0364 
7.55169 
33.9087 
7.55169 
2.43905 
0.234744 
4.31272 
0.234744 
4.83863 
0.890808 
8.68268 
0.890808 
0.243869 
0.00436466 
0.486713 
0.00436466 
0.874539 
4.43657 
0.291646 
4.43657 
0.000297647 
0.0271674 
0.000157833 
0.0271674 
0.00027548 
0.00705701 
0.000269061 
0.00705701 
0.00536278 
0.281776 
0.00022461 
0.281776 
0.00659128 
0.000162472 
0.00869959 
0.000162472 
0.245324 
2.65771 
0.0571691 
2.65771 
0.0447503 
0.759205 
0.00747859 
0.759205 
4.18847 
11.411 
1.30332 
11.411 
1.1348 
0.0396518 
2.9938 
0.0396518 
0.0100908 
0.000774217 
0.0579401 
0.000774217 
0.076643 
-0.00176457 
0.173988 
-0.00176457 
0.00191156 
0.00023964 
0.00155283 
0.00023964 
0.000144935 
0.066677 
-0.000363057 
0.066677 
141.484 
193.211 
103.429 
193.211 
102.253 
157.273 
68.1689 
157.273 
236.939 
269.397 
207.966 
269.397 
159.093 
103.746 
190.667 
103.746 
67.6911 
117.867 
39.8866 
117.867 
44.8576 
68.8009 
19.0384 
68.8009 
174.442 
210.18 
100.849 
210.18 
73.9646 
46.0318 
129.345 
46.0318 
265.256 
222.989 
280.695 
222.989 
290.309 
277.116 
243.74 
277.116 
179.575 
115.287 
227.919 
115.287 
265.247 
288.579 
226.494 
288.579 
208.425 
176.78 
265.03 
176.78 
252.014 
210.256 
268.646 
210.256 
121.271 
69.0216 
160.976 
69.0216 
208.795 
254.407 
163.21 
254.407 
13.7447 
4.38997 
30.3836 
4.38997 
28.3291 
9.12735 
44.8602 
9.12735 
2.98115 
0.248132 
5.69063 
0.248132 
8.81593 
26.3308 
3.74802 
26.3308 
46.9014 
19.1513 
68.448 
19.1513 
70.7643 
34.9806 
96.3625 
34.9806 
13.1791 
3.25325 
20.9262 
3.25325 
34.3392 
68.1886 
19.6347 
68.1886 
0.326708 
-0.000637821 
0.669017 
-0.000637821 
1.07452 
0.0253246 
1.91785 
0.0253246 
0.0275144 
0.000104599 
0.0316058 
0.000104599 
0.0319668 
0.934993 
0.0113714 
0.934993 
3.15678 
12.2957 
1.36651 
12.2957 
1.07206 
6.26214 
0.354785 
6.26214 
18.6865 
44.5637 
9.5533 
44.5637 
6.83147 
1.10873 
11.6159 
1.10873 
-0.000471059 
0.0688423 
0.0323191 
0.0688423 
0.0146328 
1.75878 
0.617305 
1.75878 
0.0528334 
4.1483 
2.32964 
4.1483 
2.11168 
0.0129021 
0.0595717 
0.0129021 
0.00150025 
0.541244 
0.356507 
0.541244 
0.355342 
8.08765 
4.68899 
8.08765 
1.11137 
11.49 
8.48834 
11.49 
8.37394 
0.466588 
1.15718 
0.466588 
4.55501 
0.110222 
0.370751 
0.110222 
0.340489 
-0.000679896 
0.00496223 
-0.000679896 
0.118419 
-0.000212691 
-0.000328182 
-0.000212691 
-0.00203493 
0.234333 
0.129421 
0.234333 
1.20318 
15.5544 
6.10686 
15.5544 
13.0398 
67.9519 
34.7327 
67.9519 
21.9936 
92.3284 
60.0494 
92.3284 
58.8487 
7.4835 
22.106 
7.4835 
51.9874 
170.742 
117.92 
170.742 
209.761 
325.19 
196.17 
325.19 
213.847 
375.95 
333.78 
375.95 
341.366 
144.451 
213.741 
144.451 
126.48 
264.08 
215.637 
264.08 
277.246 
367.11 
357.022 
367.11 
323.844 
328.106 
348.377 
328.106 
352.23 
276.02 
323.889 
276.02 
364.492 
203.694 
277.36 
203.694 
215.075 
78.5759 
126.912 
78.5759 
159.842 
44.3773 
90.3154 
44.3773 
90.2515 
219.092 
159.91 
219.092 
21.3581 
75.6964 
60.6826 
75.6964 
90.4214 
200.697 
157.486 
200.697 
117.341 
227.195 
203.155 
227.195 
203.237 
90.9846 
118.89 
90.9846 
218.213 
316.386 
291.754 
316.386 
343.434 
272.977 
314.649 
272.977 
332.826 
215.447 
266.457 
215.447 
263.928 
340.088 
332.027 
340.088 
272.294 
290.902 
314.958 
290.902 
295.963 
170.604 
213.924 
170.604 
244.661 
129.954 
165.587 
129.954 
159.4 
298.611 
240.468 
298.611 
209.329 
324.878 
293.705 
324.878 
311.949 
261.9 
270.702 
261.9 
305.458 
210.745 
256.989 
210.745 
256.221 
311.166 
305.886 
311.166 
315.347 
323.009 
343.276 
323.009 
292.021 
168.342 
219.141 
168.342 
260.077 
122.146 
172.217 
122.146 
171.457 
298.663 
260.152 
298.663 
157.063 
59.1919 
91.513 
59.1919 
60.4412 
13.0642 
22.1827 
13.0642 
39.3144 
6.6613 
13.2634 
6.6613 
13.0413 
59.7909 
39.8641 
59.7909 
89.3627 
20.3376 
37.9062 
20.3376 
25.5768 
2.91643 
6.48582 
2.91643 
14.5946 
0.63613 
2.59225 
0.63613 
2.57509 
24.9896 
15.1323 
24.9896 
6.40078 
40.2172 
26.195 
40.2172 
37.5277 
125.886 
90.8751 
125.886 
61.1504 
164.31 
124.25 
164.31 
123.217 
37.3892 
61.8859 
37.3892 
252.489 
383.944 
431.806 
383.944 
367.381 
318.218 
193.931 
318.218 
416.732 
419.901 
320.622 
419.901 
352.322 
377.537 
379.536 
377.537 
145.706 
101.086 
62.5068 
101.086 
46.2978 
36.4399 
33.8245 
36.4399 
72.6347 
62.182 
32.1064 
62.182 
48.2069 
61.4861 
95.9909 
61.4861 
410.876 
377.473 
249.668 
377.473 
190.857 
152.349 
69.2743 
152.349 
361.23 
303.386 
182.778 
303.386 
206.523 
241.942 
367.583 
241.942 
91.124 
106.122 
226.278 
106.122 
290.382 
309.982 
410.216 
309.982 
140.324 
184.551 
306.189 
184.551 
277.313 
236.327 
109.712 
236.327 
28.6037 
26.862 
25.7114 
26.862 
23.0291 
23.7106 
19.0932 
23.7106 
14.2706 
18.3437 
13.8311 
18.3437 
29.5028 
25.8264 
26.7791 
25.8264 
16.9619 
21.5139 
7.58222 
21.5139 
7.76519 
18.5759 
0.600256 
18.5759 
7.2378 
9.19981 
10.134 
9.19981 
24.5907 
7.84733 
21.9345 
7.84733 
9.22062 
11.5418 
8.56855 
11.5418 
5.91296 
7.74748 
7.49875 
7.74748 
6.99606 
7.95372 
5.57089 
7.95372 
9.93399 
8.65401 
11.6584 
8.65401 
14.5183 
12.9187 
13.8413 
12.9187 
17.5628 
13.7138 
18.4482 
13.7138 
30.2905 
19.2952 
23.8361 
19.2952 
9.91821 
13.6036 
12.8748 
13.6036 
287.063 
224.839 
126.55 
224.839 
78.1132 
57.317 
27.6972 
57.317 
211.691 
159.066 
86.0833 
159.066 
90.2188 
124.631 
216.54 
124.631 
17.5048 
15.6916 
9.6948 
15.6916 
8.78101 
10.236 
7.41232 
10.236 
12.5336 
11.7005 
7.45341 
11.7005 
10.1917 
9.75238 
15.772 
9.75238 
150.254 
114.054 
55.7901 
114.054 
31.7647 
26.4894 
11.3036 
26.4894 
102.762 
79.907 
36.0107 
79.907 
44.3193 
56.1491 
110.811 
56.1491 
15.8151 
18.5826 
35.5334 
18.5826 
59.7624 
85.7038 
153.613 
85.7038 
22.2287 
27.7277 
55.1221 
27.7277 
50.5043 
36.2494 
18.4206 
36.2494 
11.7793 
10.2773 
14.0347 
10.2773 
15.1135 
14.1921 
23.5592 
14.1921 
15.659 
13.0297 
18.4879 
13.0297 
11.7505 
13.9263 
10.1869 
13.9263 
34.9682 
44.1969 
87.9309 
44.1969 
136.275 
178.065 
293.448 
178.065 
57.2495 
67.6851 
144.479 
67.6851 
122.881 
92.4668 
44.6967 
92.4668 
23.6523 
18.3776 
25.371 
18.3776 
32.2792 
31.3836 
59.7105 
31.3836 
32.8837 
33.7348 
35.7202 
33.7348 
22.3682 
25.4632 
18.579 
25.4632 
42.6346 
38.6746 
19.8287 
38.6746 
14.4413 
18.4079 
13.0449 
18.4079 
27.4119 
23.7463 
14.1714 
23.7463 
21.4363 
19.633 
37.6653 
19.633 
0.912018 
19.589 
7.76875 
19.589 
9.64376 
7.49615 
13.5899 
7.49615 
9.90694 
9.59929 
12.0435 
9.59929 
7.46623 
8.50879 
7.35589 
8.50879 
14.0435 
4.35945 
15.0928 
4.35945 
13.9773 
2.99051 
13.5572 
2.99051 
4.94401 
3.3296 
4.62998 
3.3296 
2.98351 
13.5479 
3.24822 
13.5479 
7.58604 
8.20065 
9.68508 
8.20065 
6.04091 
5.50964 
6.56499 
5.50964 
5.59444 
8.19754 
7.2086 
8.19754 
5.36576 
5.87577 
4.0496 
5.87577 
3.24938 
4.96329 
3.23822 
4.96329 
5.38058 
7.46987 
4.62844 
7.46987 
4.36829 
13.1314 
4.78048 
13.1314 
7.3775 
5.5148 
7.22246 
5.5148 
11.8029 
2.3661 
10.8693 
2.3661 
9.34466 
2.06462 
8.59748 
2.06462 
2.59929 
1.30219 
2.53509 
1.30219 
2.04346 
9.2291 
2.07827 
9.2291 
7.55356 
1.77391 
7.04378 
1.77391 
6.99417 
1.18523 
5.04243 
1.18523 
1.73073 
0.384283 
1.05646 
0.384283 
1.0643 
6.65967 
1.5796 
6.65967 
2.8267 
1.92702 
2.18649 
1.92702 
1.84701 
1.57626 
1.40729 
1.57626 
1.98523 
2.21522 
1.58225 
2.21522 
1.57858 
1.76296 
1.8666 
1.76296 
0.395849 
1.72923 
0.488687 
1.72923 
0.686542 
2.12905 
0.942466 
2.12905 
1.76083 
7.3854 
1.85682 
7.3854 
2.13192 
0.722456 
2.02187 
0.722456 
7.46349 
10.524 
9.14815 
10.524 
6.30021 
8.68407 
6.89814 
8.68407 
7.40005 
11.9939 
8.91691 
11.9939 
8.67962 
6.15236 
7.14846 
6.15236 
5.78995 
6.98407 
5.58021 
6.98407 
5.24724 
5.88814 
4.76962 
5.88814 
5.95565 
7.7747 
5.90826 
7.7747 
6.02856 
5.22395 
5.8738 
5.22395 
11.4323 
26.4165 
10.6243 
26.4165 
9.0177 
19.4539 
8.64399 
19.4539 
36.6048 
78.4145 
29.6369 
78.4145 
19.2613 
8.97759 
23.7823 
8.97759 
7.90606 
5.93061 
7.38179 
5.93061 
8.66632 
6.94958 
8.46818 
6.94958 
6.95996 
5.73759 
6.90746 
5.73759 
6.97388 
8.68974 
7.09881 
8.68974 
2.16744 
2.01145 
2.69366 
2.01145 
2.89743 
2.40544 
3.26601 
2.40544 
1.95224 
2.70697 
1.98304 
2.70697 
2.44523 
2.90497 
2.07695 
2.90497 
3.94904 
3.29894 
3.75932 
3.29894 
5.63707 
4.46065 
4.91608 
4.46065 
3.90195 
4.56693 
3.35444 
4.56693 
4.58073 
5.74156 
5.077 
5.74156 
1.24986 
2.60107 
1.53108 
2.60107 
2.08823 
3.3805 
2.20275 
3.3805 
2.34255 
11.666 
2.40971 
11.666 
3.36646 
2.14884 
3.24564 
2.14884 
4.72426 
4.0234 
4.7533 
4.0234 
3.78412 
2.71791 
3.31709 
2.71791 
3.39896 
3.95789 
3.25534 
3.95789 
2.67884 
3.64755 
2.54023 
3.64755 
4.00917 
1.41248 
1.36863 
1.41248 
1.40239 
0.414473 
0.270229 
0.414473 
1.12996 
0.702082 
0.414884 
0.702082 
0.415205 
1.37437 
1.404 
1.37437 
0.770921 
1.4725 
1.28236 
1.4725 
1.28334 
2.05215 
1.9352 
2.05215 
1.42959 
2.4035 
2.1399 
2.4035 
2.1434 
1.28678 
1.42689 
1.28678 
1.69797 
2.3085 
1.78279 
2.3085 
1.55143 
3.15989 
2.37483 
3.15989 
2.17225 
4.71031 
3.72792 
4.71031 
3.74855 
1.44564 
2.1679 
1.44564 
1.99953 
3.37708 
2.7067 
3.37708 
2.83042 
6.67204 
5.34586 
6.67204 
3.95709 
10.318 
7.25569 
10.318 
6.90404 
2.90987 
3.94971 
2.90987 
5.26106 
2.22525 
2.81817 
2.22525 
2.69963 
1.85398 
2.01345 
1.85398 
2.35805 
1.70404 
1.76845 
1.70404 
1.76698 
2.63967 
2.35882 
2.63967 
4.8667 
5.97682 
4.33066 
5.97682 
4.24105 
4.71358 
3.38303 
4.71358 
5.83371 
7.53375 
5.07574 
7.53375 
5.04492 
4.38474 
5.89384 
4.38474 
3.29143 
5.50439 
3.81687 
5.50439 
5.40131 
15.6594 
10.7369 
15.6594 
8.68042 
25.9096 
17.048 
25.9096 
15.0642 
5.25147 
8.44694 
5.25147 
8.1151 
16.9953 
9.61102 
16.9953 
15.0056 
44.5061 
29.2355 
44.5061 
27.6837 
75.1658 
49.2632 
75.1658 
42.0268 
15.142 
26.2273 
15.142 
25.0562 
8.6059 
14.3513 
8.6059 
8.86164 
5.45374 
8.21221 
5.45374 
5.41167 
3.4043 
5.05838 
3.4043 
5.09709 
8.69225 
5.66034 
8.69225 
9.87354 
3.56228 
5.32172 
3.56228 
3.74328 
2.31164 
3.28812 
2.31164 
2.97319 
1.62364 
2.30833 
1.62364 
2.30907 
3.92818 
2.97279 
3.92818 
3.38704 
2.86233 
4.21314 
2.86233 
4.31091 
3.3277 
4.83387 
3.3277 
2.71703 
2.18079 
3.3154 
2.18079 
3.31786 
4.19082 
2.72879 
4.19082 
1.98423 
1.02753 
1.85562 
1.02753 
1.79508 
1.2067 
2.10743 
1.2067 
1.05742 
0.501987 
1.19389 
0.501987 
1.19484 
1.79432 
1.05126 
1.79432 
2.11221 
2.67546 
1.79715 
2.67546 
1.86168 
2.538 
1.95979 
2.538 
2.79416 
3.29841 
2.50588 
3.29841 
2.5112 
1.89443 
2.77639 
1.89443 
0.322115 
1.59859 
0.0737275 
1.59859 
0.0762196 
1.07765 
0.203513 
1.07765 
2.6494 
0.931865 
0.776967 
0.931865 
0.79913 
0.0780734 
1.54488 
0.0780734 
1.99972 
0.487715 
1.10153 
0.487715 
1.17485 
0.552881 
0.724745 
0.552881 
0.874142 
0.397564 
0.583351 
0.397564 
0.489911 
1.04629 
0.60935 
1.04629 
0.889499 
0.480738 
1.19347 
0.480738 
1.0168 
0.534003 
1.16052 
0.534003 
0.458246 
0.187706 
0.789512 
0.187706 
0.629359 
1.23144 
0.486986 
1.23144 
0.239229 
0.437271 
0.343569 
0.437271 
0.321621 
0.607319 
0.438814 
0.607319 
0.417991 
0.683775 
0.589929 
0.683775 
0.630441 
0.338046 
0.442444 
0.338046 
0.131043 
0.194379 
0.207708 
0.194379 
0.203076 
0.272403 
0.558841 
0.272403 
0.194389 
0.261116 
0.291172 
0.261116 
0.279539 
0.207585 
0.19348 
0.207585 
0.507639 
0.676905 
2.13811 
0.676905 
4.35026 
4.67247 
8.07979 
4.67247 
0.830563 
1.30981 
2.5706 
1.30981 
2.56177 
2.33601 
0.723887 
2.33601 
0.208651 
0.229449 
0.326131 
0.229449 
0.275282 
0.533856 
0.743466 
0.533856 
0.204853 
0.250165 
0.523786 
0.250165 
0.613069 
0.328708 
0.228463 
0.328708 
0.959353 
0.652146 
0.398291 
0.652146 
0.421453 
0.293008 
0.255711 
0.293008 
0.538822 
0.563172 
0.272441 
0.563172 
0.287016 
0.398534 
0.612421 
0.398534 
9.66668 
4.60321 
30.7377 
4.60321 
47.0213 
6.79856 
76.6058 
6.79856 
3.25804 
1.34129 
11.3071 
1.34129 
6.39101 
42.8621 
1.77632 
42.8621 
132.689 
14.6645 
155.108 
14.6645 
210.531 
40.004 
207.402 
40.004 
60.4709 
6.22021 
82.6978 
6.22021 
36.4157 
197.236 
34.2815 
197.236 
0.880032 
0.543457 
3.15815 
0.543457 
6.42571 
0.893899 
12.799 
0.893899 
0.523305 
0.256652 
0.929752 
0.256652 
0.847422 
5.48084 
0.523896 
5.48084 
5.72317 
55.6942 
3.57511 
55.6942 
2.04383 
16.8005 
0.673417 
16.8005 
13.3671 
122.836 
10.5616 
122.836 
18.9554 
2.18981 
32.304 
2.18981 
184.346 
106.684 
177.158 
106.684 
96.5617 
193.815 
91.29 
193.815 
212.575 
46.0043 
194.155 
46.0043 
190.479 
96.3539 
153.552 
96.3539 
35.3381 
210.149 
25.9843 
210.149 
13.1577 
132.884 
2.58189 
132.884 
113.309 
183.5 
76.7301 
183.5 
134.382 
15.128 
165.66 
15.128 
157.128 
24.126 
178.193 
24.126 
222.244 
75.7621 
199.661 
75.7621 
77.513 
18.871 
122.127 
18.871 
63.8265 
210.616 
33.7809 
210.616 
172.176 
113.524 
148.948 
113.524 
113.415 
182.975 
87.913 
182.975 
209.088 
38.3802 
183.869 
38.3802 
185.971 
120.801 
158.247 
120.801 
0.30918 
0.205789 
0.440559 
0.205789 
0.316455 
0.483632 
1.37296 
0.483632 
0.212419 
0.131752 
0.442404 
0.131752 
0.512631 
0.303028 
0.188104 
0.303028 
1.97262 
0.940688 
6.90975 
0.940688 
9.16233 
3.24245 
27.0692 
3.24245 
0.63721 
0.833053 
3.15754 
0.833053 
3.25381 
7.61373 
0.758239 
7.61373 
0.380103 
0.297545 
0.240349 
0.297545 
0.289792 
0.389215 
0.744209 
0.389215 
0.303051 
0.223639 
0.41595 
0.223639 
0.450232 
0.275236 
0.303121 
0.275236 
0.992533 
0.653065 
0.279886 
0.653065 
0.312371 
0.579072 
0.285152 
0.579072 
0.988279 
1.68108 
0.562095 
1.68108 
0.58745 
0.28079 
0.844668 
0.28079 
16.5585 
67.9577 
4.56442 
67.9577 
4.40041 
24.4059 
1.32451 
24.4059 
21.3963 
148.358 
12.9522 
148.358 
27.9982 
4.82436 
51.6618 
4.82436 
1.19177 
6.45041 
0.349254 
6.45041 
0.505631 
1.41694 
0.292846 
1.41694 
2.52936 
21.7268 
1.13873 
21.7268 
1.58767 
0.514181 
4.14004 
0.514181 
41.8029 
205.504 
36.9776 
205.504 
14.5497 
134.442 
12.6634 
134.442 
101.527 
175.574 
86.2964 
175.574 
142.209 
16.1504 
155.951 
16.1504 
24.4375 
2.72274 
40.1908 
2.72274 
71.3421 
8.22113 
99.7532 
8.22113 
7.64845 
1.27539 
16.6309 
1.27539 
7.48111 
65.8263 
3.85651 
65.8263 
15.0515 
89.0129 
47.4123 
89.0129 
64.9371 
178.246 
123.492 
178.246 
69.6333 
204.197 
169.445 
204.197 
170.34 
63.3078 
70.3153 
63.3078 
136.678 
209.389 
185.665 
209.389 
180.748 
121.559 
161.972 
121.559 
211.676 
88.572 
90.3256 
88.572 
91.7506 
186.909 
213.167 
186.909 
204.001 
151.423 
118.861 
151.423 
182.765 
54.661 
54.6698 
54.661 
142.658 
34.276 
30.3627 
34.276 
30.1087 
131.393 
143.141 
131.393 
54.6723 
168.056 
183.294 
168.056 
119.457 
169.499 
204.963 
169.499 
160.64 
123.119 
173.305 
123.119 
173.4 
183.696 
158.617 
183.696 
149.389 
45.0752 
83.0841 
45.0752 
77.8241 
11.6639 
28.4632 
11.6639 
49.7376 
6.76234 
13.6559 
6.76234 
13.2187 
83.4595 
52.5658 
83.4595 
28.39 
3.23794 
7.47615 
3.23794 
12.7254 
1.55388 
0.378557 
1.55388 
3.03318 
0.90555 
2.64079 
0.90555 
2.76537 
7.36662 
3.04831 
7.36662 
6.7017 
0.973327 
1.79055 
0.973327 
1.30518 
0.447361 
2.04854 
0.447361 
1.01825 
0.335687 
0.858648 
0.335687 
0.847918 
1.60967 
1.02859 
1.60967 
2.04774 
3.50372 
1.30209 
3.50372 
1.79893 
12.3225 
6.8204 
12.3225 
4.12763 
27.7067 
13.5872 
27.7067 
12.8341 
1.35982 
4.12372 
1.35982 
30.9791 
3.43038 
3.93581 
3.43038 
7.31021 
1.08737 
1.08451 
1.08737 
3.35721 
0.405572 
0.553549 
0.405572 
0.550055 
3.55668 
3.36453 
3.55668 
1.81921 
0.621667 
0.674979 
0.621667 
1.0976 
0.464303 
0.435225 
0.464303 
0.855548 
0.547723 
0.466502 
0.547723 
0.463483 
0.783108 
0.821371 
0.783108 
0.734158 
0.271841 
0.262339 
0.271841 
0.595978 
0.238504 
0.277228 
0.238504 
0.504847 
0.208732 
0.248555 
0.208732 
0.250719 
0.377269 
0.569252 
0.377269 
0.257985 
0.361335 
0.641549 
0.361335 
0.275779 
0.606249 
0.856974 
0.606249 
0.251614 
1.06877 
1.27369 
1.06877 
1.31179 
0.391359 
0.258691 
0.391359 
0.426765 
0.988709 
1.09074 
0.988709 
0.66723 
2.37484 
1.74461 
2.37484 
0.979188 
5.40283 
3.55919 
5.40283 
3.64126 
0.925478 
0.969471 
0.925478 
1.05732 
9.13712 
7.13405 
9.13712 
3.83475 
31.9638 
30.9506 
31.9638 
9.43292 
59.7853 
51.9198 
59.7853 
51.5604 
7.80453 
9.68446 
7.80453 
5.87959 
40.9664 
29.1898 
40.9664 
19.0062 
98.713 
88.7175 
98.713 
39.882 
164.748 
133.163 
164.748 
128.797 
28.6326 
40.4252 
28.6326 
87.6467 
15.4148 
19.3817 
15.4148 
28.5413 
3.8341 
6.10962 
3.8341 
14.4474 
1.76696 
2.70896 
1.76696 
2.59966 
19.3922 
14.4819 
19.3922 
0.00153453 
0.00060657 
0.00269166 
0.00060657 
0.00302333 
1.84335e-05 
0.000437218 
1.84335e-05 
0.000666133 
2.21707e-05 
6.93851e-05 
2.21707e-05 
5.1026e-05 
0.00229425 
0.000686401 
0.00229425 
0.000231791 
0.135645 
0.10801 
0.135645 
0.0861215 
0.050129 
0.0771359 
0.050129 
0.135815 
0.886402 
0.0231602 
0.886402 
0.0539164 
0.0948492 
0.134441 
0.0948492 
4.20078e-08 
8.82167e-08 
1.60848e-06 
8.82167e-08 
1.68651e-06 
6.70775e-07 
8.23729e-06 
6.70775e-07 
3.79137e-07 
4.01847e-07 
5.63111e-06 
4.01847e-07 
5.79941e-06 
1.45786e-06 
3.58359e-07 
1.45786e-06 

SCALARS FailureType float
LOOKUP_TABLE default
0 
0 
0 
0 
0 
0 
0 
0 
0 
0 
0 
0 
0 
0 
0 
0 
0 
0 
0 
0 
0 
0 
0 
0 
0 
0 
0 
0 
0 
0 
0 
0 
0 
0 
0 
0 
0 
0 
0 
0 
0 
0 
0 
0 
1 
1 
1 
1 
1 
1 
1 
1 
0.86144 
0.86144 
-0.873659 
0.86144 
-0.373659 
0.59654 
-0.373659 
0.59654 
0 
0 
0 
0 
0 
0 
0 
0 
0 
0 
0 
0 
0 
0 
0 
0 
0 
0 
0 
0 
0 
0 
0 
0 
0 
0 
0 
0 
0 
0 
0 
0 
0 
0 
0 
0 
0 
0 
0 
0 
0 
0 
0 
0 
0 
0 
0 
0 
0 
0 
0 
0 
0 
0 
0 
0 
0 
0 
0 
0 
0 
0 
0 
0 
0 
0 
0 
0 
0 
0 
0 
0 
0 
0 
0 
0 
0 
0 
0 
0 
0 
0 
0 
0 
0 
0 
0 
0 
0 
0 
0 
0 
0 
0 
0 
0 
0 
0 
0 
0 
0 
0 
0 
0 
0 
0 
0 
0 
0 
0 
0 
0 
-0.373659 
-0.373659 
0.59654 
-0.373659 
0.59654 
-0.373659 
-0.373659 
-0.373659 
0 
0 
0 
0 
0 
0 
0 
0 
0 
0 
0 
0 
0 
0 
0 
0 
0 
0 
0 
0 
0 
0 
0 
0 
0 
0 
0 
0 
0 
0 
0 
0 
0 
0 
0 
0 
0 
0 
0 
0 
0 
0 
0 
0 
0 
0 
0 
0 
0 
0 
0 
0 
0 
0 
0 
0 
0 
0 
0 
0 
0 
0 
0 
0 
0 
0 
0 
0 
0 
0 
0 
0 
0 
0 
0 
0 
0 
0 
0 
0 
0 
0 
0 
0 
0 
0 
0 
0 
0 
0 
0 
0 
0 
0 
0 
0 
0 
0 
0 
0 
0 
0 
0 
0 
0 
0 
0 
0 
0 
0 
0 
0 
0 
0 
0 
0 
0 
0 
0 
0 
0 
0 
0 
0 
0 
0 
0 
0 
0 
0 
0 
0 
0 
0 
0 
0 
0 
0 
0 
0 
0 
0 
0 
0 
0 
0 
0 
0 
0 
0 
0 
0 
0 
0 
0 
0 
0 
0 
0 
0 
0 
0 
0 
0 
0 
0 
0 
0 
0 
0 
0 
0 
0 
0 
0 
0 
0 
0 
0 
0 
0 
0 
0 
0 
0 
0 
0 
0 
0 
0 
0 
0 
0 
0 
0 
0 
0 
0 
0 
0 
0 
0 
0 
0 
0 
0 
0 
0 
0 
0 
0 
0 
0 
0 
0 
0 
0 
0 
0 
0 
0 
0 
0 
0 
0 
0 
0 
0 
0 
0 
0 
0 
0 
0 
0 
0 
0 
0 
0 
0 
0 
0 
0 
0 
0 
0 
0 
0 
0 
0 
0 
0 
0 
0 
0 
0 
0 
0 
0 
0 
0 
0 
0 
0 
0 
0 
0 
0 
0 
0 
0 
0 
0 
0 
0 
0 
0 
0 
0 
0 
0 
0 
0 
0 
0 
0 
0 
0 
0 
0 
0 
0 
0 
0 
0 
0 
0 
0 
0 
0 
0 
0 
0 
0 
0 
0 
0 
0 
0 
0 
0 
0 
0 
0 
0 
0 
0 
0 
0 
0 
0 
0 
0 
0 
0 
0 
0 
0 
0 
0 
0 
0 
0 
0 
0 
0 
0 
0 
0 
0 
0 
0 
0 
0 
0 
0 
0 
0 
0 
0 
0 
0 
0 
0 
0 
0 
0 
0 
0 
0 
0 
0 
0 
0 
0 
0 
0 
0 
0 
0 
0 
0 
0 
0 
0 
0 
0 
0 
0 
0 
0 
0 
0 
0 
0 
0 
0 
0 
0 
0 
0 
0 
0 
0 
0 
0 
0 
0 
0 
0 
0 
0 
0 
0 
0 
0 
0 
0 
0 
0 
0 
0 
0 
0 
0 
0 
0 
0 
0 
0 
0 
0 
0 
0 
0 
0 
0 
0 
0 
0 
0 
0 
0 
0 
0 
0 
0 
0 
0 
0 
0 
0 
0 
0 
0 
0 
0 
0 
0 
0 
0 
0 
0 
0 
0 
0 
0 
0 
0 
0 
0 
0 
0 
0 
0 
0 
0 
0 
0 
0 
0 
0 
0 
0 
0 
0 
0 
0 
0 
0 
0 
0 
0 
0 
0 
0 
0 
0 
0 
0 
0 
0 
0 
0 
0 
0 
0 
0 
0 
0 
0 
0 
0 
0 
0 
0 
0 
0 
0 
0 
0 
0 
0 
0 
0 
0 
0 
0 
0 
0 
0 
0 
0 
0 
0 
0 
0 
0 
0 
0 
0 
0 
0 
0 
0 
0 
0 
0 
0 
0 
0 
0 
0 
0 
0 
0 
0 
0 
0 
0 
0 
0 
0 
0 
0 
0 
0 
0 
0 
0 
0 
0 
0 
0 
0 
0 
0 
0 
0 
0 
0 
0 
0 
0 
0 
0 
0 
0 
0 
0 
0 
0 
0 
0 
0 
0 
0 
0 
0 
0 
0 
0 
0 
0 
0 
0 
0 
0 
0 
0 
0 
0 
0 
0 
0 
0 
0 
0 
0 
0 
0 
0 
0 
0 
0 
0 
0 
0 
0 
0 
0 
0 
0 
0 
0 
0 
0 
0 
0 
0 
0 
0 
0 
0 
0 
0 
0 
0 
0 
0 
0 
0 
0 
0 
0 
0 
0 
0 
0 
0 
0 
0 
0 
0 
0 
0 
0 
0 
0 
0 
0 
0 
0 
0 
0.86144 
-0.873659 
0.86144 
-0.873659 
-0.373659 
-0.373659 
0.59654 
-0.373659 
0.86144 
0.86144 
-0.873659 
0.86144 
0.86144 
-0.873659 
0.86144 
-0.873659 
0.86144 
0.86144 
-0.873659 
0.86144 
-0.373659 
0.59654 
-0.373659 
0.59654 
0.86144 
-0.873659 
0.86144 
-0.873659 
1 
1 
1 
1 
-0.747319 
0.222881 
0.222881 
0.222881 
-0.373659 
0.59654 
-0.373659 
0.59654 
-0.373659 
0.59654 
-0.373659 
0.59654 
1 
1 
1 
1 
0 
0 
0 
0 
0 
0 
0 
0 
1 
1 
1 
1 
1.2351 
0.2649 
-0.5 
0.2649 
-0.873659 
0.86144 
0.86144 
0.86144 
0.86144 
-0.873659 
0.86144 
-0.873659 
0.86144 
-0.873659 
0.86144 
-0.873659 
1 
1 
1 
1 
1 
1 
1 
1 
1 
1 
1 
1 
0.747319 
2.27712 
2.27712 
2.27712 
1 
1 
1 
1 
0.722881 
-2.74732 
0.722881 
-2.74732 
1 
1 
1 
1 
0.747319 
2.27712 
2.27712 
2.27712 
0 
0 
0 
0 
0.86144 
-0.873659 
0.86144 
-0.873659 
0 
0 
0 
0 
-0.373659 
0.59654 
-0.373659 
0.59654 
0.86144 
-0.873659 
0.86144 
-0.873659 
-0.873659 
0.86144 
0.86144 
0.86144 
0 
0 
0 
0 
-0.873659 
0.86144 
0.86144 
0.86144 
0 
0 
0 
0 
0 
0 
0 
0 
1.2351 
0.2649 
-0.5 
0.2649 
0.59654 
-0.373659 
-0.373659 
-0.373659 
0.59654 
-0.373659 
-0.373659 
-0.373659 
-0.373659 
-0.373659 
0.59654 
-0.373659 
0.59654 
-0.373659 
-0.373659 
-0.373659 
0.59654 
-0.373659 
-0.373659 
-0.373659 
-0.873659 
0.86144 
0.86144 
0.86144 
0.86144 
-0.873659 
0.86144 
-0.873659 
0.13856 
0.13856 
1.87366 
0.13856 
0.86144 
0.86144 
-0.873659 
0.86144 
1.5 
0.7351 
-0.2351 
0.7351 
1 
1 
1 
1 
2.87366 
1.13856 
1.13856 
1.13856 
1 
1 
1 
1 
1 
1 
1 
1 
1 
1 
1 
1 
0.0843212 
-3.38588 
0.849222 
-3.38588 
1 
1 
1 
1 
2.13856 
2.13856 
-1.12634 
2.13856 
1 
1 
1 
1 
1 
1 
1 
1 
2.27712 
0.747319 
2.27712 
0.747319 
1 
1 
1 
1 
1 
1 
1 
1 
-0.373659 
-0.373659 
0.59654 
-0.373659 
-0.373659 
0.59654 
-0.373659 
0.59654 
-0.373659 
0.59654 
-0.373659 
0.59654 
0 
0 
0 
0 
-0.373659 
-0.373659 
0.59654 
-0.373659 
0 
0 
0 
0 
0.13856 
1.87366 
0.13856 
1.87366 
2.27712 
0.747319 
2.27712 
0.747319 
1 
1 
1 
1 
2.87366 
1.13856 
1.13856 
1.13856 
1 
1 
1 
1 
1 
1 
1 
1 
1 
1 
1 
1 
1 
1 
1 
1 
0 
0 
0 
0 
-0.373659 
-0.373659 
0.59654 
-0.373659 
0 
0 
0 
0 
0 
0 
0 
0 
0 
0 
0 
0 
1.87366 
0.13856 
0.13856 
0.13856 
0 
0 
0 
0 
0 
0 
0 
0 
1 
1 
1 
1 
1 
1 
1 
1 
1 
1 
1 
1 
1 
1 
1 
1 
1 
1 
1 
1 
1 
1 
1 
1 
1 
1 
1 
1 
1 
1 
1 
1 
1 
1 
1 
1 
1 
1 
1 
1 
1 
1 
1 
1 
1 
1 
1 
1 
1 
1 
1 
1 
1 
1 
1 
1 
1 
1 
1 
1 
1 
1 
1 
1 
0.86144 
0.86144 
-0.873659 
0.86144 
1 
1 
1 
1 
1 
1 
1 
1 
1 
1 
1 
1 
1 
1 
1 
1 
1 
1 
1 
1 
1 
1 
1 
1 
1 
1 
1 
1 
1 
1 
1 
1 
1 
1 
1 
1 
1 
1 
1 
1 
1 
1 
1 
1 
2.27712 
2.27712 
0.747319 
2.27712 
2.02444 
3.55424 
2.02444 
3.55424 
2.40346 
1.63856 
0.108759 
1.63856 
2.13856 
2.13856 
-1.12634 
2.13856 
1 
1 
1 
1 
1 
1 
1 
1 
1 
1 
1 
1 
2.87366 
1.13856 
1.13856 
1.13856 
1 
1 
1 
1 
1 
1 
1 
1 
1 
2.7351 
-0.7351 
2.7351 
1.13856 
1.13856 
2.87366 
1.13856 
1 
1 
1 
1 
1 
1 
1 
1 
1 
1 
1 
1 
1 
1 
1 
1 
1 
1 
1 
1 
-0.873659 
0.86144 
0.86144 
0.86144 
1 
1 
1 
1 
1 
1 
1 
1 
1 
1 
1 
1 
1 
1 
1 
1 
1 
1 
1 
1 
1 
1 
1 
1 
-0.873659 
0.86144 
0.86144 
0.86144 
1 
1 
1 
1 
1 
1 
1 
1 
1.13856 
2.87366 
1.13856 
2.87366 
0.722881 
-2.74732 
0.722881 
-2.74732 
1 
1 
1 
1 
0.86144 
-0.873659 
0.86144 
-0.873659 
1 
1 
1 
1 
1 
1 
1 
1 
1 
1 
1 
1 
1 
1 
1 
1 
1 
1 
1 
1 
1 
1 
1 
1 
1 
1 
1 
1 
1 
1 
1 
1 
1 
1 
1 
1 
1 
1 
1 
1 
1 
1 
1 
1 
1 
1 
1 
1 
1 
1 
1 
1 
1 
1 
1 
1 
1 
1 
1 
1 
1 
1 
1 
1 
1 
1 
1 
1 
1 
1 
1 
1 
1 
1 
1 
1 
1 
1 
1 
1 
1 
1 
1 
1 
1 
1 
1 
1 
1 
1 
1 
1 
1 
1 
1 
1 
1 
1 
1 
1 
1 
1 
1 
1 
1 
1 
1 
1 
1 
1 
1 
1 
0.86144 
0.86144 
-0.873659 
0.86144 
1 
1 
1 
1 
1 
1 
1 
1 
1 
1 
1 
1 
1 
1 
1 
1 
1 
1 
1 
1 
1 
1 
1 
1 
0.86144 
0.86144 
-0.873659 
0.86144 
1 
1 
1 
1 
1 
1 
1 
1 
1 
1 
1 
1 
1 
1 
1 
1 
1 
1 
1 
1 
1 
1 
1 
1 
1 
1 
1 
1 
1 
1 
1 
1 
0.86144 
0.86144 
-0.873659 
0.86144 
1 
1 
1 
1 
-0.373659 
0.59654 
-0.373659 
0.59654 
-1.01222 
0.722881 
-1.01222 
0.722881 
1 
1 
1 
1 
0.722881 
-1.01222 
-1.01222 
-1.01222 
0.86144 
-0.873659 
0.86144 
-0.873659 
1 
1 
1 
1 
1 
1 
1 
1 
0.86144 
-0.873659 
0.86144 
-0.873659 
1 
1 
1 
1 
-2.74732 
0.722881 
0.722881 
0.722881 
0.59654 
-0.373659 
-0.373659 
-0.373659 
0.59654 
-0.373659 
-0.373659 
-0.373659 
1 
1 
1 
1 
1 
1 
1 
1 
1 
1 
1 
1 
1 
1 
1 
1 
1 
1 
1 
1 
0.86144 
0.86144 
-0.873659 
0.86144 
0.86144 
0.86144 
-0.873659 
0.86144 
1 
1 
1 
1 
1 
1 
1 
1 
1 
1 
1 
1 
0.86144 
0.86144 
-0.873659 
0.86144 
1 
1 
1 
1 
0.86144 
-0.873659 
0.86144 
-0.873659 
-2.74732 
0.722881 
0.722881 
0.722881 
1 
1 
1 
1 
-2.74732 
0.722881 
0.722881 
0.722881 
2.87366 
1.13856 
1.13856 
1.13856 
1 
1 
1 
1 
1 
1 
1 
1 
1 
1 
1 
1 
1.13856 
2.87366 
1.13856 
2.87366 
1 
1 
1 
1 
0.722881 
-2.74732 
0.722881 
-2.74732 
1.13856 
2.87366 
1.13856 
2.87366 
1 
1 
1 
1 
1 
1 
1 
1 
1 
1 
1 
1 
1 
1 
1 
1 
1 
1 
1 
1 
1 
1 
1 
1 
1 
1 
1 
1 
1 
1 
1 
1 
0.722881 
0.722881 
-2.74732 
0.722881 
1.13856 
1.13856 
2.87366 
1.13856 
1 
1 
1 
1 
1 
1 
1 
1 
1 
1 
1 
1 
1.13856 
2.87366 
1.13856 
2.87366 
1 
1 
1 
1 
1 
1 
1 
1 
1 
1 
1 
1 
1 
1 
1 
1 
1 
1 
1 
1 
1 
1 
1 
1 
1 
1 
1 
1 
1 
1 
1 
1 
1 
1 
1 
1 
0.86144 
-0.873659 
0.86144 
-0.873659 
0.59654 
-0.373659 
-0.373659 
-0.373659 
1 
1 
1 
1 
1 
1 
1 
1 
1 
1 
1 
1 
1 
1 
1 
1 
1 
1 
1 
1 
1 
1 
1 
1 
1 
1 
1 
1 
1 
1 
1 
1 
1 
1 
1 
1 
1 
1 
1 
1 
1 
1 
1 
1 
1 
1 
1 
1 
1 
1 
1 
1 
1 
1 
1 
1 
1 
1 
1 
1 
1 
1 
1 
1 
1 
1 
1 
1 
1 
1 
1 
1 
1 
1 
1 
1 
1 
1 
1 
1 
0.747319 
2.27712 
2.27712 
2.27712 
1 
1 
1 
1 
-0.19308 
1.74732 
1.74732 
1.74732 
1 
1 
1 
1 
1 
1 
1 
1 
1 
1 
1 
1 
0.0843212 
-3.38588 
0.849222 
-3.38588 
2 
-1.4702 
0.470199 
-1.4702 
1 
1 
1 
1 
0.0843212 
-3.38588 
0.849222 
-3.38588 
0.722881 
0.722881 
-2.74732 
0.722881 
1 
1 
1 
1 
1 
1 
1 
1 
1.13856 
1.13856 
2.87366 
1.13856 
1.13856 
1.13856 
2.87366 
1.13856 
1 
1 
1 
1 
1.13856 
1.13856 
2.87366 
1.13856 
1.13856 
1.13856 
2.87366 
1.13856 
1 
1 
1 
1 
0.722881 
0.722881 
-2.74732 
0.722881 
1 
1 
1 
1 
1 
1 
1 
1 
1 
1 
1 
1 
1 
1 
1 
1 
0.7351 
-0.2351 
1.5 
-0.2351 
-0.373659 
0.59654 
-0.373659 
0.59654 
1 
1 
1 
1 
1 
1 
1 
1 
0.86144 
-0.873659 
0.86144 
-0.873659 
0.86144 
0.86144 
-0.873659 
0.86144 
-0.373659 
0.59654 
-0.373659 
0.59654 
-0.373659 
0.59654 
-0.373659 
0.59654 
-1.01222 
0.722881 
-1.01222 
0.722881 
0.59654 
-0.373659 
-0.373659 
-0.373659 
1 
1 
1 
1 
0.59654 
-0.373659 
-0.373659 
-0.373659 
0.59654 
-0.373659 
-0.373659 
-0.373659 
1 
1 
1 
1 
1.37366 
1.37366 
0.40346 
1.37366 
0 
0 
0 
0 
1.5 
0.7351 
-0.2351 
0.7351 
0 
0 
0 
0 
0 
0 
0 
0 
0 
0 
0 
0 
0.13856 
1.87366 
0.13856 
1.87366 
0 
0 
0 
0 
0 
0 
0 
0 
0.86144 
-0.873659 
0.86144 
-0.873659 
0 
0 
0 
0 
0.13856 
1.87366 
0.13856 
1.87366 
0.86144 
-0.873659 
0.86144 
-0.873659 
1.87366 
0.13856 
0.13856 
0.13856 
0 
0 
0 
0 
0 
0 
0 
0 
0.747319 
2.27712 
2.27712 
2.27712 
3.55424 
2.02444 
2.02444 
2.02444 
1 
1 
1 
1 
3.68058 
1.38588 
1.38588 
1.38588 
1 
1 
1 
1 
1 
1 
1 
1 
1 
1 
1 
1 
1 
1 
1 
1 
2.40346 
1.63856 
0.108759 
1.63856 
3.55424 
2.02444 
2.02444 
2.02444 
2.27712 
2.27712 
0.747319 
2.27712 
2.27712 
2.27712 
0.747319 
2.27712 
1 
1 
1 
1 
2.27712 
2.27712 
0.747319 
2.27712 
1 
1 
1 
1 
3.55424 
2.02444 
2.02444 
2.02444 
1 
1 
1 
1 
1 
1 
1 
1 
1 
1 
1 
1 
1 
1 
1 
1 
1 
1 
1 
1 
1 
1 
1 
1 
1 
1 
1 
1 
1 
1 
1 
1 
1 
1 
1 
1 
1 
1 
1 
1 
1 
1 
1 
1 
1 
1 
1 
1 
1 
1 
1 
1 
1 
1 
1 
1 
1 
1 
1 
1 
1 
1 
1 
1 
1 
1 
1 
1 
1 
1 
1 
1 
1 
1 
1 
1 
1 
1 
1 
1 
2.02444 
2.02444 
3.55424 
2.02444 
2.02444 
2.02444 
3.55424 
2.02444 
1.74732 
-0.19308 
1.74732 
-0.19308 
1 
1 
1 
1 
2.12634 
-2.10876 
-0.16836 
-2.10876 
0.722881 
-2.74732 
0.722881 
-2.74732 
2.12634 
-2.10876 
-0.16836 
-2.10876 
2 
-1.4702 
0.470199 
-1.4702 
1 
1 
1 
1 
1 
1 
1 
1 
1 
1 
1 
1 
2.27712 
2.27712 
0.747319 
2.27712 
2.27712 
2.27712 
0.747319 
2.27712 
2 
-1.4702 
0.470199 
-1.4702 
2.27712 
2.27712 
0.747319 
2.27712 
0.0843212 
-3.38588 
0.849222 
-3.38588 
2.27712 
2.27712 
0.747319 
2.27712 
0.36144 
0.36144 
1.12634 
0.36144 
1 
1 
1 
1 
1 
1 
1 
1 
2.27712 
2.27712 
0.747319 
2.27712 
2.27712 
2.27712 
0.747319 
2.27712 
2.27712 
2.27712 
0.747319 
2.27712 
1 
1 
1 
1 
1 
1 
1 
1 
1 
1 
1 
1 
1 
1 
1 
1 
1 
1 
1 
1 
1 
1 
1 
1 
2.27712 
0.747319 
2.27712 
0.747319 
1 
1 
1 
1 
1 
1 
1 
1 
2 
-1.4702 
0.470199 
-1.4702 
2 
-1.4702 
0.470199 
-1.4702 
2.27712 
2.27712 
0.747319 
2.27712 
2 
-1.4702 
0.470199 
-1.4702 
2.27712 
2.27712 
0.747319 
2.27712 
2.27712 
2.27712 
0.747319 
2.27712 
2.27712 
2.27712 
0.747319 
2.27712 
3.55424 
2.02444 
2.02444 
2.02444 
0.722881 
-2.74732 
0.722881 
-2.74732 
1.13856 
2.87366 
1.13856 
2.87366 
2 
-1.4702 
0.470199 
-1.4702 
0.0843212 
-3.38588 
0.849222 
-3.38588 
1 
1 
1 
1 
1 
1 
1 
1 
1 
1 
1 
1 
1 
1 
1 
1 
1 
1 
1 
1 
2.27712 
2.27712 
0.747319 
2.27712 
1 
1 
1 
1 
1 
1 
1 
1 
1 
1 
1 
1 
1 
1 
1 
1 
1 
1 
1 
1 
1 
1 
1 
1 
1 
1 
1 
1 
1 
1 
1 
1 
1 
1 
1 
1 
1 
1 
1 
1 
1.63856 
2.40346 
0.108759 
2.40346 
1 
1 
1 
1 
1 
1 
1 
1 
2.27712 
2.27712 
0.747319 
2.27712 
1 
1 
1 
1 
1 
1 
1 
1 
0.36144 
1.12634 
0.36144 
1.12634 
1 
1 
1 
1 
1 
1 
1 
1 
1 
1 
1 
1 
0.722881 
-2.74732 
0.722881 
-2.74732 
2.27712 
2.27712 
0.747319 
2.27712 
1 
1 
1 
1 
2.27712 
2.27712 
0.747319 
2.27712 
1 
1 
1 
1 
1 
1 
1 
1 
0.747319 
2.27712 
2.27712 
2.27712 
0.747319 
2.27712 
2.27712 
2.27712 
0.747319 
2.27712 
2.27712 
2.27712 
0.747319 
2.27712 
2.27712 
2.27712 
1 
1 
1 
1 
1 
1 
1 
1 
1 
1 
1 
1 
1 
1 
1 
1 
1 
1 
1 
1 
0.747319 
2.27712 
2.27712 
2.27712 
1.12634 
0.36144 
0.36144 
0.36144 
1 
1 
1 
1 
1 
1 
1 
1 
1 
1 
1 
1 
1 
1 
1 
1 
1 
1 
1 
1 
1.13856 
2.87366 
1.13856 
2.87366 
-0.16836 
-2.10876 
2.12634 
-2.10876 
0.470199 
-1.4702 
2 
-1.4702 
0.608759 
-1.33164 
3.87366 
-1.33164 
0.108759 
1.63856 
2.40346 
1.63856 
0.36144 
0.36144 
1.12634 
0.36144 
1.12634 
0.36144 
0.36144 
0.36144 
2.27712 
2.27712 
0.747319 
2.27712 
0.722881 
-2.74732 
0.722881 
-2.74732 
2.02444 
3.55424 
2.02444 
3.55424 
0.470199 
-1.4702 
2 
-1.4702 
0.747319 
2.27712 
2.27712 
2.27712 
0.747319 
2.27712 
2.27712 
2.27712 
0.470199 
-1.4702 
2 
-1.4702 
0.747319 
2.27712 
2.27712 
2.27712 
0.747319 
2.27712 
2.27712 
2.27712 
0.36144 
0.36144 
1.12634 
0.36144 
0.747319 
2.27712 
2.27712 
2.27712 
1 
1 
1 
1 
0.487781 
-0.277119 
0.487781 
-0.277119 
1.74732 
-0.19308 
1.74732 
-0.19308 
1.13856 
2.87366 
1.13856 
2.87366 
0.470199 
-1.4702 
2 
-1.4702 
1.13856 
2.87366 
1.13856 
2.87366 
0.747319 
2.27712 
2.27712 
2.27712 
1.74732 
-0.19308 
1.74732 
-0.19308 
0.747319 
2.27712 
2.27712 
2.27712 
-0.16836 
-2.10876 
2.12634 
-2.10876 
0.470199 
-1.4702 
2 
-1.4702 
0.108759 
1.63856 
2.40346 
1.63856 
-0.16836 
-2.10876 
2.12634 
-2.10876 
0.470199 
-1.4702 
2 
-1.4702 
2 
0.470199 
-1.4702 
0.470199 
2 
0.470199 
-1.4702 
0.470199 
2 
0.470199 
-1.4702 
0.470199 
2 
0.470199 
-1.4702 
0.470199 
1.63856 
0.108759 
2.40346 
0.108759 
2.02444 
3.55424 
2.02444 
3.55424 
1 
1 
1 
1 
2.27712 
2.27712 
0.747319 
2.27712 
2.02444 
2.02444 
3.55424 
2.02444 
2.27712 
0.747319 
2.27712 
0.747319 
2.02444 
2.02444 
3.55424 
2.02444 
2.02444 
2.02444 
3.55424 
2.02444 
1 
1 
1 
1 
1 
1 
1 
1 
1 
1 
1 
1 
0.36144 
0.36144 
1.12634 
0.36144 
1 
1 
1 
1 
1 
1 
1 
1 
1 
1 
1 
1 
0.108759 
1.63856 
2.40346 
1.63856 
1 
1 
1 
1 
1 
1 
1 
1 
1 
1 
1 
1 
0.747319 
2.27712 
2.27712 
2.27712 
1 
1 
1 
1 
1 
1 
1 
1 
1 
1 
1 
1 
1 
1 
1 
1 
1 
1 
1 
1 
1 
1 
1 
1 
0.108759 
2.40346 
1.63856 
2.40346 
1 
1 
1 
1 
1 
1 
1 
1 
1 
1 
1 
1 
0.36144 
0.36144 
1.12634 
0.36144 
1 
1 
1 
1 
1 
1 
1 
1 
2.27712 
2.27712 
0.747319 
2.27712 
1.12634 
0.36144 
0.36144 
0.36144 
1.12634 
0.36144 
0.36144 
0.36144 
2.27712 
2.27712 
0.747319 
2.27712 
0.36144 
1.12634 
0.36144 
1.12634 
1 
1 
1 
1 
0.36144 
1.12634 
0.36144 
1.12634 
0.487781 
0.487781 
-0.277119 
0.487781 
1 
1 
1 
1 
1 
1 
1 
1 
1 
1 
1 
1 
1 
1 
1 
1 
1 
1 
1 
1 
1 
1 
1 
1 
2.27712 
2.27712 
0.747319 
2.27712 
1 
1 
1 
1 
1 
1 
1 
1 
1 
1 
1 
1 
1 
1 
1 
1 
1 
1 
1 
1 
0.36144 
1.12634 
0.36144 
1.12634 
1 
1 
1 
1 
1 
1 
1 
1 
0.36144 
1.12634 
0.36144 
1.12634 
0.36144 
0.36144 
1.12634 
0.36144 
1 
1 
1 
1 
1 
1 
1 
1 
1 
1 
1 
1 
1 
1 
1 
1 
1 
1 
1 
1 
1 
1 
1 
1 
2.40346 
1.63856 
0.108759 
1.63856 
3.55424 
2.02444 
2.02444 
2.02444 
-0.277119 
0.487781 
0.487781 
0.487781 
2.40346 
1.63856 
0.108759 
1.63856 
2.40346 
1.63856 
0.108759 
1.63856 
1 
1 
1 
1 
1 
1 
1 
1 
0.108759 
2.40346 
1.63856 
2.40346 
0.747319 
2.27712 
2.27712 
2.27712 
1 
1 
1 
1 
1.63856 
0.108759 
2.40346 
0.108759 
2.02444 
3.55424 
2.02444 
3.55424 
1 
1 
1 
1 
1 
1 
1 
1 
1 
1 
1 
1 
1 
1 
1 
1 
1 
1 
1 
1 
1 
1 
1 
1 
1 
1 
1 
1 
1 
1 
1 
1 
1 
1 
1 
1 
0.36144 
0.36144 
1.12634 
0.36144 
0.36144 
0.36144 
1.12634 
0.36144 
1 
1 
1 
1 
1 
1 
1 
1 
1 
1 
1 
1 
1 
1 
1 
1 
1 
1 
1 
1 
1 
1 
1 
1 
1 
1 
1 
1 
1 
1 
1 
1 
1.12634 
0.36144 
0.36144 
0.36144 
1 
1 
1 
1 
1 
1 
1 
1 
1 
1 
1 
1 
1 
1 
1 
1 
0.36144 
0.36144 
1.12634 
0.36144 
2.40346 
1.63856 
0.108759 
1.63856 
2.40346 
1.63856 
0.108759 
1.63856 
2.27712 
2.27712 
0.747319 
2.27712 
1 
1 
1 
1 
1 
1 
1 
1 
1 
1 
1 
1 
1 
1 
1 
1 
2.02444 
3.55424 
2.02444 
3.55424 
3.30156 
3.30156 
3.30156 
3.30156 
1.38588 
3.68058 
1.38588 
3.68058 
2.27712 
2.27712 
0.747319 
2.27712 
2.02444 
2.02444 
3.55424 
2.02444 
2.02444 
2.02444 
3.55424 
2.02444 
3.55424 
2.02444 
2.02444 
2.02444 
0.747319 
2.27712 
2.27712 
2.27712 
3.55424 
2.02444 
2.02444 
2.02444 
1.63856 
0.108759 
2.40346 
0.108759 
2.27712 
2.27712 
0.747319 
2.27712 
0.487781 
0.487781 
-0.277119 
0.487781 
3.55424 
2.02444 
2.02444 
2.02444 
3.55424 
2.02444 
2.02444 
2.02444 
0.36144 
0.36144 
1.12634 
0.36144 
3.68058 
1.38588 
1.38588 
1.38588 
3.68058 
1.38588 
1.38588 
1.38588 
1.63856 
0.108759 
2.40346 
0.108759 
2.02444 
2.02444 
3.55424 
2.02444 
1.38588 
3.68058 
1.38588 
3.68058 
3.30156 
3.30156 
3.30156 
3.30156 
3.30156 
3.30156 
3.30156 
3.30156 
3.55424 
2.02444 
2.02444 
2.02444 
2.02444 
3.55424 
2.02444 
3.55424 
3.55424 
2.02444 
2.02444 
2.02444 
3.55424 
2.02444 
2.02444 
2.02444 
2.27712 
0.747319 
2.27712 
0.747319 
3.55424 
2.02444 
2.02444 
2.02444 
2.02444 
2.02444 
3.55424 
2.02444 
1 
1 
1 
1 
2.02444 
2.02444 
3.55424 
2.02444 
3.30156 
3.30156 
3.30156 
3.30156 
3.30156 
3.30156 
3.30156 
3.30156 
3.68058 
1.38588 
1.38588 
1.38588 
3.30156 
3.30156 
3.30156 
3.30156 
3.30156 
3.30156 
3.30156 
3.30156 
3.55424 
2.02444 
2.02444 
2.02444 
3.55424 
2.02444 
2.02444 
2.02444 
3.30156 
3.30156 
3.30156 
3.30156 
3.30156 
3.30156 
3.30156 
3.30156 
3.30156 
3.30156 
3.30156 
3.30156 
3.30156 
3.30156 
3.30156 
3.30156 
2.02444 
3.55424 
2.02444 
3.55424 
1.38588 
3.68058 
1.38588 
3.68058 
3.30156 
3.30156 
3.30156 
3.30156 
3.30156 
3.30156 
3.30156 
3.30156 
3.30156 
3.30156 
3.30156 
3.30156 
3.30156 
3.30156 
3.30156 
3.30156 
3.55424 
2.02444 
2.02444 
2.02444 
2.27712 
0.747319 
2.27712 
0.747319 
2.02444 
2.02444 
3.55424 
2.02444 
3.55424 
2.02444 
2.02444 
2.02444 
3.55424 
2.02444 
2.02444 
2.02444 
2.02444 
3.55424 
2.02444 
3.55424 
1 
1 
1 
1 
3.55424 
2.02444 
2.02444 
2.02444 
0.108759 
1.63856 
2.40346 
1.63856 
1 
1 
1 
1 
2.02444 
3.55424 
2.02444 
3.55424 
1.38588 
1.38588 
3.68058 
1.38588 
0.36144 
1.12634 
0.36144 
1.12634 
0.36144 
0.36144 
1.12634 
0.36144 
3.55424 
2.02444 
2.02444 
2.02444 
0.36144 
1.12634 
0.36144 
1.12634 
1 
1 
1 
1 
1 
1 
1 
1 
1 
1 
1 
1 
1 
1 
1 
1 
1 
1 
1 
1 
1 
1 
1 
1 
1 
1 
1 
1 
1 
1 
1 
1 
1 
1 
1 
1 
1 
1 
1 
1 
1 
1 
1 
1 
1 
1 
1 
1 
1 
1 
1 
1 
1 
1 
1 
1 
1 
1 
1 
1 
1 
1 
1 
1 
1 
1 
1 
1 
1 
1 
1 
1 
1 
1 
1 
1 
0.747319 
2.27712 
2.27712 
2.27712 
1 
1 
1 
1 
0.470199 
2 
-1.4702 
2 
0.722881 
0.722881 
-2.74732 
0.722881 
1.12634 
0.36144 
0.36144 
0.36144 
0.470199 
2 
-1.4702 
2 
0.747319 
2.27712 
2.27712 
2.27712 
0.747319 
2.27712 
2.27712 
2.27712 
1.13856 
1.13856 
2.87366 
1.13856 
1 
1 
1 
1 
1 
1 
1 
1 
1 
1 
1 
1 
1 
1 
1 
1 
1 
1 
1 
1 
1 
1 
1 
1 
1 
1 
1 
1 
1 
1 
1 
1 
1 
1 
1 
1 
1 
1 
1 
1 
1 
1 
1 
1 
1 
1 
1 
1 
1 
1 
1 
1 
1 
1 
1 
1 
1 
1 
1 
1 
1 
1 
1 
1 
1.12634 
0.36144 
0.36144 
0.36144 
1 
1 
1 
1 
0.747319 
2.27712 
2.27712 
2.27712 
1 
1 
1 
1 
1 
1 
1 
1 
1 
1 
1 
1 
1 
1 
1 
1 
1 
1 
1 
1 
1.12634 
0.36144 
0.36144 
0.36144 
1 
1 
1 
1 
1 
1 
1 
1 
1 
1 
1 
1 
1 
1 
1 
1 
1 
1 
1 
1 
1 
1 
1 
1 
1 
1 
1 
1 
1.95798 
0.987781 
-3.24732 
0.987781 
0.5 
1.2649 
2.2351 
1.2649 
1 
1 
1 
1 
0.722881 
0.722881 
-2.74732 
0.722881 
1 
1 
1 
1 
1 
1 
1 
1 
1 
1 
1 
1 
1 
1 
1 
1 
1.13856 
1.13856 
2.87366 
1.13856 
1.13856 
1.13856 
2.87366 
1.13856 
1.13856 
1.13856 
2.87366 
1.13856 
0.36144 
1.12634 
0.36144 
1.12634 
5.4279 
2.163 
2.163 
2.163 
1 
1 
1 
1 
1 
1 
1 
1 
-2.74732 
0.722881 
0.722881 
0.722881 
2.02444 
3.55424 
2.02444 
3.55424 
2.27712 
0.747319 
2.27712 
0.747319 
0.108759 
1.63856 
2.40346 
1.63856 
1 
1 
1 
1 
2.27712 
2.27712 
0.747319 
2.27712 
2.02444 
3.55424 
2.02444 
3.55424 
0.747319 
2.27712 
2.27712 
2.27712 
2.02444 
3.55424 
2.02444 
3.55424 
1 
1 
1 
1 
1.12634 
0.36144 
0.36144 
0.36144 
1 
1 
1 
1 
1 
1 
1 
1 
2.02444 
3.55424 
2.02444 
3.55424 
1 
1 
1 
1 
2.02444 
3.55424 
2.02444 
3.55424 
1 
1 
1 
1 
1 
1 
1 
1 
0.747319 
2.27712 
2.27712 
2.27712 
1 
1 
1 
1 
2.02444 
3.55424 
2.02444 
3.55424 
2.02444 
2.02444 
3.55424 
2.02444 
0.19308 
-1.74732 
-1.74732 
-1.74732 
2.74732 
-0.722881 
-0.722881 
-0.722881 
0.19308 
-1.74732 
-1.74732 
-1.74732 
1 
1 
1 
1 
0.849222 
-3.38588 
0.0843212 
-3.38588 
1 
1 
1 
1 
1 
1 
1 
1 
0.608759 
-1.33164 
3.87366 
-1.33164 
2.02444 
3.55424 
2.02444 
3.55424 
0.108759 
1.63856 
2.40346 
1.63856 
0.747319 
2.27712 
2.27712 
2.27712 
-1.68058 
-1.88588 
-1.88588 
-1.88588 
0.19308 
-1.74732 
-1.74732 
-1.74732 
0.19308 
-1.74732 
-1.74732 
-1.74732 
0.19308 
-1.74732 
-1.74732 
-1.74732 
2.02444 
3.55424 
2.02444 
3.55424 
2.02444 
3.55424 
2.02444 
3.55424 
2.02444 
3.55424 
2.02444 
3.55424 
0.747319 
2.27712 
2.27712 
2.27712 
0.19308 
-1.74732 
-1.74732 
-1.74732 
1.74732 
3.27712 
-1.72288 
3.27712 
1.88588 
-0.0545206 
3.62098 
-0.0545206 
1.74732 
-1.72288 
3.27712 
-1.72288 
0.108759 
2.40346 
1.63856 
2.40346 
0.470199 
-1.4702 
2 
-1.4702 
2.02444 
2.02444 
3.55424 
2.02444 
0.19308 
-1.74732 
-1.74732 
-1.74732 
1.13856 
1.13856 
2.87366 
1.13856 
1.13856 
1.13856 
2.87366 
1.13856 
1.12634 
0.36144 
0.36144 
0.36144 
1.13856 
1.13856 
2.87366 
1.13856 
1 
1 
1 
1 
1 
1 
1 
1 
1 
1 
1 
1 
1 
1 
1 
1 
1 
1 
1 
1 
1 
1 
1 
1 
1 
1 
1 
1 
1 
1 
1 
1 
1 
1 
1 
1 
1 
1 
1 
1 
1 
1 
1 
1 
1 
1 
1 
1 
1 
1 
1 
1 
1 
1 
1 
1 
1 
1 
1 
1 
1 
1 
1 
1 
1 
1 
1 
1 
1 
1 
1 
1 
1 
1 
1 
1 
1 
1 
1 
1 
1 
1 
1 
1 
1 
1 
1 
1 
1 
1 
1 
1 
1 
1 
1 
1 
1 
1 
1 
1 
1 
1 
1 
1 
1 
1 
1 
1 
1 
1 
1 
1 
1 
1 
1 
1 
1 
1 
1 
1 
1 
1 
1 
1 
1 
1 
1 
1 
1 
1 
1 
1 
1 
1 
1 
1 
1 
1 
1 
1 
1 
1 
1 
1 
1 
1 
1 
1 
1 
1 
1 
1 
1.13856 
1.13856 
2.87366 
1.13856 
1 
1 
1 
1 
1 
1 
1 
1 
1.12634 
0.36144 
0.36144 
0.36144 
1.13856 
1.13856 
2.87366 
1.13856 
1 
1 
1 
1 
1 
1 
1 
1 
1 
1 
1 
1 
1 
1 
1 
1 
1 
1 
1 
1 
-0.16836 
2.12634 
-2.10876 
2.12634 
3.55424 
2.02444 
2.02444 
2.02444 
0.849222 
0.0843212 
-3.38588 
0.0843212 
0.0843212 
0.849222 
-3.38588 
0.849222 
-0.16836 
2.12634 
-2.10876 
2.12634 
1.74732 
1.74732 
-0.19308 
1.74732 
1.74732 
1.74732 
-0.19308 
1.74732 
-0.16836 
2.12634 
-2.10876 
2.12634 
-0.16836 
2.12634 
-2.10876 
2.12634 
0.470199 
2 
-1.4702 
2 
1.74732 
1.74732 
-0.19308 
1.74732 
1.74732 
1.74732 
-0.19308 
1.74732 
2.02444 
2.02444 
3.55424 
2.02444 
2.02444 
2.02444 
3.55424 
2.02444 
0.108759 
1.63856 
2.40346 
1.63856 
2.27712 
0.747319 
2.27712 
0.747319 
2.02444 
3.55424 
2.02444 
3.55424 
3.55424 
2.02444 
2.02444 
2.02444 
3.55424 
2.02444 
2.02444 
2.02444 
2.27712 
2.27712 
0.747319 
2.27712 
2.27712 
2.27712 
0.747319 
2.27712 
2.27712 
0.747319 
2.27712 
0.747319 
2.27712 
0.747319 
2.27712 
0.747319 
2.27712 
2.27712 
0.747319 
2.27712 
2.27712 
2.27712 
0.747319 
2.27712 
1.12634 
0.36144 
0.36144 
0.36144 
0.747319 
2.27712 
2.27712 
2.27712 
2.02444 
3.55424 
2.02444 
3.55424 
3.30156 
3.30156 
3.30156 
3.30156 
3.30156 
3.30156 
3.30156 
3.30156 
2.02444 
2.02444 
3.55424 
2.02444 
3.30156 
3.30156 
3.30156 
3.30156 
3.30156 
3.30156 
3.30156 
3.30156 
2.02444 
2.02444 
3.55424 
2.02444 
-1.4702 
0.470199 
2 
0.470199 
-1.34386 
-0.16836 
1.36144 
-0.16836 
-1.34386 
-0.16836 
1.36144 
-0.16836 
1.63856 
0.108759 
2.40346 
0.108759 
-0.19308 
1.74732 
1.74732 
1.74732 
2.27712 
2.27712 
0.747319 
2.27712 
-1.4702 
0.470199 
2 
0.470199 
2.02444 
2.02444 
3.55424 
2.02444 
2.02444 
2.02444 
3.55424 
2.02444 
2.02444 
2.02444 
3.55424 
2.02444 
2.02444 
2.02444 
3.55424 
2.02444 
-1.4702 
0.470199 
2 
0.470199 
-1.4702 
0.470199 
2 
0.470199 
-2.74732 
0.722881 
0.722881 
0.722881 
-0.19308 
1.74732 
1.74732 
1.74732 
-0.19308 
1.74732 
1.74732 
1.74732 
-0.19308 
1.74732 
1.74732 
1.74732 
-2.10876 
-0.16836 
2.12634 
-0.16836 
-0.19308 
1.74732 
1.74732 
1.74732 
-0.19308 
1.74732 
1.74732 
1.74732 
-3.38588 
0.849222 
0.0843212 
0.849222 
-1.4702 
0.470199 
2 
0.470199 
-1.4702 
0.470199 
2 
0.470199 
-2.10876 
-0.16836 
2.12634 
-0.16836 
2.27712 
2.27712 
0.747319 
2.27712 
-0.19308 
1.74732 
1.74732 
1.74732 
0.36144 
0.36144 
1.12634 
0.36144 
2.27712 
2.27712 
0.747319 
2.27712 
-3.38588 
0.849222 
0.0843212 
0.849222 
2.27712 
0.747319 
2.27712 
0.747319 
0.747319 
2.27712 
2.27712 
2.27712 
1 
1 
1 
1 
2.27712 
0.747319 
2.27712 
0.747319 
2.02444 
2.02444 
3.55424 
2.02444 
2.02444 
2.02444 
3.55424 
2.02444 
2.27712 
0.747319 
2.27712 
0.747319 
1.38588 
1.38588 
3.68058 
1.38588 
1.38588 
1.38588 
3.68058 
1.38588 
2.02444 
2.02444 
3.55424 
2.02444 
2.02444 
2.02444 
3.55424 
2.02444 
3.8981 
2.163 
3.6928 
2.163 
2.02444 
2.02444 
3.55424 
2.02444 
2.40346 
0.108759 
1.63856 
0.108759 
2.27712 
0.747319 
2.27712 
0.747319 
0.722881 
-2.74732 
0.722881 
-2.74732 
2.27712 
0.747319 
2.27712 
0.747319 
2.27712 
0.747319 
2.27712 
0.747319 
1 
1 
1 
1 
-0.277119 
0.487781 
0.487781 
0.487781 
3.55424 
2.02444 
2.02444 
2.02444 
0.722881 
-2.74732 
0.722881 
-2.74732 
0.722881 
-2.74732 
0.722881 
-2.74732 
0.0843212 
-3.38588 
0.849222 
-3.38588 
0.0843212 
-3.38588 
0.849222 
-3.38588 
1.63856 
2.40346 
0.108759 
2.40346 
0.5 
2.2351 
1.2649 
2.2351 
2.27712 
0.747319 
2.27712 
0.747319 
0.5 
3 
0.5 
3 
1 
1 
1 
1 
2.40346 
0.108759 
1.63856 
0.108759 
0.36144 
0.36144 
1.12634 
0.36144 
1 
1 
1 
1 
2.27712 
0.747319 
2.27712 
0.747319 
2.27712 
2.27712 
0.747319 
2.27712 
1 
1 
1 
1 
2.27712 
0.747319 
2.27712 
0.747319 
1 
1 
1 
1 
1.12634 
0.36144 
0.36144 
0.36144 
1 
1 
1 
1 
0.36144 
0.36144 
1.12634 
0.36144 
0.487781 
0.487781 
-0.277119 
0.487781 
0.36144 
0.36144 
1.12634 
0.36144 
0.108759 
2.40346 
1.63856 
2.40346 
1 
1 
1 
1 
2 
-1.4702 
0.470199 
-1.4702 
0.722881 
-2.74732 
0.722881 
-2.74732 
2.12634 
-2.10876 
-0.16836 
-2.10876 
2 
-1.4702 
0.470199 
-1.4702 
0.722881 
-2.74732 
0.722881 
-2.74732 
1 
1 
1 
1 
0.0843212 
-3.38588 
0.849222 
-3.38588 
2.41568 
4.15078 
0.885878 
4.15078 
2 
-1.4702 
0.470199 
-1.4702 
2.12634 
-2.10876 
-0.16836 
-2.10876 
0.0843212 
-3.38588 
0.849222 
-3.38588 
2 
-1.4702 
0.470199 
-1.4702 
2.12634 
-2.10876 
-0.16836 
-2.10876 
2.12634 
-2.10876 
-0.16836 
-2.10876 
2 
-1.4702 
0.470199 
-1.4702 
2 
-1.4702 
0.470199 
-1.4702 
2.27712 
2.27712 
0.747319 
2.27712 
2.27712 
2.27712 
0.747319 
2.27712 
2.27712 
2.27712 
0.747319 
2.27712 
1 
1 
1 
1 
2 
-1.4702 
0.470199 
-1.4702 
2 
-1.4702 
0.470199 
-1.4702 
2.41568 
4.15078 
0.885878 
4.15078 
0.722881 
-2.74732 
0.722881 
-2.74732 
2.27712 
2.27712 
0.747319 
2.27712 
1.63856 
2.40346 
0.108759 
2.40346 
2.27712 
2.27712 
0.747319 
2.27712 
2.27712 
2.27712 
0.747319 
2.27712 
0.36144 
0.36144 
1.12634 
0.36144 
2.27712 
2.27712 
0.747319 
2.27712 
1 
1 
1 
1 
2.27712 
2.27712 
0.747319 
2.27712 
1.74732 
-0.19308 
1.74732 
-0.19308 
0.722881 
-2.74732 
0.722881 
-2.74732 
0.722881 
-2.74732 
0.722881 
-2.74732 
2.12634 
-2.10876 
-0.16836 
-2.10876 
0.722881 
-2.74732 
0.722881 
-2.74732 
1 
1 
1 
1 
2 
-1.4702 
0.470199 
-1.4702 
0.722881 
-2.74732 
0.722881 
-2.74732 
1.74732 
-0.19308 
1.74732 
-0.19308 
0.722881 
-2.74732 
0.722881 
-2.74732 
2 
-1.4702 
0.470199 
-1.4702 
2 
-1.4702 
0.470199 
-1.4702 
1 
1 
1 
1 
1 
1 
1 
1 
0.722881 
-2.74732 
0.722881 
-2.74732 
1 
1 
1 
1 
1 
1 
1 
1 
1 
1 
1 
1 
1 
1 
1 
1 
0.36144 
0.36144 
1.12634 
0.36144 
1.74732 
-0.19308 
1.74732 
-0.19308 
0.722881 
-2.74732 
0.722881 
-2.74732 
0.722881 
-2.74732 
0.722881 
-2.74732 
2 
-1.4702 
0.470199 
-1.4702 
2.27712 
2.27712 
0.747319 
2.27712 
2.27712 
2.27712 
0.747319 
2.27712 
2.27712 
2.27712 
0.747319 
2.27712 
1 
1 
1 
1 
2 
-1.4702 
0.470199 
-1.4702 
1.74732 
-0.19308 
1.74732 
-0.19308 
0.36144 
0.36144 
1.12634 
0.36144 
0.722881 
-2.74732 
0.722881 
-2.74732 
2.27712 
0.747319 
2.27712 
0.747319 
2.27712 
0.747319 
2.27712 
0.747319 
2.27712 
0.747319 
2.27712 
0.747319 
2.02444 
2.02444 
3.55424 
2.02444 
2.27712 
0.747319 
2.27712 
0.747319 
2.27712 
0.747319 
2.27712 
0.747319 
-1.4702 
0.470199 
2 
0.470199 
1 
1 
1 
1 
-1.4702 
0.470199 
2 
0.470199 
-1.4702 
0.470199 
2 
0.470199 
-0.19308 
1.74732 
1.74732 
1.74732 
-2.10876 
-0.16836 
2.12634 
-0.16836 
-2.74732 
0.722881 
0.722881 
0.722881 
-2.74732 
0.722881 
0.722881 
0.722881 
0.36144 
1.12634 
0.36144 
1.12634 
2.27712 
0.747319 
2.27712 
0.747319 
-1.4702 
0.470199 
2 
0.470199 
-1.4702 
0.470199 
2 
0.470199 
-2.74732 
0.722881 
0.722881 
0.722881 
-1.4702 
0.470199 
2 
0.470199 
-2.74732 
0.722881 
0.722881 
0.722881 
-0.19308 
1.74732 
1.74732 
1.74732 
-1.4702 
0.470199 
2 
0.470199 
-1.4702 
0.470199 
2 
0.470199 
3.55424 
2.02444 
2.02444 
2.02444 
3.55424 
2.02444 
2.02444 
2.02444 
2.27712 
2.27712 
0.747319 
2.27712 
0.36144 
0.36144 
1.12634 
0.36144 
3.55424 
2.02444 
2.02444 
2.02444 
2.27712 
0.747319 
2.27712 
0.747319 
0.722881 
-2.74732 
0.722881 
-2.74732 
1.13856 
2.87366 
1.13856 
2.87366 
1 
1 
1 
1 
1 
1 
1 
1 
1 
1 
1 
1 
1 
1 
1 
1 
1 
1 
1 
1 
1 
1 
1 
1 
1 
1 
1 
1 
1 
1 
1 
1 
-2.74732 
0.722881 
0.722881 
0.722881 
1 
1 
1 
1 
1 
1 
1 
1 
1 
1 
1 
1 
1 
1 
1 
1 
1 
1 
1 
1 
1 
1 
1 
1 
1 
1 
1 
1 
1 
1 
1 
1 
1.13856 
2.87366 
1.13856 
2.87366 
0.722881 
-2.74732 
0.722881 
-2.74732 
1.13856 
2.87366 
1.13856 
2.87366 
1 
1 
1 
1 
1 
1 
1 
1 
1 
1 
1 
1 
1 
1 
1 
1 
1 
1 
1 
1 
1 
1 
1 
1 
1 
1 
1 
1 
1 
1 
1 
1 
2.27712 
2.27712 
0.747319 
2.27712 
1 
1 
1 
1 
1 
1 
1 
1 
2.27712 
2.27712 
0.747319 
2.27712 
1 
1 
1 
1 
1 
1 
1 
1 
1 
1 
1 
1 
1 
1 
1 
1 
1 
1 
1 
1 
0.36144 
0.36144 
1.12634 
0.36144 
2.27712 
2.27712 
0.747319 
2.27712 
0.36144 
0.36144 
1.12634 
0.36144 
0.722881 
-2.74732 
0.722881 
-2.74732 
1 
1 
1 
1 
1 
1 
1 
1 
1 
1 
1 
1 
1 
1 
1 
1 
1 
1 
1 
1 
2.87366 
1.13856 
1.13856 
1.13856 
2.87366 
1.13856 
1.13856 
1.13856 
1 
1 
1 
1 
-2.74732 
0.722881 
0.722881 
0.722881 
-2.88588 
-1.15078 
0.584321 
-1.15078 
-2.74732 
0.722881 
0.722881 
0.722881 
-2.74732 
0.722881 
0.722881 
0.722881 
1 
1 
1 
1 
1 
1 
1 
1 
1 
1 
1 
1 
1 
1 
1 
1 
1 
1 
1 
1 
1 
1 
1 
1 
1 
1 
1 
1 
1 
1 
1 
1 
0.722881 
-2.74732 
0.722881 
-2.74732 
0.722881 
-2.74732 
0.722881 
-2.74732 
0.722881 
-2.74732 
0.722881 
-2.74732 
1 
1 
1 
1 
1.13856 
2.87366 
1.13856 
2.87366 
1 
1 
1 
1 
1 
1 
1 
1 
1.13856 
2.87366 
1.13856 
2.87366 
1 
1 
1 
1 
1 
1 
1 
1 
1 
1 
1 
1 
1 
1 
1 
1 
1.13856 
1.13856 
2.87366 
1.13856 
1 
1 
1 
1 
2.27712 
0.747319 
2.27712 
0.747319 
1 
1 
1 
1 
1 
1 
1 
1 
0.722881 
0.722881 
-2.74732 
0.722881 
1 
1 
1 
1 
0.722881 
0.722881 
-2.74732 
0.722881 
0.722881 
0.722881 
-2.74732 
0.722881 
0.722881 
0.722881 
-2.74732 
0.722881 
0.722881 
0.722881 
-2.74732 
0.722881 
1.13856 
1.13856 
2.87366 
1.13856 
1 
1 
1 
1 
1 
1 
1 
1 
0.722881 
0.722881 
-2.74732 
0.722881 
1 
1 
1 
1 
1 
1 
1 
1 
1 
1 
1 
1 
1 
1 
1 
1 
1 
1 
1 
1 
0.722881 
-2.74732 
0.722881 
-2.74732 
2.27712 
2.27712 
0.747319 
2.27712 
1.13856 
2.87366 
1.13856 
2.87366 
1 
1 
1 
1 
1 
1 
1 
1 
1.13856 
1.13856 
2.87366 
1.13856 
1 
1 
1 
1 
1 
1 
1 
1 
1 
1 
1 
1 
1 
1 
1 
1 
1 
1 
1 
1 
1 
1 
1 
1 
1 
1 
1 
1 
1 
1 
1 
1 
1 
1 
1 
1 
1.13856 
1.13856 
2.87366 
1.13856 
1.13856 
1.13856 
2.87366 
1.13856 
1 
1 
1 
1 
1 
1 
1 
1 
0.722881 
-2.74732 
0.722881 
-2.74732 
1 
1 
1 
1 
0.722881 
-2.74732 
0.722881 
-2.74732 
0.722881 
-2.74732 
0.722881 
-2.74732 
1 
1 
1 
1 
1 
1 
1 
1 
1 
1 
1 
1 
1 
1 
1 
1 
0.722881 
0.722881 
-2.74732 
0.722881 
0.722881 
0.722881 
-2.74732 
0.722881 
0.722881 
0.722881 
-2.74732 
0.722881 
0.722881 
0.722881 
-2.74732 
0.722881 
0.722881 
0.722881 
-2.74732 
0.722881 
0.722881 
0.722881 
-2.74732 
0.722881 
0.722881 
0.722881 
-2.74732 
0.722881 
0.722881 
0.722881 
-2.74732 
0.722881 
1 
1 
1 
1 
0.722881 
0.722881 
-2.74732 
0.722881 
1 
1 
1 
1 
1 
1 
1 
1 
0.722881 
0.722881 
-2.74732 
0.722881 
0.722881 
0.722881 
-2.74732 
0.722881 
0.722881 
0.722881 
-2.74732 
0.722881 
0.722881 
0.722881 
-2.74732 
0.722881 
1 
1 
1 
1 
1 
1 
1 
1 
1 
1 
1 
1 
1 
1 
1 
1 
1 
1 
1 
1 
1 
1 
1 
1 
1 
1 
1 
1 
1 
1 
1 
1 
1 
1 
1 
1 
1 
1 
1 
1 
1 
1 
1 
1 
1 
1 
1 
1 
1 
1 
1 
1 
1 
1 
1 
1 
1 
1 
1 
1 
1 
1 
1 
1 
1 
1 
1 
1 
1 
1 
1 
1 
1 
1 
1 
1 
1 
1 
1 
1 
1 
1 
1 
1 
1 
1 
1 
1 
1 
1 
1 
1 
1 
1 
1 
1 
1 
1 
1 
1 
1 
1 
1 
1 
1 
1 
1 
1 
1 
1 
1 
1 
1 
1 
1 
1 
1 
1 
1 
1 
1 
1 
1 
1 
1 
1 
1 
1 
1 
1 
1 
1 
1 
1 
1 
1 
1 
1 
1 
1 
1 
1 
1 
1 
1 
1 
1 
1 
1 
1 
1 
1 
1 
1 
1 
1 
1 
1 
1 
1 
1 
1 
1 
1 
1 
1 
1 
1 
1 
1 
1 
1 
1 
1 
1 
1 
1 
1 
1 
1 
1 
1 
1 
1 
1 
1 
1 
1 
1 
1 
1 
1 
1 
1 
1 
1 
1 
1 
1 
1 
1 
1 
1 
1 
1 
1 
1 
1 
1 
1 
1 
1 
1 
1 
1 
1 
1 
1 
1 
1 
1 
1 
1 
1 
1 
1 
1 
1 
1 
1 
1 
1 
1 
1 
1 
1 
1 
1 
1 
1 
0.987781 
-3.24732 
1.95798 
-3.24732 
0.19308 
-1.74732 
-1.74732 
-1.74732 
0.470199 
-1.4702 
2 
-1.4702 
3.02444 
-0.445762 
3.02444 
-0.445762 
0.849222 
-3.38588 
0.0843212 
-3.38588 
0.470199 
-1.4702 
2 
-1.4702 
0.849222 
-3.38588 
0.0843212 
-3.38588 
1.74732 
-0.19308 
1.74732 
-0.19308 
1.74732 
-0.19308 
1.74732 
-0.19308 
0.722881 
-2.74732 
0.722881 
-2.74732 
0.470199 
-1.4702 
2 
-1.4702 
1.13856 
2.87366 
1.13856 
2.87366 
3.55424 
2.02444 
2.02444 
2.02444 
2.27712 
0.747319 
2.27712 
0.747319 
1 
1 
1 
1 
1 
1 
1 
1 
2.27712 
0.747319 
2.27712 
0.747319 
1 
1 
1 
1 
1 
1 
1 
1 
1 
1 
1 
1 
1 
1 
1 
1 
1 
1 
1 
1 
1 
1 
1 
1 
1 
1 
1 
1 
1 
1 
1 
1 
1 
1 
1 
1 
1 
1 
1 
1 
1 
1 
1 
1 
1 
1 
1 
1 
1 
1 
1 
1 
1 
1 
1 
1 
1 
1 
1 
1 
1 
1 
1 
1 
1 
1 
1 
1 
1 
1 
1 
1 
1 
1 
1 
1 
1 
1 
1 
1 
1 
1 
1 
1 
1 
1 
1 
1 
1 
1 
1 
1 
1 
1 
1 
1 
1 
1 
1 
1 
1 
1 
1 
1 
1 
1 
1 
1 
1 
1 
1 
1 
1 
1 
1 
1 
1 
1 
1 
1 
1 
1 
1 
1 
1 
1 
1 
1 
1 
1 
1 
1 
1 
1 
1 
1 
1 
1 
1 
1 
1 
1 
1 
1 
1 
1 
1 
1 
1 
1 
1 
1 
1 
1 
1 
1 
1 
1 
1 
1 
1 
1 
1 
1 
1 
1 
1 
1 
1 
1 
1 
1 
1 
1 
1 
1 
1 
1 
1 
1 
1 
1 
1 
1 
1 
1 
1 
1 
1 
1 
1 
1 
1 
1 
1 
1 
1 
1 
1 
1 
1 
1 
1 
1 
1 
1 
1 
1 
1 
1 
1 
1 
1 
1 
1 
1 
1 
1 
1 
1 
1 
1 
1 
1 
1 
1 
1 
1 
1 
1 
1 
1 
1 
1 
1 
1 
1 
1 
1 
1 
1 
1 
1 
1 
1 
1 
1 
1 
1 
1 
1 
1 
1 
1 
1 
1 
1 
1 
1 
1 
1 
1 
1 
1 
1 
1 
1 
1 
1 
1 
1 
1 
1 
1 
1 
1 
1 
1 
1 
1 
1 
1 
1 
1 
1 
1 
1 
1 
1 
1 
1 
1 
1 
1 
1 
1 
1 
1 
1 
1 
1 
1 
1 
1 
1 
1 
1 
1 
1 
1 
1 
1 
1 
1 
1 
1 
1 
1 
1 
1 
1 
1 
1 
1 
1 
1 
1 
1 
1 
1 
1 
1 
1 
1 
1 
1 
1 
1 
1 
1 
1 
1 
1 
1 
1 
1 
1 
1 
1 
1 
1 
1 
1 
1 
1 
1 
1 
1 
1 
1 
1 
1 
1 
1 
1 
1 
1 
1 
1 
1 
1 
1 
1 
1 
1 
1 
1 
1 
1 
1 
1 
1 
1 
1 
1 
1 
1 
1 
1 
1 
1 
1 
1 
1 
1 
1 
1 
1 
1 
1 
1 
1 
1 
1 
1 
1 
1 
1 
1 
1 
1 
1 
1 
1 
1 
1 
1 
1 
1 
1 
1 
1 
1 
1 
1 
1 
1 
1 
1 
1 
1 
1 
1 
1 
1 
1 
1 
1 
1 
1 
1 
1 
1 
1 
1 
1 
1 
1 
1 
1 
1 
1 
1 
1 
1 
1 
1 
1 
1 
1 
1 
1 
1 
1 
1 
1 
1 
1 
1 
1 
1 
1 
1 
1 
1 
1 
1 
1 
1 
1 
1 
1 
1 
1 
1 
1 
1 
1 
1 
1 
1 
1 
1 
1 
1 
1 
1 
1 
1 
1 
1 
1 
1 
1 
1 
1 
1 
1 
2.27712 
2.27712 
0.747319 
2.27712 
0.747319 
2.27712 
2.27712 
2.27712 
1 
1 
1 
1 
0.747319 
2.27712 
2.27712 
2.27712 
1 
1 
1 
1 
1 
1 
1 
1 
1 
1 
1 
1 
1 
1 
1 
1 
1 
1 
1 
1 
1 
1 
1 
1 
2.27712 
2.27712 
0.747319 
2.27712 
1 
1 
1 
1 
2.02444 
2.02444 
3.55424 
2.02444 
2.40346 
0.108759 
1.63856 
0.108759 
1 
1 
1 
1 
1 
1 
1 
1 
1 
1 
1 
1 
1 
1 
1 
1 
1 
1 
1 
1 
1.13856 
1.13856 
2.87366 
1.13856 
1.13856 
1.13856 
2.87366 
1.13856 
1 
1 
1 
1 
0.722881 
0.722881 
-2.74732 
0.722881 
1 
1 
1 
1 
1 
1 
1 
1 
1 
1 
1 
1 
1 
1 
1 
1 
1 
1 
1 
1 
1 
1 
1 
1 
1 
1 
1 
1 
1 
1 
1 
1 
1 
1 
1 
1 
1 
1 
1 
1 
1 
1 
1 
1 
1 
1 
1 
1 
1 
1 
1 
1 
1.12634 
0.36144 
0.36144 
0.36144 
1 
1 
1 
1 
1 
1 
1 
1 
1 
1 
1 
1 
1.12634 
0.36144 
0.36144 
0.36144 
1 
1 
1 
1 
1 
1 
1 
1 
1 
1 
1 
1 
1 
1 
1 
1 
1 
1 
1 
1 
1 
1 
1 
1 
1 
1 
1 
1 
1 
1 
1 
1 
1 
1 
1 
1 
1 
1 
1 
1 
1 
1 
1 
1 
1 
1 
1 
1 
1 
1 
1 
1 
1 
1 
1 
1 
1 
1 
1 
1 
2 
-1.4702 
0.470199 
-1.4702 
3.87366 
-1.33164 
0.608759 
-1.33164 
2 
-1.4702 
0.470199 
-1.4702 
3.87366 
-1.33164 
0.608759 
-1.33164 
2.87366 
1.13856 
1.13856 
1.13856 
-2.74732 
0.722881 
0.722881 
0.722881 
-2.74732 
0.722881 
0.722881 
0.722881 
-2.74732 
0.722881 
0.722881 
0.722881 
0.747319 
2.27712 
2.27712 
2.27712 
0.747319 
2.27712 
2.27712 
2.27712 
1 
1 
1 
1 
2.27712 
2.27712 
0.747319 
2.27712 
1.13856 
1.13856 
2.87366 
1.13856 
1 
1 
1 
1 
1 
1 
1 
1 
1 
1 
1 
1 
1 
1 
1 
1 
0.722881 
0.722881 
-2.74732 
0.722881 
1 
1 
1 
1 
1 
1 
1 
1 
0.849222 
0.0843212 
-3.38588 
0.0843212 
1 
1 
1 
1 
1 
1 
1 
1 
1 
1 
1 
1 
0.722881 
0.722881 
-2.74732 
0.722881 
1 
1 
1 
1 
1 
1 
1 
1 
1.13856 
1.13856 
2.87366 
1.13856 
1.13856 
1.13856 
2.87366 
1.13856 
1 
1 
1 
1 
0.849222 
0.0843212 
-3.38588 
0.0843212 
0.849222 
0.0843212 
-3.38588 
0.0843212 
1 
1 
1 
1 
0.849222 
0.0843212 
-3.38588 
0.0843212 
0.722881 
0.722881 
-2.74732 
0.722881 
0.722881 
0.722881 
-2.74732 
0.722881 
1.74732 
-0.19308 
1.74732 
-0.19308 
2.12634 
-2.10876 
-0.16836 
-2.10876 
1.13856 
2.87366 
1.13856 
2.87366 
1.74732 
-0.19308 
1.74732 
-0.19308 
0.849222 
-3.38588 
0.0843212 
-3.38588 
0.849222 
-3.38588 
0.0843212 
-3.38588 
0.722881 
-2.74732 
0.722881 
-2.74732 
1.74732 
-0.19308 
1.74732 
-0.19308 
0.849222 
-3.38588 
0.0843212 
-3.38588 
2.12634 
-3.63856 
1.36144 
-3.63856 
2.12634 
-2.10876 
-0.16836 
-2.10876 
1.74732 
-0.19308 
1.74732 
-0.19308 
1.74732 
-0.19308 
1.74732 
-0.19308 
0.210662 
-4.02444 
0.210662 
-4.02444 
1.74732 
-0.19308 
1.74732 
-0.19308 
2 
-1.4702 
0.470199 
-1.4702 
0.722881 
-2.74732 
0.722881 
-2.74732 
0.722881 
-2.74732 
0.722881 
-2.74732 
1.74732 
-0.19308 
1.74732 
-0.19308 
0.722881 
-2.74732 
0.722881 
-2.74732 
-0.19308 
1.74732 
1.74732 
1.74732 
-0.19308 
1.74732 
1.74732 
1.74732 
-0.19308 
1.74732 
1.74732 
1.74732 
-2.10876 
-0.16836 
2.12634 
-0.16836 
2.27712 
2.27712 
0.747319 
2.27712 
0.722881 
-2.74732 
0.722881 
-2.74732 
1 
1 
1 
1 
2.27712 
2.27712 
0.747319 
2.27712 
0.722881 
-2.74732 
0.722881 
-2.74732 
1 
1 
1 
1 
1 
1 
1 
1 
1 
1 
1 
1 
3.55424 
2.02444 
2.02444 
2.02444 
2.27712 
0.747319 
2.27712 
0.747319 
2.27712 
0.747319 
2.27712 
0.747319 
1 
1 
1 
1 
1 
1 
1 
1 
1 
1 
1 
1 
1.13856 
2.87366 
1.13856 
2.87366 
1 
1 
1 
1 
1 
1 
1 
1 
2.27712 
0.747319 
2.27712 
0.747319 
2.27712 
0.747319 
2.27712 
0.747319 
1 
1 
1 
1 
2.27712 
0.747319 
2.27712 
0.747319 
-2.74732 
0.722881 
0.722881 
0.722881 
-2.74732 
0.722881 
0.722881 
0.722881 
-2.74732 
0.722881 
0.722881 
0.722881 
-3.38588 
0.849222 
0.0843212 
0.849222 
-2.74732 
0.722881 
0.722881 
0.722881 
-2.74732 
0.722881 
0.722881 
0.722881 
-2.74732 
0.722881 
0.722881 
0.722881 
-2.74732 
0.722881 
0.722881 
0.722881 
-2.74732 
0.722881 
0.722881 
0.722881 
1 
1 
1 
1 
-2.74732 
0.722881 
0.722881 
0.722881 
1 
1 
1 
1 
-0.19308 
1.74732 
1.74732 
1.74732 
-2.74732 
0.722881 
0.722881 
0.722881 
-2.74732 
0.722881 
0.722881 
0.722881 
-2.74732 
0.722881 
0.722881 
0.722881 
-0.19308 
1.74732 
1.74732 
1.74732 
-2.74732 
0.722881 
0.722881 
0.722881 
-0.19308 
1.74732 
1.74732 
1.74732 
-2.74732 
0.722881 
0.722881 
0.722881 
-2.74732 
0.722881 
0.722881 
0.722881 
1 
1 
1 
1 
1 
1 
1 
1 
1 
1 
1 
1 
1 
1 
1 
1 
1 
1 
1 
1 
2.27712 
0.747319 
2.27712 
0.747319 
0.36144 
1.12634 
0.36144 
1.12634 
1 
1 
1 
1 
-2.74732 
0.722881 
0.722881 
0.722881 
-2.74732 
0.722881 
0.722881 
0.722881 
0.108759 
2.40346 
1.63856 
2.40346 
3.30156 
3.30156 
3.30156 
3.30156 
2.02444 
2.02444 
3.55424 
2.02444 
2.02444 
3.55424 
2.02444 
3.55424 
3.30156 
3.30156 
3.30156 
3.30156 
1 
1 
1 
1 
0.108759 
2.40346 
1.63856 
2.40346 
0.747319 
2.27712 
2.27712 
2.27712 
3.30156 
3.30156 
3.30156 
3.30156 
3.30156 
3.30156 
3.30156 
3.30156 
3.30156 
3.30156 
3.30156 
3.30156 
3.30156 
3.30156 
3.30156 
3.30156 
3.30156 
3.30156 
3.30156 
3.30156 
1.38588 
3.68058 
1.38588 
3.68058 
3.30156 
3.30156 
3.30156 
3.30156 
3.30156 
3.30156 
3.30156 
3.30156 
1 
1 
1 
1 
1 
1 
1 
1 
1 
1 
1 
1 
0.747319 
2.27712 
2.27712 
2.27712 
0.747319 
2.27712 
2.27712 
2.27712 
3.55424 
2.02444 
2.02444 
2.02444 
0.747319 
2.27712 
2.27712 
2.27712 
0.747319 
2.27712 
2.27712 
2.27712 
1 
1 
1 
1 
1 
1 
1 
1 
1 
1 
1 
1 
1 
1 
1 
1 
1 
1 
1 
1 
1 
1 
1 
1 
1 
1 
1 
1 
1 
1 
1 
1 
3.30156 
3.30156 
3.30156 
3.30156 
2.02444 
3.55424 
2.02444 
3.55424 
0.108759 
1.63856 
2.40346 
1.63856 
2.02444 
3.55424 
2.02444 
3.55424 
-2.74732 
0.722881 
0.722881 
0.722881 
1 
1 
1 
1 
-2.74732 
0.722881 
0.722881 
0.722881 
-2.74732 
0.722881 
0.722881 
0.722881 
-2.74732 
0.722881 
0.722881 
0.722881 
-3.38588 
0.0843212 
0.849222 
0.0843212 
-1.4702 
0.470199 
2 
0.470199 
-2.74732 
0.722881 
0.722881 
0.722881 
-3.38588 
0.0843212 
0.849222 
0.0843212 
2.02444 
3.55424 
2.02444 
3.55424 
-2.74732 
0.722881 
0.722881 
0.722881 
-1.4702 
2 
0.470199 
2 
1 
1 
1 
1 
-2.74732 
0.722881 
0.722881 
0.722881 
1.12634 
0.36144 
0.36144 
0.36144 
1 
1 
1 
1 
1 
1 
1 
1 
2.02444 
3.55424 
2.02444 
3.55424 
0.108759 
1.63856 
2.40346 
1.63856 
1.38588 
3.68058 
1.38588 
3.68058 
1 
1 
1 
1 
-2.74732 
0.722881 
0.722881 
0.722881 
0.108759 
1.63856 
2.40346 
1.63856 
2.87366 
1.13856 
1.13856 
1.13856 
-2.74732 
0.722881 
0.722881 
0.722881 
1 
1 
1 
1 
-2.74732 
0.722881 
0.722881 
0.722881 
-2.74732 
0.722881 
0.722881 
0.722881 
1.86144 
-1.60876 
-1.40346 
-1.60876 
1 
2.7351 
-0.7351 
2.7351 
1.74732 
-0.19308 
1.74732 
-0.19308 
0.722881 
-2.74732 
0.722881 
-2.74732 
0.0843212 
-3.38588 
0.849222 
-3.38588 
1.74732 
-0.19308 
1.74732 
-0.19308 
0.36144 
1.12634 
0.36144 
1.12634 
0.722881 
-2.74732 
0.722881 
-2.74732 
1.74732 
-0.19308 
1.74732 
-0.19308 
0.470199 
-1.4702 
2 
-1.4702 
1.74732 
-0.19308 
1.74732 
-0.19308 
0.722881 
-2.74732 
0.722881 
-2.74732 
3.55424 
2.02444 
2.02444 
2.02444 
0.849222 
-3.38588 
0.0843212 
-3.38588 
3.55424 
2.02444 
2.02444 
2.02444 
3.55424 
2.02444 
2.02444 
2.02444 
2.02444 
2.02444 
3.55424 
2.02444 
2.27712 
0.747319 
2.27712 
0.747319 
2 
-1.4702 
0.470199 
-1.4702 
0.747319 
2.27712 
2.27712 
2.27712 
2 
-1.4702 
0.470199 
-1.4702 
2 
-1.4702 
0.470199 
-1.4702 
1 
1 
1 
1 
1.86144 
-1.60876 
-1.40346 
-1.60876 
0.36144 
1.12634 
0.36144 
1.12634 
3.55424 
2.02444 
2.02444 
2.02444 
-1.4702 
2 
0.470199 
2 
-1.4702 
2 
0.470199 
2 
2.27712 
2.27712 
0.747319 
2.27712 
-2.74732 
0.722881 
0.722881 
0.722881 
2.02444 
2.02444 
3.55424 
2.02444 
2.27712 
0.747319 
2.27712 
0.747319 
0.36144 
1.12634 
0.36144 
1.12634 
-0.19308 
1.74732 
1.74732 
1.74732 
-0.19308 
1.74732 
1.74732 
1.74732 
-0.19308 
1.74732 
1.74732 
1.74732 
-2.74732 
0.722881 
0.722881 
0.722881 
-2.10876 
2.12634 
-0.16836 
2.12634 
-3.38588 
0.0843212 
0.849222 
0.0843212 
-1.4702 
0.470199 
2 
0.470199 
-1.4702 
0.470199 
2 
0.470199 
2.02444 
2.02444 
3.55424 
2.02444 
2.02444 
2.02444 
3.55424 
2.02444 
2.27712 
0.747319 
2.27712 
0.747319 
0.747319 
2.27712 
2.27712 
2.27712 
2.27712 
0.747319 
2.27712 
0.747319 
1 
1 
1 
1 
2.02444 
2.02444 
3.55424 
2.02444 
0.36144 
1.12634 
0.36144 
1.12634 
2.27712 
0.747319 
2.27712 
0.747319 
2.27712 
0.747319 
2.27712 
0.747319 
0.36144 
1.12634 
0.36144 
1.12634 
2.27712 
0.747319 
2.27712 
0.747319 
-1.4702 
0.470199 
2 
0.470199 
-0.19308 
1.74732 
1.74732 
1.74732 
-1.4702 
2 
0.470199 
2 
-0.19308 
1.74732 
1.74732 
1.74732 
-2.74732 
0.722881 
0.722881 
0.722881 
2.87366 
1.13856 
1.13856 
1.13856 
2.87366 
1.13856 
1.13856 
1.13856 
1 
1 
1 
1 
-0.19308 
1.74732 
1.74732 
1.74732 
-0.19308 
1.74732 
1.74732 
1.74732 
-3.38588 
0.849222 
0.0843212 
0.849222 
0.722881 
-2.74732 
0.722881 
-2.74732 
0.722881 
-2.74732 
0.722881 
-2.74732 
0.722881 
-2.74732 
0.722881 
-2.74732 
0.722881 
-2.74732 
0.722881 
-2.74732 
0.722881 
-2.74732 
0.722881 
-2.74732 
0.722881 
-2.74732 
0.722881 
-2.74732 
0.722881 
-2.74732 
0.722881 
-2.74732 
0.722881 
-2.74732 
0.722881 
-2.74732 
1.12634 
0.36144 
0.36144 
0.36144 
0.722881 
0.722881 
-2.74732 
0.722881 
0.470199 
-1.4702 
2 
-1.4702 
1 
1 
1 
1 
0.470199 
-1.4702 
2 
-1.4702 
0.470199 
-1.4702 
2 
-1.4702 
0.470199 
-1.4702 
2 
-1.4702 
0.470199 
-1.4702 
2 
-1.4702 
0.470199 
-1.4702 
2 
-1.4702 
0.849222 
-3.38588 
0.0843212 
-3.38588 
1.13856 
2.87366 
1.13856 
2.87366 
0.849222 
-3.38588 
0.0843212 
-3.38588 
0.722881 
-2.74732 
0.722881 
-2.74732 
0.722881 
-2.74732 
0.722881 
-2.74732 
0.722881 
-2.74732 
0.722881 
-2.74732 
0.722881 
-2.74732 
0.722881 
-2.74732 
1 
1 
1 
1 
1.95798 
0.987781 
-3.24732 
0.987781 
-1.4702 
0.470199 
2 
0.470199 
-3.38588 
0.849222 
0.0843212 
0.849222 
1 
1 
1 
1 
0.36144 
1.12634 
0.36144 
1.12634 
-3.38588 
0.849222 
0.0843212 
0.849222 
-0.19308 
1.74732 
1.74732 
1.74732 
-1.74732 
0.19308 
-1.74732 
0.19308 
2 
0.470199 
-1.4702 
0.470199 
4.15078 
0.885878 
2.41568 
0.885878 
-3.38588 
0.849222 
0.0843212 
0.849222 
1 
1 
1 
1 
2.87366 
1.13856 
1.13856 
1.13856 
-1.4702 
0.470199 
2 
0.470199 
-1.4702 
0.470199 
2 
0.470199 
-2.74732 
0.722881 
0.722881 
0.722881 
-2.74732 
0.722881 
0.722881 
0.722881 
-1.4702 
0.470199 
2 
0.470199 
-1.4702 
0.470199 
2 
0.470199 
-1.4702 
0.470199 
2 
0.470199 
-1.4702 
0.470199 
2 
0.470199 
1 
1 
1 
1 
-1.4702 
0.470199 
2 
0.470199 
-2.10876 
-0.16836 
2.12634 
-0.16836 
-0.19308 
1.74732 
1.74732 
1.74732 
-1.4702 
0.470199 
2 
0.470199 
-1.4702 
0.470199 
2 
0.470199 
1 
1 
1 
1 
1 
1 
1 
1 
0.470199 
-1.4702 
2 
-1.4702 
1 
1 
1 
1 
1 
1 
1 
1 
1 
1 
1 
1 
-1.4702 
0.470199 
2 
0.470199 
2.87366 
1.13856 
1.13856 
1.13856 
-0.19308 
1.74732 
1.74732 
1.74732 
-0.19308 
1.74732 
1.74732 
1.74732 
-1.4702 
0.470199 
2 
0.470199 
-1.4702 
0.470199 
2 
0.470199 
-1.4702 
0.470199 
2 
0.470199 
-1.4702 
0.470199 
2 
0.470199 
-2.74732 
0.722881 
0.722881 
0.722881 
-1.4702 
0.470199 
2 
0.470199 
1.12634 
0.36144 
0.36144 
0.36144 
0.487781 
-0.277119 
0.487781 
-0.277119 
1 
1 
1 
1 
1.12634 
0.36144 
0.36144 
0.36144 
1 
1 
1 
1 
1 
1 
1 
1 
1 
1 
1 
1 
1 
1 
1 
1 
1 
1 
1 
1 
1 
1 
1 
1 
1 
1 
1 
1 
1 
1 
1 
1 
1 
1 
1 
1 
1 
1 
1 
1 
0.747319 
2.27712 
2.27712 
2.27712 
1 
1 
1 
1 
1 
1 
1 
1 
1 
1 
1 
1 
-2.74732 
0.722881 
0.722881 
0.722881 
2.87366 
1.13856 
1.13856 
1.13856 
-1.4702 
2 
0.470199 
2 
-1.60876 
1.86144 
-1.40346 
1.86144 
2.2351 
0.5 
1.2649 
0.5 
-1.4702 
2 
0.470199 
2 
-2.10876 
-0.16836 
2.12634 
-0.16836 
-0.19308 
1.74732 
1.74732 
1.74732 
-3.38588 
0.0843212 
0.849222 
0.0843212 
-3.38588 
0.849222 
0.0843212 
0.849222 
1 
1 
1 
1 
-2.74732 
0.722881 
0.722881 
0.722881 
1 
1 
1 
1 
-2.74732 
0.722881 
0.722881 
0.722881 
-2.74732 
0.722881 
0.722881 
0.722881 
1 
1 
1 
1 
1 
1 
1 
1 
1 
1 
1 
1 
-2.74732 
0.722881 
0.722881 
0.722881 
1 
1 
1 
1 
1 
1 
1 
1 
1 
1 
1 
1 
1 
1 
1 
1 
-2.74732 
0.722881 
0.722881 
0.722881 
-2.74732 
0.722881 
0.722881 
0.722881 
-2.74732 
0.722881 
0.722881 
0.722881 
0.722881 
0.722881 
-2.74732 
0.722881 
1 
1 
1 
1 
0.722881 
0.722881 
-2.74732 
0.722881 
0.722881 
0.722881 
-2.74732 
0.722881 
1 
1 
1 
1 
1 
1 
1 
1 
1 
1 
1 
1 
2.27712 
2.27712 
0.747319 
2.27712 
1 
1 
1 
1 
1 
1 
1 
1 
1 
1 
1 
1 
1 
1 
1 
1 
1 
1 
1 
1 
1 
1 
1 
1 
1 
1 
1 
1 
1 
1 
1 
1 
1 
1 
1 
1 
1 
1 
1 
1 
1 
1 
1 
1 
1 
1 
1 
1 
1 
1 
1 
1 
0.747319 
2.27712 
2.27712 
2.27712 
1 
1 
1 
1 
1 
1 
1 
1 
1 
1 
1 
1 
1 
1 
1 
1 
2.87366 
1.13856 
1.13856 
1.13856 
1 
1 
1 
1 
1 
1 
1 
1 
1 
1 
1 
1 
1 
1 
1 
1 
1 
1 
1 
1 
1 
1 
1 
1 
1 
1 
1 
1 
1 
1 
1 
1 
1 
1 
1 
1 
2.87366 
1.13856 
1.13856 
1.13856 
-2.74732 
0.722881 
0.722881 
0.722881 
-2.74732 
0.722881 
0.722881 
0.722881 
-2.74732 
0.722881 
0.722881 
0.722881 
1 
1 
1 
1 
-2.74732 
0.722881 
0.722881 
0.722881 
1 
1 
1 
1 
1 
1 
1 
1 
-2.74732 
0.722881 
0.722881 
0.722881 
1 
1 
1 
1 
1 
1 
1 
1 
1 
1 
1 
1 
-2.74732 
0.722881 
0.722881 
0.722881 
1 
1 
1 
1 
1 
1 
1 
1 
2.87366 
1.13856 
1.13856 
1.13856 
1 
1 
1 
1 
1 
1 
1 
1 
1 
1 
1 
1 
1 
1 
1 
1 
1 
1 
1 
1 
2.27712 
2.27712 
0.747319 
2.27712 
0.36144 
0.36144 
1.12634 
0.36144 
1 
1 
1 
1 
1 
1 
1 
1 
1 
1 
1 
1 
1 
1 
1 
1 
1 
1 
1 
1 
1 
1 
1 
1 
-0.19308 
1.74732 
1.74732 
1.74732 
-1.4702 
0.470199 
2 
0.470199 
-1.4702 
0.470199 
2 
0.470199 
-2.74732 
0.722881 
0.722881 
0.722881 
-1.4702 
0.470199 
2 
0.470199 
-3.38588 
0.849222 
0.0843212 
0.849222 
-1.4702 
0.470199 
2 
0.470199 
-1.4702 
0.470199 
2 
0.470199 
-2.74732 
0.722881 
0.722881 
0.722881 
1 
1 
1 
1 
-2.74732 
0.722881 
0.722881 
0.722881 
-2.74732 
0.722881 
0.722881 
0.722881 
-2.74732 
0.722881 
0.722881 
0.722881 
-2.74732 
0.722881 
0.722881 
0.722881 
-2.74732 
0.722881 
0.722881 
0.722881 
-2.74732 
0.722881 
0.722881 
0.722881 
-2.74732 
0.722881 
0.722881 
0.722881 
-2.74732 
0.722881 
0.722881 
0.722881 
0.36144 
1.12634 
0.36144 
1.12634 
-2.74732 
0.722881 
0.722881 
0.722881 
-2.74732 
0.722881 
0.722881 
0.722881 
-2.74732 
0.722881 
0.722881 
0.722881 
-2.74732 
0.722881 
0.722881 
0.722881 
-2.74732 
0.722881 
0.722881 
0.722881 
-2.74732 
0.722881 
0.722881 
0.722881 
-2.74732 
0.722881 
0.722881 
0.722881 
-2.74732 
0.722881 
0.722881 
0.722881 
1.13856 
2.87366 
1.13856 
2.87366 
0.722881 
-2.74732 
0.722881 
-2.74732 
2.27712 
2.27712 
0.747319 
2.27712 
0.722881 
-2.74732 
0.722881 
-2.74732 
1 
1 
1 
1 
1 
1 
1 
1 
1.74732 
-0.19308 
1.74732 
-0.19308 
1 
1 
1 
1 
-0.445762 
3.02444 
3.02444 
3.02444 
-0.19308 
1.74732 
1.74732 
1.74732 
2.27712 
0.747319 
2.27712 
0.747319 
1 
1 
1 
1 
1 
1 
1 
1 
1 
1 
1 
1 
1 
1 
1 
1 
0.747319 
2.27712 
2.27712 
2.27712 
3.55424 
2.02444 
2.02444 
2.02444 
1 
1 
1 
1 
-3.38588 
0.0843212 
0.849222 
0.0843212 
3.55424 
2.02444 
2.02444 
2.02444 
2.02444 
2.02444 
3.55424 
2.02444 
2.27712 
0.747319 
2.27712 
0.747319 
1 
1 
1 
1 
2.27712 
2.27712 
0.747319 
2.27712 
2.02444 
2.02444 
3.55424 
2.02444 
0.470199 
2 
-1.4702 
2 
1.74732 
1.74732 
-0.19308 
1.74732 
1.74732 
1.74732 
-0.19308 
1.74732 
-0.512219 
1.22288 
-3.01222 
1.22288 
1.74732 
1.74732 
-0.19308 
1.74732 
1 
1 
1 
1 
1 
1 
1 
1 
2.27712 
2.27712 
0.747319 
2.27712 
1 
1 
1 
1 
0.36144 
0.36144 
1.12634 
0.36144 
2.02444 
2.02444 
3.55424 
2.02444 
0.722881 
0.722881 
-2.74732 
0.722881 
0.19308 
-1.74732 
-1.74732 
-1.74732 
1.74732 
1.74732 
-0.19308 
1.74732 
0.470199 
2 
-1.4702 
2 
1 
1 
1 
1 
0.747319 
2.27712 
2.27712 
2.27712 
2.02444 
2.02444 
3.55424 
2.02444 
2.02444 
3.55424 
2.02444 
3.55424 
2.02444 
3.55424 
2.02444 
3.55424 
0.747319 
2.27712 
2.27712 
2.27712 
2.02444 
3.55424 
2.02444 
3.55424 
1 
1 
1 
1 
1.74732 
1.74732 
-0.19308 
1.74732 
0.470199 
2 
-1.4702 
2 
1.74732 
1.74732 
-0.19308 
1.74732 
1.74732 
1.74732 
-0.19308 
1.74732 
0.747319 
2.27712 
2.27712 
2.27712 
3.55424 
2.02444 
2.02444 
2.02444 
0.747319 
2.27712 
2.27712 
2.27712 
1 
1 
1 
1 
0.470199 
2 
-1.4702 
2 
0.747319 
2.27712 
2.27712 
2.27712 
0.470199 
2 
-1.4702 
2 
0.36144 
1.12634 
0.36144 
1.12634 
1 
1 
1 
1 
2.02444 
2.02444 
3.55424 
2.02444 
1 
1 
1 
1 
0.747319 
2.27712 
2.27712 
2.27712 
3.02444 
-0.445762 
3.02444 
-0.445762 
1 
1 
1 
1 
1.74732 
-0.19308 
1.74732 
-0.19308 
0.747319 
2.27712 
2.27712 
2.27712 
3.55424 
2.02444 
2.02444 
2.02444 
3.55424 
2.02444 
2.02444 
2.02444 
3.55424 
2.02444 
2.02444 
2.02444 
3.55424 
2.02444 
2.02444 
2.02444 
2 
-1.4702 
0.470199 
-1.4702 
2.27712 
2.27712 
0.747319 
2.27712 
0.36144 
0.36144 
1.12634 
0.36144 
2.27712 
2.27712 
0.747319 
2.27712 
3.55424 
2.02444 
2.02444 
2.02444 
2 
-1.4702 
0.470199 
-1.4702 
3.55424 
2.02444 
2.02444 
2.02444 
3.55424 
2.02444 
2.02444 
2.02444 
2.27712 
2.27712 
0.747319 
2.27712 
2.27712 
2.27712 
0.747319 
2.27712 
2.27712 
2.27712 
0.747319 
2.27712 
2.02444 
3.55424 
2.02444 
3.55424 
0.36144 
0.36144 
1.12634 
0.36144 
3.30156 
3.30156 
3.30156 
3.30156 
3.30156 
3.30156 
3.30156 
3.30156 
2.02444 
3.55424 
2.02444 
3.55424 
0.36144 
0.36144 
1.12634 
0.36144 
1.38588 
3.68058 
1.38588 
3.68058 
3.30156 
3.30156 
3.30156 
3.30156 
2.27712 
0.747319 
2.27712 
0.747319 
2.02444 
2.02444 
3.55424 
2.02444 
1 
1 
1 
1 
2.02444 
3.55424 
2.02444 
3.55424 
1 
1 
1 
1 
1 
1 
1 
1 
1 
1 
1 
1 
1 
1 
1 
1 
1 
1 
1 
1 
2.87366 
1.13856 
1.13856 
1.13856 
2.02444 
2.02444 
3.55424 
2.02444 
3.30156 
3.30156 
3.30156 
3.30156 
3.55424 
2.02444 
2.02444 
2.02444 
3.55424 
2.02444 
2.02444 
2.02444 
3.30156 
3.30156 
3.30156 
3.30156 
3.30156 
3.30156 
3.30156 
3.30156 
3.55424 
2.02444 
2.02444 
2.02444 
3.55424 
2.02444 
2.02444 
2.02444 
2.27712 
0.747319 
2.27712 
0.747319 
1 
1 
1 
1 
2.87366 
1.13856 
1.13856 
1.13856 
0.36144 
1.12634 
0.36144 
1.12634 
2.87366 
1.13856 
1.13856 
1.13856 
1 
1 
1 
1 
1 
1 
1 
1 
1 
1 
1 
1 
0.747319 
2.27712 
2.27712 
2.27712 
2.27712 
2.27712 
0.747319 
2.27712 
1 
1 
1 
1 
2.27712 
2.27712 
0.747319 
2.27712 
1.63856 
2.40346 
0.108759 
2.40346 
3.55424 
2.02444 
2.02444 
2.02444 
3.55424 
2.02444 
2.02444 
2.02444 
2.27712 
2.27712 
0.747319 
2.27712 
0.36144 
0.36144 
1.12634 
0.36144 
0.36144 
0.36144 
1.12634 
0.36144 
0.36144 
0.36144 
1.12634 
0.36144 
1 
1 
1 
1 
1 
1 
1 
1 
1 
1 
1 
1 
1 
1 
1 
1 
1 
1 
1 
1 
-2.74732 
0.722881 
0.722881 
0.722881 
-2.74732 
0.722881 
0.722881 
0.722881 
-2.74732 
0.722881 
0.722881 
0.722881 
1 
1 
1 
1 
2.87366 
1.13856 
1.13856 
1.13856 
1 
1 
1 
1 
1 
1 
1 
1 
2.87366 
1.13856 
1.13856 
1.13856 
1 
1 
1 
1 
1 
1 
1 
1 
1 
1 
1 
1 
2.87366 
1.13856 
1.13856 
1.13856 
1 
1 
1 
1 
-2.74732 
0.722881 
0.722881 
0.722881 
2.87366 
1.13856 
1.13856 
1.13856 
1 
1 
1 
1 
0.722881 
0.722881 
-2.74732 
0.722881 
1.13856 
1.13856 
2.87366 
1.13856 
1 
1 
1 
1 
-2.74732 
0.722881 
0.722881 
0.722881 
1 
1 
1 
1 
-2.74732 
0.722881 
0.722881 
0.722881 
-3 
2 
2 
2 
1 
1 
1 
1 
-2.74732 
0.722881 
0.722881 
0.722881 
1 
1 
1 
1 
1 
1 
1 
1 
1 
1 
1 
1 
-3.38588 
0.849222 
0.0843212 
0.849222 
0.747319 
2.27712 
2.27712 
2.27712 
2.87366 
1.13856 
1.13856 
1.13856 
-2.74732 
0.722881 
0.722881 
0.722881 
-3.38588 
0.849222 
0.0843212 
0.849222 
-2.74732 
0.722881 
0.722881 
0.722881 
-3.38588 
0.849222 
0.0843212 
0.849222 
0.747319 
2.27712 
2.27712 
2.27712 
-2.74732 
0.722881 
0.722881 
0.722881 
0.747319 
2.27712 
2.27712 
2.27712 
2.87366 
1.13856 
1.13856 
1.13856 
-2.74732 
0.722881 
0.722881 
0.722881 
-2.74732 
0.722881 
0.722881 
0.722881 
-1.4702 
0.470199 
2 
0.470199 
-2.74732 
0.722881 
0.722881 
0.722881 
-3.38588 
0.849222 
0.0843212 
0.849222 
-3.38588 
0.849222 
0.0843212 
0.849222 
-2.74732 
0.722881 
0.722881 
0.722881 
-2.74732 
0.722881 
0.722881 
0.722881 
-1.4702 
0.470199 
2 
0.470199 
1 
1 
1 
1 
-3.38588 
0.849222 
0.0843212 
0.849222 
-2.74732 
0.722881 
0.722881 
0.722881 
-2.74732 
0.722881 
0.722881 
0.722881 
-3.38588 
0.849222 
0.0843212 
0.849222 
-2.74732 
0.722881 
0.722881 
0.722881 
-2.74732 
0.722881 
0.722881 
0.722881 
-3.38588 
0.849222 
0.0843212 
0.849222 
-2.74732 
0.722881 
0.722881 
0.722881 
-1.4702 
0.470199 
2 
0.470199 
-3.38588 
0.849222 
0.0843212 
0.849222 
0.0843212 
-3.38588 
0.849222 
-3.38588 
2 
-1.4702 
0.470199 
-1.4702 
0.722881 
-2.74732 
0.722881 
-2.74732 
0.0843212 
-3.38588 
0.849222 
-3.38588 
0.722881 
-2.74732 
0.722881 
-2.74732 
0.722881 
-2.74732 
0.722881 
-2.74732 
0.722881 
-2.74732 
0.722881 
-2.74732 
0.722881 
-2.74732 
0.722881 
-2.74732 
1 
1 
1 
1 
1 
1 
1 
1 
1 
1 
1 
1 
1 
1 
1 
1 
0.722881 
-2.74732 
0.722881 
-2.74732 
0.722881 
-2.74732 
0.722881 
-2.74732 
0.722881 
-2.74732 
0.722881 
-2.74732 
0.722881 
-2.74732 
0.722881 
-2.74732 
0.722881 
-2.74732 
0.722881 
-2.74732 
1.13856 
2.87366 
1.13856 
2.87366 
1.74732 
-0.19308 
1.74732 
-0.19308 
0.722881 
-2.74732 
0.722881 
-2.74732 
0.210662 
-4.02444 
0.210662 
-4.02444 
1.74732 
-0.19308 
1.74732 
-0.19308 
0.722881 
-2.74732 
0.722881 
-2.74732 
0.470199 
-1.4702 
2 
-1.4702 
0.849222 
-3.38588 
0.0843212 
-3.38588 
2 
-1.4702 
0.470199 
-1.4702 
1 
1 
1 
1 
0.722881 
-2.74732 
0.722881 
-2.74732 
0.722881 
0.722881 
-2.74732 
0.722881 
2.27712 
2.27712 
0.747319 
2.27712 
0.722881 
0.722881 
-2.74732 
0.722881 
0.722881 
0.722881 
-2.74732 
0.722881 
2.27712 
2.27712 
0.747319 
2.27712 
2.27712 
2.27712 
0.747319 
2.27712 
2.27712 
2.27712 
0.747319 
2.27712 
2.27712 
2.27712 
0.747319 
2.27712 
0.722881 
0.722881 
-2.74732 
0.722881 
0.722881 
0.722881 
-2.74732 
0.722881 
0.722881 
0.722881 
-2.74732 
0.722881 
0.722881 
0.722881 
-2.74732 
0.722881 
0.722881 
0.722881 
-2.74732 
0.722881 
0.722881 
0.722881 
-2.74732 
0.722881 
1 
1 
1 
1 
0.722881 
0.722881 
-2.74732 
0.722881 
1.13856 
2.87366 
1.13856 
2.87366 
1 
1 
1 
1 
0.722881 
-2.74732 
0.722881 
-2.74732 
1 
1 
1 
1 
1 
1 
1 
1 
1 
1 
1 
1 
0.722881 
-2.74732 
0.722881 
-2.74732 
1 
1 
1 
1 
1.74732 
-0.19308 
1.74732 
-0.19308 
0.849222 
-3.38588 
0.0843212 
-3.38588 
0.722881 
-2.74732 
0.722881 
-2.74732 
1.74732 
-0.19308 
1.74732 
-0.19308 
0.722881 
-2.74732 
0.722881 
-2.74732 
0.722881 
-2.74732 
0.722881 
-2.74732 
1 
1 
1 
1 
0.722881 
-2.74732 
0.722881 
-2.74732 
-2.74732 
0.722881 
0.722881 
0.722881 
-1.4702 
2 
0.470199 
2 
-1.4702 
2 
0.470199 
2 
-0.19308 
1.74732 
1.74732 
1.74732 
-3.38588 
0.0843212 
0.849222 
0.0843212 
-2.74732 
0.722881 
0.722881 
0.722881 
-2.74732 
0.722881 
0.722881 
0.722881 
-2.74732 
0.722881 
0.722881 
0.722881 
-3.38588 
0.0843212 
0.849222 
0.0843212 
-0.19308 
1.74732 
1.74732 
1.74732 
-0.19308 
1.74732 
1.74732 
1.74732 
-0.19308 
1.74732 
1.74732 
1.74732 
-2.74732 
0.722881 
0.722881 
0.722881 
2.27712 
0.747319 
2.27712 
0.747319 
1 
1 
1 
1 
2.27712 
0.747319 
2.27712 
0.747319 
3.55424 
2.02444 
2.02444 
2.02444 
3.55424 
2.02444 
2.02444 
2.02444 
3.27712 
-1.72288 
1.74732 
-1.72288 
3.55424 
2.02444 
2.02444 
2.02444 
0.36144 
1.12634 
0.36144 
1.12634 
3.27712 
-1.72288 
1.74732 
-1.72288 
0.722881 
-2.74732 
0.722881 
-2.74732 
3.27712 
-1.72288 
1.74732 
-1.72288 
3.6928 
3.8981 
2.163 
3.8981 
2.27712 
0.747319 
2.27712 
0.747319 
3.55424 
2.02444 
2.02444 
2.02444 
3.55424 
2.02444 
2.02444 
2.02444 
1 
1 
1 
1 
1 
1 
1 
1 
0.722881 
-2.74732 
0.722881 
-2.74732 
2.27712 
0.747319 
2.27712 
0.747319 
0.722881 
-2.74732 
0.722881 
-2.74732 
0.722881 
-2.74732 
0.722881 
-2.74732 
0.722881 
-2.74732 
0.722881 
-2.74732 
0.722881 
-2.74732 
0.722881 
-2.74732 
0.722881 
-2.74732 
0.722881 
-2.74732 
0.722881 
-2.74732 
0.722881 
-2.74732 
0.722881 
-2.74732 
0.722881 
-2.74732 
0.722881 
-2.74732 
0.722881 
-2.74732 
0.722881 
-2.74732 
0.722881 
-2.74732 
0.722881 
-2.74732 
0.722881 
-2.74732 
0.722881 
-2.74732 
0.722881 
-2.74732 
0.722881 
-2.74732 
0.722881 
-2.74732 
0.722881 
-2.74732 
0.722881 
-2.74732 
2 
-3 
2 
-3 
2.27712 
0.747319 
2.27712 
0.747319 
0.722881 
-2.74732 
0.722881 
-2.74732 
2.27712 
0.747319 
2.27712 
0.747319 
2.27712 
0.747319 
2.27712 
0.747319 
1 
1 
1 
1 
1 
1 
1 
1 
2.27712 
0.747319 
2.27712 
0.747319 
1 
1 
1 
1 
-2.74732 
0.722881 
0.722881 
0.722881 
-2.74732 
0.722881 
0.722881 
0.722881 
1 
1 
1 
1 
1 
1 
1 
1 
1 
1 
1 
1 
2.27712 
0.747319 
2.27712 
0.747319 
3.30156 
3.30156 
3.30156 
3.30156 
-2.74732 
0.722881 
0.722881 
0.722881 
2.27712 
0.747319 
2.27712 
0.747319 
-3.38588 
0.0843212 
0.849222 
0.0843212 
2.40346 
0.108759 
1.63856 
0.108759 
1.63856 
0.108759 
2.40346 
0.108759 
2.27712 
0.747319 
2.27712 
0.747319 
2.27712 
0.747319 
2.27712 
0.747319 
-2.74732 
0.722881 
0.722881 
0.722881 
2.27712 
0.747319 
2.27712 
0.747319 
-2.74732 
0.722881 
0.722881 
0.722881 
2.87366 
1.13856 
1.13856 
1.13856 
2.27712 
0.747319 
2.27712 
0.747319 
-1.4702 
2 
0.470199 
2 
2.27712 
0.747319 
2.27712 
0.747319 
2.27712 
0.747319 
2.27712 
0.747319 
-0.277119 
0.487781 
0.487781 
0.487781 
3.55424 
2.02444 
2.02444 
2.02444 
1 
1 
1 
1 
2.27712 
2.27712 
0.747319 
2.27712 
3.55424 
2.02444 
2.02444 
2.02444 
-0.529801 
1.7649 
1.7649 
1.7649 
2.02444 
2.02444 
3.55424 
2.02444 
0.108759 
1.63856 
2.40346 
1.63856 
1.13856 
1.13856 
2.87366 
1.13856 
1.12634 
0.36144 
0.36144 
0.36144 
1.13856 
1.13856 
2.87366 
1.13856 
1 
1 
1 
1 
1 
1 
1 
1 
1 
1 
1 
1 
2.02444 
3.55424 
2.02444 
3.55424 
1.12634 
0.36144 
0.36144 
0.36144 
-2.74732 
0.722881 
0.722881 
0.722881 
1.12634 
0.36144 
0.36144 
0.36144 
-2.74732 
0.722881 
0.722881 
0.722881 
3 
0.5 
0.5 
0.5 
1 
1 
1 
1 
1 
1 
1 
1 
1 
1 
1 
1 
1 
1 
1 
1 
2.87366 
1.13856 
1.13856 
1.13856 
1 
1 
1 
1 
1 
1 
1 
1 
1 
1 
1 
1 
1 
1 
1 
1 
1.12634 
0.36144 
0.36144 
0.36144 
0.36144 
1.12634 
0.36144 
1.12634 
1 
1 
1 
1 
1 
1 
1 
1 
1 
1 
1 
1 
1 
1 
1 
1 
1 
1 
1 
1 
2.27712 
0.747319 
2.27712 
0.747319 
2.87366 
1.13856 
1.13856 
1.13856 
2.27712 
0.747319 
2.27712 
0.747319 
2.40346 
0.108759 
1.63856 
0.108759 
1 
1 
1 
1 
2.27712 
0.747319 
2.27712 
0.747319 
1 
1 
1 
1 
0.36144 
0.36144 
1.12634 
0.36144 
2.27712 
0.747319 
2.27712 
0.747319 
1 
1 
1 
1 
2.27712 
0.747319 
2.27712 
0.747319 
0.36144 
1.12634 
0.36144 
1.12634 
3.30156 
3.30156 
3.30156 
3.30156 
1.38588 
3.68058 
1.38588 
3.68058 
2.27712 
2.27712 
0.747319 
2.27712 
2.27712 
2.27712 
0.747319 
2.27712 
2.40346 
1.63856 
0.108759 
1.63856 
2.27712 
2.27712 
0.747319 
2.27712 
0.36144 
0.36144 
1.12634 
0.36144 
2.27712 
2.27712 
0.747319 
2.27712 
0.36144 
0.36144 
1.12634 
0.36144 
1 
1 
1 
1 
1 
1 
1 
1 
0.36144 
0.36144 
1.12634 
0.36144 
0.36144 
0.36144 
1.12634 
0.36144 
2.27712 
2.27712 
0.747319 
2.27712 
2.27712 
2.27712 
0.747319 
2.27712 
0.36144 
0.36144 
1.12634 
0.36144 
2.27712 
2.27712 
0.747319 
2.27712 
2.27712 
2.27712 
0.747319 
2.27712 
2.02444 
3.55424 
2.02444 
3.55424 
2.27712 
2.27712 
0.747319 
2.27712 
2.27712 
2.27712 
0.747319 
2.27712 
1 
1 
1 
1 
0.36144 
0.36144 
1.12634 
0.36144 
2.27712 
2.27712 
0.747319 
2.27712 
1 
1 
1 
1 
0.722881 
-2.74732 
0.722881 
-2.74732 
1.13856 
2.87366 
1.13856 
2.87366 
1 
1 
1 
1 
2.40346 
1.63856 
0.108759 
1.63856 
1.12634 
0.36144 
0.36144 
0.36144 
2.27712 
2.27712 
0.747319 
2.27712 
2.02444 
3.55424 
2.02444 
3.55424 
1 
1 
1 
1 
1 
1 
1 
1 
1 
1 
1 
1 
1 
1 
1 
1 
1 
1 
1 
1 
1 
1 
1 
1 
1 
1 
1 
1 
1 
1 
1 
1 
0.747319 
2.27712 
2.27712 
2.27712 
0.747319 
2.27712 
2.27712 
2.27712 
0.747319 
2.27712 
2.27712 
2.27712 
0.747319 
2.27712 
2.27712 
2.27712 
1 
1 
1 
1 
1.12634 
0.36144 
0.36144 
0.36144 
1 
1 
1 
1 
1 
1 
1 
1 
1.12634 
0.36144 
0.36144 
0.36144 
1.13856 
2.87366 
1.13856 
2.87366 
1 
1 
1 
1 
1.12634 
0.36144 
0.36144 
0.36144 
1.13856 
2.87366 
1.13856 
2.87366 
1.12634 
0.36144 
0.36144 
0.36144 
1 
1 
1 
1 
1 
1 
1 
1 
1.12634 
0.36144 
0.36144 
0.36144 
0.36144 
0.36144 
1.12634 
0.36144 
2.27712 
2.27712 
0.747319 
2.27712 
2.40346 
1.63856 
0.108759 
1.63856 
1 
1 
1 
1 
1 
1 
1 
1 
1 
1 
1 
1 
1 
1 
1 
1 
2.27712 
0.747319 
2.27712 
0.747319 
2.27712 
0.747319 
2.27712 
0.747319 
-2.74732 
0.722881 
0.722881 
0.722881 
2.27712 
0.747319 
2.27712 
0.747319 
1 
1 
1 
1 
1 
1 
1 
1 
1 
1 
1 
1 
1 
1 
1 
1 
1 
1 
1 
1 
1 
1 
1 
1 
1 
1 
1 
1 
1 
1 
1 
1 
1 
1 
1 
1 
1 
1 
1 
1 
1 
1 
1 
1 
1 
1 
1 
1 
1 
1 
1 
1 
1 
1 
1 
1 
1 
1 
1 
1 
1 
1 
1 
1 
1 
1 
1 
1 
1 
1 
1 
1 
1 
1 
1 
1 
1 
1 
1 
1 
1 
1 
1 
1 
1 
1 
1 
1 
2.27712 
0.747319 
2.27712 
0.747319 
1 
1 
1 
1 
2.27712 
2.27712 
0.747319 
2.27712 
2.27712 
0.747319 
2.27712 
0.747319 
2.27712 
0.747319 
2.27712 
0.747319 
2.27712 
2.27712 
0.747319 
2.27712 
1 
1 
1 
1 
1 
1 
1 
1 
1 
1 
1 
1 
1 
1 
1 
1 
1 
1 
1 
1 
1 
1 
1 
1 
1 
1 
1 
1 
1 
1 
1 
1 
1 
1 
1 
1 
1 
1 
1 
1 
1 
1 
1 
1 
1 
1 
1 
1 
1 
1 
1 
1 
1 
1 
1 
1 
1 
1 
1 
1 
1 
1 
1 
1 
1 
1 
1 
1 
1 
1 
1 
1 
1 
1 
1 
1 
1 
1 
1 
1 
1.13856 
1.13856 
2.87366 
1.13856 
0.722881 
0.722881 
-2.74732 
0.722881 
0.885878 
2.41568 
4.15078 
2.41568 
0.722881 
0.722881 
-2.74732 
0.722881 
0.849222 
0.0843212 
-3.38588 
0.0843212 
0.849222 
0.0843212 
-3.38588 
0.0843212 
0.849222 
0.0843212 
-3.38588 
0.0843212 
0.849222 
0.0843212 
-3.38588 
0.0843212 
0.849222 
0.0843212 
-3.38588 
0.0843212 
0.470199 
2 
-1.4702 
2 
0.722881 
0.722881 
-2.74732 
0.722881 
0.849222 
0.0843212 
-3.38588 
0.0843212 
0.849222 
0.0843212 
-3.38588 
0.0843212 
0.849222 
0.0843212 
-3.38588 
0.0843212 
0.849222 
0.0843212 
-3.38588 
0.0843212 
0.849222 
0.0843212 
-3.38588 
0.0843212 
0.0843212 
0.849222 
-3.38588 
0.849222 
1.13856 
1.13856 
2.87366 
1.13856 
0.722881 
0.722881 
-2.74732 
0.722881 
0.0843212 
0.849222 
-3.38588 
0.849222 
1 
1 
1 
1 
-2.74732 
0.722881 
0.722881 
0.722881 
1 
1 
1 
1 
0.722881 
0.722881 
-2.74732 
0.722881 
0.722881 
0.722881 
-2.74732 
0.722881 
1.13856 
1.13856 
2.87366 
1.13856 
0.722881 
0.722881 
-2.74732 
0.722881 
0.722881 
0.722881 
-2.74732 
0.722881 
0.722881 
0.722881 
-2.74732 
0.722881 
0.722881 
0.722881 
-2.74732 
0.722881 
0.0843212 
0.849222 
-3.38588 
0.849222 
1.13856 
1.13856 
2.87366 
1.13856 
0.470199 
2 
-1.4702 
2 
0.747319 
2.27712 
2.27712 
2.27712 
1 
1 
1 
1 
3.27712 
1.74732 
-1.72288 
1.74732 
0.722881 
0.722881 
-2.74732 
0.722881 
2 
0.470199 
-1.4702 
0.470199 
0.747319 
2.27712 
2.27712 
2.27712 
0.747319 
2.27712 
2.27712 
2.27712 
1 
1 
1 
1 
1 
1 
1 
1 
1 
1 
1 
1 
1 
1 
1 
1 
2.27712 
2.27712 
0.747319 
2.27712 
3.55424 
2.02444 
2.02444 
2.02444 
2.27712 
2.27712 
0.747319 
2.27712 
1 
1 
1 
1 
2.02444 
2.02444 
3.55424 
2.02444 
2.02444 
2.02444 
3.55424 
2.02444 
2 
0.470199 
-1.4702 
0.470199 
2.27712 
0.747319 
2.27712 
0.747319 
1 
1 
1 
1 
2 
0.470199 
-1.4702 
0.470199 
0.108759 
2.40346 
1.63856 
2.40346 
0.722881 
0.722881 
-2.74732 
0.722881 
1 
1 
1 
1 
0.0843212 
0.849222 
-3.38588 
0.849222 
1.13856 
1.13856 
2.87366 
1.13856 
2.27712 
2.27712 
0.747319 
2.27712 
0.722881 
0.722881 
-2.74732 
0.722881 
2.02444 
2.02444 
3.55424 
2.02444 
2 
0.470199 
-1.4702 
0.470199 
2.27712 
0.747319 
2.27712 
0.747319 
2 
-1.4702 
0.470199 
-1.4702 
2 
-1.4702 
0.470199 
-1.4702 
2 
-1.4702 
0.470199 
-1.4702 
2.12634 
-2.10876 
-0.16836 
-2.10876 
1 
1 
1 
1 
2.27712 
2.27712 
0.747319 
2.27712 
1.74732 
-0.19308 
1.74732 
-0.19308 
1 
1 
1 
1 
2 
-1.4702 
0.470199 
-1.4702 
1.74732 
-0.19308 
1.74732 
-0.19308 
1.74732 
-0.19308 
1.74732 
-0.19308 
0.849222 
-3.38588 
0.0843212 
-3.38588 
-0.16836 
-2.10876 
2.12634 
-2.10876 
2 
-1.4702 
0.470199 
-1.4702 
0.0843212 
-3.38588 
0.849222 
-3.38588 
2 
-1.4702 
0.470199 
-1.4702 
2.27712 
2.27712 
0.747319 
2.27712 
2.27712 
2.27712 
0.747319 
2.27712 
2.02444 
3.55424 
2.02444 
3.55424 
1 
1 
1 
1 
2.27712 
2.27712 
0.747319 
2.27712 
1 
1 
1 
1 
2.27712 
2.27712 
0.747319 
2.27712 
1 
1 
1 
1 
0.747319 
2.27712 
2.27712 
2.27712 
2.02444 
3.55424 
2.02444 
3.55424 
2.02444 
2.02444 
3.55424 
2.02444 
1 
1 
1 
1 
1.12634 
0.36144 
0.36144 
0.36144 
0.747319 
2.27712 
2.27712 
2.27712 
1 
1 
1 
1 
2.27712 
2.27712 
0.747319 
2.27712 
3.30156 
3.30156 
3.30156 
3.30156 
2 
-1.4702 
0.470199 
-1.4702 
0.722881 
-2.74732 
0.722881 
-2.74732 
1.74732 
-0.19308 
1.74732 
-0.19308 
0.722881 
-2.74732 
0.722881 
-2.74732 
0.722881 
-2.74732 
0.722881 
-2.74732 
2.27712 
2.27712 
0.747319 
2.27712 
0.722881 
-2.74732 
0.722881 
-2.74732 
2.02444 
3.55424 
2.02444 
3.55424 
2.27712 
2.27712 
0.747319 
2.27712 
2.27712 
2.27712 
0.747319 
2.27712 
2.02444 
3.55424 
2.02444 
3.55424 
2.27712 
2.27712 
0.747319 
2.27712 
0.0843212 
-3.38588 
0.849222 
-3.38588 
1.74732 
-0.19308 
1.74732 
-0.19308 
2.02444 
3.55424 
2.02444 
3.55424 
2.27712 
0.747319 
2.27712 
0.747319 
2.27712 
0.747319 
2.27712 
0.747319 
2.27712 
0.747319 
2.27712 
0.747319 
2.27712 
0.747319 
2.27712 
0.747319 
3.55424 
2.02444 
2.02444 
2.02444 
1 
1 
1 
1 
2.27712 
0.747319 
2.27712 
0.747319 
3.55424 
2.02444 
2.02444 
2.02444 
1 
1 
1 
1 
2.27712 
0.747319 
2.27712 
0.747319 
-2.74732 
0.722881 
0.722881 
0.722881 
-2.74732 
0.722881 
0.722881 
0.722881 
0.36144 
0.36144 
1.12634 
0.36144 
1.63856 
0.108759 
2.40346 
0.108759 
3.55424 
2.02444 
2.02444 
2.02444 
2.27712 
0.747319 
2.27712 
0.747319 
1 
1 
1 
1 
-2.74732 
0.722881 
0.722881 
0.722881 
-2.74732 
0.722881 
0.722881 
0.722881 
1 
1 
1 
1 
-2.74732 
0.722881 
0.722881 
0.722881 
-2.74732 
0.722881 
0.722881 
0.722881 
-2.74732 
0.722881 
0.722881 
0.722881 
-2.74732 
0.722881 
0.722881 
0.722881 
-1.4702 
0.470199 
2 
0.470199 
-2.74732 
0.722881 
0.722881 
0.722881 
-3.38588 
0.849222 
0.0843212 
0.849222 
-3.38588 
0.849222 
0.0843212 
0.849222 
2.2351 
1.2649 
0.5 
1.2649 
-1.4702 
0.470199 
2 
0.470199 
1 
1 
1 
1 
-2.74732 
0.722881 
0.722881 
0.722881 
-2.74732 
0.722881 
0.722881 
0.722881 
-2.74732 
0.722881 
0.722881 
0.722881 
1 
1 
1 
1 
-2.74732 
0.722881 
0.722881 
0.722881 
-2.74732 
0.722881 
0.722881 
0.722881 
1 
1 
1 
1 
2.27712 
2.27712 
0.747319 
2.27712 
1 
1 
1 
1 
2.27712 
2.27712 
0.747319 
2.27712 
2.27712 
2.27712 
0.747319 
2.27712 
1 
1 
1 
1 
3.55424 
2.02444 
2.02444 
2.02444 
1.63856 
2.40346 
0.108759 
2.40346 
2.27712 
0.747319 
2.27712 
0.747319 
1 
1 
1 
1 
2.27712 
2.27712 
0.747319 
2.27712 
1 
1 
1 
1 
1 
1 
1 
1 
2.7351 
-0.7351 
1 
-0.7351 
1 
1 
1 
1 
0.108759 
1.63856 
2.40346 
1.63856 
1 
1 
1 
1 
2.27712 
2.27712 
0.747319 
2.27712 
2.02444 
3.55424 
2.02444 
3.55424 
0.86144 
-0.873659 
0.86144 
-0.873659 
1 
1 
1 
1 
-0.873659 
0.86144 
0.86144 
0.86144 
0.86144 
0.86144 
-0.873659 
0.86144 

VECTORS Displacement float
1.679e-10 -6.21118e-10 0 
4.65164e-11 -6.27054e-10 0 
2.3835e-10 -0.0797319 0 
4.65164e-11 -6.27054e-10 0 
1.92343e-11 -0.16215 0 
5.47911e-11 -0.162378 0 
0.00262465 -0.165279 0 
5.47911e-11 -0.162378 0 
6.15209e-11 -7.28404e-10 0 
0.0279127 -0.0984679 0 
5.04618e-11 -6.74326e-10 0 
0.0279127 -0.0984679 0 
3.05392e-11 -6.35736e-10 0 
0.00863743 -0.068264 0 
4.65164e-11 -6.27054e-10 0 
0.00863743 -0.068264 0 
4.65164e-11 -6.27054e-10 0 
0.00863743 -0.068264 0 
2.3835e-10 -0.0797319 0 
0.00863743 -0.068264 0 
9.04407e-11 -0.161545 0 
0.00583857 -0.164097 0 
5.47911e-11 -0.162378 0 
0.00583857 -0.164097 0 
5.47911e-11 -0.162378 0 
0.00583857 -0.164097 0 
0.00262465 -0.165279 0 
0.00583857 -0.164097 0 
1.59445e-10 -0.153739 0 
0.00676802 -0.160093 0 
9.04407e-11 -0.161545 0 
0.00676802 -0.160093 0 
9.04407e-11 -0.161545 0 
0.00676802 -0.160093 0 
0.00583857 -0.164097 0 
0.00676802 -0.160093 0 
0.00583857 -0.164097 0 
0.00676802 -0.160093 0 
0.014392 -0.166865 0 
0.00676802 -0.160093 0 
0.00337608 -0.389675 0 
0.0103456 -0.391654 0 
0.00318238 -0.398494 0 
0.0103456 -0.391654 0 
-2.32164e-11 -0.424541 0 
0.00918697 -0.415695 0 
-5.51032e-11 -0.407561 0 
0.00918697 -0.415695 0 
1.11323e-11 -0.431387 0 
0.00412936 -0.429243 0 
-2.32164e-11 -0.424541 0 
0.00412936 -0.429243 0 
-2.32164e-11 -0.424541 0 
0.00412936 -0.429243 0 
0.00918697 -0.415695 0 
0.00412936 -0.429243 0 
0.00918697 -0.415695 0 
0.00412936 -0.429243 0 
0.00652787 -0.427039 0 
0.00412936 -0.429243 0 
-2.62192e-10 -0.141725 0 
0.00520212 -0.108323 0 
-2.86002e-10 -0.0738095 0 
0.00520212 -0.108323 0 
-2.86002e-10 -0.0738095 0 
-2.3657e-11 -8.69781e-10 0 
-1.88572e-10 -8.70873e-10 0 
-2.3657e-11 -8.69781e-10 0 
1.36829e-11 -8.66908e-10 0 
-2.3657e-11 -8.69781e-10 0 
0.00520212 -0.108323 0 
-2.3657e-11 -8.69781e-10 0 
0.00520212 -0.108323 0 
-2.3657e-11 -8.69781e-10 0 
-2.86002e-10 -0.0738095 0 
-2.3657e-11 -8.69781e-10 0 
6.1521e-11 -7.28404e-10 0 
0.0285145 -0.103595 0 
0.0279127 -0.0984679 0 
0.0285145 -0.103595 0 
6.04192e-11 -7.8261e-10 0 
0.0285145 -0.103595 0 
6.15209e-11 -7.28404e-10 0 
0.0285145 -0.103595 0 
0.00863743 -0.068264 0 
0.00868503 -0.109336 0 
2.3835e-10 -0.0797319 0 
0.00868503 -0.109336 0 
2.3835e-10 -0.0797319 0 
0.00868503 -0.109336 0 
2.15031e-10 -0.129951 0 
0.00868503 -0.109336 0 
0.0279127 -0.0984679 0 
0.0187583 -0.0787484 0 
5.04618e-11 -6.74326e-10 0 
0.0187583 -0.0787484 0 
3.05392e-11 -6.35736e-10 0 
0.0187583 -0.0787484 0 
0.00863743 -0.068264 0 
0.0187583 -0.0787484 0 
5.04618e-11 -6.74326e-10 0 
0.0187583 -0.0787484 0 
3.05392e-11 -6.35736e-10 0 
0.0187583 -0.0787484 0 
0.014392 -0.166865 0 
0.00837255 -0.168746 0 
0.00583857 -0.164097 0 
0.00837255 -0.168746 0 
0.00583857 -0.164097 0 
0.00837255 -0.168746 0 
0.00262465 -0.165279 0 
0.00837255 -0.168746 0 
0.00262465 -0.165279 0 
0.00837255 -0.168746 0 
0.00498824 -0.172695 0 
0.00837255 -0.168746 0 
0.0167933 -0.177493 0 
0.0106375 -0.177448 0 
0.00837255 -0.168746 0 
0.0106375 -0.177448 0 
0.00837255 -0.168746 0 
0.0106375 -0.177448 0 
0.00498824 -0.172695 0 
0.0106375 -0.177448 0 
2.15031e-10 -0.129951 0 
0.0121684 -0.146556 0 
1.59445e-10 -0.153739 0 
0.0121684 -0.146556 0 
0.0248956 -0.145019 0 
0.0121684 -0.146556 0 
0.00868503 -0.109336 0 
0.0121684 -0.146556 0 
0.00868503 -0.109336 0 
0.0121684 -0.146556 0 
2.15031e-10 -0.129951 0 
0.0121684 -0.146556 0 
0.00444027 -0.408056 0 
0.0127722 -0.408624 0 
0.00620226 -0.416567 0 
0.0127722 -0.408624 0 
0.00318238 -0.398494 0 
0.0101847 -0.401701 0 
0.00444027 -0.408056 0 
0.0101847 -0.401701 0 
0.00444027 -0.408056 0 
0.0101847 -0.401701 0 
0.0127722 -0.408624 0 
0.0101847 -0.401701 0 
0.0127722 -0.408624 0 
0.0101847 -0.401701 0 
0.0174669 -0.393966 0 
0.0101847 -0.401701 0 
0.0174669 -0.393966 0 
0.0101847 -0.401701 0 
0.0103456 -0.391654 0 
0.0101847 -0.401701 0 
0.0103456 -0.391654 0 
0.0101847 -0.401701 0 
0.00318238 -0.398494 0 
0.0101847 -0.401701 0 
0.0147306 -0.378169 0 
0.0182557 -0.384003 0 
0.0103456 -0.391654 0 
0.0182557 -0.384003 0 
0.0103456 -0.391654 0 
0.0182557 -0.384003 0 
0.0174669 -0.393966 0 
0.0182557 -0.384003 0 
0.0161834 -0.389125 0 
0.0104315 -0.381497 0 
0.00918697 -0.415695 0 
0.0104315 -0.381497 0 
0.00918697 -0.415695 0 
0.0104315 -0.381497 0 
-5.51032e-11 -0.407561 0 
0.0104315 -0.381497 0 
-5.51032e-11 -0.407561 0 
0.0104315 -0.381497 0 
-1.16717e-10 -0.348117 0 
0.0104315 -0.381497 0 
0.0161834 -0.389125 0 
0.0105749 -0.419609 0 
0.0164182 -0.405801 0 
0.0105749 -0.419609 0 
0.00918697 -0.415695 0 
0.0105749 -0.419609 0 
0.0161834 -0.389125 0 
0.0105749 -0.419609 0 
0.00652787 -0.427039 0 
0.0105749 -0.419609 0 
0.00918697 -0.415695 0 
0.0105749 -0.419609 0 
0.00737594 -0.422944 0 
0.0105749 -0.419609 0 
0.00652787 -0.427039 0 
0.0105749 -0.419609 0 
0.00620226 -0.416567 0 
0.0107777 -0.417729 0 
0.00737594 -0.422944 0 
0.0107777 -0.417729 0 
0.00737594 -0.422944 0 
0.0107777 -0.417729 0 
0.0105749 -0.419609 0 
0.0107777 -0.417729 0 
0.0105749 -0.419609 0 
0.0107777 -0.417729 0 
0.0164182 -0.405801 0 
0.0107777 -0.417729 0 
0.0164182 -0.405801 0 
0.0107777 -0.417729 0 
0.0127722 -0.408624 0 
0.0107777 -0.417729 0 
0.0127722 -0.408624 0 
0.0107777 -0.417729 0 
0.00620226 -0.416567 0 
0.0107777 -0.417729 0 
0.0169381 -0.201727 0 
0.0101753 -0.0996741 0 
0.00520212 -0.108323 0 
0.0101753 -0.0996741 0 
0.00520212 -0.108323 0 
0.0101753 -0.0996741 0 
1.36829e-11 -8.66908e-10 0 
0.0101753 -0.0996741 0 
1.36829e-11 -8.66908e-10 0 
0.0101753 -0.0996741 0 
3.314e-11 -8.52459e-10 0 
0.0101753 -0.0996741 0 
3.314e-11 -8.52459e-10 0 
0.0101753 -0.0996741 0 
0.0209614 -0.13475 0 
0.0101753 -0.0996741 0 
0.0209614 -0.13475 0 
0.0101753 -0.0996741 0 
0.0169381 -0.201727 0 
0.0101753 -0.0996741 0 
0.00520212 -0.108323 0 
0.00791023 -0.210263 0 
0.0169381 -0.201727 0 
0.00791023 -0.210263 0 
-2.62192e-10 -0.141725 0 
0.00791023 -0.210263 0 
0.00520212 -0.108323 0 
0.00791023 -0.210263 0 
-1.73465e-10 -0.258477 0 
0.00791023 -0.210263 0 
-2.62192e-10 -0.141725 0 
0.00791023 -0.210263 0 
6.04192e-11 -7.8261e-10 0 
0.0265952 -0.120511 0 
0.0285145 -0.103595 0 
0.0265952 -0.120511 0 
4.87845e-11 -8.25812e-10 0 
0.0265952 -0.120511 0 
6.04192e-11 -7.8261e-10 0 
0.0265952 -0.120511 0 
0.00868503 -0.109336 0 
0.0188867 -0.108388 0 
0.0248956 -0.145019 0 
0.0188867 -0.108388 0 
0.0187583 -0.0787484 0 
0.0188867 -0.108388 0 
0.00863743 -0.068264 0 
0.0188867 -0.108388 0 
0.00863743 -0.068264 0 
0.0188867 -0.108388 0 
0.00868503 -0.109336 0 
0.0188867 -0.108388 0 
0.0367073 -0.171996 0 
0.0324457 -0.13248 0 
0.0434332 -0.177866 0 
0.0324457 -0.13248 0 
0.0248956 -0.145019 0 
0.0324457 -0.13248 0 
0.0367073 -0.171996 0 
0.0324457 -0.13248 0 
0.0279127 -0.0984679 0 
0.0324457 -0.13248 0 
0.0187583 -0.0787484 0 
0.0324457 -0.13248 0 
0.0187583 -0.0787484 0 
0.0324457 -0.13248 0 
0.0188867 -0.108388 0 
0.0324457 -0.13248 0 
0.0188867 -0.108388 0 
0.0324457 -0.13248 0 
0.0248956 -0.145019 0 
0.0324457 -0.13248 0 
0.0266311 -0.175655 0 
0.0198899 -0.17343 0 
0.014392 -0.166865 0 
0.0198899 -0.17343 0 
0.014392 -0.166865 0 
0.0198899 -0.17343 0 
0.00837255 -0.168746 0 
0.0198899 -0.17343 0 
0.00837255 -0.168746 0 
0.0198899 -0.17343 0 
0.0167933 -0.177493 0 
0.0198899 -0.17343 0 
0.0266311 -0.175655 0 
0.0273242 -0.187557 0 
0.0198899 -0.17343 0 
0.0273242 -0.187557 0 
0.0198899 -0.17343 0 
0.0273242 -0.187557 0 
0.0167933 -0.177493 0 
0.0273242 -0.187557 0 
0.014392 -0.166865 0 
0.0151263 -0.159259 0 
0.0266311 -0.175655 0 
0.0151263 -0.159259 0 
0.00676802 -0.160093 0 
0.0151263 -0.159259 0 
0.014392 -0.166865 0 
0.0151263 -0.159259 0 
0.0121684 -0.146556 0 
0.0151263 -0.159259 0 
1.59445e-10 -0.153739 0 
0.0151263 -0.159259 0 
1.59445e-10 -0.153739 0 
0.0151263 -0.159259 0 
0.00676802 -0.160093 0 
0.0151263 -0.159259 0 
0.0434332 -0.177866 0 
0.0438972 -0.198615 0 
0.0367073 -0.171996 0 
0.0438972 -0.198615 0 
0.0367073 -0.171996 0 
0.0282428 -0.164312 0 
0.0248956 -0.145019 0 
0.0282428 -0.164312 0 
0.0151263 -0.159259 0 
0.0282428 -0.164312 0 
0.0266311 -0.175655 0 
0.0282428 -0.164312 0 
0.0121684 -0.146556 0 
0.0282428 -0.164312 0 
0.0151263 -0.159259 0 
0.0282428 -0.164312 0 
0.0248956 -0.145019 0 
0.0282428 -0.164312 0 
0.0121684 -0.146556 0 
0.0282428 -0.164312 0 
0.0438972 -0.198615 0 
0.0343155 -0.180689 0 
0.0367073 -0.171996 0 
0.0343155 -0.180689 0 
0.0367073 -0.171996 0 
0.0343155 -0.180689 0 
0.0282428 -0.164312 0 
0.0343155 -0.180689 0 
0.0282428 -0.164312 0 
0.0343155 -0.180689 0 
0.0266311 -0.175655 0 
0.0343155 -0.180689 0 
0.0266311 -0.175655 0 
0.0343155 -0.180689 0 
0.0273242 -0.187557 0 
0.0343155 -0.180689 0 
0.0273242 -0.187557 0 
0.0343155 -0.180689 0 
0.0370185 -0.197739 0 
0.0343155 -0.180689 0 
0.0174669 -0.393966 0 
0.022594 -0.388353 0 
0.0127722 -0.408624 0 
0.022594 -0.388353 0 
0.0127722 -0.408624 0 
0.022594 -0.388353 0 
0.0164182 -0.405801 0 
0.022594 -0.388353 0 
0.0174669 -0.393966 0 
0.0251628 -0.37616 0 
0.022594 -0.388353 0 
0.0251628 -0.37616 0 
0.0182557 -0.384003 0 
0.0251628 -0.37616 0 
0.0174669 -0.393966 0 
0.0251628 -0.37616 0 
0.0197743 -0.363746 0 
0.020457 -0.37307 0 
0.0147306 -0.378169 0 
0.020457 -0.37307 0 
0.0147306 -0.378169 0 
0.020457 -0.37307 0 
0.0182557 -0.384003 0 
0.020457 -0.37307 0 
0.0182557 -0.384003 0 
0.020457 -0.37307 0 
0.0251628 -0.37616 0 
0.020457 -0.37307 0 
0.0251628 -0.37616 0 
0.020457 -0.37307 0 
0.0313643 -0.354768 0 
0.020457 -0.37307 0 
0.0164182 -0.405801 0 
0.0232456 -0.371642 0 
0.0161834 -0.389125 0 
0.0232456 -0.371642 0 
0.022594 -0.388353 0 
0.0232456 -0.371642 0 
0.0164182 -0.405801 0 
0.0232456 -0.371642 0 
0.0153832 -0.312074 0 
0.0244708 -0.280912 0 
0.0169381 -0.201727 0 
0.0244708 -0.280912 0 
-1.73465e-10 -0.258477 0 
0.00830639 -0.275519 0 
0.00791023 -0.210263 0 
0.00830639 -0.275519 0 
0.00791023 -0.210263 0 
0.00830639 -0.275519 0 
0.0169381 -0.201727 0 
0.00830639 -0.275519 0 
0.0169381 -0.201727 0 
0.00830639 -0.275519 0 
0.0153832 -0.312074 0 
0.00830639 -0.275519 0 
-1.45394e-10 -0.30677 0 
0.00830639 -0.275519 0 
-1.73465e-10 -0.258477 0 
0.00830639 -0.275519 0 
4.3687e-11 -8.41519e-10 0 
0.0130799 -0.069492 0 
4.87845e-11 -8.25812e-10 0 
0.0130799 -0.069492 0 
3.31399e-11 -8.52459e-10 0 
0.0130799 -0.069492 0 
4.3687e-11 -8.41519e-10 0 
0.0130799 -0.069492 0 
0.0209614 -0.13475 0 
0.0130799 -0.069492 0 
3.314e-11 -8.52458e-10 0 
0.0130799 -0.069492 0 
4.87845e-11 -8.25812e-10 0 
0.0130799 -0.069492 0 
0.0265952 -0.120511 0 
0.0130799 -0.069492 0 
-1.16717e-10 -0.348117 0 
0.0085467 -0.328646 0 
-1.45394e-10 -0.30677 0 
0.0085467 -0.328646 0 
-1.45394e-10 -0.30677 0 
0.0085467 -0.328646 0 
0.00830639 -0.275519 0 
0.0085467 -0.328646 0 
0.00830639 -0.275519 0 
0.0085467 -0.328646 0 
0.0153832 -0.312074 0 
0.0085467 -0.328646 0 
0.0153832 -0.312074 0 
0.0085467 -0.328646 0 
0.0104315 -0.381497 0 
0.0085467 -0.328646 0 
0.0104315 -0.381497 0 
0.0085467 -0.328646 0 
-1.16717e-10 -0.348117 0 
0.0085467 -0.328646 0 
0.0285145 -0.103595 0 
0.0386399 -0.145553 0 
0.0279127 -0.0984679 0 
0.0386399 -0.145553 0 
0.0265952 -0.120511 0 
0.0314493 -0.181962 0 
0.0404492 -0.226536 0 
0.0314493 -0.181962 0 
0.0209614 -0.13475 0 
0.0314493 -0.181962 0 
0.0130799 -0.069492 0 
0.0314493 -0.181962 0 
0.0130799 -0.069492 0 
0.0314493 -0.181962 0 
0.0265952 -0.120511 0 
0.0314493 -0.181962 0 
0.0265952 -0.120511 0 
0.0374463 -0.16217 0 
0.0285145 -0.103595 0 
0.0374463 -0.16217 0 
0.0404492 -0.226536 0 
0.0374463 -0.16217 0 
0.0265952 -0.120511 0 
0.0374463 -0.16217 0 
0.0455799 -0.198478 0 
0.0374463 -0.16217 0 
0.0404492 -0.226536 0 
0.0374463 -0.16217 0 
0.0285145 -0.103595 0 
0.0374463 -0.16217 0 
0.0386399 -0.145553 0 
0.0374463 -0.16217 0 
0.0386399 -0.145553 0 
0.0374463 -0.16217 0 
0.0455799 -0.198478 0 
0.0374463 -0.16217 0 
0.0386399 -0.145553 0 
0.0374985 -0.142422 0 
0.0279127 -0.0984679 0 
0.0374985 -0.142422 0 
0.0279127 -0.0984679 0 
0.0374985 -0.142422 0 
0.0324457 -0.13248 0 
0.0374985 -0.142422 0 
0.0324457 -0.13248 0 
0.0374985 -0.142422 0 
0.0434332 -0.177866 0 
0.0374985 -0.142422 0 
0.0370185 -0.197739 0 
0.0324489 -0.199452 0 
0.0273242 -0.187557 0 
0.0324489 -0.199452 0 
0.0313643 -0.354768 0 
0.0289046 -0.349959 0 
0.0361997 -0.3238 0 
0.0289046 -0.349959 0 
0.0361997 -0.3238 0 
0.0289046 -0.349959 0 
0.0294041 -0.326146 0 
0.0289046 -0.349959 0 
0.0197743 -0.363746 0 
0.0289046 -0.349959 0 
0.020457 -0.37307 0 
0.0289046 -0.349959 0 
0.020457 -0.37307 0 
0.0289046 -0.349959 0 
0.0313643 -0.354768 0 
0.0289046 -0.349959 0 
0.0232456 -0.371642 0 
0.0204709 -0.347879 0 
0.0161834 -0.389125 0 
0.0204709 -0.347879 0 
0.0153832 -0.312074 0 
0.0204709 -0.347879 0 
0.0244708 -0.280912 0 
0.0204709 -0.347879 0 
0.0161834 -0.389125 0 
0.0204709 -0.347879 0 
0.0104315 -0.381497 0 
0.0204709 -0.347879 0 
0.0104315 -0.381497 0 
0.0204709 -0.347879 0 
0.0153832 -0.312074 0 
0.0204709 -0.347879 0 
0.0244708 -0.280912 0 
0.0204709 -0.347879 0 
0.0308612 -0.325474 0 
0.0204709 -0.347879 0 
0.0308612 -0.325474 0 
0.0204709 -0.347879 0 
0.0232456 -0.371642 0 
0.0204709 -0.347879 0 
0.022594 -0.388353 0 
0.0285495 -0.360629 0 
0.0232456 -0.371642 0 
0.0285495 -0.360629 0 
0.0232456 -0.371642 0 
0.0285495 -0.360629 0 
0.0308612 -0.325474 0 
0.0285495 -0.360629 0 
0.0314493 -0.181962 0 
0.0368537 -0.275847 0 
0.0404492 -0.226536 0 
0.0368537 -0.275847 0 
0.0308612 -0.325474 0 
0.0368537 -0.275847 0 
0.0244708 -0.280912 0 
0.0368537 -0.275847 0 
0.0404492 -0.226536 0 
0.0368537 -0.275847 0 
0.0405094 -0.306861 0 
0.0368537 -0.275847 0 
0.0361997 -0.3238 0 
0.0413714 -0.316295 0 
0.0313643 -0.354768 0 
0.0413714 -0.316295 0 
0.0405094 -0.306861 0 
0.0466724 -0.257366 0 
0.0404492 -0.226536 0 
0.0466724 -0.257366 0 
0.0404492 -0.226536 0 
0.0466724 -0.257366 0 
0.0455799 -0.198478 0 
0.0466724 -0.257366 0 
0.0209614 -0.13475 0 
0.02567 -0.214071 0 
0.0314493 -0.181962 0 
0.02567 -0.214071 0 
0.0314493 -0.181962 0 
0.02567 -0.214071 0 
0.0368537 -0.275847 0 
0.02567 -0.214071 0 
0.0368537 -0.275847 0 
0.02567 -0.214071 0 
0.0244708 -0.280912 0 
0.02567 -0.214071 0 
0.0244708 -0.280912 0 
0.02567 -0.214071 0 
0.0169381 -0.201727 0 
0.02567 -0.214071 0 
0.0169381 -0.201727 0 
0.02567 -0.214071 0 
0.0209614 -0.13475 0 
0.02567 -0.214071 0 
0.0455799 -0.198478 0 
0.0453333 -0.184865 0 
0.0386399 -0.145553 0 
0.0453333 -0.184865 0 
0.0386399 -0.145553 0 
0.0453333 -0.184865 0 
0.0374985 -0.142422 0 
0.0453333 -0.184865 0 
0.0374985 -0.142422 0 
0.0453333 -0.184865 0 
0.0434332 -0.177866 0 
0.0453333 -0.184865 0 
0.0434332 -0.177866 0 
0.0453333 -0.184865 0 
0.0489404 -0.22419 0 
0.0453333 -0.184865 0 
0.0489404 -0.22419 0 
0.0453333 -0.184865 0 
0.0455799 -0.198478 0 
0.0453333 -0.184865 0 
0.0273242 -0.187557 0 
0.0224701 -0.190653 0 
0.0167933 -0.177493 0 
0.0224701 -0.190653 0 
0.0272007 -0.204251 0 
0.0224701 -0.190653 0 
0.0324489 -0.199452 0 
0.0224701 -0.190653 0 
0.0324489 -0.199452 0 
0.0224701 -0.190653 0 
0.0273242 -0.187557 0 
0.0224701 -0.190653 0 
0.0402375 -0.286728 0 
0.0327403 -0.276602 0 
0.0365232 -0.25122 0 
0.0327403 -0.276602 0 
0.0361997 -0.3238 0 
0.0345125 -0.304888 0 
0.0402375 -0.286728 0 
0.0345125 -0.304888 0 
0.0294041 -0.326146 0 
0.0345125 -0.304888 0 
0.0361997 -0.3238 0 
0.0345125 -0.304888 0 
0.0402375 -0.286728 0 
0.0345125 -0.304888 0 
0.0327403 -0.276602 0 
0.0345125 -0.304888 0 
0.0489404 -0.22419 0 
0.047351 -0.220761 0 
0.0434332 -0.177866 0 
0.047351 -0.220761 0 
0.0434332 -0.177866 0 
0.047351 -0.220761 0 
0.0438972 -0.198615 0 
0.047351 -0.220761 0 
0.047351 -0.220761 0 
0.0453391 -0.255726 0 
0.0437808 -0.226331 0 
0.0453391 -0.255726 0 
0.0365232 -0.25122 0 
0.0453391 -0.255726 0 
0.0402375 -0.286728 0 
0.0453391 -0.255726 0 
0.0370185 -0.197739 0 
0.0386555 -0.213794 0 
0.0324489 -0.199452 0 
0.0386555 -0.213794 0 
0.0285495 -0.360629 0 
0.0348115 -0.3301 0 
0.0308612 -0.325474 0 
0.0348115 -0.3301 0 
0.0308612 -0.325474 0 
0.0348115 -0.3301 0 
0.0368537 -0.275847 0 
0.0348115 -0.3301 0 
0.0368537 -0.275847 0 
0.0348115 -0.3301 0 
0.0405094 -0.306861 0 
0.0348115 -0.3301 0 
0.0285495 -0.360629 0 
0.0294552 -0.365328 0 
0.0348115 -0.3301 0 
0.0294552 -0.365328 0 
0.0313643 -0.354768 0 
0.0294552 -0.365328 0 
0.0251628 -0.37616 0 
0.0294552 -0.365328 0 
0.022594 -0.388353 0 
0.0294552 -0.365328 0 
0.0285495 -0.360629 0 
0.0294552 -0.365328 0 
0.0251628 -0.37616 0 
0.0294552 -0.365328 0 
0.022594 -0.388353 0 
0.0294552 -0.365328 0 
0.0361997 -0.3238 0 
0.0443557 -0.294847 0 
0.0413714 -0.316295 0 
0.0443557 -0.294847 0 
0.0402375 -0.286728 0 
0.0443557 -0.294847 0 
0.0361997 -0.3238 0 
0.0443557 -0.294847 0 
0.0386555 -0.213794 0 
0.0336257 -0.217586 0 
0.0324489 -0.199452 0 
0.0336257 -0.217586 0 
0.0324489 -0.199452 0 
0.0336257 -0.217586 0 
0.0272007 -0.204251 0 
0.0336257 -0.217586 0 
0.0370185 -0.197739 0 
0.0423273 -0.207849 0 
0.0386555 -0.213794 0 
0.0423273 -0.207849 0 
0.0386555 -0.213794 0 
0.0423273 -0.207849 0 
0.0437808 -0.226331 0 
0.0423273 -0.207849 0 
0.0437808 -0.226331 0 
0.0423273 -0.207849 0 
0.047351 -0.220761 0 
0.0423273 -0.207849 0 
0.047351 -0.220761 0 
0.0423273 -0.207849 0 
0.0438972 -0.198615 0 
0.0423273 -0.207849 0 
0.0438972 -0.198615 0 
0.0423273 -0.207849 0 
0.0343155 -0.180689 0 
0.0423273 -0.207849 0 
0.0343155 -0.180689 0 
0.0423273 -0.207849 0 
0.0370185 -0.197739 0 
0.0423273 -0.207849 0 
0.0405094 -0.306861 0 
0.0362283 -0.339039 0 
0.0413714 -0.316295 0 
0.0362283 -0.339039 0 
0.0313643 -0.354768 0 
0.0362283 -0.339039 0 
0.0294552 -0.365328 0 
0.0362283 -0.339039 0 
0.0413714 -0.316295 0 
0.0362283 -0.339039 0 
0.0313643 -0.354768 0 
0.0362283 -0.339039 0 
0.0294552 -0.365328 0 
0.0362283 -0.339039 0 
0.0348115 -0.3301 0 
0.0362283 -0.339039 0 
0.0348115 -0.3301 0 
0.0362283 -0.339039 0 
0.0405094 -0.306861 0 
0.0362283 -0.339039 0 
0.0402375 -0.286728 0 
0.0455595 -0.275957 0 
0.0443557 -0.294847 0 
0.0455595 -0.275957 0 
0.0453391 -0.255726 0 
0.0455595 -0.275957 0 
0.0402375 -0.286728 0 
0.0455595 -0.275957 0 
0.0443557 -0.294847 0 
0.046217 -0.284274 0 
0.0413714 -0.316295 0 
0.046217 -0.284274 0 
0.0405094 -0.306861 0 
0.046217 -0.284274 0 
0.0466724 -0.257366 0 
0.046217 -0.284274 0 
0.0413714 -0.316295 0 
0.046217 -0.284274 0 
0.0405094 -0.306861 0 
0.046217 -0.284274 0 
0.0386555 -0.213794 0 
0.0364773 -0.233715 0 
0.0336257 -0.217586 0 
0.0364773 -0.233715 0 
0.0437808 -0.226331 0 
0.0364773 -0.233715 0 
0.0386555 -0.213794 0 
0.0364773 -0.233715 0 
0.0453391 -0.255726 0 
0.0486573 -0.250553 0 
0.0455595 -0.275957 0 
0.0486573 -0.250553 0 
0.047351 -0.220761 0 
0.0486573 -0.250553 0 
0.0453391 -0.255726 0 
0.0486573 -0.250553 0 
0.0489404 -0.22419 0 
0.0486573 -0.250553 0 
0.047351 -0.220761 0 
0.0486573 -0.250553 0 
0.0455595 -0.275957 0 
0.0486573 -0.250553 0 
0.0443557 -0.294847 0 
0.0486573 -0.250553 0 
0.0437808 -0.226331 0 
0.0422828 -0.243377 0 
0.0364773 -0.233715 0 
0.0422828 -0.243377 0 
0.0453391 -0.255726 0 
0.0422828 -0.243377 0 
0.0437808 -0.226331 0 
0.0422828 -0.243377 0 
0.0364773 -0.233715 0 
0.0422828 -0.243377 0 
0.0365232 -0.25122 0 
0.0422828 -0.243377 0 
0.0365232 -0.25122 0 
0.0422828 -0.243377 0 
0.0453391 -0.255726 0 
0.0422828 -0.243377 0 
0.0489404 -0.22419 0 
0.0487648 -0.252287 0 
0.0486573 -0.250553 0 
0.0487648 -0.252287 0 
0.046217 -0.284274 0 
0.0487648 -0.252287 0 
0.0466724 -0.257366 0 
0.0487648 -0.252287 0 
0.0466724 -0.257366 0 
0.0487648 -0.252287 0 
0.0455799 -0.198478 0 
0.0487648 -0.252287 0 
0.0455799 -0.198478 0 
0.0487648 -0.252287 0 
0.0489404 -0.22419 0 
0.0487648 -0.252287 0 
0.0486573 -0.250553 0 
0.0487648 -0.252287 0 
0.0443557 -0.294847 0 
0.0487648 -0.252287 0 
0.0443557 -0.294847 0 
0.0487648 -0.252287 0 
0.046217 -0.284274 0 
0.0487648 -0.252287 0 
0.00498824 -0.172695 0 
0.00772043 -0.174995 0 
0.00738023 -0.174987 0 
0.00772043 -0.174995 0 
0.00772043 -0.174995 0 
0.0106375 -0.177448 0 
0.0096375 -0.178983 0 
0.0106375 -0.177448 0 
0.0096375 -0.178983 0 
0.00738023 -0.174987 0 
0.00772043 -0.174995 0 
0.00738023 -0.174987 0 
0.0209897 -0.35543 0 
0.0197743 -0.363746 0 
0.0181989 -0.364233 0 
0.0197743 -0.363746 0 
9.61768 -1.33246 0 
9.92299 -1.83757 0 
9.3339 -1.83095 0 
9.92299 -1.83757 0 
9.3339 -1.83095 0 
9.63237 -2.32356 0 
9.05568 -2.31677 0 
9.63237 -2.32356 0 
9.63237 -2.32356 0 
9.3339 -1.83095 0 
9.92299 -1.83757 0 
9.3339 -1.83095 0 
8.78473 -2.78998 0 
8.97606 -3.05295 0 
8.65091 -3.0191 0 
8.97606 -3.05295 0 
8.65091 -3.0191 0 
8.83181 -3.27292 0 
8.48161 -3.24763 0 
8.83181 -3.27292 0 
9.05568 -2.31677 0 
9.11499 -2.82515 0 
8.91894 -2.55569 0 
9.11499 -2.82515 0 
8.91894 -2.55569 0 
8.97606 -3.05295 0 
8.78473 -2.78998 0 
8.97606 -3.05295 0 
8.97606 -3.05295 0 
8.91894 -2.55569 0 
9.11499 -2.82515 0 
8.91894 -2.55569 0 
0.0167933 -0.177493 0 
0.0159842 -0.182585 0 
0.0137104 -0.177573 0 
0.0159842 -0.182585 0 
0.0137104 -0.177573 0 
0.0125056 -0.181974 0 
0.0106375 -0.177448 0 
0.0125056 -0.181974 0 
0.0159842 -0.182585 0 
0.0158949 -0.185309 0 
0.0125056 -0.181974 0 
0.0158949 -0.185309 0 
0.0125056 -0.181974 0 
0.0137104 -0.177573 0 
0.0159842 -0.182585 0 
0.0137104 -0.177573 0 
0.0106375 -0.177448 0 
0.0125056 -0.181974 0 
0.0096375 -0.178983 0 
0.0125056 -0.181974 0 
0.0290119 -0.315082 0 
0.0294041 -0.326146 0 
0.0303355 -0.325038 0 
0.0294041 -0.326146 0 
0.0303355 -0.325038 0 
0.0294041 -0.326146 0 
0.0256512 -0.336219 0 
0.0294041 -0.326146 0 
12.3712 4.85237 0 
13.0458 3.09009 0 
11.7264 3.27315 0 
13.0458 3.09009 0 
10.8794 1.1092 0 
11.2373 0.33068 0 
10.5268 0.367748 0 
11.2373 0.33068 0 
10.5268 0.367748 0 
10.8662 -0.278941 0 
10.2037 -0.257468 0 
10.8662 -0.278941 0 
10.8662 -0.278941 0 
10.5268 0.367748 0 
11.2373 0.33068 0 
10.5268 0.367748 0 
9.61768 -1.33246 0 
10.0475 -1.42084 0 
9.92299 -1.83757 0 
10.0475 -1.42084 0 
10.2037 -0.257468 0 
10.3495 -0.910677 0 
9.90707 -0.813939 0 
10.3495 -0.910677 0 
9.90707 -0.813939 0 
10.0475 -1.42084 0 
9.61768 -1.33246 0 
10.0475 -1.42084 0 
10.0475 -1.42084 0 
9.90707 -0.813939 0 
10.3495 -0.910677 0 
9.90707 -0.813939 0 
0.011752 -0.381499 0 
0.0134161 -0.376462 0 
0.0147306 -0.378169 0 
0.0134161 -0.376462 0 
0.0134161 -0.376462 0 
0.011752 -0.381499 0 
0.0173873 -0.382292 0 
0.011752 -0.381499 0 
0.0147306 -0.378169 0 
0.0134161 -0.376462 0 
0.0172261 -0.371388 0 
0.0134161 -0.376462 0 
0.0172261 -0.371388 0 
0.0162571 -0.369446 0 
0.0197743 -0.363746 0 
0.0162571 -0.369446 0 
0.0162571 -0.369446 0 
0.0172261 -0.371388 0 
0.0134161 -0.376462 0 
0.0172261 -0.371388 0 
0.0197743 -0.363746 0 
0.0162571 -0.369446 0 
0.0181989 -0.364233 0 
0.0162571 -0.369446 0 
0.0167933 -0.177493 0 
0.0195509 -0.18324 0 
0.0159842 -0.182585 0 
0.0195509 -0.18324 0 
0.0159842 -0.182585 0 
0.0183407 -0.190038 0 
0.0158949 -0.185309 0 
0.0183407 -0.190038 0 
0.0195509 -0.18324 0 
0.0224701 -0.190653 0 
0.0183407 -0.190038 0 
0.0224701 -0.190653 0 
0.0183407 -0.190038 0 
0.0159842 -0.182585 0 
0.0195509 -0.18324 0 
0.0159842 -0.182585 0 
0.0183407 -0.190038 0 
0.0224701 -0.190653 0 
0.0205598 -0.196816 0 
0.0224701 -0.190653 0 
0.0232385 -0.204025 0 
0.0248304 -0.197036 0 
0.0272007 -0.204251 0 
0.0248304 -0.197036 0 
0.0205598 -0.196816 0 
0.0224701 -0.190653 0 
0.0248304 -0.197036 0 
0.0224701 -0.190653 0 
0.0248304 -0.197036 0 
0.0232385 -0.204025 0 
0.0205598 -0.196816 0 
0.0232385 -0.204025 0 
0.0290119 -0.315082 0 
0.0320317 -0.315523 0 
0.0294041 -0.326146 0 
0.0320317 -0.315523 0 
0.0309201 -0.304265 0 
0.0345125 -0.304888 0 
0.0320317 -0.315523 0 
0.0345125 -0.304888 0 
0.0320317 -0.315523 0 
0.0290119 -0.315082 0 
0.0309201 -0.304265 0 
0.0290119 -0.315082 0 
0.0327403 -0.276602 0 
0.0339266 -0.291035 0 
0.0340947 -0.288936 0 
0.0339266 -0.291035 0 
0.0339266 -0.291035 0 
0.0345125 -0.304888 0 
0.0309201 -0.304265 0 
0.0345125 -0.304888 0 
0.0309201 -0.304265 0 
0.0340947 -0.288936 0 
0.0339266 -0.291035 0 
0.0340947 -0.288936 0 
0.0280456 -0.215029 0 
0.0256081 -0.209763 0 
0.0272007 -0.204251 0 
0.0256081 -0.209763 0 
10.8794 1.1092 0 
11.3284 0.988027 0 
11.2373 0.33068 0 
11.3284 0.988027 0 
11.3284 0.988027 0 
11.8512 0.939764 0 
11.6569 0.294242 0 
11.8512 0.939764 0 
11.6569 0.294242 0 
11.2373 0.33068 0 
11.3284 0.988027 0 
11.2373 0.33068 0 
11.2548 2.03875 0 
11.5579 1.39042 0 
11.0624 1.54642 0 
11.5579 1.39042 0 
11.0624 1.54642 0 
11.3284 0.988027 0 
10.8794 1.1092 0 
11.3284 0.988027 0 
11.5579 1.39042 0 
11.8512 0.939764 0 
11.3284 0.988027 0 
11.8512 0.939764 0 
11.3284 0.988027 0 
11.0624 1.54642 0 
11.5579 1.39042 0 
11.0624 1.54642 0 
10.2037 -0.257468 0 
10.521 -0.538662 0 
10.3495 -0.910677 0 
10.521 -0.538662 0 
10.521 -0.538662 0 
10.818 -0.792452 0 
10.6407 -1.15231 0 
10.818 -0.792452 0 
10.6407 -1.15231 0 
10.3495 -0.910677 0 
10.521 -0.538662 0 
10.3495 -0.910677 0 
10.8662 -0.278941 0 
10.521 -0.538662 0 
10.2037 -0.257468 0 
10.521 -0.538662 0 
11.1495 -0.53435 0 
10.818 -0.792452 0 
10.521 -0.538662 0 
10.818 -0.792452 0 
10.521 -0.538662 0 
10.8662 -0.278941 0 
11.1495 -0.53435 0 
10.8662 -0.278941 0 
0.0365232 -0.25122 0 
0.0331171 -0.257193 0 
0.0326621 -0.248816 0 
0.0331171 -0.257193 0 
0.0327403 -0.276602 0 
0.043103 -0.268365 0 
0.0346487 -0.263671 0 
0.043103 -0.268365 0 
0.0346487 -0.263671 0 
0.0331171 -0.257193 0 
0.0365232 -0.25122 0 
0.0331171 -0.257193 0 
0.0272007 -0.204251 0 
0.0305157 -0.210898 0 
0.0280456 -0.215029 0 
0.0305157 -0.210898 0 
0.0280456 -0.215029 0 
0.0313498 -0.222364 0 
0.0296036 -0.226711 0 
0.0313498 -0.222364 0 
0.0305157 -0.210898 0 
0.0336257 -0.217586 0 
0.0313498 -0.222364 0 
0.0336257 -0.217586 0 
0.0313498 -0.222364 0 
0.0280456 -0.215029 0 
0.0305157 -0.210898 0 
0.0280456 -0.215029 0 
13.0458 3.09009 0 
12.2901 2.51933 0 
11.7264 3.27315 0 
12.2901 2.51933 0 
11.2548 2.03875 0 
11.9679 1.9625 0 
11.5579 1.39042 0 
11.9679 1.9625 0 
11.5579 1.39042 0 
12.252 1.44643 0 
11.8512 0.939764 0 
12.252 1.44643 0 
12.252 1.44643 0 
11.5579 1.39042 0 
11.9679 1.9625 0 
11.5579 1.39042 0 
11.7264 3.27315 0 
12.2901 2.51933 0 
11.4755 2.61273 0 
12.2901 2.51933 0 
11.4755 2.61273 0 
11.9679 1.9625 0 
11.2548 2.03875 0 
11.9679 1.9625 0 
11.9679 1.9625 0 
11.4755 2.61273 0 
12.2901 2.51933 0 
11.4755 2.61273 0 
0.0336257 -0.217586 0 
0.0351266 -0.225454 0 
0.0313498 -0.222364 0 
0.0351266 -0.225454 0 
0.0313498 -0.222364 0 
0.0328042 -0.230777 0 
0.0296036 -0.226711 0 
0.0328042 -0.230777 0 
0.0351266 -0.225454 0 
0.0364773 -0.233715 0 
0.0328042 -0.230777 0 
0.0364773 -0.233715 0 
0.0328042 -0.230777 0 
0.0313498 -0.222364 0 
0.0351266 -0.225454 0 
0.0313498 -0.222364 0 
0.0328042 -0.230777 0 
0.0364773 -0.233715 0 
0.0326113 -0.239755 0 
0.0364773 -0.233715 0 
0.0326621 -0.248816 0 
0.0365704 -0.242339 0 
0.0365232 -0.25122 0 
0.0365704 -0.242339 0 
0.0326113 -0.239755 0 
0.0364773 -0.233715 0 
0.0365704 -0.242339 0 
0.0364773 -0.233715 0 
0.0365704 -0.242339 0 
0.0326621 -0.248816 0 
0.0326113 -0.239755 0 
0.0326621 -0.248816 0 
0.0181986 -0.396434 0 
0.00490566 -0.388683 0 
0.00337608 -0.389675 0 
0.00490566 -0.388683 0 
0.019815 -0.39535 0 
0.00639937 -0.387482 0 
0.00490566 -0.388683 0 
0.00639937 -0.387482 0 
0.00490566 -0.388683 0 
0.0181986 -0.396434 0 
0.019815 -0.39535 0 
0.0181986 -0.396434 0 
0.0214203 -0.393856 0 
0.00787208 -0.386087 0 
0.00639937 -0.387482 0 
0.00787208 -0.386087 0 
0.0229796 -0.39268 0 
0.00929424 -0.384482 0 
0.00787208 -0.386087 0 
0.00929424 -0.384482 0 
0.00787208 -0.386087 0 
0.0214203 -0.393856 0 
0.0229796 -0.39268 0 
0.0214203 -0.393856 0 
0.00639937 -0.387482 0 
0.019815 -0.39535 0 
0.0214203 -0.393856 0 
0.019815 -0.39535 0 
0.00738023 -0.174987 0 
0.00840241 -0.177283 0 
0.0298988 -0.142669 0 
0.00840241 -0.177283 0 
0.00840241 -0.177283 0 
0.0096375 -0.178983 0 
0.0179409 -0.163328 0 
0.0096375 -0.178983 0 
0.0179409 -0.163328 0 
0.0298988 -0.142669 0 
0.00840241 -0.177283 0 
0.0298988 -0.142669 0 
0.0232605 -0.346086 0 
0.0220001 -0.350741 0 
0.0336771 -0.352914 0 
0.0220001 -0.350741 0 
0.0336771 -0.352914 0 
0.0222204 -0.355739 0 
0.07677 -0.368791 0 
0.0222204 -0.355739 0 
0.0220001 -0.350741 0 
0.0209897 -0.35543 0 
0.0222204 -0.355739 0 
0.0209897 -0.35543 0 
0.0222204 -0.355739 0 
0.0336771 -0.352914 0 
0.0220001 -0.350741 0 
0.0336771 -0.352914 0 
0.0306024 -0.362123 0 
0.0181989 -0.364233 0 
0.054887 -0.37419 0 
0.0181989 -0.364233 0 
0.0181989 -0.364233 0 
0.0306024 -0.362123 0 
0.0192694 -0.359871 0 
0.0306024 -0.362123 0 
0.0192694 -0.359871 0 
0.0222204 -0.355739 0 
0.0209897 -0.35543 0 
0.0222204 -0.355739 0 
0.0306024 -0.362123 0 
0.07677 -0.368791 0 
0.0222204 -0.355739 0 
0.07677 -0.368791 0 
0.0222204 -0.355739 0 
0.0192694 -0.359871 0 
0.0306024 -0.362123 0 
0.0192694 -0.359871 0 
0.0336771 -0.352914 0 
0.0661068 -0.353326 0 
0.0232605 -0.346086 0 
0.0661068 -0.353326 0 
9.05568 -2.31677 0 
9.34363 -2.32086 0 
9.25677 -2.59177 0 
9.34363 -2.32086 0 
9.25677 -2.59177 0 
9.53723 -2.59227 0 
9.43577 -2.85493 0 
9.53723 -2.59227 0 
9.34363 -2.32086 0 
9.63237 -2.32356 0 
9.53723 -2.59227 0 
9.63237 -2.32356 0 
9.53723 -2.59227 0 
9.25677 -2.59177 0 
9.34363 -2.32086 0 
9.25677 -2.59177 0 
9.92299 -1.83757 0 
10.0615 -2.08171 0 
9.77624 -2.08211 0 
10.0615 -2.08171 0 
9.77624 -2.08211 0 
9.90917 -2.32135 0 
9.63237 -2.32356 0 
9.90917 -2.32135 0 
9.90917 -2.32135 0 
9.77624 -2.08211 0 
10.0615 -2.08171 0 
9.77624 -2.08211 0 
0.0229796 -0.39268 0 
0.0184828 -0.38773 0 
0.00929424 -0.384482 0 
0.0184828 -0.38773 0 
8.48161 -3.24763 0 
8.48596 -3.44287 0 
8.15688 -3.5193 0 
8.48596 -3.44287 0 
8.15688 -3.5193 0 
8.11743 -3.73099 0 
7.66141 -3.82744 0 
8.11743 -3.73099 0 
8.11743 -3.73099 0 
8.15688 -3.5193 0 
8.48596 -3.44287 0 
8.15688 -3.5193 0 
6.90945 -4.17856 0 
6.86893 -4.47456 0 
6.63774 -4.55023 0 
6.86893 -4.47456 0 
0.0661068 -0.353326 0 
0.0422223 -0.343512 0 
0.0232605 -0.346086 0 
0.0422223 -0.343512 0 
8.97606 -3.05295 0 
9.04795 -3.17141 0 
8.90383 -3.1632 0 
9.04795 -3.17141 0 
9.11499 -2.82515 0 
9.12664 -3.0638 0 
9.04602 -2.93985 0 
9.12664 -3.0638 0 
9.04602 -2.93985 0 
9.04795 -3.17141 0 
8.97606 -3.05295 0 
9.04795 -3.17141 0 
9.04795 -3.17141 0 
9.04602 -2.93985 0 
9.12664 -3.0638 0 
9.04602 -2.93985 0 
9.43577 -2.85493 0 
9.28028 -2.841 0 
9.25677 -2.59177 0 
9.28028 -2.841 0 
9.25677 -2.59177 0 
9.08724 -2.57412 0 
9.05568 -2.31677 0 
9.08724 -2.57412 0 
9.28028 -2.841 0 
9.11499 -2.82515 0 
9.08724 -2.57412 0 
9.11499 -2.82515 0 
9.08724 -2.57412 0 
9.25677 -2.59177 0 
9.28028 -2.841 0 
9.25677 -2.59177 0 
8.48161 -3.24763 0 
8.67001 -3.26022 0 
8.48596 -3.44287 0 
8.67001 -3.26022 0 
8.67001 -3.26022 0 
8.83181 -3.27292 0 
8.66954 -3.43765 0 
8.83181 -3.27292 0 
8.66954 -3.43765 0 
8.48596 -3.44287 0 
8.67001 -3.26022 0 
8.48596 -3.44287 0 
0.0096375 -0.178983 0 
0.0126245 -0.177067 0 
0.0179409 -0.163328 0 
0.0126245 -0.177067 0 
0.0125056 -0.181974 0 
0.0138916 -0.183842 0 
0.0125435 -0.181782 0 
0.0138916 -0.183842 0 
0.0125435 -0.181782 0 
0.0165886 -0.17652 0 
0.0234551 -0.16081 0 
0.0165886 -0.17652 0 
0.0138916 -0.183842 0 
0.0158949 -0.185309 0 
0.0165886 -0.17652 0 
0.0158949 -0.185309 0 
0.0165886 -0.17652 0 
0.0125435 -0.181782 0 
0.0138916 -0.183842 0 
0.0125435 -0.181782 0 
0.0234551 -0.16081 0 
0.0126245 -0.177067 0 
0.0125435 -0.181782 0 
0.0126245 -0.177067 0 
0.0125435 -0.181782 0 
0.010981 -0.180552 0 
0.0125056 -0.181974 0 
0.010981 -0.180552 0 
0.0126245 -0.177067 0 
0.0096375 -0.178983 0 
0.010981 -0.180552 0 
0.0096375 -0.178983 0 
0.010981 -0.180552 0 
0.0125435 -0.181782 0 
0.0126245 -0.177067 0 
0.0125435 -0.181782 0 
0.0363408 -0.308558 0 
0.0290119 -0.315082 0 
0.0566876 -0.314964 0 
0.0290119 -0.315082 0 
0.0303355 -0.325038 0 
0.110319 -0.322456 0 
0.0287834 -0.32035 0 
0.110319 -0.322456 0 
0.0287834 -0.32035 0 
0.0566876 -0.314964 0 
0.0290119 -0.315082 0 
0.0566876 -0.314964 0 
0.0566876 -0.314964 0 
0.0287834 -0.32035 0 
0.110319 -0.322456 0 
0.0287834 -0.32035 0 
0.0422223 -0.343512 0 
0.0241362 -0.341215 0 
0.0232605 -0.346086 0 
0.0241362 -0.341215 0 
0.0291012 -0.336182 0 
0.0256512 -0.336219 0 
0.0241362 -0.341215 0 
0.0256512 -0.336219 0 
0.0241362 -0.341215 0 
0.0422223 -0.343512 0 
0.0291012 -0.336182 0 
0.0422223 -0.343512 0 
0.0256512 -0.336219 0 
0.0291012 -0.336182 0 
0.0266752 -0.330953 0 
0.0291012 -0.336182 0 
0.0266752 -0.330953 0 
0.056578 -0.333116 0 
0.0303355 -0.325038 0 
0.056578 -0.333116 0 
0.056578 -0.333116 0 
0.0266752 -0.330953 0 
0.0291012 -0.336182 0 
0.0266752 -0.330953 0 
13.662 5.67934 0 
13.9936 4.66738 0 
13.1268 4.68607 0 
13.9936 4.66738 0 
13.9936 4.66738 0 
13.8814 3.83272 0 
13.4992 3.83695 0 
13.8814 3.83272 0 
13.4992 3.83695 0 
13.442 3.1 0 
13.0458 3.09009 0 
13.442 3.1 0 
13.442 3.1 0 
13.4992 3.83695 0 
13.8814 3.83272 0 
13.4992 3.83695 0 
11.2373 0.33068 0 
11.3837 0.0198645 0 
11.0424 0.0141032 0 
11.3837 0.0198645 0 
11.0424 0.0141032 0 
11.189 -0.274806 0 
10.8662 -0.278941 0 
11.189 -0.274806 0 
11.3837 0.0198645 0 
11.482 -0.26533 0 
11.189 -0.274806 0 
11.482 -0.26533 0 
11.189 -0.274806 0 
11.0424 0.0141032 0 
11.3837 0.0198645 0 
11.0424 0.0141032 0 
10.3967 -1.71061 0 
10.4653 -1.50403 0 
10.6567 -1.53511 0 
10.4653 -1.50403 0 
9.92299 -1.83757 0 
10.1291 -1.87783 0 
10.0615 -2.08171 0 
10.1291 -1.87783 0 
10.0475 -1.42084 0 
10.2592 -1.4632 0 
10.1946 -1.67163 0 
10.2592 -1.4632 0 
10.1946 -1.67163 0 
10.3967 -1.71061 0 
10.3241 -1.91629 0 
10.3967 -1.71061 0 
10.2592 -1.4632 0 
10.4653 -1.50403 0 
10.3967 -1.71061 0 
10.4653 -1.50403 0 
10.3967 -1.71061 0 
10.1946 -1.67163 0 
10.2592 -1.4632 0 
10.1946 -1.67163 0 
10.3241 -1.91629 0 
10.1291 -1.87783 0 
10.1946 -1.67163 0 
10.1291 -1.87783 0 
10.1946 -1.67163 0 
9.98488 -1.63064 0 
10.0475 -1.42084 0 
9.98488 -1.63064 0 
10.1291 -1.87783 0 
9.92299 -1.83757 0 
9.98488 -1.63064 0 
9.92299 -1.83757 0 
9.98488 -1.63064 0 
10.1946 -1.67163 0 
10.1291 -1.87783 0 
10.1946 -1.67163 0 
10.3495 -0.910677 0 
10.4116 -1.21145 0 
10.1954 -1.16925 0 
10.4116 -1.21145 0 
10.1954 -1.16925 0 
10.2592 -1.4632 0 
10.0475 -1.42084 0 
10.2592 -1.4632 0 
10.4116 -1.21145 0 
10.4653 -1.50403 0 
10.2592 -1.4632 0 
10.4653 -1.50403 0 
10.2592 -1.4632 0 
10.1954 -1.16925 0 
10.4116 -1.21145 0 
10.1954 -1.16925 0 
0.0184828 -0.38773 0 
0.0126199 -0.383697 0 
0.00929424 -0.384482 0 
0.0126199 -0.383697 0 
0.00929424 -0.384482 0 
0.0126199 -0.383697 0 
0.010344 -0.38303 0 
0.0126199 -0.383697 0 
0.010344 -0.38303 0 
0.0122336 -0.380868 0 
0.011752 -0.381499 0 
0.0122336 -0.380868 0 
0.0126199 -0.383697 0 
0.0173873 -0.382292 0 
0.0122336 -0.380868 0 
0.0173873 -0.382292 0 
0.0122336 -0.380868 0 
0.010344 -0.38303 0 
0.0126199 -0.383697 0 
0.010344 -0.38303 0 
0.0173873 -0.382292 0 
0.0389351 -0.387231 0 
0.0141082 -0.378949 0 
0.0389351 -0.387231 0 
0.0141082 -0.378949 0 
0.0178443 -0.377045 0 
0.0134161 -0.376462 0 
0.0178443 -0.377045 0 
0.0178443 -0.377045 0 
0.0141082 -0.378949 0 
0.0389351 -0.387231 0 
0.0141082 -0.378949 0 
0.0134161 -0.376462 0 
0.0178443 -0.377045 0 
0.0147893 -0.373023 0 
0.0178443 -0.377045 0 
0.0147893 -0.373023 0 
0.0223973 -0.374091 0 
0.0162571 -0.369446 0 
0.0223973 -0.374091 0 
0.0223973 -0.374091 0 
0.0147893 -0.373023 0 
0.0178443 -0.377045 0 
0.0147893 -0.373023 0 
0.0181989 -0.364233 0 
0.0392428 -0.373712 0 
0.054887 -0.37419 0 
0.0392428 -0.373712 0 
0.0162571 -0.369446 0 
0.0223973 -0.374091 0 
0.0287517 -0.373321 0 
0.0223973 -0.374091 0 
0.0287517 -0.373321 0 
0.0172094 -0.366768 0 
0.0162571 -0.369446 0 
0.0172094 -0.366768 0 
0.0392428 -0.373712 0 
0.0181989 -0.364233 0 
0.0172094 -0.366768 0 
0.0181989 -0.364233 0 
0.0172094 -0.366768 0 
0.0287517 -0.373321 0 
0.0392428 -0.373712 0 
0.0287517 -0.373321 0 
0.0158949 -0.185309 0 
0.0168218 -0.188686 0 
0.0219122 -0.179611 0 
0.0168218 -0.188686 0 
0.0168218 -0.188686 0 
0.0183407 -0.190038 0 
0.0184099 -0.191338 0 
0.0183407 -0.190038 0 
0.0184099 -0.191338 0 
0.0219122 -0.179611 0 
0.0168218 -0.188686 0 
0.0219122 -0.179611 0 
0.021258 -0.193178 0 
0.0205598 -0.196816 0 
0.0264071 -0.19317 0 
0.0205598 -0.196816 0 
0.0205598 -0.196816 0 
0.021258 -0.193178 0 
0.0194193 -0.193333 0 
0.021258 -0.193178 0 
0.0194193 -0.193333 0 
0.0184099 -0.191338 0 
0.0183407 -0.190038 0 
0.0184099 -0.191338 0 
0.0184099 -0.191338 0 
0.0194193 -0.193333 0 
0.021258 -0.193178 0 
0.0194193 -0.193333 0 
0.0340614 -0.193365 0 
0.0218097 -0.200542 0 
0.0232385 -0.204025 0 
0.0218097 -0.200542 0 
0.0264071 -0.19317 0 
0.0205598 -0.196816 0 
0.0218097 -0.200542 0 
0.0205598 -0.196816 0 
0.0218097 -0.200542 0 
0.0340614 -0.193365 0 
0.0264071 -0.19317 0 
0.0340614 -0.193365 0 
0.0627336 -0.279086 0 
0.0323583 -0.283005 0 
0.0340947 -0.288936 0 
0.0323583 -0.283005 0 
0.0393867 -0.275871 0 
0.0327403 -0.276602 0 
0.0323583 -0.283005 0 
0.0327403 -0.276602 0 
0.0323583 -0.283005 0 
0.0627336 -0.279086 0 
0.0393867 -0.275871 0 
0.0627336 -0.279086 0 
0.121762 -0.298549 0 
0.0329963 -0.303647 0 
0.0363408 -0.308558 0 
0.0329963 -0.303647 0 
0.0363408 -0.308558 0 
0.0298772 -0.309593 0 
0.0290119 -0.315082 0 
0.0298772 -0.309593 0 
0.0329963 -0.303647 0 
0.0309201 -0.304265 0 
0.0298772 -0.309593 0 
0.0309201 -0.304265 0 
0.0298772 -0.309593 0 
0.0363408 -0.308558 0 
0.0329963 -0.303647 0 
0.0363408 -0.308558 0 
0.0340947 -0.288936 0 
0.031597 -0.296842 0 
0.0476411 -0.295245 0 
0.031597 -0.296842 0 
0.0476411 -0.295245 0 
0.0329963 -0.303647 0 
0.121762 -0.298549 0 
0.0329963 -0.303647 0 
0.031597 -0.296842 0 
0.0309201 -0.304265 0 
0.0329963 -0.303647 0 
0.0309201 -0.304265 0 
0.0329963 -0.303647 0 
0.0476411 -0.295245 0 
0.031597 -0.296842 0 
0.0476411 -0.295245 0 
0.0296036 -0.226711 0 
0.0346643 -0.221201 0 
0.0284807 -0.220933 0 
0.0346643 -0.221201 0 
0.0284807 -0.220933 0 
0.0283735 -0.217815 0 
0.0280456 -0.215029 0 
0.0283735 -0.217815 0 
0.0283735 -0.217815 0 
0.0284807 -0.220933 0 
0.0346643 -0.221201 0 
0.0284807 -0.220933 0 
0.0256081 -0.209763 0 
0.0264523 -0.212931 0 
0.0361994 -0.208749 0 
0.0264523 -0.212931 0 
0.0264523 -0.212931 0 
0.0280456 -0.215029 0 
0.0283735 -0.217815 0 
0.0280456 -0.215029 0 
0.0283735 -0.217815 0 
0.0361994 -0.208749 0 
0.0264523 -0.212931 0 
0.0361994 -0.208749 0 
0.0232385 -0.204025 0 
0.0467931 -0.183309 0 
0.0340614 -0.193365 0 
0.0467931 -0.183309 0 
0.0467931 -0.183309 0 
0.0232385 -0.204025 0 
0.0242295 -0.207112 0 
0.0232385 -0.204025 0 
11.2373 0.33068 0 
11.4564 0.308945 0 
11.3837 0.0198645 0 
11.4564 0.308945 0 
11.3837 0.0198645 0 
11.5648 0.00717519 0 
11.482 -0.26533 0 
11.5648 0.00717519 0 
11.4564 0.308945 0 
11.6569 0.294242 0 
11.5648 0.00717519 0 
11.6569 0.294242 0 
11.5648 0.00717519 0 
11.3837 0.0198645 0 
11.4564 0.308945 0 
11.3837 0.0198645 0 
11.482 -0.26533 0 
11.5648 0.00717519 0 
11.7295 -0.00662241 0 
11.5648 0.00717519 0 
11.5648 0.00717519 0 
11.6569 0.294242 0 
11.8267 0.282328 0 
11.6569 0.294242 0 
11.8267 0.282328 0 
11.7295 -0.00662241 0 
11.5648 0.00717519 0 
11.7295 -0.00662241 0 
11.6569 0.294242 0 
11.7502 0.598506 0 
11.9437 0.588204 0 
11.7502 0.598506 0 
11.9437 0.588204 0 
12.063 0.921325 0 
12.2407 0.908311 0 
12.063 0.921325 0 
11.7502 0.598506 0 
11.8512 0.939764 0 
12.063 0.921325 0 
11.8512 0.939764 0 
12.063 0.921325 0 
11.9437 0.588204 0 
11.7502 0.598506 0 
11.9437 0.588204 0 
12.2407 0.908311 0 
12.0963 0.578271 0 
11.9437 0.588204 0 
12.0963 0.578271 0 
11.9437 0.588204 0 
11.8267 0.282328 0 
11.6569 0.294242 0 
11.8267 0.282328 0 
11.8267 0.282328 0 
11.9437 0.588204 0 
12.0963 0.578271 0 
11.9437 0.588204 0 
10.3495 -0.910677 0 
10.4991 -1.03342 0 
10.4116 -1.21145 0 
10.4991 -1.03342 0 
10.4116 -1.21145 0 
10.5508 -1.3297 0 
10.4653 -1.50403 0 
10.5508 -1.3297 0 
10.4991 -1.03342 0 
10.6407 -1.15231 0 
10.5508 -1.3297 0 
10.6407 -1.15231 0 
10.5508 -1.3297 0 
10.4116 -1.21145 0 
10.4991 -1.03342 0 
10.4116 -1.21145 0 
11.482 -0.26533 0 
11.3145 -0.402486 0 
11.189 -0.274806 0 
11.3145 -0.402486 0 
11.189 -0.274806 0 
11.015 -0.408744 0 
10.8662 -0.278941 0 
11.015 -0.408744 0 
11.3145 -0.402486 0 
11.1495 -0.53435 0 
11.015 -0.408744 0 
11.1495 -0.53435 0 
11.015 -0.408744 0 
11.189 -0.274806 0 
11.3145 -0.402486 0 
11.189 -0.274806 0 
10.5508 -1.3297 0 
10.6407 -1.15231 0 
10.7504 -1.36191 0 
10.6407 -1.15231 0 
10.6407 -1.15231 0 
10.7264 -0.975855 0 
10.8433 -1.18347 0 
10.7264 -0.975855 0 
10.7264 -0.975855 0 
10.818 -0.792452 0 
10.9322 -1.00682 0 
10.818 -0.792452 0 
10.9322 -1.00682 0 
10.8433 -1.18347 0 
10.7264 -0.975855 0 
10.8433 -1.18347 0 
10.8433 -1.18347 0 
10.7504 -1.36191 0 
10.6407 -1.15231 0 
10.7504 -1.36191 0 
11.2449 -0.754051 0 
11.1495 -0.53435 0 
11.3145 -0.402486 0 
11.1495 -0.53435 0 
11.0886 -0.882016 0 
10.9813 -0.664942 0 
11.1495 -0.53435 0 
10.9813 -0.664942 0 
10.9322 -1.00682 0 
10.818 -0.792452 0 
10.9813 -0.664942 0 
10.818 -0.792452 0 
10.9813 -0.664942 0 
11.0886 -0.882016 0 
10.9322 -1.00682 0 
11.0886 -0.882016 0 
11.1495 -0.53435 0 
11.2449 -0.754051 0 
11.0886 -0.882016 0 
11.2449 -0.754051 0 
0.0326621 -0.248816 0 
0.0393089 -0.249003 0 
0.0343592 -0.245902 0 
0.0393089 -0.249003 0 
0.0331171 -0.257193 0 
0.0571131 -0.253864 0 
0.0465415 -0.251224 0 
0.0571131 -0.253864 0 
0.0465415 -0.251224 0 
0.0327037 -0.253219 0 
0.0331171 -0.257193 0 
0.0327037 -0.253219 0 
0.0393089 -0.249003 0 
0.0326621 -0.248816 0 
0.0327037 -0.253219 0 
0.0326621 -0.248816 0 
0.0327037 -0.253219 0 
0.0465415 -0.251224 0 
0.0393089 -0.249003 0 
0.0465415 -0.251224 0 
0.043103 -0.268365 0 
0.138526 -0.261585 0 
0.0383946 -0.261162 0 
0.138526 -0.261585 0 
0.0383946 -0.261162 0 
0.0571131 -0.253864 0 
0.0331171 -0.257193 0 
0.0571131 -0.253864 0 
0.0331171 -0.257193 0 
0.0333338 -0.260632 0 
0.0383946 -0.261162 0 
0.0333338 -0.260632 0 
0.0383946 -0.261162 0 
0.0338547 -0.266161 0 
0.043103 -0.268365 0 
0.0338547 -0.266161 0 
0.0333338 -0.260632 0 
0.0346487 -0.263671 0 
0.0338547 -0.266161 0 
0.0346487 -0.263671 0 
0.0338547 -0.266161 0 
0.0383946 -0.261162 0 
0.0333338 -0.260632 0 
0.0383946 -0.261162 0 
0.0393867 -0.275871 0 
0.0340684 -0.273386 0 
0.0327403 -0.276602 0 
0.0340684 -0.273386 0 
0.091038 -0.257698 0 
0.043103 -0.268365 0 
0.0340684 -0.273386 0 
0.043103 -0.268365 0 
0.0323672 -0.229587 0 
0.0443634 -0.218726 0 
0.0296036 -0.226711 0 
0.0443634 -0.218726 0 
0.0296036 -0.226711 0 
0.0443634 -0.218726 0 
0.0346643 -0.221201 0 
0.0443634 -0.218726 0 
13.662 5.67934 0 
14.4233 5.39891 0 
13.9936 4.66738 0 
14.4233 5.39891 0 
14.2117 6.70997 0 
14.9085 6.32657 0 
14.4233 5.39891 0 
14.9085 6.32657 0 
14.4233 5.39891 0 
13.662 5.67934 0 
14.2117 6.70997 0 
13.662 5.67934 0 
13.442 3.1 0 
13.1692 2.82209 0 
13.0458 3.09009 0 
13.1692 2.82209 0 
13.2291 2.56103 0 
12.9645 2.2872 0 
12.8789 2.53929 0 
12.9645 2.2872 0 
12.8789 2.53929 0 
12.5576 2.26356 0 
12.2901 2.51933 0 
12.5576 2.26356 0 
12.9645 2.2872 0 
12.696 2.03561 0 
12.5576 2.26356 0 
12.696 2.03561 0 
12.5576 2.26356 0 
12.8789 2.53929 0 
12.9645 2.2872 0 
12.8789 2.53929 0 
12.2901 2.51933 0 
12.6528 2.79477 0 
12.8789 2.53929 0 
12.6528 2.79477 0 
12.6528 2.79477 0 
13.0458 3.09009 0 
13.1692 2.82209 0 
13.0458 3.09009 0 
13.1692 2.82209 0 
12.8789 2.53929 0 
12.6528 2.79477 0 
12.8789 2.53929 0 
11.9679 1.9625 0 
12.3712 1.99415 0 
12.1343 1.68839 0 
12.3712 1.99415 0 
12.1343 1.68839 0 
12.4605 1.72157 0 
12.252 1.44643 0 
12.4605 1.72157 0 
12.3712 1.99415 0 
12.696 2.03561 0 
12.4605 1.72157 0 
12.696 2.03561 0 
12.4605 1.72157 0 
12.1343 1.68839 0 
12.3712 1.99415 0 
12.1343 1.68839 0 
12.2901 2.51933 0 
12.5576 2.26356 0 
12.1235 2.23024 0 
12.5576 2.26356 0 
12.1235 2.23024 0 
12.3712 1.99415 0 
11.9679 1.9625 0 
12.3712 1.99415 0 
12.5576 2.26356 0 
12.696 2.03561 0 
12.3712 1.99415 0 
12.696 2.03561 0 
12.3712 1.99415 0 
12.1235 2.23024 0 
12.5576 2.26356 0 
12.1235 2.23024 0 
11.8512 0.939764 0 
12.0352 1.17771 0 
12.063 0.921325 0 
12.0352 1.17771 0 
12.063 0.921325 0 
12.2506 1.16391 0 
12.2407 0.908311 0 
12.2506 1.16391 0 
12.0352 1.17771 0 
12.252 1.44643 0 
12.2506 1.16391 0 
12.252 1.44643 0 
12.2506 1.16391 0 
12.063 0.921325 0 
12.0352 1.17771 0 
12.063 0.921325 0 
12.252 1.44643 0 
12.4605 1.72157 0 
12.4563 1.43228 0 
12.4605 1.72157 0 
12.4563 1.43228 0 
12.6571 1.70438 0 
12.6272 1.41863 0 
12.6571 1.70438 0 
12.4605 1.72157 0 
12.696 2.03561 0 
12.6571 1.70438 0 
12.696 2.03561 0 
12.6571 1.70438 0 
12.4563 1.43228 0 
12.4605 1.72157 0 
12.4563 1.43228 0 
12.6272 1.41863 0 
12.429 1.15326 0 
12.4563 1.43228 0 
12.429 1.15326 0 
12.4563 1.43228 0 
12.2506 1.16391 0 
12.252 1.44643 0 
12.2506 1.16391 0 
12.429 1.15326 0 
12.2407 0.908311 0 
12.2506 1.16391 0 
12.2407 0.908311 0 
12.2506 1.16391 0 
12.4563 1.43228 0 
12.429 1.15326 0 
12.4563 1.43228 0 
0.0296036 -0.226711 0 
0.0308373 -0.228927 0 
0.0323672 -0.229587 0 
0.0308373 -0.228927 0 
0.0323672 -0.229587 0 
0.0309696 -0.233176 0 
0.0390604 -0.231581 0 
0.0309696 -0.233176 0 
0.0308373 -0.228927 0 
0.0328042 -0.230777 0 
0.0309696 -0.233176 0 
0.0328042 -0.230777 0 
0.0309696 -0.233176 0 
0.0323672 -0.229587 0 
0.0308373 -0.228927 0 
0.0323672 -0.229587 0 
0.0390604 -0.231581 0 
0.0313815 -0.237507 0 
0.0538001 -0.23115 0 
0.0313815 -0.237507 0 
0.0538001 -0.23115 0 
0.0324232 -0.241761 0 
0.0828127 -0.226051 0 
0.0324232 -0.241761 0 
0.0313815 -0.237507 0 
0.0326113 -0.239755 0 
0.0324232 -0.241761 0 
0.0326113 -0.239755 0 
0.0324232 -0.241761 0 
0.0538001 -0.23115 0 
0.0313815 -0.237507 0 
0.0538001 -0.23115 0 
0.0326113 -0.239755 0 
0.0313815 -0.237507 0 
0.0327193 -0.235222 0 
0.0313815 -0.237507 0 
0.0327193 -0.235222 0 
0.0309696 -0.233176 0 
0.0328042 -0.230777 0 
0.0309696 -0.233176 0 
0.0313815 -0.237507 0 
0.0390604 -0.231581 0 
0.0309696 -0.233176 0 
0.0390604 -0.231581 0 
0.0309696 -0.233176 0 
0.0327193 -0.235222 0 
0.0313815 -0.237507 0 
0.0327193 -0.235222 0 
0.0828127 -0.226051 0 
0.0324232 -0.241761 0 
0.0343592 -0.245902 0 
0.0324232 -0.241761 0 
0.0343592 -0.245902 0 
0.0326212 -0.244226 0 
0.0326621 -0.248816 0 
0.0326212 -0.244226 0 
0.0324232 -0.241761 0 
0.0326113 -0.239755 0 
0.0326212 -0.244226 0 
0.0326113 -0.239755 0 
0.0326212 -0.244226 0 
0.0343592 -0.245902 0 
0.0324232 -0.241761 0 
0.0343592 -0.245902 0 
0.00337608 -0.389675 0 
0.00639937 -0.387482 0 
0.00696588 -0.391135 0 
0.00639937 -0.387482 0 
0.00696588 -0.391135 0 
0.00953459 -0.387885 0 
0.0103456 -0.391654 0 
0.00953459 -0.387885 0 
0.00639937 -0.387482 0 
0.00929424 -0.384482 0 
0.00953459 -0.387885 0 
0.00929424 -0.384482 0 
0.00953459 -0.387885 0 
0.00696588 -0.391135 0 
0.00639937 -0.387482 0 
0.00696588 -0.391135 0 
0.0103456 -0.391654 0 
0.00953459 -0.387885 0 
0.0124259 -0.385543 0 
0.00953459 -0.387885 0 
0.0124259 -0.385543 0 
0.011752 -0.381499 0 
0.0147306 -0.378169 0 
0.011752 -0.381499 0 
0.00953459 -0.387885 0 
0.00929424 -0.384482 0 
0.011752 -0.381499 0 
0.00929424 -0.384482 0 
0.011752 -0.381499 0 
0.0124259 -0.385543 0 
0.00953459 -0.387885 0 
0.0124259 -0.385543 0 
0.0294041 -0.326146 0 
0.0294051 -0.339117 0 
0.0256512 -0.336219 0 
0.0294051 -0.339117 0 
0.0256512 -0.336219 0 
0.025564 -0.34896 0 
0.0232605 -0.346086 0 
0.025564 -0.34896 0 
0.0294051 -0.339117 0 
0.0289046 -0.349959 0 
0.025564 -0.34896 0 
0.0289046 -0.349959 0 
0.025564 -0.34896 0 
0.0256512 -0.336219 0 
0.0294051 -0.339117 0 
0.0256512 -0.336219 0 
0.0232605 -0.346086 0 
0.025564 -0.34896 0 
0.0209897 -0.35543 0 
0.025564 -0.34896 0 
0.0209897 -0.35543 0 
0.0243611 -0.357347 0 
0.0197743 -0.363746 0 
0.0243611 -0.357347 0 
0.025564 -0.34896 0 
0.0289046 -0.349959 0 
0.0243611 -0.357347 0 
0.0289046 -0.349959 0 
0.0243611 -0.357347 0 
0.0209897 -0.35543 0 
0.025564 -0.34896 0 
0.0209897 -0.35543 0 
6.63774 -4.55023 0 
6.53029 -4.44369 0 
6.54023 -4.36254 0 
6.53029 -4.44369 0 
6.54023 -4.36254 0 
5.53392 -3.76958 0 
5.74062 -3.65199 0 
5.53392 -3.76958 0 
6.53029 -4.44369 0 
5.61986 -3.86343 0 
5.53392 -3.76958 0 
5.61986 -3.86343 0 
5.53392 -3.76958 0 
6.54023 -4.36254 0 
6.53029 -4.44369 0 
6.54023 -4.36254 0 
5.74062 -3.65199 0 
3.69334 -2.47591 0 
3.66297 -2.48987 0 
3.69334 -2.47591 0 
3.66297 -2.48987 0 
1.47661 -1.22918 0 
1.47045 -1.23171 0 
1.47661 -1.22918 0 
3.69334 -2.47591 0 
1.48753 -1.22039 0 
1.47661 -1.22918 0 
1.48753 -1.22039 0 
1.47661 -1.22918 0 
3.66297 -2.48987 0 
3.69334 -2.47591 0 
3.66297 -2.48987 0 
5.61986 -3.86343 0 
3.6436 -2.60105 0 
3.54565 -2.54313 0 
3.6436 -2.60105 0 
3.54565 -2.54313 0 
1.4142 -1.24084 0 
1.48753 -1.22039 0 
1.4142 -1.24084 0 
3.6436 -2.60105 0 
1.48277 -1.25034 0 
1.4142 -1.24084 0 
1.48277 -1.25034 0 
1.4142 -1.24084 0 
3.54565 -2.54313 0 
3.6436 -2.60105 0 
3.54565 -2.54313 0 
1.48753 -1.22039 0 
3.69334 -2.47591 0 
3.54565 -2.54313 0 
3.69334 -2.47591 0 
3.54565 -2.54313 0 
5.53392 -3.76958 0 
5.61986 -3.86343 0 
5.53392 -3.76958 0 
3.69334 -2.47591 0 
5.74062 -3.65199 0 
5.53392 -3.76958 0 
5.74062 -3.65199 0 
5.53392 -3.76958 0 
3.54565 -2.54313 0 
3.69334 -2.47591 0 
3.54565 -2.54313 0 
1.47045 -1.23171 0 
0.312011 -0.563335 0 
0.310178 -0.563995 0 
0.312011 -0.563335 0 
0.310178 -0.563995 0 
0.0190277 -0.395922 0 
0.0181986 -0.396434 0 
0.0190277 -0.395922 0 
0.312011 -0.563335 0 
0.019815 -0.39535 0 
0.0190277 -0.395922 0 
0.019815 -0.39535 0 
0.0190277 -0.395922 0 
0.310178 -0.563995 0 
0.312011 -0.563335 0 
0.310178 -0.563995 0 
1.48277 -1.25034 0 
0.318695 -0.557483 0 
0.292066 -0.558183 0 
0.318695 -0.557483 0 
0.292066 -0.558183 0 
0.0215656 -0.393415 0 
0.0214203 -0.393856 0 
0.0215656 -0.393415 0 
0.318695 -0.557483 0 
0.0229796 -0.39268 0 
0.0215656 -0.393415 0 
0.0229796 -0.39268 0 
0.0215656 -0.393415 0 
0.292066 -0.558183 0 
0.318695 -0.557483 0 
0.292066 -0.558183 0 
0.0214203 -0.393856 0 
0.313549 -0.557338 0 
0.292066 -0.558183 0 
0.313549 -0.557338 0 
0.292066 -0.558183 0 
1.4142 -1.24084 0 
1.48277 -1.25034 0 
1.4142 -1.24084 0 
0.313549 -0.557338 0 
1.48753 -1.22039 0 
1.4142 -1.24084 0 
1.48753 -1.22039 0 
1.4142 -1.24084 0 
0.292066 -0.558183 0 
0.313549 -0.557338 0 
0.292066 -0.558183 0 
0.019815 -0.39535 0 
0.312011 -0.563335 0 
0.312371 -0.561123 0 
0.312011 -0.563335 0 
0.312371 -0.561123 0 
1.47661 -1.22918 0 
1.48753 -1.22039 0 
1.47661 -1.22918 0 
0.312011 -0.563335 0 
1.47045 -1.23171 0 
1.47661 -1.22918 0 
1.47045 -1.23171 0 
1.47661 -1.22918 0 
0.312371 -0.561123 0 
0.312011 -0.563335 0 
0.312371 -0.561123 0 
1.48753 -1.22039 0 
0.313549 -0.557338 0 
0.312371 -0.561123 0 
0.313549 -0.557338 0 
0.312371 -0.561123 0 
0.020575 -0.394671 0 
0.019815 -0.39535 0 
0.020575 -0.394671 0 
0.313549 -0.557338 0 
0.0214203 -0.393856 0 
0.020575 -0.394671 0 
0.0214203 -0.393856 0 
0.020575 -0.394671 0 
0.312371 -0.561123 0 
0.313549 -0.557338 0 
0.312371 -0.561123 0 
0.0298988 -0.142669 0 
0.0232076 -0.154977 0 
0.119711 0.00645603 0 
0.0232076 -0.154977 0 
0.119711 0.00645603 0 
0.0732593 -0.07543 0 
0.37394 0.422187 0 
0.0732593 -0.07543 0 
0.0232076 -0.154977 0 
0.0179409 -0.163328 0 
0.0732593 -0.07543 0 
0.0179409 -0.163328 0 
0.0732593 -0.07543 0 
0.119711 0.00645603 0 
0.0232076 -0.154977 0 
0.119711 0.00645603 0 
0.07677 -0.368791 0 
0.0480407 -0.366344 0 
0.210003 -0.407643 0 
0.0480407 -0.366344 0 
0.210003 -0.407643 0 
0.082291 -0.377863 0 
0.517271 -0.500331 0 
0.082291 -0.377863 0 
0.0480407 -0.366344 0 
0.0306024 -0.362123 0 
0.082291 -0.377863 0 
0.0306024 -0.362123 0 
0.082291 -0.377863 0 
0.210003 -0.407643 0 
0.0480407 -0.366344 0 
0.210003 -0.407643 0 
0.517271 -0.500331 0 
0.20536 -0.411495 0 
1.08645 -0.671847 0 
0.20536 -0.411495 0 
1.08645 -0.671847 0 
0.449966 -0.492677 0 
1.91774 -0.952978 0 
0.449966 -0.492677 0 
0.20536 -0.411495 0 
0.054887 -0.37419 0 
0.449966 -0.492677 0 
0.054887 -0.37419 0 
0.449966 -0.492677 0 
1.08645 -0.671847 0 
0.20536 -0.411495 0 
1.08645 -0.671847 0 
0.054887 -0.37419 0 
0.20536 -0.411495 0 
0.0397811 -0.36776 0 
0.20536 -0.411495 0 
0.0397811 -0.36776 0 
0.082291 -0.377863 0 
0.0306024 -0.362123 0 
0.082291 -0.377863 0 
0.20536 -0.411495 0 
0.517271 -0.500331 0 
0.082291 -0.377863 0 
0.517271 -0.500331 0 
0.082291 -0.377863 0 
0.0397811 -0.36776 0 
0.20536 -0.411495 0 
0.0397811 -0.36776 0 
1.91774 -0.952978 0 
3.40851 -1.36161 0 
1.08645 -0.671847 0 
3.40851 -1.36161 0 
1.08645 -0.671847 0 
2.06027 -0.947777 0 
0.517271 -0.500331 0 
2.06027 -0.947777 0 
3.40851 -1.36161 0 
4.93671 -1.76849 0 
2.06027 -0.947777 0 
4.93671 -1.76849 0 
2.06027 -0.947777 0 
1.08645 -0.671847 0 
3.40851 -1.36161 0 
1.08645 -0.671847 0 
0.517271 -0.500331 0 
1.11459 -0.658203 0 
0.210003 -0.407643 0 
1.11459 -0.658203 0 
0.210003 -0.407643 0 
0.520475 -0.491317 0 
0.07677 -0.368791 0 
0.520475 -0.491317 0 
1.11459 -0.658203 0 
2.04056 -0.88922 0 
0.520475 -0.491317 0 
2.04056 -0.88922 0 
0.520475 -0.491317 0 
0.210003 -0.407643 0 
1.11459 -0.658203 0 
0.210003 -0.407643 0 
4.93671 -1.76849 0 
6.37983 -2.06229 0 
3.3863 -1.27675 0 
6.37983 -2.06229 0 
3.3863 -1.27675 0 
4.85865 -1.60511 0 
2.04056 -0.88922 0 
4.85865 -1.60511 0 
6.37983 -2.06229 0 
7.60115 -2.25902 0 
4.85865 -1.60511 0 
7.60115 -2.25902 0 
4.85865 -1.60511 0 
3.3863 -1.27675 0 
6.37983 -2.06229 0 
3.3863 -1.27675 0 
2.04056 -0.88922 0 
1.11459 -0.658203 0 
3.3863 -1.27675 0 
1.11459 -0.658203 0 
3.3863 -1.27675 0 
2.06027 -0.947777 0 
4.93671 -1.76849 0 
2.06027 -0.947777 0 
1.11459 -0.658203 0 
0.517271 -0.500331 0 
2.06027 -0.947777 0 
0.517271 -0.500331 0 
2.06027 -0.947777 0 
3.3863 -1.27675 0 
1.11459 -0.658203 0 
3.3863 -1.27675 0 
0.07677 -0.368791 0 
0.206139 -0.399128 0 
0.051011 -0.359406 0 
0.206139 -0.399128 0 
0.051011 -0.359406 0 
0.0833021 -0.365642 0 
0.0336771 -0.352914 0 
0.0833021 -0.365642 0 
0.206139 -0.399128 0 
0.491338 -0.464137 0 
0.0833021 -0.365642 0 
0.491338 -0.464137 0 
0.0833021 -0.365642 0 
0.051011 -0.359406 0 
0.206139 -0.399128 0 
0.051011 -0.359406 0 
0.491338 -0.464137 0 
0.987926 -0.562468 0 
0.188945 -0.386246 0 
0.987926 -0.562468 0 
0.188945 -0.386246 0 
0.414284 -0.430914 0 
0.0661068 -0.353326 0 
0.414284 -0.430914 0 
0.987926 -0.562468 0 
1.69658 -0.70792 0 
0.414284 -0.430914 0 
1.69658 -0.70792 0 
0.414284 -0.430914 0 
0.188945 -0.386246 0 
0.987926 -0.562468 0 
0.188945 -0.386246 0 
0.0661068 -0.353326 0 
0.0468532 -0.354351 0 
0.188945 -0.386246 0 
0.0468532 -0.354351 0 
0.188945 -0.386246 0 
0.0833021 -0.365642 0 
0.491338 -0.464137 0 
0.0833021 -0.365642 0 
0.0468532 -0.354351 0 
0.0336771 -0.352914 0 
0.0833021 -0.365642 0 
0.0336771 -0.352914 0 
0.0833021 -0.365642 0 
0.188945 -0.386246 0 
0.0468532 -0.354351 0 
0.188945 -0.386246 0 
7.60115 -2.25902 0 
8.55225 -2.37245 0 
6.2905 -1.87131 0 
8.55225 -2.37245 0 
6.2905 -1.87131 0 
7.53994 -2.05915 0 
4.64236 -1.4184 0 
7.53994 -2.05915 0 
8.55225 -2.37245 0 
9.24433 -2.40122 0 
7.53994 -2.05915 0 
9.24433 -2.40122 0 
7.53994 -2.05915 0 
6.2905 -1.87131 0 
8.55225 -2.37245 0 
6.2905 -1.87131 0 
4.64236 -1.4184 0 
6.04929 -1.64078 0 
3.03181 -0.997706 0 
6.04929 -1.64078 0 
3.03181 -0.997706 0 
4.30389 -1.25287 0 
1.69658 -0.70792 0 
4.30389 -1.25287 0 
6.04929 -1.64078 0 
7.34358 -1.85243 0 
4.30389 -1.25287 0 
7.34358 -1.85243 0 
4.30389 -1.25287 0 
3.03181 -0.997706 0 
6.04929 -1.64078 0 
3.03181 -0.997706 0 
9.24433 -2.40122 0 
9.71163 -2.37344 0 
8.55299 -2.15497 0 
9.71163 -2.37344 0 
8.55299 -2.15497 0 
9.28945 -2.1845 0 
7.34358 -1.85243 0 
9.28945 -2.1845 0 
9.71163 -2.37344 0 
9.97987 -2.27912 0 
9.28945 -2.1845 0 
9.97987 -2.27912 0 
9.28945 -2.1845 0 
8.55299 -2.15497 0 
9.71163 -2.37344 0 
8.55299 -2.15497 0 
7.34358 -1.85243 0 
6.04929 -1.64078 0 
8.55299 -2.15497 0 
6.04929 -1.64078 0 
8.55299 -2.15497 0 
7.53994 -2.05915 0 
9.24433 -2.40122 0 
7.53994 -2.05915 0 
6.04929 -1.64078 0 
4.64236 -1.4184 0 
7.53994 -2.05915 0 
4.64236 -1.4184 0 
7.53994 -2.05915 0 
8.55299 -2.15497 0 
6.04929 -1.64078 0 
8.55299 -2.15497 0 
1.69658 -0.70792 0 
0.987926 -0.562468 0 
3.03181 -0.997706 0 
0.987926 -0.562468 0 
3.03181 -0.997706 0 
1.92131 -0.795251 0 
4.64236 -1.4184 0 
1.92131 -0.795251 0 
0.987926 -0.562468 0 
0.491338 -0.464137 0 
1.92131 -0.795251 0 
0.491338 -0.464137 0 
1.92131 -0.795251 0 
3.03181 -0.997706 0 
0.987926 -0.562468 0 
3.03181 -0.997706 0 
4.64236 -1.4184 0 
3.26055 -1.14976 0 
6.2905 -1.87131 0 
3.26055 -1.14976 0 
6.2905 -1.87131 0 
4.85865 -1.60511 0 
7.60115 -2.25902 0 
4.85865 -1.60511 0 
3.26055 -1.14976 0 
2.04056 -0.88922 0 
4.85865 -1.60511 0 
2.04056 -0.88922 0 
4.85865 -1.60511 0 
6.2905 -1.87131 0 
3.26055 -1.14976 0 
6.2905 -1.87131 0 
0.491338 -0.464137 0 
0.206139 -0.399128 0 
1.08107 -0.617104 0 
0.206139 -0.399128 0 
1.08107 -0.617104 0 
0.520475 -0.491317 0 
2.04056 -0.88922 0 
0.520475 -0.491317 0 
0.206139 -0.399128 0 
0.07677 -0.368791 0 
0.520475 -0.491317 0 
0.07677 -0.368791 0 
0.520475 -0.491317 0 
1.08107 -0.617104 0 
0.206139 -0.399128 0 
1.08107 -0.617104 0 
2.04056 -0.88922 0 
3.26055 -1.14976 0 
1.08107 -0.617104 0 
3.26055 -1.14976 0 
1.08107 -0.617104 0 
1.92131 -0.795251 0 
0.491338 -0.464137 0 
1.92131 -0.795251 0 
3.26055 -1.14976 0 
4.64236 -1.4184 0 
1.92131 -0.795251 0 
4.64236 -1.4184 0 
1.92131 -0.795251 0 
1.08107 -0.617104 0 
3.26055 -1.14976 0 
1.08107 -0.617104 0 
9.43577 -2.85493 0 
9.50188 -2.83894 0 
9.31368 -2.9335 0 
9.50188 -2.83894 0 
9.31368 -2.9335 0 
8.92841 -2.81317 0 
8.25075 -2.76167 0 
8.92841 -2.81317 0 
9.50188 -2.83894 0 
9.37132 -2.77745 0 
8.92841 -2.81317 0 
9.37132 -2.77745 0 
8.92841 -2.81317 0 
9.31368 -2.9335 0 
9.50188 -2.83894 0 
9.31368 -2.9335 0 
8.25075 -2.76167 0 
6.87604 -2.36819 0 
5.50235 -2.05338 0 
6.87604 -2.36819 0 
5.50235 -2.05338 0 
3.40851 -1.36161 0 
1.91774 -0.952978 0 
3.40851 -1.36161 0 
6.87604 -2.36819 0 
4.93671 -1.76849 0 
3.40851 -1.36161 0 
4.93671 -1.76849 0 
3.40851 -1.36161 0 
5.50235 -2.05338 0 
6.87604 -2.36819 0 
5.50235 -2.05338 0 
9.37132 -2.77745 0 
8.81221 -2.60818 0 
7.98613 -2.5411 0 
8.81221 -2.60818 0 
7.98613 -2.5411 0 
6.37983 -2.06229 0 
4.93671 -1.76849 0 
6.37983 -2.06229 0 
8.81221 -2.60818 0 
7.60115 -2.25902 0 
6.37983 -2.06229 0 
7.60115 -2.25902 0 
6.37983 -2.06229 0 
7.98613 -2.5411 0 
8.81221 -2.60818 0 
7.98613 -2.5411 0 
4.93671 -1.76849 0 
6.87604 -2.36819 0 
7.98613 -2.5411 0 
6.87604 -2.36819 0 
7.98613 -2.5411 0 
8.92841 -2.81317 0 
9.37132 -2.77745 0 
8.92841 -2.81317 0 
6.87604 -2.36819 0 
8.25075 -2.76167 0 
8.92841 -2.81317 0 
8.25075 -2.76167 0 
8.92841 -2.81317 0 
7.98613 -2.5411 0 
6.87604 -2.36819 0 
7.98613 -2.5411 0 
9.63237 -2.32356 0 
9.77312 -2.32348 0 
9.72449 -2.45675 0 
9.77312 -2.32348 0 
9.72449 -2.45675 0 
9.85414 -2.4543 0 
9.77246 -2.5817 0 
9.85414 -2.4543 0 
9.77312 -2.32348 0 
9.90917 -2.32135 0 
9.85414 -2.4543 0 
9.90917 -2.32135 0 
9.85414 -2.4543 0 
9.72449 -2.45675 0 
9.77312 -2.32348 0 
9.72449 -2.45675 0 
9.77246 -2.5817 0 
9.71262 -2.54028 0 
9.3677 -2.60416 0 
9.71262 -2.54028 0 
9.3677 -2.60416 0 
8.55225 -2.37245 0 
7.60115 -2.25902 0 
8.55225 -2.37245 0 
9.71262 -2.54028 0 
9.24433 -2.40122 0 
8.55225 -2.37245 0 
9.24433 -2.40122 0 
8.55225 -2.37245 0 
9.3677 -2.60416 0 
9.71262 -2.54028 0 
9.3677 -2.60416 0 
9.90917 -2.32135 0 
10.0123 -2.3126 0 
9.90945 -2.43869 0 
10.0123 -2.3126 0 
9.90945 -2.43869 0 
9.71163 -2.37344 0 
9.24433 -2.40122 0 
9.71163 -2.37344 0 
10.0123 -2.3126 0 
9.97987 -2.27912 0 
9.71163 -2.37344 0 
9.97987 -2.27912 0 
9.71163 -2.37344 0 
9.90945 -2.43869 0 
10.0123 -2.3126 0 
9.90945 -2.43869 0 
9.24433 -2.40122 0 
9.71262 -2.54028 0 
9.90945 -2.43869 0 
9.71262 -2.54028 0 
9.90945 -2.43869 0 
9.85414 -2.4543 0 
9.90917 -2.32135 0 
9.85414 -2.4543 0 
9.71262 -2.54028 0 
9.77246 -2.5817 0 
9.85414 -2.4543 0 
9.77246 -2.5817 0 
9.85414 -2.4543 0 
9.90945 -2.43869 0 
9.71262 -2.54028 0 
9.90945 -2.43869 0 
7.60115 -2.25902 0 
8.81221 -2.60818 0 
9.3677 -2.60416 0 
8.81221 -2.60818 0 
9.3677 -2.60416 0 
9.62976 -2.69465 0 
9.77246 -2.5817 0 
9.62976 -2.69465 0 
8.81221 -2.60818 0 
9.37132 -2.77745 0 
9.62976 -2.69465 0 
9.37132 -2.77745 0 
9.62976 -2.69465 0 
9.3677 -2.60416 0 
8.81221 -2.60818 0 
9.3677 -2.60416 0 
9.77246 -2.5817 0 
9.67136 -2.58987 0 
9.72449 -2.45675 0 
9.67136 -2.58987 0 
9.72449 -2.45675 0 
9.58562 -2.45841 0 
9.63237 -2.32356 0 
9.58562 -2.45841 0 
9.67136 -2.58987 0 
9.53723 -2.59227 0 
9.58562 -2.45841 0 
9.53723 -2.59227 0 
9.58562 -2.45841 0 
9.72449 -2.45675 0 
9.67136 -2.58987 0 
9.72449 -2.45675 0 
9.37132 -2.77745 0 
9.50188 -2.83894 0 
9.60762 -2.71874 0 
9.50188 -2.83894 0 
9.60762 -2.71874 0 
9.48768 -2.72375 0 
9.53723 -2.59227 0 
9.48768 -2.72375 0 
9.50188 -2.83894 0 
9.43577 -2.85493 0 
9.48768 -2.72375 0 
9.43577 -2.85493 0 
9.48768 -2.72375 0 
9.60762 -2.71874 0 
9.50188 -2.83894 0 
9.60762 -2.71874 0 
9.53723 -2.59227 0 
9.67136 -2.58987 0 
9.60762 -2.71874 0 
9.67136 -2.58987 0 
9.60762 -2.71874 0 
9.62976 -2.69465 0 
9.37132 -2.77745 0 
9.62976 -2.69465 0 
9.67136 -2.58987 0 
9.77246 -2.5817 0 
9.62976 -2.69465 0 
9.77246 -2.5817 0 
9.62976 -2.69465 0 
9.60762 -2.71874 0 
9.67136 -2.58987 0 
9.60762 -2.71874 0 
10.0615 -2.08171 0 
10.1053 -2.19645 0 
9.98544 -2.20205 0 
10.1053 -2.19645 0 
9.98544 -2.20205 0 
10.0123 -2.3126 0 
9.90917 -2.32135 0 
10.0123 -2.3126 0 
10.1053 -2.19645 0 
9.97987 -2.27912 0 
10.0123 -2.3126 0 
9.97987 -2.27912 0 
10.0123 -2.3126 0 
9.98544 -2.20205 0 
10.1053 -2.19645 0 
9.98544 -2.20205 0 
6.63774 -4.55023 0 
6.72566 -4.52336 0 
6.53029 -4.44369 0 
6.72566 -4.52336 0 
6.53029 -4.44369 0 
6.54125 -4.35175 0 
5.61986 -3.86343 0 
6.54125 -4.35175 0 
6.72566 -4.52336 0 
6.86893 -4.47456 0 
6.54125 -4.35175 0 
6.86893 -4.47456 0 
6.54125 -4.35175 0 
6.53029 -4.44369 0 
6.72566 -4.52336 0 
6.53029 -4.44369 0 
5.61986 -3.86343 0 
5.35494 -3.62675 0 
3.6436 -2.60105 0 
5.35494 -3.62675 0 
3.6436 -2.60105 0 
3.18956 -2.30262 0 
1.48277 -1.25034 0 
3.18956 -2.30262 0 
5.35494 -3.62675 0 
5.05798 -3.35222 0 
3.18956 -2.30262 0 
5.05798 -3.35222 0 
3.18956 -2.30262 0 
3.6436 -2.60105 0 
5.35494 -3.62675 0 
3.6436 -2.60105 0 
6.86893 -4.47456 0 
7.027 -4.39005 0 
6.52171 -4.21788 0 
7.027 -4.39005 0 
6.52171 -4.21788 0 
6.45186 -4.02472 0 
5.05798 -3.35222 0 
6.45186 -4.02472 0 
7.027 -4.39005 0 
7.17868 -4.25983 0 
6.45186 -4.02472 0 
7.17868 -4.25983 0 
6.45186 -4.02472 0 
6.52171 -4.21788 0 
7.027 -4.39005 0 
6.52171 -4.21788 0 
5.05798 -3.35222 0 
5.35494 -3.62675 0 
6.52171 -4.21788 0 
5.35494 -3.62675 0 
6.52171 -4.21788 0 
6.54125 -4.35175 0 
6.86893 -4.47456 0 
6.54125 -4.35175 0 
5.35494 -3.62675 0 
5.61986 -3.86343 0 
6.54125 -4.35175 0 
5.61986 -3.86343 0 
6.54125 -4.35175 0 
6.52171 -4.21788 0 
5.35494 -3.62675 0 
6.52171 -4.21788 0 
1.48277 -1.25034 0 
1.16737 -1.06059 0 
0.318695 -0.557483 0 
1.16737 -1.06059 0 
0.318695 -0.557483 0 
0.228732 -0.504955 0 
0.0229796 -0.39268 0 
0.228732 -0.504955 0 
1.16737 -1.06059 0 
0.887136 -0.883773 0 
0.228732 -0.504955 0 
0.887136 -0.883773 0 
0.228732 -0.504955 0 
0.318695 -0.557483 0 
1.16737 -1.06059 0 
0.318695 -0.557483 0 
0.887136 -0.883773 0 
0.661643 -0.73186 0 
0.152387 -0.460851 0 
0.661643 -0.73186 0 
0.152387 -0.460851 0 
0.109846 -0.42714 0 
0.0184828 -0.38773 0 
0.109846 -0.42714 0 
0.661643 -0.73186 0 
0.470779 -0.618404 0 
0.109846 -0.42714 0 
0.470779 -0.618404 0 
0.109846 -0.42714 0 
0.152387 -0.460851 0 
0.661643 -0.73186 0 
0.152387 -0.460851 0 
0.0184828 -0.38773 0 
0.0203363 -0.390233 0 
0.152387 -0.460851 0 
0.0203363 -0.390233 0 
0.152387 -0.460851 0 
0.228732 -0.504955 0 
0.887136 -0.883773 0 
0.228732 -0.504955 0 
0.0203363 -0.390233 0 
0.0229796 -0.39268 0 
0.228732 -0.504955 0 
0.0229796 -0.39268 0 
0.228732 -0.504955 0 
0.152387 -0.460851 0 
0.0203363 -0.390233 0 
0.152387 -0.460851 0 
7.17868 -4.25983 0 
7.26252 -4.09534 0 
6.2987 -3.77415 0 
7.26252 -4.09534 0 
6.2987 -3.77415 0 
6.03115 -3.48453 0 
4.26045 -2.67226 0 
6.03115 -3.48453 0 
7.26252 -4.09534 0 
7.23688 -3.90031 0 
6.03115 -3.48453 0 
7.23688 -3.90031 0 
6.03115 -3.48453 0 
6.2987 -3.77415 0 
7.26252 -4.09534 0 
6.2987 -3.77415 0 
4.26045 -2.67226 0 
3.73093 -2.29798 0 
1.86024 -1.3614 0 
3.73093 -2.29798 0 
1.86024 -1.3614 0 
1.42184 -1.09968 0 
0.470779 -0.618404 0 
1.42184 -1.09968 0 
3.73093 -2.29798 0 
3.15836 -1.91625 0 
1.42184 -1.09968 0 
3.15836 -1.91625 0 
1.42184 -1.09968 0 
1.86024 -1.3614 0 
3.73093 -2.29798 0 
1.86024 -1.3614 0 
7.23688 -3.90031 0 
7.07208 -3.67211 0 
5.65643 -3.16352 0 
7.07208 -3.67211 0 
5.65643 -3.16352 0 
5.19052 -2.80571 0 
3.15836 -1.91625 0 
5.19052 -2.80571 0 
7.07208 -3.67211 0 
6.75815 -3.4136 0 
5.19052 -2.80571 0 
6.75815 -3.4136 0 
5.19052 -2.80571 0 
5.65643 -3.16352 0 
7.07208 -3.67211 0 
5.65643 -3.16352 0 
3.15836 -1.91625 0 
3.73093 -2.29798 0 
5.65643 -3.16352 0 
3.73093 -2.29798 0 
5.65643 -3.16352 0 
6.03115 -3.48453 0 
7.23688 -3.90031 0 
6.03115 -3.48453 0 
3.73093 -2.29798 0 
4.26045 -2.67226 0 
6.03115 -3.48453 0 
4.26045 -2.67226 0 
6.03115 -3.48453 0 
5.65643 -3.16352 0 
3.73093 -2.29798 0 
5.65643 -3.16352 0 
0.470779 -0.618404 0 
0.661643 -0.73186 0 
1.86024 -1.3614 0 
0.661643 -0.73186 0 
1.86024 -1.3614 0 
2.30515 -1.66299 0 
4.26045 -2.67226 0 
2.30515 -1.66299 0 
0.661643 -0.73186 0 
0.887136 -0.883773 0 
2.30515 -1.66299 0 
0.887136 -0.883773 0 
2.30515 -1.66299 0 
1.86024 -1.3614 0 
0.661643 -0.73186 0 
1.86024 -1.3614 0 
4.26045 -2.67226 0 
4.70316 -3.02883 0 
6.2987 -3.77415 0 
4.70316 -3.02883 0 
6.2987 -3.77415 0 
6.45186 -4.02472 0 
7.17868 -4.25983 0 
6.45186 -4.02472 0 
4.70316 -3.02883 0 
5.05798 -3.35222 0 
6.45186 -4.02472 0 
5.05798 -3.35222 0 
6.45186 -4.02472 0 
6.2987 -3.77415 0 
4.70316 -3.02883 0 
6.2987 -3.77415 0 
0.887136 -0.883773 0 
1.16737 -1.06059 0 
2.74394 -1.98605 0 
1.16737 -1.06059 0 
2.74394 -1.98605 0 
3.18956 -2.30262 0 
5.05798 -3.35222 0 
3.18956 -2.30262 0 
1.16737 -1.06059 0 
1.48277 -1.25034 0 
3.18956 -2.30262 0 
1.48277 -1.25034 0 
3.18956 -2.30262 0 
2.74394 -1.98605 0 
1.16737 -1.06059 0 
2.74394 -1.98605 0 
5.05798 -3.35222 0 
4.70316 -3.02883 0 
2.74394 -1.98605 0 
4.70316 -3.02883 0 
2.74394 -1.98605 0 
2.30515 -1.66299 0 
0.887136 -0.883773 0 
2.30515 -1.66299 0 
4.70316 -3.02883 0 
4.26045 -2.67226 0 
2.30515 -1.66299 0 
4.26045 -2.67226 0 
2.30515 -1.66299 0 
2.74394 -1.98605 0 
4.70316 -3.02883 0 
2.74394 -1.98605 0 
8.48596 -3.44287 0 
8.46603 -3.54092 0 
8.32305 -3.5885 0 
8.46603 -3.54092 0 
8.32305 -3.5885 0 
8.27662 -3.67692 0 
8.11743 -3.73099 0 
8.27662 -3.67692 0 
8.46603 -3.54092 0 
8.40728 -3.62037 0 
8.27662 -3.67692 0 
8.40728 -3.62037 0 
8.27662 -3.67692 0 
8.32305 -3.5885 0 
8.46603 -3.54092 0 
8.32305 -3.5885 0 
7.66141 -3.82744 0 
7.62238 -3.94561 0 
7.30498 -3.99733 0 
7.62238 -3.94561 0 
7.30498 -3.99733 0 
7.23819 -4.116 0 
6.90945 -4.17856 0 
7.23819 -4.116 0 
7.62238 -3.94561 0 
7.52377 -4.03731 0 
7.23819 -4.116 0 
7.52377 -4.03731 0 
7.23819 -4.116 0 
7.30498 -3.99733 0 
7.62238 -3.94561 0 
7.30498 -3.99733 0 
7.52377 -4.03731 0 
7.42936 -4.18432 0 
7.1772 -4.28439 0 
7.42936 -4.18432 0 
7.1772 -4.28439 0 
7.027 -4.39005 0 
6.86893 -4.47456 0 
7.027 -4.39005 0 
7.42936 -4.18432 0 
7.17868 -4.25983 0 
7.027 -4.39005 0 
7.17868 -4.25983 0 
7.027 -4.39005 0 
7.1772 -4.28439 0 
7.42936 -4.18432 0 
7.1772 -4.28439 0 
6.86893 -4.47456 0 
6.91741 -4.36057 0 
7.1772 -4.28439 0 
6.91741 -4.36057 0 
7.1772 -4.28439 0 
7.23819 -4.116 0 
7.52377 -4.03731 0 
7.23819 -4.116 0 
6.91741 -4.36057 0 
6.90945 -4.17856 0 
7.23819 -4.116 0 
6.90945 -4.17856 0 
7.23819 -4.116 0 
7.1772 -4.28439 0 
6.91741 -4.36057 0 
7.1772 -4.28439 0 
8.40728 -3.62037 0 
8.29863 -3.6802 0 
8.18113 -3.74554 0 
8.29863 -3.6802 0 
8.18113 -3.74554 0 
8.06783 -3.82182 0 
7.9331 -3.89281 0 
8.06783 -3.82182 0 
8.29863 -3.6802 0 
8.15324 -3.74423 0 
8.06783 -3.82182 0 
8.15324 -3.74423 0 
8.06783 -3.82182 0 
8.18113 -3.74554 0 
8.29863 -3.6802 0 
8.18113 -3.74554 0 
7.9331 -3.89281 0 
7.76138 -3.97319 0 
7.63036 -4.07999 0 
7.76138 -3.97319 0 
7.63036 -4.07999 0 
7.26252 -4.09534 0 
7.17868 -4.25983 0 
7.26252 -4.09534 0 
7.76138 -3.97319 0 
7.23688 -3.90031 0 
7.26252 -4.09534 0 
7.23688 -3.90031 0 
7.26252 -4.09534 0 
7.63036 -4.07999 0 
7.76138 -3.97319 0 
7.63036 -4.07999 0 
8.15324 -3.74423 0 
7.75153 -3.71433 0 
7.80804 -3.85544 0 
7.75153 -3.71433 0 
7.80804 -3.85544 0 
7.07208 -3.67211 0 
7.23688 -3.90031 0 
7.07208 -3.67211 0 
7.75153 -3.71433 0 
6.75815 -3.4136 0 
7.07208 -3.67211 0 
6.75815 -3.4136 0 
7.07208 -3.67211 0 
7.80804 -3.85544 0 
7.75153 -3.71433 0 
7.80804 -3.85544 0 
7.23688 -3.90031 0 
7.76138 -3.97319 0 
7.80804 -3.85544 0 
7.76138 -3.97319 0 
7.80804 -3.85544 0 
8.06783 -3.82182 0 
8.15324 -3.74423 0 
8.06783 -3.82182 0 
7.76138 -3.97319 0 
7.9331 -3.89281 0 
8.06783 -3.82182 0 
7.9331 -3.89281 0 
8.06783 -3.82182 0 
7.80804 -3.85544 0 
7.76138 -3.97319 0 
7.80804 -3.85544 0 
7.17868 -4.25983 0 
7.42936 -4.18432 0 
7.63036 -4.07999 0 
7.42936 -4.18432 0 
7.63036 -4.07999 0 
7.75304 -3.96324 0 
7.9331 -3.89281 0 
7.75304 -3.96324 0 
7.42936 -4.18432 0 
7.52377 -4.03731 0 
7.75304 -3.96324 0 
7.52377 -4.03731 0 
7.75304 -3.96324 0 
7.63036 -4.07999 0 
7.42936 -4.18432 0 
7.63036 -4.07999 0 
7.9331 -3.89281 0 
8.03787 -3.81367 0 
8.18113 -3.74554 0 
8.03787 -3.81367 0 
8.18113 -3.74554 0 
8.27662 -3.67692 0 
8.40728 -3.62037 0 
8.27662 -3.67692 0 
8.03787 -3.81367 0 
8.11743 -3.73099 0 
8.27662 -3.67692 0 
8.11743 -3.73099 0 
8.27662 -3.67692 0 
8.18113 -3.74554 0 
8.03787 -3.81367 0 
8.18113 -3.74554 0 
7.52377 -4.03731 0 
7.62238 -3.94561 0 
7.85683 -3.88218 0 
7.62238 -3.94561 0 
7.85683 -3.88218 0 
7.91205 -3.78128 0 
8.11743 -3.73099 0 
7.91205 -3.78128 0 
7.62238 -3.94561 0 
7.66141 -3.82744 0 
7.91205 -3.78128 0 
7.66141 -3.82744 0 
7.91205 -3.78128 0 
7.85683 -3.88218 0 
7.62238 -3.94561 0 
7.85683 -3.88218 0 
8.11743 -3.73099 0 
8.03787 -3.81367 0 
7.85683 -3.88218 0 
8.03787 -3.81367 0 
7.85683 -3.88218 0 
7.75304 -3.96324 0 
7.52377 -4.03731 0 
7.75304 -3.96324 0 
8.03787 -3.81367 0 
7.9331 -3.89281 0 
7.75304 -3.96324 0 
7.9331 -3.89281 0 
7.75304 -3.96324 0 
7.85683 -3.88218 0 
8.03787 -3.81367 0 
7.85683 -3.88218 0 
11.6714 20.4331 0 
10.0936 18.8582 0 
12.3357 22.092 0 
10.0936 18.8582 0 
12.3357 22.092 0 
11.0016 21.3442 0 
12.6945 23.4634 0 
11.0016 21.3442 0 
10.0936 18.8582 0 
8.25005 16.8754 0 
11.0016 21.3442 0 
8.25005 16.8754 0 
11.0016 21.3442 0 
12.3357 22.092 0 
10.0936 18.8582 0 
12.3357 22.092 0 
12.6945 23.4634 0 
11.5887 23.2565 0 
12.8461 24.6395 0 
11.5887 23.2565 0 
12.8461 24.6395 0 
12.0089 24.5977 0 
12.9114 25.5953 0 
12.0089 24.5977 0 
11.5887 23.2565 0 
10.7259 21.9588 0 
12.0089 24.5977 0 
10.7259 21.9588 0 
12.0089 24.5977 0 
12.8461 24.6395 0 
11.5887 23.2565 0 
12.8461 24.6395 0 
8.25005 16.8754 0 
6.77864 13.9943 0 
9.59638 19.8511 0 
6.77864 13.9943 0 
9.59638 19.8511 0 
8.65623 16.7571 0 
10.7259 21.9588 0 
8.65623 16.7571 0 
6.77864 13.9943 0 
5.69814 10.1338 0 
8.65623 16.7571 0 
5.69814 10.1338 0 
8.65623 16.7571 0 
9.59638 19.8511 0 
6.77864 13.9943 0 
9.59638 19.8511 0 
10.7259 21.9588 0 
11.5887 23.2565 0 
9.59638 19.8511 0 
11.5887 23.2565 0 
9.59638 19.8511 0 
11.0016 21.3442 0 
8.25005 16.8754 0 
11.0016 21.3442 0 
11.5887 23.2565 0 
12.6945 23.4634 0 
11.0016 21.3442 0 
12.6945 23.4634 0 
11.0016 21.3442 0 
9.59638 19.8511 0 
11.5887 23.2565 0 
9.59638 19.8511 0 
12.9114 25.5953 0 
12.3954 25.3662 0 
12.9761 26.2757 0 
12.3954 25.3662 0 
12.9761 26.2757 0 
12.9785 25.3489 0 
12.9852 26.4107 0 
12.9785 25.3489 0 
12.3954 25.3662 0 
13.0487 22.7441 0 
12.9785 25.3489 0 
13.0487 22.7441 0 
12.9785 25.3489 0 
12.9761 26.2757 0 
12.3954 25.3662 0 
12.9761 26.2757 0 
12.9852 26.4107 0 
14.193 23.8129 0 
13.3575 25.8799 0 
14.193 23.8129 0 
13.3575 25.8799 0 
15.6212 20.0697 0 
15.3649 22.7506 0 
15.6212 20.0697 0 
14.193 23.8129 0 
15.6643 18.1301 0 
15.6212 20.0697 0 
15.6643 18.1301 0 
15.6212 20.0697 0 
13.3575 25.8799 0 
14.193 23.8129 0 
13.3575 25.8799 0 
13.0487 22.7441 0 
13.9024 17.9668 0 
14.5049 21.0549 0 
13.9024 17.9668 0 
14.5049 21.0549 0 
14.9746 16.1589 0 
15.6643 18.1301 0 
14.9746 16.1589 0 
13.9024 17.9668 0 
12.945 13.3103 0 
14.9746 16.1589 0 
12.945 13.3103 0 
14.9746 16.1589 0 
14.5049 21.0549 0 
13.9024 17.9668 0 
14.5049 21.0549 0 
15.6643 18.1301 0 
14.193 23.8129 0 
14.5049 21.0549 0 
14.193 23.8129 0 
14.5049 21.0549 0 
12.9785 25.3489 0 
13.0487 22.7441 0 
12.9785 25.3489 0 
14.193 23.8129 0 
12.9852 26.4107 0 
12.9785 25.3489 0 
12.9852 26.4107 0 
12.9785 25.3489 0 
14.5049 21.0549 0 
14.193 23.8129 0 
14.5049 21.0549 0 
5.69814 10.1338 0 
4.31565 6.24624 0 
7.717 12.2196 0 
4.31565 6.24624 0 
7.717 12.2196 0 
5.91754 7.59177 0 
9.78081 13.5126 0 
5.91754 7.59177 0 
4.31565 6.24624 0 
2.69577 3.19534 0 
5.91754 7.59177 0 
2.69577 3.19534 0 
5.91754 7.59177 0 
7.717 12.2196 0 
4.31565 6.24624 0 
7.717 12.2196 0 
9.78081 13.5126 0 
7.53978 8.52021 0 
11.609 13.8139 0 
7.53978 8.52021 0 
11.609 13.8139 0 
8.96866 8.9508 0 
12.945 13.3103 0 
8.96866 8.9508 0 
7.53978 8.52021 0 
4.68655 4.52564 0 
8.96866 8.9508 0 
4.68655 4.52564 0 
8.96866 8.9508 0 
11.609 13.8139 0 
7.53978 8.52021 0 
11.609 13.8139 0 
2.69577 3.19534 0 
1.35561 1.29063 0 
3.6721 3.94749 0 
1.35561 1.29063 0 
3.6721 3.94749 0 
1.86473 1.6276 0 
4.68655 4.52564 0 
1.86473 1.6276 0 
1.35561 1.29063 0 
0.550814 0.273271 0 
1.86473 1.6276 0 
0.550814 0.273271 0 
1.86473 1.6276 0 
3.6721 3.94749 0 
1.35561 1.29063 0 
3.6721 3.94749 0 
4.68655 4.52564 0 
7.53978 8.52021 0 
3.6721 3.94749 0 
7.53978 8.52021 0 
3.6721 3.94749 0 
5.91754 7.59177 0 
2.69577 3.19534 0 
5.91754 7.59177 0 
7.53978 8.52021 0 
9.78081 13.5126 0 
5.91754 7.59177 0 
9.78081 13.5126 0 
5.91754 7.59177 0 
3.6721 3.94749 0 
7.53978 8.52021 0 
3.6721 3.94749 0 
12.945 13.3103 0 
13.9024 17.9668 0 
11.609 13.8139 0 
13.9024 17.9668 0 
11.609 13.8139 0 
12.3512 18.9032 0 
9.78081 13.5126 0 
12.3512 18.9032 0 
13.9024 17.9668 0 
13.0487 22.7441 0 
12.3512 18.9032 0 
13.0487 22.7441 0 
12.3512 18.9032 0 
11.609 13.8139 0 
13.9024 17.9668 0 
11.609 13.8139 0 
9.78081 13.5126 0 
10.5519 18.4938 0 
7.717 12.2196 0 
10.5519 18.4938 0 
7.717 12.2196 0 
8.65623 16.7571 0 
5.69814 10.1338 0 
8.65623 16.7571 0 
10.5519 18.4938 0 
10.7259 21.9588 0 
8.65623 16.7571 0 
10.7259 21.9588 0 
8.65623 16.7571 0 
7.717 12.2196 0 
10.5519 18.4938 0 
7.717 12.2196 0 
13.0487 22.7441 0 
12.3954 25.3662 0 
11.7965 22.9815 0 
12.3954 25.3662 0 
11.7965 22.9815 0 
12.0089 24.5977 0 
10.7259 21.9588 0 
12.0089 24.5977 0 
12.3954 25.3662 0 
12.9114 25.5953 0 
12.0089 24.5977 0 
12.9114 25.5953 0 
12.0089 24.5977 0 
11.7965 22.9815 0 
12.3954 25.3662 0 
11.7965 22.9815 0 
10.7259 21.9588 0 
10.5519 18.4938 0 
11.7965 22.9815 0 
10.5519 18.4938 0 
11.7965 22.9815 0 
12.3512 18.9032 0 
13.0487 22.7441 0 
12.3512 18.9032 0 
10.5519 18.4938 0 
9.78081 13.5126 0 
12.3512 18.9032 0 
9.78081 13.5126 0 
12.3512 18.9032 0 
11.7965 22.9815 0 
10.5519 18.4938 0 
11.7965 22.9815 0 
9.97987 -2.27912 0 
9.98731 -2.17115 0 
9.28945 -2.1845 0 
9.98731 -2.17115 0 
9.28945 -2.1845 0 
8.9311 -2.00444 0 
7.34358 -1.85243 0 
8.9311 -2.00444 0 
9.98731 -2.17115 0 
9.87462 -2.03963 0 
8.9311 -2.00444 0 
9.87462 -2.03963 0 
8.9311 -2.00444 0 
9.28945 -2.1845 0 
9.98731 -2.17115 0 
9.28945 -2.1845 0 
7.34358 -1.85243 0 
6.48611 -1.58099 0 
4.30389 -1.25287 0 
6.48611 -1.58099 0 
4.30389 -1.25287 0 
3.40615 -1.00474 0 
1.69658 -0.70792 0 
3.40615 -1.00474 0 
6.48611 -1.58099 0 
5.49795 -1.33465 0 
3.40615 -1.00474 0 
5.49795 -1.33465 0 
3.40615 -1.00474 0 
4.30389 -1.25287 0 
6.48611 -1.58099 0 
4.30389 -1.25287 0 
9.87462 -2.03963 0 
9.61675 -1.89218 0 
8.35899 -1.81608 0 
9.61675 -1.89218 0 
8.35899 -1.81608 0 
7.56985 -1.59471 0 
5.49795 -1.33465 0 
7.56985 -1.59471 0 
9.61675 -1.89218 0 
9.16252 -1.72156 0 
7.56985 -1.59471 0 
9.16252 -1.72156 0 
7.56985 -1.59471 0 
8.35899 -1.81608 0 
9.61675 -1.89218 0 
8.35899 -1.81608 0 
5.49795 -1.33465 0 
6.48611 -1.58099 0 
8.35899 -1.81608 0 
6.48611 -1.58099 0 
8.35899 -1.81608 0 
8.9311 -2.00444 0 
9.87462 -2.03963 0 
8.9311 -2.00444 0 
6.48611 -1.58099 0 
7.34358 -1.85243 0 
8.9311 -2.00444 0 
7.34358 -1.85243 0 
8.9311 -2.00444 0 
8.35899 -1.81608 0 
6.48611 -1.58099 0 
8.35899 -1.81608 0 
1.69658 -0.70792 0 
1.20613 -0.577939 0 
0.414284 -0.430914 0 
1.20613 -0.577939 0 
0.414284 -0.430914 0 
0.265984 -0.391036 0 
0.0661068 -0.353326 0 
0.265984 -0.391036 0 
1.20613 -0.577939 0 
0.804127 -0.485458 0 
0.265984 -0.391036 0 
0.804127 -0.485458 0 
0.265984 -0.391036 0 
0.414284 -0.430914 0 
1.20613 -0.577939 0 
0.414284 -0.430914 0 
0.804127 -0.485458 0 
0.507531 -0.420824 0 
0.159664 -0.36574 0 
0.507531 -0.420824 0 
0.159664 -0.36574 0 
0.0992583 -0.348648 0 
0.0422223 -0.343512 0 
0.0992583 -0.348648 0 
0.507531 -0.420824 0 
0.307491 -0.374138 0 
0.0992583 -0.348648 0 
0.307491 -0.374138 0 
0.0992583 -0.348648 0 
0.159664 -0.36574 0 
0.507531 -0.420824 0 
0.159664 -0.36574 0 
0.0422223 -0.343512 0 
0.0537918 -0.347769 0 
0.159664 -0.36574 0 
0.0537918 -0.347769 0 
0.159664 -0.36574 0 
0.265984 -0.391036 0 
0.804127 -0.485458 0 
0.265984 -0.391036 0 
0.0537918 -0.347769 0 
0.0661068 -0.353326 0 
0.265984 -0.391036 0 
0.0661068 -0.353326 0 
0.265984 -0.391036 0 
0.159664 -0.36574 0 
0.0537918 -0.347769 0 
0.159664 -0.36574 0 
9.16252 -1.72156 0 
8.46797 -1.52518 0 
6.58834 -1.35438 0 
8.46797 -1.52518 0 
6.58834 -1.35438 0 
5.48294 -1.1148 0 
3.47406 -0.880579 0 
5.48294 -1.1148 0 
8.46797 -1.52518 0 
7.52293 -1.30771 0 
5.48294 -1.1148 0 
7.52293 -1.30771 0 
5.48294 -1.1148 0 
6.58834 -1.35438 0 
8.46797 -1.52518 0 
6.58834 -1.35438 0 
3.47406 -0.880579 0 
2.57734 -0.701692 0 
1.27608 -0.5326 0 
2.57734 -0.701692 0 
1.27608 -0.5326 0 
0.831354 -0.441714 0 
0.307491 -0.374138 0 
0.831354 -0.441714 0 
2.57734 -0.701692 0 
1.81121 -0.561939 0 
0.831354 -0.441714 0 
1.81121 -0.561939 0 
0.831354 -0.441714 0 
1.27608 -0.5326 0 
2.57734 -0.701692 0 
1.27608 -0.5326 0 
7.52293 -1.30771 0 
6.40161 -1.06227 0 
4.34929 -0.902087 0 
6.40161 -1.06227 0 
4.34929 -0.902087 0 
3.29466 -0.721016 0 
1.81121 -0.561939 0 
3.29466 -0.721016 0 
6.40161 -1.06227 0 
5.11812 -0.931167 0 
3.29466 -0.721016 0 
5.11812 -0.931167 0 
3.29466 -0.721016 0 
4.34929 -0.902087 0 
6.40161 -1.06227 0 
4.34929 -0.902087 0 
1.81121 -0.561939 0 
2.57734 -0.701692 0 
4.34929 -0.902087 0 
2.57734 -0.701692 0 
4.34929 -0.902087 0 
5.48294 -1.1148 0 
7.52293 -1.30771 0 
5.48294 -1.1148 0 
2.57734 -0.701692 0 
3.47406 -0.880579 0 
5.48294 -1.1148 0 
3.47406 -0.880579 0 
5.48294 -1.1148 0 
4.34929 -0.902087 0 
2.57734 -0.701692 0 
4.34929 -0.902087 0 
0.307491 -0.374138 0 
0.507531 -0.420824 0 
1.27608 -0.5326 0 
0.507531 -0.420824 0 
1.27608 -0.5326 0 
1.85664 -0.655154 0 
3.47406 -0.880579 0 
1.85664 -0.655154 0 
0.507531 -0.420824 0 
0.804127 -0.485458 0 
1.85664 -0.655154 0 
0.804127 -0.485458 0 
1.85664 -0.655154 0 
1.27608 -0.5326 0 
0.507531 -0.420824 0 
1.27608 -0.5326 0 
3.47406 -0.880579 0 
4.468 -1.09476 0 
6.58834 -1.35438 0 
4.468 -1.09476 0 
6.58834 -1.35438 0 
7.56985 -1.59471 0 
9.16252 -1.72156 0 
7.56985 -1.59471 0 
4.468 -1.09476 0 
5.49795 -1.33465 0 
7.56985 -1.59471 0 
5.49795 -1.33465 0 
7.56985 -1.59471 0 
6.58834 -1.35438 0 
4.468 -1.09476 0 
6.58834 -1.35438 0 
0.804127 -0.485458 0 
1.20613 -0.577939 0 
2.5713 -0.811105 0 
1.20613 -0.577939 0 
2.5713 -0.811105 0 
3.40615 -1.00474 0 
5.49795 -1.33465 0 
3.40615 -1.00474 0 
1.20613 -0.577939 0 
1.69658 -0.70792 0 
3.40615 -1.00474 0 
1.69658 -0.70792 0 
3.40615 -1.00474 0 
2.5713 -0.811105 0 
1.20613 -0.577939 0 
2.5713 -0.811105 0 
5.49795 -1.33465 0 
4.468 -1.09476 0 
2.5713 -0.811105 0 
4.468 -1.09476 0 
2.5713 -0.811105 0 
1.85664 -0.655154 0 
0.804127 -0.485458 0 
1.85664 -0.655154 0 
4.468 -1.09476 0 
3.47406 -0.880579 0 
1.85664 -0.655154 0 
3.47406 -0.880579 0 
1.85664 -0.655154 0 
2.5713 -0.811105 0 
4.468 -1.09476 0 
2.5713 -0.811105 0 
8.90383 -3.1632 0 
8.94057 -3.22364 0 
8.86727 -3.2187 0 
8.94057 -3.22364 0 
8.86727 -3.2187 0 
8.90146 -3.27655 0 
8.83181 -3.27292 0 
8.90146 -3.27655 0 
8.94057 -3.22364 0 
8.9543 -3.27307 0 
8.90146 -3.27655 0 
8.9543 -3.27307 0 
8.90146 -3.27655 0 
8.86727 -3.2187 0 
8.94057 -3.22364 0 
8.86727 -3.2187 0 
9.04795 -3.17141 0 
9.03104 -3.21191 0 
9.00241 -3.22477 0 
9.03104 -3.21191 0 
9.00241 -3.22477 0 
8.96713 -3.25569 0 
8.9543 -3.27307 0 
8.96713 -3.25569 0 
9.03104 -3.21191 0 
8.9158 -3.21897 0 
8.96713 -3.25569 0 
8.9158 -3.21897 0 
8.96713 -3.25569 0 
9.00241 -3.22477 0 
9.03104 -3.21191 0 
9.00241 -3.22477 0 
8.9543 -3.27307 0 
8.94057 -3.22364 0 
9.00241 -3.22477 0 
8.94057 -3.22364 0 
9.00241 -3.22477 0 
8.97865 -3.16801 0 
9.04795 -3.17141 0 
8.97865 -3.16801 0 
8.94057 -3.22364 0 
8.90383 -3.1632 0 
8.97865 -3.16801 0 
8.90383 -3.1632 0 
8.97865 -3.16801 0 
9.00241 -3.22477 0 
8.94057 -3.22364 0 
9.00241 -3.22477 0 
9.12664 -3.0638 0 
9.09529 -3.16417 0 
9.08874 -3.11783 0 
9.09529 -3.16417 0 
9.08874 -3.11783 0 
9.03104 -3.21191 0 
9.04795 -3.17141 0 
9.03104 -3.21191 0 
9.09529 -3.16417 0 
8.9158 -3.21897 0 
9.03104 -3.21191 0 
8.9158 -3.21897 0 
9.03104 -3.21191 0 
9.08874 -3.11783 0 
9.09529 -3.16417 0 
9.08874 -3.11783 0 
1.91774 -0.952978 0 
3.22415 -1.37866 0 
5.50235 -2.05338 0 
3.22415 -1.37866 0 
5.50235 -2.05338 0 
6.70459 -2.44454 0 
8.25075 -2.76167 0 
6.70459 -2.44454 0 
3.22415 -1.37866 0 
4.61681 -1.84385 0 
6.70459 -2.44454 0 
4.61681 -1.84385 0 
6.70459 -2.44454 0 
5.50235 -2.05338 0 
3.22415 -1.37866 0 
5.50235 -2.05338 0 
8.25075 -2.76167 0 
8.77036 -2.91573 0 
9.31368 -2.9335 0 
8.77036 -2.91573 0 
9.31368 -2.9335 0 
9.35776 -2.95664 0 
9.43577 -2.85493 0 
9.35776 -2.95664 0 
8.77036 -2.91573 0 
9.07594 -3.00264 0 
9.35776 -2.95664 0 
9.07594 -3.00264 0 
9.35776 -2.95664 0 
9.31368 -2.9335 0 
8.77036 -2.91573 0 
9.31368 -2.9335 0 
4.61681 -1.84385 0 
5.93565 -2.27517 0 
7.67653 -2.73556 0 
5.93565 -2.27517 0 
7.67653 -2.73556 0 
8.37545 -2.93057 0 
9.07594 -3.00264 0 
8.37545 -2.93057 0 
5.93565 -2.27517 0 
7.04989 -2.6309 0 
8.37545 -2.93057 0 
7.04989 -2.6309 0 
8.37545 -2.93057 0 
7.67653 -2.73556 0 
5.93565 -2.27517 0 
7.67653 -2.73556 0 
9.07594 -3.00264 0 
8.77036 -2.91573 0 
7.67653 -2.73556 0 
8.77036 -2.91573 0 
7.67653 -2.73556 0 
6.70459 -2.44454 0 
4.61681 -1.84385 0 
6.70459 -2.44454 0 
8.77036 -2.91573 0 
8.25075 -2.76167 0 
6.70459 -2.44454 0 
8.25075 -2.76167 0 
6.70459 -2.44454 0 
7.67653 -2.73556 0 
8.77036 -2.91573 0 
7.67653 -2.73556 0 
7.04989 -2.6309 0 
7.89367 -2.89003 0 
8.80573 -3.04791 0 
7.89367 -2.89003 0 
8.80573 -3.04791 0 
9.0237 -3.11277 0 
9.22983 -3.06238 0 
9.0237 -3.11277 0 
7.89367 -2.89003 0 
8.45771 -3.05797 0 
9.0237 -3.11277 0 
8.45771 -3.05797 0 
9.0237 -3.11277 0 
8.80573 -3.04791 0 
7.89367 -2.89003 0 
8.80573 -3.04791 0 
9.22983 -3.06238 0 
9.19426 -3.06643 0 
9.20622 -2.95365 0 
9.19426 -3.06643 0 
9.20622 -2.95365 0 
9.12636 -2.94738 0 
9.11499 -2.82515 0 
9.12636 -2.94738 0 
9.19426 -3.06643 0 
9.12664 -3.0638 0 
9.12636 -2.94738 0 
9.12664 -3.0638 0 
9.12636 -2.94738 0 
9.20622 -2.95365 0 
9.19426 -3.06643 0 
9.20622 -2.95365 0 
8.45771 -3.05797 0 
8.77774 -3.15853 0 
9.09941 -3.14642 0 
8.77774 -3.15853 0 
9.09941 -3.14642 0 
9.09529 -3.16417 0 
9.12664 -3.0638 0 
9.09529 -3.16417 0 
8.77774 -3.15853 0 
8.9158 -3.21897 0 
9.09529 -3.16417 0 
8.9158 -3.21897 0 
9.09529 -3.16417 0 
9.09941 -3.14642 0 
8.77774 -3.15853 0 
9.09941 -3.14642 0 
9.12664 -3.0638 0 
9.19426 -3.06643 0 
9.09941 -3.14642 0 
9.19426 -3.06643 0 
9.09941 -3.14642 0 
9.0237 -3.11277 0 
8.45771 -3.05797 0 
9.0237 -3.11277 0 
9.19426 -3.06643 0 
9.22983 -3.06238 0 
9.0237 -3.11277 0 
9.22983 -3.06238 0 
9.0237 -3.11277 0 
9.09941 -3.14642 0 
9.19426 -3.06643 0 
9.09941 -3.14642 0 
9.11499 -2.82515 0 
9.19854 -2.8334 0 
9.20622 -2.95365 0 
9.19854 -2.8334 0 
9.20622 -2.95365 0 
9.28117 -2.95923 0 
9.22983 -3.06238 0 
9.28117 -2.95923 0 
9.19854 -2.8334 0 
9.28028 -2.841 0 
9.28117 -2.95923 0 
9.28028 -2.841 0 
9.28117 -2.95923 0 
9.20622 -2.95365 0 
9.19854 -2.8334 0 
9.20622 -2.95365 0 
9.22983 -3.06238 0 
9.20748 -3.04506 0 
8.80573 -3.04791 0 
9.20748 -3.04506 0 
8.80573 -3.04791 0 
8.37545 -2.93057 0 
7.04989 -2.6309 0 
8.37545 -2.93057 0 
9.20748 -3.04506 0 
9.07594 -3.00264 0 
8.37545 -2.93057 0 
9.07594 -3.00264 0 
8.37545 -2.93057 0 
8.80573 -3.04791 0 
9.20748 -3.04506 0 
8.80573 -3.04791 0 
9.28028 -2.841 0 
9.35954 -2.84836 0 
9.33981 -2.96165 0 
9.35954 -2.84836 0 
9.33981 -2.96165 0 
9.35776 -2.95664 0 
9.07594 -3.00264 0 
9.35776 -2.95664 0 
9.35954 -2.84836 0 
9.43577 -2.85493 0 
9.35776 -2.95664 0 
9.43577 -2.85493 0 
9.35776 -2.95664 0 
9.33981 -2.96165 0 
9.35954 -2.84836 0 
9.33981 -2.96165 0 
9.07594 -3.00264 0 
9.20748 -3.04506 0 
9.33981 -2.96165 0 
9.20748 -3.04506 0 
9.33981 -2.96165 0 
9.28117 -2.95923 0 
9.28028 -2.841 0 
9.28117 -2.95923 0 
9.20748 -3.04506 0 
9.22983 -3.06238 0 
9.28117 -2.95923 0 
9.22983 -3.06238 0 
9.28117 -2.95923 0 
9.33981 -2.96165 0 
9.20748 -3.04506 0 
9.33981 -2.96165 0 
8.48596 -3.44287 0 
8.58474 -3.44106 0 
8.46603 -3.54092 0 
8.58474 -3.44106 0 
8.46603 -3.54092 0 
8.55164 -3.52752 0 
8.40728 -3.62037 0 
8.55164 -3.52752 0 
8.58474 -3.44106 0 
8.66954 -3.43765 0 
8.55164 -3.52752 0 
8.66954 -3.43765 0 
8.55164 -3.52752 0 
8.46603 -3.54092 0 
8.58474 -3.44106 0 
8.46603 -3.54092 0 
8.40728 -3.62037 0 
8.46049 -3.59001 0 
8.29863 -3.6802 0 
8.46049 -3.59001 0 
8.29863 -3.6802 0 
8.32893 -3.64427 0 
8.15324 -3.74423 0 
8.32893 -3.64427 0 
8.46049 -3.59001 0 
8.48681 -3.55303 0 
8.32893 -3.64427 0 
8.48681 -3.55303 0 
8.32893 -3.64427 0 
8.29863 -3.6802 0 
8.46049 -3.59001 0 
8.29863 -3.6802 0 
8.15324 -3.74423 0 
8.05009 -3.66075 0 
7.75153 -3.71433 0 
8.05009 -3.66075 0 
7.75153 -3.71433 0 
7.28705 -3.47633 0 
6.75815 -3.4136 0 
7.28705 -3.47633 0 
8.05009 -3.66075 0 
7.71054 -3.49244 0 
7.28705 -3.47633 0 
7.71054 -3.49244 0 
7.28705 -3.47633 0 
7.75153 -3.71433 0 
8.05009 -3.66075 0 
7.75153 -3.71433 0 
8.48681 -3.55303 0 
8.45898 -3.50663 0 
8.27566 -3.58719 0 
8.45898 -3.50663 0 
8.27566 -3.58719 0 
8.03951 -3.47156 0 
7.71054 -3.49244 0 
8.03951 -3.47156 0 
8.45898 -3.50663 0 
8.29768 -3.42476 0 
8.03951 -3.47156 0 
8.29768 -3.42476 0 
8.03951 -3.47156 0 
8.27566 -3.58719 0 
8.45898 -3.50663 0 
8.27566 -3.58719 0 
7.71054 -3.49244 0 
8.05009 -3.66075 0 
8.27566 -3.58719 0 
8.05009 -3.66075 0 
8.27566 -3.58719 0 
8.32893 -3.64427 0 
8.48681 -3.55303 0 
8.32893 -3.64427 0 
8.05009 -3.66075 0 
8.15324 -3.74423 0 
8.32893 -3.64427 0 
8.15324 -3.74423 0 
8.32893 -3.64427 0 
8.27566 -3.58719 0 
8.05009 -3.66075 0 
8.27566 -3.58719 0 
8.83181 -3.27292 0 
8.90146 -3.27655 0 
8.82714 -3.34871 0 
8.90146 -3.27655 0 
8.82714 -3.34871 0 
8.86558 -3.33608 0 
8.75867 -3.40116 0 
8.86558 -3.33608 0 
8.90146 -3.27655 0 
8.9543 -3.27307 0 
8.86558 -3.33608 0 
8.9543 -3.27307 0 
8.86558 -3.33608 0 
8.82714 -3.34871 0 
8.90146 -3.27655 0 
8.82714 -3.34871 0 
8.75867 -3.40116 0 
8.74691 -3.36538 0 
8.61271 -3.4316 0 
8.74691 -3.36538 0 
8.61271 -3.4316 0 
8.49849 -3.3696 0 
8.29768 -3.42476 0 
8.49849 -3.3696 0 
8.74691 -3.36538 0 
8.66062 -3.31365 0 
8.49849 -3.3696 0 
8.66062 -3.31365 0 
8.49849 -3.3696 0 
8.61271 -3.4316 0 
8.74691 -3.36538 0 
8.61271 -3.4316 0 
8.9543 -3.27307 0 
8.96713 -3.25569 0 
8.86358 -3.30875 0 
8.96713 -3.25569 0 
8.86358 -3.30875 0 
8.79664 -3.26304 0 
8.66062 -3.31365 0 
8.79664 -3.26304 0 
8.96713 -3.25569 0 
8.9158 -3.21897 0 
8.79664 -3.26304 0 
8.9158 -3.21897 0 
8.79664 -3.26304 0 
8.86358 -3.30875 0 
8.96713 -3.25569 0 
8.86358 -3.30875 0 
8.66062 -3.31365 0 
8.74691 -3.36538 0 
8.86358 -3.30875 0 
8.74691 -3.36538 0 
8.86358 -3.30875 0 
8.86558 -3.33608 0 
8.9543 -3.27307 0 
8.86558 -3.33608 0 
8.74691 -3.36538 0 
8.75867 -3.40116 0 
8.86558 -3.33608 0 
8.75867 -3.40116 0 
8.86558 -3.33608 0 
8.86358 -3.30875 0 
8.74691 -3.36538 0 
8.86358 -3.30875 0 
8.29768 -3.42476 0 
8.45898 -3.50663 0 
8.61271 -3.4316 0 
8.45898 -3.50663 0 
8.61271 -3.4316 0 
8.63107 -3.47191 0 
8.75867 -3.40116 0 
8.63107 -3.47191 0 
8.45898 -3.50663 0 
8.48681 -3.55303 0 
8.63107 -3.47191 0 
8.48681 -3.55303 0 
8.63107 -3.47191 0 
8.61271 -3.4316 0 
8.45898 -3.50663 0 
8.61271 -3.4316 0 
8.75867 -3.40116 0 
8.72977 -3.42554 0 
8.82714 -3.34871 0 
8.72977 -3.42554 0 
8.82714 -3.34871 0 
8.76238 -3.3521 0 
8.83181 -3.27292 0 
8.76238 -3.3521 0 
8.72977 -3.42554 0 
8.66954 -3.43765 0 
8.76238 -3.3521 0 
8.66954 -3.43765 0 
8.76238 -3.3521 0 
8.82714 -3.34871 0 
8.72977 -3.42554 0 
8.82714 -3.34871 0 
8.48681 -3.55303 0 
8.46049 -3.59001 0 
8.60733 -3.50432 0 
8.46049 -3.59001 0 
8.60733 -3.50432 0 
8.55164 -3.52752 0 
8.66954 -3.43765 0 
8.55164 -3.52752 0 
8.46049 -3.59001 0 
8.40728 -3.62037 0 
8.55164 -3.52752 0 
8.40728 -3.62037 0 
8.55164 -3.52752 0 
8.60733 -3.50432 0 
8.46049 -3.59001 0 
8.60733 -3.50432 0 
8.66954 -3.43765 0 
8.72977 -3.42554 0 
8.60733 -3.50432 0 
8.72977 -3.42554 0 
8.60733 -3.50432 0 
8.63107 -3.47191 0 
8.48681 -3.55303 0 
8.63107 -3.47191 0 
8.72977 -3.42554 0 
8.75867 -3.40116 0 
8.63107 -3.47191 0 
8.75867 -3.40116 0 
8.63107 -3.47191 0 
8.60733 -3.50432 0 
8.72977 -3.42554 0 
8.60733 -3.50432 0 
0.0179409 -0.163328 0 
0.0341765 -0.136803 0 
0.0732593 -0.07543 0 
0.0341765 -0.136803 0 
0.0732593 -0.07543 0 
0.186877 0.123135 0 
0.37394 0.422187 0 
0.186877 0.123135 0 
0.0341765 -0.136803 0 
0.0901763 -0.0429038 0 
0.186877 0.123135 0 
0.0901763 -0.0429038 0 
0.186877 0.123135 0 
0.0732593 -0.07543 0 
0.0341765 -0.136803 0 
0.0732593 -0.07543 0 
0.0126245 -0.177067 0 
0.0168917 -0.171379 0 
0.0214113 -0.162238 0 
0.0168917 -0.171379 0 
0.0214113 -0.162238 0 
0.0424407 -0.124288 0 
0.0901763 -0.0429038 0 
0.0424407 -0.124288 0 
0.0168917 -0.171379 0 
0.0234551 -0.16081 0 
0.0424407 -0.124288 0 
0.0234551 -0.16081 0 
0.0424407 -0.124288 0 
0.0214113 -0.162238 0 
0.0168917 -0.171379 0 
0.0214113 -0.162238 0 
0.0901763 -0.0429038 0 
0.0341765 -0.136803 0 
0.0214113 -0.162238 0 
0.0341765 -0.136803 0 
0.0214113 -0.162238 0 
0.0151038 -0.171991 0 
0.0126245 -0.177067 0 
0.0151038 -0.171991 0 
0.0341765 -0.136803 0 
0.0179409 -0.163328 0 
0.0151038 -0.171991 0 
0.0179409 -0.163328 0 
0.0151038 -0.171991 0 
0.0214113 -0.162238 0 
0.0341765 -0.136803 0 
0.0214113 -0.162238 0 
11.6714 20.4331 0 
8.58446 15.5339 0 
10.0936 18.8582 0 
8.58446 15.5339 0 
10.0936 18.8582 0 
6.52301 12.9993 0 
8.25005 16.8754 0 
6.52301 12.9993 0 
8.58446 15.5339 0 
4.78069 9.19663 0 
6.52301 12.9993 0 
4.78069 9.19663 0 
6.52301 12.9993 0 
10.0936 18.8582 0 
8.58446 15.5339 0 
10.0936 18.8582 0 
8.25005 16.8754 0 
4.84893 10.3521 0 
6.77864 13.9943 0 
4.84893 10.3521 0 
6.77864 13.9943 0 
3.75647 7.36726 0 
5.69814 10.1338 0 
3.75647 7.36726 0 
4.84893 10.3521 0 
2.29528 4.75516 0 
3.75647 7.36726 0 
2.29528 4.75516 0 
3.75647 7.36726 0 
6.77864 13.9943 0 
4.84893 10.3521 0 
6.77864 13.9943 0 
4.78069 9.19663 0 
2.04009 4.14465 0 
3.24651 6.88931 0 
2.04009 4.14465 0 
3.24651 6.88931 0 
1.30939 2.71556 0 
2.29528 4.75516 0 
1.30939 2.71556 0 
2.04009 4.14465 0 
0.696749 1.34612 0 
1.30939 2.71556 0 
0.696749 1.34612 0 
1.30939 2.71556 0 
3.24651 6.88931 0 
2.04009 4.14465 0 
3.24651 6.88931 0 
2.29528 4.75516 0 
4.84893 10.3521 0 
3.24651 6.88931 0 
4.84893 10.3521 0 
3.24651 6.88931 0 
6.52301 12.9993 0 
4.78069 9.19663 0 
6.52301 12.9993 0 
4.84893 10.3521 0 
8.25005 16.8754 0 
6.52301 12.9993 0 
8.25005 16.8754 0 
6.52301 12.9993 0 
3.24651 6.88931 0 
4.84893 10.3521 0 
3.24651 6.88931 0 
5.69814 10.1338 0 
2.7689 4.49372 0 
4.31565 6.24624 0 
2.7689 4.49372 0 
4.31565 6.24624 0 
1.73401 2.27157 0 
2.69577 3.19534 0 
1.73401 2.27157 0 
2.7689 4.49372 0 
1.01026 1.39756 0 
1.73401 2.27157 0 
1.01026 1.39756 0 
1.73401 2.27157 0 
4.31565 6.24624 0 
2.7689 4.49372 0 
4.31565 6.24624 0 
2.69577 3.19534 0 
0.879997 0.87061 0 
1.35561 1.29063 0 
0.879997 0.87061 0 
1.35561 1.29063 0 
0.346218 0.149466 0 
0.550814 0.273271 0 
0.346218 0.149466 0 
0.879997 0.87061 0 
0.197234 0.0195995 0 
0.346218 0.149466 0 
0.197234 0.0195995 0 
0.346218 0.149466 0 
1.35561 1.29063 0 
0.879997 0.87061 0 
1.35561 1.29063 0 
1.01026 1.39756 0 
0.26132 0.181691 0 
0.509807 0.486002 0 
0.26132 0.181691 0 
0.509807 0.486002 0 
0.107663 -0.0744832 0 
0.197234 0.0195995 0 
0.107663 -0.0744832 0 
0.26132 0.181691 0 
0.0592096 -0.132563 0 
0.107663 -0.0744832 0 
0.0592096 -0.132563 0 
0.107663 -0.0744832 0 
0.509807 0.486002 0 
0.26132 0.181691 0 
0.509807 0.486002 0 
0.197234 0.0195995 0 
0.879997 0.87061 0 
0.509807 0.486002 0 
0.879997 0.87061 0 
0.509807 0.486002 0 
1.73401 2.27157 0 
1.01026 1.39756 0 
1.73401 2.27157 0 
0.879997 0.87061 0 
2.69577 3.19534 0 
1.73401 2.27157 0 
2.69577 3.19534 0 
1.73401 2.27157 0 
0.509807 0.486002 0 
0.879997 0.87061 0 
0.509807 0.486002 0 
0.696749 1.34612 0 
0.189497 0.204647 0 
0.424253 0.692992 0 
0.189497 0.204647 0 
0.424253 0.692992 0 
0.109203 0.00318809 0 
0.24725 0.250199 0 
0.109203 0.00318809 0 
0.189497 0.204647 0 
0.0499739 -0.113096 0 
0.109203 0.00318809 0 
0.0499739 -0.113096 0 
0.109203 0.00318809 0 
0.424253 0.692992 0 
0.189497 0.204647 0 
0.424253 0.692992 0 
0.24725 0.250199 0 
0.0609775 -0.108245 0 
0.125113 -0.00754757 0 
0.0609775 -0.108245 0 
0.125113 -0.00754757 0 
0.0334368 -0.163894 0 
0.0592096 -0.132563 0 
0.0334368 -0.163894 0 
0.0609775 -0.108245 0 
0.0219122 -0.179611 0 
0.0334368 -0.163894 0 
0.0219122 -0.179611 0 
0.0334368 -0.163894 0 
0.125113 -0.00754757 0 
0.0609775 -0.108245 0 
0.125113 -0.00754757 0 
0.0499739 -0.113096 0 
0.0210902 -0.175504 0 
0.03118 -0.15749 0 
0.0210902 -0.175504 0 
0.03118 -0.15749 0 
0.018261 -0.182879 0 
0.0219122 -0.179611 0 
0.018261 -0.182879 0 
0.0210902 -0.175504 0 
0.0158949 -0.185309 0 
0.018261 -0.182879 0 
0.0158949 -0.185309 0 
0.018261 -0.182879 0 
0.03118 -0.15749 0 
0.0210902 -0.175504 0 
0.03118 -0.15749 0 
0.0219122 -0.179611 0 
0.0609775 -0.108245 0 
0.03118 -0.15749 0 
0.0609775 -0.108245 0 
0.03118 -0.15749 0 
0.109203 0.00318809 0 
0.0499739 -0.113096 0 
0.109203 0.00318809 0 
0.0609775 -0.108245 0 
0.24725 0.250199 0 
0.109203 0.00318809 0 
0.24725 0.250199 0 
0.109203 0.00318809 0 
0.03118 -0.15749 0 
0.0609775 -0.108245 0 
0.03118 -0.15749 0 
0.0592096 -0.132563 0 
0.26132 0.181691 0 
0.125113 -0.00754757 0 
0.26132 0.181691 0 
0.125113 -0.00754757 0 
0.528466 0.707428 0 
0.24725 0.250199 0 
0.528466 0.707428 0 
0.26132 0.181691 0 
1.01026 1.39756 0 
0.528466 0.707428 0 
1.01026 1.39756 0 
0.528466 0.707428 0 
0.125113 -0.00754757 0 
0.26132 0.181691 0 
0.125113 -0.00754757 0 
0.24725 0.250199 0 
0.869743 1.55493 0 
0.424253 0.692992 0 
0.869743 1.55493 0 
0.424253 0.692992 0 
1.30939 2.71556 0 
0.696749 1.34612 0 
1.30939 2.71556 0 
0.869743 1.55493 0 
2.29528 4.75516 0 
1.30939 2.71556 0 
2.29528 4.75516 0 
1.30939 2.71556 0 
0.424253 0.692992 0 
0.869743 1.55493 0 
0.424253 0.692992 0 
1.01026 1.39756 0 
2.7689 4.49372 0 
1.62163 2.84527 0 
2.7689 4.49372 0 
1.62163 2.84527 0 
3.75647 7.36726 0 
2.29528 4.75516 0 
3.75647 7.36726 0 
2.7689 4.49372 0 
5.69814 10.1338 0 
3.75647 7.36726 0 
5.69814 10.1338 0 
3.75647 7.36726 0 
1.62163 2.84527 0 
2.7689 4.49372 0 
1.62163 2.84527 0 
2.29528 4.75516 0 
0.869743 1.55493 0 
1.62163 2.84527 0 
0.869743 1.55493 0 
1.62163 2.84527 0 
0.528466 0.707428 0 
1.01026 1.39756 0 
0.528466 0.707428 0 
0.869743 1.55493 0 
0.24725 0.250199 0 
0.528466 0.707428 0 
0.24725 0.250199 0 
0.528466 0.707428 0 
1.62163 2.84527 0 
0.869743 1.55493 0 
1.62163 2.84527 0 
0.37394 0.422187 0 
0.186877 0.123135 0 
0.772806 1.12606 0 
0.186877 0.123135 0 
0.772806 1.12606 0 
0.422764 0.547168 0 
1.47265 2.36362 0 
0.422764 0.547168 0 
0.186877 0.123135 0 
0.0901763 -0.0429038 0 
0.422764 0.547168 0 
0.0901763 -0.0429038 0 
0.422764 0.547168 0 
0.772806 1.12606 0 
0.186877 0.123135 0 
0.772806 1.12606 0 
1.47265 2.36362 0 
0.87525 1.35601 0 
2.58447 4.33494 0 
0.87525 1.35601 0 
2.58447 4.33494 0 
1.64902 2.74861 0 
4.17416 7.16232 0 
1.64902 2.74861 0 
0.87525 1.35601 0 
0.490203 0.693784 0 
1.64902 2.74861 0 
0.490203 0.693784 0 
1.64902 2.74861 0 
2.58447 4.33494 0 
0.87525 1.35601 0 
2.58447 4.33494 0 
0.0901763 -0.0429038 0 
0.0424407 -0.124288 0 
0.218207 0.195228 0 
0.0424407 -0.124288 0 
0.218207 0.195228 0 
0.109466 -0.00098842 0 
0.490203 0.693784 0 
0.109466 -0.00098842 0 
0.0424407 -0.124288 0 
0.0234551 -0.16081 0 
0.109466 -0.00098842 0 
0.0234551 -0.16081 0 
0.109466 -0.00098842 0 
0.218207 0.195228 0 
0.0424407 -0.124288 0 
0.218207 0.195228 0 
0.490203 0.693784 0 
0.87525 1.35601 0 
0.218207 0.195228 0 
0.87525 1.35601 0 
0.218207 0.195228 0 
0.422764 0.547168 0 
0.0901763 -0.0429038 0 
0.422764 0.547168 0 
0.87525 1.35601 0 
1.47265 2.36362 0 
0.422764 0.547168 0 
1.47265 2.36362 0 
0.422764 0.547168 0 
0.218207 0.195228 0 
0.87525 1.35601 0 
0.218207 0.195228 0 
4.17416 7.16232 0 
2.84961 4.91767 0 
6.17071 10.713 0 
2.84961 4.91767 0 
6.17071 10.713 0 
4.52209 7.93661 0 
8.32441 14.4893 0 
4.52209 7.93661 0 
2.84961 4.91767 0 
1.84695 3.2378 0 
4.52209 7.93661 0 
1.84695 3.2378 0 
4.52209 7.93661 0 
6.17071 10.713 0 
2.84961 4.91767 0 
6.17071 10.713 0 
8.32441 14.4893 0 
6.56239 11.6163 0 
10.257 17.8773 0 
6.56239 11.6163 0 
10.257 17.8773 0 
8.58446 15.5339 0 
11.6714 20.4331 0 
8.58446 15.5339 0 
6.56239 11.6163 0 
4.78069 9.19663 0 
8.58446 15.5339 0 
4.78069 9.19663 0 
8.58446 15.5339 0 
10.257 17.8773 0 
6.56239 11.6163 0 
10.257 17.8773 0 
1.84695 3.2378 0 
1.13405 2.09832 0 
3.11612 5.71436 0 
1.13405 2.09832 0 
3.11612 5.71436 0 
2.04009 4.14465 0 
4.78069 9.19663 0 
2.04009 4.14465 0 
1.13405 2.09832 0 
0.696749 1.34612 0 
2.04009 4.14465 0 
0.696749 1.34612 0 
2.04009 4.14465 0 
3.11612 5.71436 0 
1.13405 2.09832 0 
3.11612 5.71436 0 
4.78069 9.19663 0 
6.56239 11.6163 0 
3.11612 5.71436 0 
6.56239 11.6163 0 
3.11612 5.71436 0 
4.52209 7.93661 0 
1.84695 3.2378 0 
4.52209 7.93661 0 
6.56239 11.6163 0 
8.32441 14.4893 0 
4.52209 7.93661 0 
8.32441 14.4893 0 
4.52209 7.93661 0 
3.11612 5.71436 0 
6.56239 11.6163 0 
3.11612 5.71436 0 
0.0234551 -0.16081 0 
0.0198473 -0.170749 0 
0.05212 -0.100289 0 
0.0198473 -0.170749 0 
0.05212 -0.100289 0 
0.0321076 -0.144575 0 
0.133822 0.0675727 0 
0.0321076 -0.144575 0 
0.0198473 -0.170749 0 
0.0165886 -0.17652 0 
0.0321076 -0.144575 0 
0.0165886 -0.17652 0 
0.0321076 -0.144575 0 
0.05212 -0.100289 0 
0.0198473 -0.170749 0 
0.05212 -0.100289 0 
0.133822 0.0675727 0 
0.0734247 -0.0497249 0 
0.317613 0.47714 0 
0.0734247 -0.0497249 0 
0.317613 0.47714 0 
0.189497 0.204647 0 
0.696749 1.34612 0 
0.189497 0.204647 0 
0.0734247 -0.0497249 0 
0.0499739 -0.113096 0 
0.189497 0.204647 0 
0.0499739 -0.113096 0 
0.189497 0.204647 0 
0.317613 0.47714 0 
0.0734247 -0.0497249 0 
0.317613 0.47714 0 
0.0165886 -0.17652 0 
0.0163986 -0.181928 0 
0.0246576 -0.162789 0 
0.0163986 -0.181928 0 
0.0246576 -0.162789 0 
0.0210902 -0.175504 0 
0.0499739 -0.113096 0 
0.0210902 -0.175504 0 
0.0163986 -0.181928 0 
0.0158949 -0.185309 0 
0.0210902 -0.175504 0 
0.0158949 -0.185309 0 
0.0210902 -0.175504 0 
0.0246576 -0.162789 0 
0.0163986 -0.181928 0 
0.0246576 -0.162789 0 
0.0499739 -0.113096 0 
0.0734247 -0.0497249 0 
0.0246576 -0.162789 0 
0.0734247 -0.0497249 0 
0.0246576 -0.162789 0 
0.0321076 -0.144575 0 
0.0165886 -0.17652 0 
0.0321076 -0.144575 0 
0.0734247 -0.0497249 0 
0.133822 0.0675727 0 
0.0321076 -0.144575 0 
0.133822 0.0675727 0 
0.0321076 -0.144575 0 
0.0246576 -0.162789 0 
0.0734247 -0.0497249 0 
0.0246576 -0.162789 0 
0.696749 1.34612 0 
1.13405 2.09832 0 
0.317613 0.47714 0 
1.13405 2.09832 0 
0.317613 0.47714 0 
0.57204 0.912899 0 
0.133822 0.0675727 0 
0.57204 0.912899 0 
1.13405 2.09832 0 
1.84695 3.2378 0 
0.57204 0.912899 0 
1.84695 3.2378 0 
0.57204 0.912899 0 
0.317613 0.47714 0 
1.13405 2.09832 0 
0.317613 0.47714 0 
0.133822 0.0675727 0 
0.260376 0.293828 0 
0.05212 -0.100289 0 
0.260376 0.293828 0 
0.05212 -0.100289 0 
0.109466 -0.00098842 0 
0.0234551 -0.16081 0 
0.109466 -0.00098842 0 
0.260376 0.293828 0 
0.490203 0.693784 0 
0.109466 -0.00098842 0 
0.490203 0.693784 0 
0.109466 -0.00098842 0 
0.05212 -0.100289 0 
0.260376 0.293828 0 
0.05212 -0.100289 0 
1.84695 3.2378 0 
2.84961 4.91767 0 
0.997844 1.63613 0 
2.84961 4.91767 0 
0.997844 1.63613 0 
1.64902 2.74861 0 
0.490203 0.693784 0 
1.64902 2.74861 0 
2.84961 4.91767 0 
4.17416 7.16232 0 
1.64902 2.74861 0 
4.17416 7.16232 0 
1.64902 2.74861 0 
0.997844 1.63613 0 
2.84961 4.91767 0 
0.997844 1.63613 0 
0.490203 0.693784 0 
0.260376 0.293828 0 
0.997844 1.63613 0 
0.260376 0.293828 0 
0.997844 1.63613 0 
0.57204 0.912899 0 
1.84695 3.2378 0 
0.57204 0.912899 0 
0.260376 0.293828 0 
0.133822 0.0675727 0 
0.57204 0.912899 0 
0.133822 0.0675727 0 
0.57204 0.912899 0 
0.997844 1.63613 0 
0.260376 0.293828 0 
0.997844 1.63613 0 
0.121762 -0.298549 0 
0.0630108 -0.306462 0 
0.228489 -0.304065 0 
0.0630108 -0.306462 0 
0.228489 -0.304065 0 
0.0833043 -0.312273 0 
0.436666 -0.319199 0 
0.0833043 -0.312273 0 
0.0630108 -0.306462 0 
0.0363408 -0.308558 0 
0.0833043 -0.312273 0 
0.0363408 -0.308558 0 
0.0833043 -0.312273 0 
0.228489 -0.304065 0 
0.0630108 -0.306462 0 
0.228489 -0.304065 0 
0.436666 -0.319199 0 
0.136575 -0.316141 0 
0.784245 -0.343197 0 
0.136575 -0.316141 0 
0.784245 -0.343197 0 
0.245056 -0.325161 0 
1.31005 -0.38626 0 
0.245056 -0.325161 0 
0.136575 -0.316141 0 
0.0566876 -0.314964 0 
0.245056 -0.325161 0 
0.0566876 -0.314964 0 
0.245056 -0.325161 0 
0.784245 -0.343197 0 
0.136575 -0.316141 0 
0.784245 -0.343197 0 
0.0566876 -0.314964 0 
0.136575 -0.316141 0 
0.0458422 -0.311269 0 
0.136575 -0.316141 0 
0.0458422 -0.311269 0 
0.0833043 -0.312273 0 
0.0363408 -0.308558 0 
0.0833043 -0.312273 0 
0.136575 -0.316141 0 
0.436666 -0.319199 0 
0.0833043 -0.312273 0 
0.436666 -0.319199 0 
0.0833043 -0.312273 0 
0.0458422 -0.311269 0 
0.136575 -0.316141 0 
0.0458422 -0.311269 0 
1.31005 -0.38626 0 
0.45115 -0.342498 0 
2.03033 -0.451153 0 
0.45115 -0.342498 0 
2.03033 -0.451153 0 
0.787344 -0.380757 0 
2.94011 -0.557928 0 
0.787344 -0.380757 0 
0.45115 -0.342498 0 
0.110319 -0.322456 0 
0.787344 -0.380757 0 
0.110319 -0.322456 0 
0.787344 -0.380757 0 
2.03033 -0.451153 0 
0.45115 -0.342498 0 
2.03033 -0.451153 0 
2.94011 -0.557928 0 
1.26419 -0.430431 0 
4.00444 -0.710268 0 
1.26419 -0.430431 0 
4.00444 -0.710268 0 
1.88548 -0.517234 0 
5.11812 -0.931167 0 
1.88548 -0.517234 0 
1.26419 -0.430431 0 
0.385869 -0.350367 0 
1.88548 -0.517234 0 
0.385869 -0.350367 0 
1.88548 -0.517234 0 
4.00444 -0.710268 0 
1.26419 -0.430431 0 
4.00444 -0.710268 0 
0.110319 -0.322456 0 
0.057103 -0.327029 0 
0.213343 -0.328205 0 
0.057103 -0.327029 0 
0.213343 -0.328205 0 
0.0653213 -0.33235 0 
0.385869 -0.350367 0 
0.0653213 -0.33235 0 
0.057103 -0.327029 0 
0.0303355 -0.325038 0 
0.0653213 -0.33235 0 
0.0303355 -0.325038 0 
0.0653213 -0.33235 0 
0.213343 -0.328205 0 
0.057103 -0.327029 0 
0.213343 -0.328205 0 
0.385869 -0.350367 0 
1.26419 -0.430431 0 
0.213343 -0.328205 0 
1.26419 -0.430431 0 
0.213343 -0.328205 0 
0.787344 -0.380757 0 
0.110319 -0.322456 0 
0.787344 -0.380757 0 
1.26419 -0.430431 0 
2.94011 -0.557928 0 
0.787344 -0.380757 0 
2.94011 -0.557928 0 
0.787344 -0.380757 0 
0.213343 -0.328205 0 
1.26419 -0.430431 0 
0.213343 -0.328205 0 
0.110319 -0.322456 0 
0.45115 -0.342498 0 
0.0805273 -0.3181 0 
0.45115 -0.342498 0 
0.0805273 -0.3181 0 
0.245056 -0.325161 0 
0.0566876 -0.314964 0 
0.245056 -0.325161 0 
0.45115 -0.342498 0 
1.31005 -0.38626 0 
0.245056 -0.325161 0 
1.31005 -0.38626 0 
0.245056 -0.325161 0 
0.0805273 -0.3181 0 
0.45115 -0.342498 0 
0.0805273 -0.3181 0 
5.11812 -0.931167 0 
1.88548 -0.517234 0 
3.29466 -0.721016 0 
1.88548 -0.517234 0 
3.29466 -0.721016 0 
0.91167 -0.426552 0 
1.81121 -0.561939 0 
0.91167 -0.426552 0 
1.88548 -0.517234 0 
0.385869 -0.350367 0 
0.91167 -0.426552 0 
0.385869 -0.350367 0 
0.91167 -0.426552 0 
3.29466 -0.721016 0 
1.88548 -0.517234 0 
3.29466 -0.721016 0 
1.81121 -0.561939 0 
0.363176 -0.371124 0 
0.831354 -0.441714 0 
0.363176 -0.371124 0 
0.831354 -0.441714 0 
0.122064 -0.345897 0 
0.307491 -0.374138 0 
0.122064 -0.345897 0 
0.363176 -0.371124 0 
0.056578 -0.333116 0 
0.122064 -0.345897 0 
0.056578 -0.333116 0 
0.122064 -0.345897 0 
0.831354 -0.441714 0 
0.363176 -0.371124 0 
0.831354 -0.441714 0 
0.385869 -0.350367 0 
0.0653213 -0.33235 0 
0.140331 -0.341354 0 
0.0653213 -0.33235 0 
0.140331 -0.341354 0 
0.0426975 -0.32754 0 
0.056578 -0.333116 0 
0.0426975 -0.32754 0 
0.0653213 -0.33235 0 
0.0303355 -0.325038 0 
0.0426975 -0.32754 0 
0.0303355 -0.325038 0 
0.0426975 -0.32754 0 
0.140331 -0.341354 0 
0.0653213 -0.33235 0 
0.140331 -0.341354 0 
0.056578 -0.333116 0 
0.363176 -0.371124 0 
0.140331 -0.341354 0 
0.363176 -0.371124 0 
0.140331 -0.341354 0 
0.91167 -0.426552 0 
0.385869 -0.350367 0 
0.91167 -0.426552 0 
0.363176 -0.371124 0 
1.81121 -0.561939 0 
0.91167 -0.426552 0 
1.81121 -0.561939 0 
0.91167 -0.426552 0 
0.140331 -0.341354 0 
0.363176 -0.371124 0 
0.140331 -0.341354 0 
0.307491 -0.374138 0 
0.0515716 -0.340721 0 
0.0992583 -0.348648 0 
0.0515716 -0.340721 0 
0.0992583 -0.348648 0 
0.0337228 -0.339625 0 
0.0422223 -0.343512 0 
0.0337228 -0.339625 0 
0.0515716 -0.340721 0 
0.0291012 -0.336182 0 
0.0337228 -0.339625 0 
0.0291012 -0.336182 0 
0.0337228 -0.339625 0 
0.0992583 -0.348648 0 
0.0515716 -0.340721 0 
0.0992583 -0.348648 0 
0.0291012 -0.336182 0 
0.0515716 -0.340721 0 
0.0387667 -0.335487 0 
0.0515716 -0.340721 0 
0.0387667 -0.335487 0 
0.122064 -0.345897 0 
0.056578 -0.333116 0 
0.122064 -0.345897 0 
0.0515716 -0.340721 0 
0.307491 -0.374138 0 
0.122064 -0.345897 0 
0.307491 -0.374138 0 
0.122064 -0.345897 0 
0.0387667 -0.335487 0 
0.0515716 -0.340721 0 
0.0387667 -0.335487 0 
13.1858 7.35008 0 
13.4285 6.41071 0 
12.9438 6.62861 0 
13.4285 6.41071 0 
12.9438 6.62861 0 
13.1634 5.77483 0 
12.7293 5.98069 0 
13.1634 5.77483 0 
13.4285 6.41071 0 
13.662 5.67934 0 
13.1634 5.77483 0 
13.662 5.67934 0 
13.1634 5.77483 0 
12.9438 6.62861 0 
13.4285 6.41071 0 
12.9438 6.62861 0 
12.7293 5.98069 0 
12.9235 5.21386 0 
12.55 5.39155 0 
12.9235 5.21386 0 
12.55 5.39155 0 
12.7094 4.74067 0 
12.3712 4.85237 0 
12.7094 4.74067 0 
12.9235 5.21386 0 
13.1268 4.68607 0 
12.7094 4.74067 0 
13.1268 4.68607 0 
12.7094 4.74067 0 
12.55 5.39155 0 
12.9235 5.21386 0 
12.55 5.39155 0 
13.1268 4.68607 0 
12.9235 5.21386 0 
13.3774 5.14331 0 
12.9235 5.21386 0 
13.3774 5.14331 0 
13.1634 5.77483 0 
13.662 5.67934 0 
13.1634 5.77483 0 
12.9235 5.21386 0 
12.7293 5.98069 0 
13.1634 5.77483 0 
12.7293 5.98069 0 
13.1634 5.77483 0 
13.3774 5.14331 0 
12.9235 5.21386 0 
13.3774 5.14331 0 
13.8814 3.83272 0 
13.7608 3.4381 0 
13.6509 3.44518 0 
13.7608 3.4381 0 
13.6509 3.44518 0 
13.5758 3.09742 0 
13.442 3.1 0 
13.5758 3.09742 0 
13.7608 3.4381 0 
13.6017 3.0737 0 
13.5758 3.09742 0 
13.6017 3.0737 0 
13.5758 3.09742 0 
13.6509 3.44518 0 
13.7608 3.4381 0 
13.6509 3.44518 0 
0.121762 -0.298549 0 
0.501346 -0.305482 0 
0.369681 -0.295273 0 
0.501346 -0.305482 0 
0.369681 -0.295273 0 
1.36699 -0.303471 0 
1.04615 -0.283575 0 
1.36699 -0.303471 0 
0.501346 -0.305482 0 
1.7296 -0.330143 0 
1.36699 -0.303471 0 
1.7296 -0.330143 0 
1.36699 -0.303471 0 
0.369681 -0.295273 0 
0.501346 -0.305482 0 
0.369681 -0.295273 0 
1.04615 -0.283575 0 
2.95086 -0.276713 0 
2.36662 -0.247104 0 
2.95086 -0.276713 0 
2.36662 -0.247104 0 
5.24383 -0.20715 0 
4.40412 -0.163432 0 
5.24383 -0.20715 0 
2.95086 -0.276713 0 
6.08359 -0.269829 0 
5.24383 -0.20715 0 
6.08359 -0.269829 0 
5.24383 -0.20715 0 
2.36662 -0.247104 0 
2.95086 -0.276713 0 
2.36662 -0.247104 0 
1.7296 -0.330143 0 
4.24543 -0.389391 0 
3.5836 -0.322872 0 
4.24543 -0.389391 0 
3.5836 -0.322872 0 
6.89017 -0.354015 0 
6.08359 -0.269829 0 
6.89017 -0.354015 0 
4.24543 -0.389391 0 
7.63022 -0.471193 0 
6.89017 -0.354015 0 
7.63022 -0.471193 0 
6.89017 -0.354015 0 
3.5836 -0.322872 0 
4.24543 -0.389391 0 
3.5836 -0.322872 0 
6.08359 -0.269829 0 
2.95086 -0.276713 0 
3.5836 -0.322872 0 
2.95086 -0.276713 0 
3.5836 -0.322872 0 
1.36699 -0.303471 0 
1.7296 -0.330143 0 
1.36699 -0.303471 0 
2.95086 -0.276713 0 
1.04615 -0.283575 0 
1.36699 -0.303471 0 
1.04615 -0.283575 0 
1.36699 -0.303471 0 
3.5836 -0.322872 0 
2.95086 -0.276713 0 
3.5836 -0.322872 0 
4.40412 -0.163432 0 
7.86097 -0.0682296 0 
6.93409 -0.00649805 0 
7.86097 -0.0682296 0 
6.93409 -0.00649805 0 
10.0919 0.140932 0 
9.37091 0.216068 0 
10.0919 0.140932 0 
7.86097 -0.0682296 0 
10.6197 0.0490576 0 
10.0919 0.140932 0 
10.6197 0.0490576 0 
10.0919 0.140932 0 
6.93409 -0.00649805 0 
7.86097 -0.0682296 0 
6.93409 -0.00649805 0 
9.37091 0.216068 0 
11.4763 0.406896 0 
11.1339 0.502732 0 
11.4763 0.406896 0 
11.1339 0.502732 0 
12.1421 0.705524 0 
12.0492 0.821272 0 
12.1421 0.705524 0 
11.4763 0.406896 0 
12.1396 0.554808 0 
12.1421 0.705524 0 
12.1396 0.554808 0 
12.1421 0.705524 0 
11.1339 0.502732 0 
11.4763 0.406896 0 
11.1339 0.502732 0 
10.6197 0.0490576 0 
11.7696 0.170563 0 
11.6763 0.294674 0 
11.7696 0.170563 0 
11.6763 0.294674 0 
12.074 0.409109 0 
12.1396 0.554808 0 
12.074 0.409109 0 
11.7696 0.170563 0 
11.9727 0.26744 0 
12.074 0.409109 0 
11.9727 0.26744 0 
12.074 0.409109 0 
11.6763 0.294674 0 
11.7696 0.170563 0 
11.6763 0.294674 0 
12.1396 0.554808 0 
11.4763 0.406896 0 
11.6763 0.294674 0 
11.4763 0.406896 0 
11.6763 0.294674 0 
10.0919 0.140932 0 
10.6197 0.0490576 0 
10.0919 0.140932 0 
11.4763 0.406896 0 
9.37091 0.216068 0 
10.0919 0.140932 0 
9.37091 0.216068 0 
10.0919 0.140932 0 
11.6763 0.294674 0 
11.4763 0.406896 0 
11.6763 0.294674 0 
7.63022 -0.471193 0 
10.2692 -0.476598 0 
9.88242 -0.352079 0 
10.2692 -0.476598 0 
9.88242 -0.352079 0 
11.3384 -0.294534 0 
11.2099 -0.175703 0 
11.3384 -0.294534 0 
10.2692 -0.476598 0 
11.3816 -0.41345 0 
11.3384 -0.294534 0 
11.3816 -0.41345 0 
11.3384 -0.294534 0 
9.88242 -0.352079 0 
10.2692 -0.476598 0 
9.88242 -0.352079 0 
11.2099 -0.175703 0 
11.7399 -0.0887529 0 
11.7823 0.0414934 0 
11.7399 -0.0887529 0 
11.7823 0.0414934 0 
11.8536 0.127674 0 
11.9727 0.26744 0 
11.8536 0.127674 0 
11.7399 -0.0887529 0 
11.7295 -0.00662241 0 
11.8536 0.127674 0 
11.7295 -0.00662241 0 
11.8536 0.127674 0 
11.7823 0.0414934 0 
11.7399 -0.0887529 0 
11.7823 0.0414934 0 
11.3816 -0.41345 0 
11.5659 -0.33923 0 
11.6638 -0.218287 0 
11.5659 -0.33923 0 
11.6638 -0.218287 0 
11.6042 -0.139217 0 
11.7295 -0.00662241 0 
11.6042 -0.139217 0 
11.5659 -0.33923 0 
11.482 -0.26533 0 
11.6042 -0.139217 0 
11.482 -0.26533 0 
11.6042 -0.139217 0 
11.6638 -0.218287 0 
11.5659 -0.33923 0 
11.6638 -0.218287 0 
11.7295 -0.00662241 0 
11.7399 -0.0887529 0 
11.6638 -0.218287 0 
11.7399 -0.0887529 0 
11.6638 -0.218287 0 
11.3384 -0.294534 0 
11.3816 -0.41345 0 
11.3384 -0.294534 0 
11.7399 -0.0887529 0 
11.2099 -0.175703 0 
11.3384 -0.294534 0 
11.2099 -0.175703 0 
11.3384 -0.294534 0 
11.6638 -0.218287 0 
11.7399 -0.0887529 0 
11.6638 -0.218287 0 
11.9727 0.26744 0 
11.7696 0.170563 0 
11.7823 0.0414934 0 
11.7696 0.170563 0 
11.7823 0.0414934 0 
10.9804 -0.0581104 0 
11.2099 -0.175703 0 
10.9804 -0.0581104 0 
11.7696 0.170563 0 
10.6197 0.0490576 0 
10.9804 -0.0581104 0 
10.6197 0.0490576 0 
10.9804 -0.0581104 0 
11.7823 0.0414934 0 
11.7696 0.170563 0 
11.7823 0.0414934 0 
11.2099 -0.175703 0 
9.35233 -0.249321 0 
9.88242 -0.352079 0 
9.35233 -0.249321 0 
9.88242 -0.352079 0 
6.89017 -0.354015 0 
7.63022 -0.471193 0 
6.89017 -0.354015 0 
9.35233 -0.249321 0 
6.08359 -0.269829 0 
6.89017 -0.354015 0 
6.08359 -0.269829 0 
6.89017 -0.354015 0 
9.88242 -0.352079 0 
9.35233 -0.249321 0 
9.88242 -0.352079 0 
10.6197 0.0490576 0 
7.86097 -0.0682296 0 
8.67643 -0.152551 0 
7.86097 -0.0682296 0 
8.67643 -0.152551 0 
5.24383 -0.20715 0 
6.08359 -0.269829 0 
5.24383 -0.20715 0 
7.86097 -0.0682296 0 
4.40412 -0.163432 0 
5.24383 -0.20715 0 
4.40412 -0.163432 0 
5.24383 -0.20715 0 
8.67643 -0.152551 0 
7.86097 -0.0682296 0 
8.67643 -0.152551 0 
6.08359 -0.269829 0 
9.35233 -0.249321 0 
8.67643 -0.152551 0 
9.35233 -0.249321 0 
8.67643 -0.152551 0 
10.9804 -0.0581104 0 
10.6197 0.0490576 0 
10.9804 -0.0581104 0 
9.35233 -0.249321 0 
11.2099 -0.175703 0 
10.9804 -0.0581104 0 
11.2099 -0.175703 0 
10.9804 -0.0581104 0 
8.67643 -0.152551 0 
9.35233 -0.249321 0 
8.67643 -0.152551 0 
5.11812 -0.931167 0 
7.19827 -1.06652 0 
4.00444 -0.710268 0 
7.19827 -1.06652 0 
4.00444 -0.710268 0 
5.96318 -0.859488 0 
2.94011 -0.557928 0 
5.96318 -0.859488 0 
7.19827 -1.06652 0 
8.96687 -1.11103 0 
5.96318 -0.859488 0 
8.96687 -1.11103 0 
5.96318 -0.859488 0 
4.00444 -0.710268 0 
7.19827 -1.06652 0 
4.00444 -0.710268 0 
2.94011 -0.557928 0 
4.67354 -0.677003 0 
2.03033 -0.451153 0 
4.67354 -0.677003 0 
2.03033 -0.451153 0 
3.45193 -0.533469 0 
1.31005 -0.38626 0 
3.45193 -0.533469 0 
4.67354 -0.677003 0 
6.64739 -0.76337 0 
3.45193 -0.533469 0 
6.64739 -0.76337 0 
3.45193 -0.533469 0 
2.03033 -0.451153 0 
4.67354 -0.677003 0 
2.03033 -0.451153 0 
8.96687 -1.11103 0 
10.1902 -1.06364 0 
7.92375 -0.945571 0 
10.1902 -1.06364 0 
7.92375 -0.945571 0 
9.50778 -0.932271 0 
6.64739 -0.76337 0 
9.50778 -0.932271 0 
10.1902 -1.06364 0 
10.8969 -0.948298 0 
9.50778 -0.932271 0 
10.8969 -0.948298 0 
9.50778 -0.932271 0 
7.92375 -0.945571 0 
10.1902 -1.06364 0 
7.92375 -0.945571 0 
6.64739 -0.76337 0 
4.67354 -0.677003 0 
7.92375 -0.945571 0 
4.67354 -0.677003 0 
7.92375 -0.945571 0 
5.96318 -0.859488 0 
8.96687 -1.11103 0 
5.96318 -0.859488 0 
4.67354 -0.677003 0 
2.94011 -0.557928 0 
5.96318 -0.859488 0 
2.94011 -0.557928 0 
5.96318 -0.859488 0 
7.92375 -0.945571 0 
4.67354 -0.677003 0 
7.92375 -0.945571 0 
1.31005 -0.38626 0 
2.39827 -0.428625 0 
0.784245 -0.343197 0 
2.39827 -0.428625 0 
0.784245 -0.343197 0 
1.55354 -0.359826 0 
0.436666 -0.319199 0 
1.55354 -0.359826 0 
2.39827 -0.428625 0 
3.90545 -0.463213 0 
1.55354 -0.359826 0 
3.90545 -0.463213 0 
1.55354 -0.359826 0 
0.784245 -0.343197 0 
2.39827 -0.428625 0 
0.784245 -0.343197 0 
0.436666 -0.319199 0 
0.929522 -0.323139 0 
0.228489 -0.304065 0 
0.929522 -0.323139 0 
0.228489 -0.304065 0 
0.501346 -0.305482 0 
0.121762 -0.298549 0 
0.501346 -0.305482 0 
0.929522 -0.323139 0 
1.7296 -0.330143 0 
0.501346 -0.305482 0 
1.7296 -0.330143 0 
0.501346 -0.305482 0 
0.228489 -0.304065 0 
0.929522 -0.323139 0 
0.228489 -0.304065 0 
3.90545 -0.463213 0 
5.73087 -0.469918 0 
2.71597 -0.373612 0 
5.73087 -0.469918 0 
2.71597 -0.373612 0 
4.24543 -0.389391 0 
1.7296 -0.330143 0 
4.24543 -0.389391 0 
5.73087 -0.469918 0 
7.63022 -0.471193 0 
4.24543 -0.389391 0 
7.63022 -0.471193 0 
4.24543 -0.389391 0 
2.71597 -0.373612 0 
5.73087 -0.469918 0 
2.71597 -0.373612 0 
1.7296 -0.330143 0 
0.929522 -0.323139 0 
2.71597 -0.373612 0 
0.929522 -0.323139 0 
2.71597 -0.373612 0 
1.55354 -0.359826 0 
3.90545 -0.463213 0 
1.55354 -0.359826 0 
0.929522 -0.323139 0 
0.436666 -0.319199 0 
1.55354 -0.359826 0 
0.436666 -0.319199 0 
1.55354 -0.359826 0 
2.71597 -0.373612 0 
0.929522 -0.323139 0 
2.71597 -0.373612 0 
10.8969 -0.948298 0 
11.2409 -0.793954 0 
10.5649 -0.837057 0 
11.2409 -0.793954 0 
10.5649 -0.837057 0 
11.1639 -0.689541 0 
9.93605 -0.714168 0 
11.1639 -0.689541 0 
11.2409 -0.793954 0 
11.3829 -0.624223 0 
11.1639 -0.689541 0 
11.3829 -0.624223 0 
11.1639 -0.689541 0 
10.5649 -0.837057 0 
11.2409 -0.793954 0 
10.5649 -0.837057 0 
9.93605 -0.714168 0 
10.8741 -0.58513 0 
8.95152 -0.583316 0 
10.8741 -0.58513 0 
8.95152 -0.583316 0 
10.2692 -0.476598 0 
7.63022 -0.471193 0 
10.2692 -0.476598 0 
10.8741 -0.58513 0 
11.3816 -0.41345 0 
10.2692 -0.476598 0 
11.3816 -0.41345 0 
10.2692 -0.476598 0 
8.95152 -0.583316 0 
10.8741 -0.58513 0 
8.95152 -0.583316 0 
11.3829 -0.624223 0 
11.4428 -0.448144 0 
11.4475 -0.522342 0 
11.4428 -0.448144 0 
11.4475 -0.522342 0 
11.5659 -0.33923 0 
11.3816 -0.41345 0 
11.5659 -0.33923 0 
11.4428 -0.448144 0 
11.482 -0.26533 0 
11.5659 -0.33923 0 
11.482 -0.26533 0 
11.5659 -0.33923 0 
11.4475 -0.522342 0 
11.4428 -0.448144 0 
11.4475 -0.522342 0 
11.3816 -0.41345 0 
10.8741 -0.58513 0 
11.4475 -0.522342 0 
10.8741 -0.58513 0 
11.4475 -0.522342 0 
11.1639 -0.689541 0 
11.3829 -0.624223 0 
11.1639 -0.689541 0 
10.8741 -0.58513 0 
9.93605 -0.714168 0 
11.1639 -0.689541 0 
9.93605 -0.714168 0 
11.1639 -0.689541 0 
11.4475 -0.522342 0 
10.8741 -0.58513 0 
11.4475 -0.522342 0 
7.63022 -0.471193 0 
5.73087 -0.469918 0 
8.95152 -0.583316 0 
5.73087 -0.469918 0 
8.95152 -0.583316 0 
7.20068 -0.622801 0 
9.93605 -0.714168 0 
7.20068 -0.622801 0 
5.73087 -0.469918 0 
3.90545 -0.463213 0 
7.20068 -0.622801 0 
3.90545 -0.463213 0 
7.20068 -0.622801 0 
8.95152 -0.583316 0 
5.73087 -0.469918 0 
8.95152 -0.583316 0 
9.93605 -0.714168 0 
8.49961 -0.783958 0 
10.5649 -0.837057 0 
8.49961 -0.783958 0 
10.5649 -0.837057 0 
9.50778 -0.932271 0 
10.8969 -0.948298 0 
9.50778 -0.932271 0 
8.49961 -0.783958 0 
6.64739 -0.76337 0 
9.50778 -0.932271 0 
6.64739 -0.76337 0 
9.50778 -0.932271 0 
10.5649 -0.837057 0 
8.49961 -0.783958 0 
10.5649 -0.837057 0 
3.90545 -0.463213 0 
2.39827 -0.428625 0 
5.25763 -0.59446 0 
2.39827 -0.428625 0 
5.25763 -0.59446 0 
3.45193 -0.533469 0 
6.64739 -0.76337 0 
3.45193 -0.533469 0 
2.39827 -0.428625 0 
1.31005 -0.38626 0 
3.45193 -0.533469 0 
1.31005 -0.38626 0 
3.45193 -0.533469 0 
5.25763 -0.59446 0 
2.39827 -0.428625 0 
5.25763 -0.59446 0 
6.64739 -0.76337 0 
8.49961 -0.783958 0 
5.25763 -0.59446 0 
8.49961 -0.783958 0 
5.25763 -0.59446 0 
7.20068 -0.622801 0 
3.90545 -0.463213 0 
7.20068 -0.622801 0 
8.49961 -0.783958 0 
9.93605 -0.714168 0 
7.20068 -0.622801 0 
9.93605 -0.714168 0 
7.20068 -0.622801 0 
5.25763 -0.59446 0 
8.49961 -0.783958 0 
5.25763 -0.59446 0 
9.97987 -2.27912 0 
10.1203 -2.20283 0 
9.98731 -2.17115 0 
10.1203 -2.20283 0 
9.98731 -2.17115 0 
10.1657 -2.0992 0 
9.87462 -2.03963 0 
10.1657 -2.0992 0 
10.1203 -2.20283 0 
10.213 -2.11366 0 
10.1657 -2.0992 0 
10.213 -2.11366 0 
10.1657 -2.0992 0 
9.98731 -2.17115 0 
10.1203 -2.20283 0 
9.98731 -2.17115 0 
9.87462 -2.03963 0 
10.1441 -1.98666 0 
9.61675 -1.89218 0 
10.1441 -1.98666 0 
9.61675 -1.89218 0 
10.0053 -1.85785 0 
9.16252 -1.72156 0 
10.0053 -1.85785 0 
10.1441 -1.98666 0 
10.3311 -1.91352 0 
10.0053 -1.85785 0 
10.3311 -1.91352 0 
10.0053 -1.85785 0 
9.61675 -1.89218 0 
10.1441 -1.98666 0 
9.61675 -1.89218 0 
10.213 -2.11366 0 
10.2769 -2.01703 0 
10.2951 -2.01692 0 
10.2769 -2.01703 0 
10.2951 -2.01692 0 
10.3848 -1.92493 0 
10.3311 -1.91352 0 
10.3848 -1.92493 0 
10.2769 -2.01703 0 
10.3241 -1.91629 0 
10.3848 -1.92493 0 
10.3241 -1.91629 0 
10.3848 -1.92493 0 
10.2951 -2.01692 0 
10.2769 -2.01703 0 
10.2951 -2.01692 0 
10.3311 -1.91352 0 
10.1441 -1.98666 0 
10.2951 -2.01692 0 
10.1441 -1.98666 0 
10.2951 -2.01692 0 
10.1657 -2.0992 0 
10.213 -2.11366 0 
10.1657 -2.0992 0 
10.1441 -1.98666 0 
9.87462 -2.03963 0 
10.1657 -2.0992 0 
9.87462 -2.03963 0 
10.1657 -2.0992 0 
10.2951 -2.01692 0 
10.1441 -1.98666 0 
10.2951 -2.01692 0 
9.16252 -1.72156 0 
9.69583 -1.70882 0 
8.46797 -1.52518 0 
9.69583 -1.70882 0 
8.46797 -1.52518 0 
9.15362 -1.53547 0 
7.52293 -1.30771 0 
9.15362 -1.53547 0 
9.69583 -1.70882 0 
10.0947 -1.66883 0 
9.15362 -1.53547 0 
10.0947 -1.66883 0 
9.15362 -1.53547 0 
8.46797 -1.52518 0 
9.69583 -1.70882 0 
8.46797 -1.52518 0 
7.52293 -1.30771 0 
8.36236 -1.32129 0 
6.40161 -1.06227 0 
8.36236 -1.32129 0 
6.40161 -1.06227 0 
7.28776 -1.17629 0 
5.11812 -0.931167 0 
7.28776 -1.17629 0 
8.36236 -1.32129 0 
9.03478 -1.37547 0 
7.28776 -1.17629 0 
9.03478 -1.37547 0 
7.28776 -1.17629 0 
6.40161 -1.06227 0 
8.36236 -1.32129 0 
6.40161 -1.06227 0 
10.0947 -1.66883 0 
10.3906 -1.60288 0 
9.71052 -1.50605 0 
10.3906 -1.60288 0 
9.71052 -1.50605 0 
10.1069 -1.49473 0 
9.03478 -1.37547 0 
10.1069 -1.49473 0 
10.3906 -1.60288 0 
10.5823 -1.54236 0 
10.1069 -1.49473 0 
10.5823 -1.54236 0 
10.1069 -1.49473 0 
9.71052 -1.50605 0 
10.3906 -1.60288 0 
9.71052 -1.50605 0 
9.03478 -1.37547 0 
8.36236 -1.32129 0 
9.71052 -1.50605 0 
8.36236 -1.32129 0 
9.71052 -1.50605 0 
9.15362 -1.53547 0 
10.0947 -1.66883 0 
9.15362 -1.53547 0 
8.36236 -1.32129 0 
7.52293 -1.30771 0 
9.15362 -1.53547 0 
7.52293 -1.30771 0 
9.15362 -1.53547 0 
9.71052 -1.50605 0 
8.36236 -1.32129 0 
9.71052 -1.50605 0 
10.3241 -1.91629 0 
10.3611 -1.8134 0 
10.4469 -1.82636 0 
10.3611 -1.8134 0 
10.4469 -1.82636 0 
10.4907 -1.72515 0 
10.55 -1.73474 0 
10.4907 -1.72515 0 
10.3611 -1.8134 0 
10.3967 -1.71061 0 
10.4907 -1.72515 0 
10.3967 -1.71061 0 
10.4907 -1.72515 0 
10.4469 -1.82636 0 
10.3611 -1.8134 0 
10.4469 -1.82636 0 
10.55 -1.73474 0 
10.6129 -1.63568 0 
10.6141 -1.63588 0 
10.6129 -1.63568 0 
10.6141 -1.63588 0 
10.6992 -1.54761 0 
10.5823 -1.54236 0 
10.6992 -1.54761 0 
10.6129 -1.63568 0 
10.6567 -1.53511 0 
10.6992 -1.54761 0 
10.6567 -1.53511 0 
10.6992 -1.54761 0 
10.6141 -1.63588 0 
10.6129 -1.63568 0 
10.6141 -1.63588 0 
10.6567 -1.53511 0 
10.6129 -1.63568 0 
10.5299 -1.62237 0 
10.6129 -1.63568 0 
10.5299 -1.62237 0 
10.4907 -1.72515 0 
10.3967 -1.71061 0 
10.4907 -1.72515 0 
10.6129 -1.63568 0 
10.55 -1.73474 0 
10.4907 -1.72515 0 
10.55 -1.73474 0 
10.4907 -1.72515 0 
10.5299 -1.62237 0 
10.6129 -1.63568 0 
10.5299 -1.62237 0 
10.5823 -1.54236 0 
10.3906 -1.60288 0 
10.6141 -1.63588 0 
10.3906 -1.60288 0 
10.6141 -1.63588 0 
10.4771 -1.72409 0 
10.55 -1.73474 0 
10.4771 -1.72409 0 
10.3906 -1.60288 0 
10.0947 -1.66883 0 
10.4771 -1.72409 0 
10.0947 -1.66883 0 
10.4771 -1.72409 0 
10.6141 -1.63588 0 
10.3906 -1.60288 0 
10.6141 -1.63588 0 
10.55 -1.73474 0 
10.4613 -1.8276 0 
10.4469 -1.82636 0 
10.4613 -1.8276 0 
10.4469 -1.82636 0 
10.3848 -1.92493 0 
10.3241 -1.91629 0 
10.3848 -1.92493 0 
10.4613 -1.8276 0 
10.3311 -1.91352 0 
10.3848 -1.92493 0 
10.3311 -1.91352 0 
10.3848 -1.92493 0 
10.4469 -1.82636 0 
10.4613 -1.8276 0 
10.4469 -1.82636 0 
10.0947 -1.66883 0 
9.69583 -1.70882 0 
10.2833 -1.79879 0 
9.69583 -1.70882 0 
10.2833 -1.79879 0 
10.0053 -1.85785 0 
10.3311 -1.91352 0 
10.0053 -1.85785 0 
9.69583 -1.70882 0 
9.16252 -1.72156 0 
10.0053 -1.85785 0 
9.16252 -1.72156 0 
10.0053 -1.85785 0 
10.2833 -1.79879 0 
9.69583 -1.70882 0 
10.2833 -1.79879 0 
10.3311 -1.91352 0 
10.4613 -1.8276 0 
10.2833 -1.79879 0 
10.4613 -1.8276 0 
10.2833 -1.79879 0 
10.4771 -1.72409 0 
10.0947 -1.66883 0 
10.4771 -1.72409 0 
10.4613 -1.8276 0 
10.55 -1.73474 0 
10.4771 -1.72409 0 
10.55 -1.73474 0 
10.4771 -1.72409 0 
10.2833 -1.79879 0 
10.4613 -1.8276 0 
10.2833 -1.79879 0 
10.0615 -2.08171 0 
10.1541 -2.09918 0 
10.1053 -2.19645 0 
10.1541 -2.09918 0 
10.1053 -2.19645 0 
10.1203 -2.20283 0 
9.97987 -2.27912 0 
10.1203 -2.20283 0 
10.1541 -2.09918 0 
10.213 -2.11366 0 
10.1203 -2.20283 0 
10.213 -2.11366 0 
10.1203 -2.20283 0 
10.1053 -2.19645 0 
10.1541 -2.09918 0 
10.1053 -2.19645 0 
10.1291 -1.87783 0 
10.2296 -1.89737 0 
10.194 -1.99864 0 
10.2296 -1.89737 0 
10.194 -1.99864 0 
10.2769 -2.01703 0 
10.213 -2.11366 0 
10.2769 -2.01703 0 
10.2296 -1.89737 0 
10.3241 -1.91629 0 
10.2769 -2.01703 0 
10.3241 -1.91629 0 
10.2769 -2.01703 0 
10.194 -1.99864 0 
10.2296 -1.89737 0 
10.194 -1.99864 0 
10.213 -2.11366 0 
10.1541 -2.09918 0 
10.194 -1.99864 0 
10.1541 -2.09918 0 
10.194 -1.99864 0 
10.0956 -1.97999 0 
10.1291 -1.87783 0 
10.0956 -1.97999 0 
10.1541 -2.09918 0 
10.0615 -2.08171 0 
10.0956 -1.97999 0 
10.0615 -2.08171 0 
10.0956 -1.97999 0 
10.194 -1.99864 0 
10.1541 -2.09918 0 
10.194 -1.99864 0 
1.91774 -0.952978 0 
1.57213 -0.858794 0 
3.22415 -1.37866 0 
1.57213 -0.858794 0 
3.22415 -1.37866 0 
2.73178 -1.24009 0 
4.61681 -1.84385 0 
2.73178 -1.24009 0 
1.57213 -0.858794 0 
1.25853 -0.771431 0 
2.73178 -1.24009 0 
1.25853 -0.771431 0 
2.73178 -1.24009 0 
3.22415 -1.37866 0 
1.57213 -0.858794 0 
3.22415 -1.37866 0 
4.61681 -1.84385 0 
4.10458 -1.70175 0 
5.93565 -2.27517 0 
4.10458 -1.70175 0 
5.93565 -2.27517 0 
5.47171 -2.15305 0 
7.04989 -2.6309 0 
5.47171 -2.15305 0 
4.10458 -1.70175 0 
3.57095 -1.55049 0 
5.47171 -2.15305 0 
3.57095 -1.55049 0 
5.47171 -2.15305 0 
5.93565 -2.27517 0 
4.10458 -1.70175 0 
5.93565 -2.27517 0 
1.25853 -0.771431 0 
0.983659 -0.68895 0 
2.2625 -1.10253 0 
0.983659 -0.68895 0 
2.2625 -1.10253 0 
1.8287 -0.97302 0 
3.57095 -1.55049 0 
1.8287 -0.97302 0 
0.983659 -0.68895 0 
0.74767 -0.616659 0 
1.8287 -0.97302 0 
0.74767 -0.616659 0 
1.8287 -0.97302 0 
2.2625 -1.10253 0 
0.983659 -0.68895 0 
2.2625 -1.10253 0 
3.57095 -1.55049 0 
4.10458 -1.70175 0 
2.2625 -1.10253 0 
4.10458 -1.70175 0 
2.2625 -1.10253 0 
2.73178 -1.24009 0 
1.25853 -0.771431 0 
2.73178 -1.24009 0 
4.10458 -1.70175 0 
4.61681 -1.84385 0 
2.73178 -1.24009 0 
4.61681 -1.84385 0 
2.73178 -1.24009 0 
2.2625 -1.10253 0 
4.10458 -1.70175 0 
2.2625 -1.10253 0 
7.04989 -2.6309 0 
6.66677 -2.54333 0 
7.89367 -2.89003 0 
6.66677 -2.54333 0 
7.89367 -2.89003 0 
7.59717 -2.84826 0 
8.45771 -3.05797 0 
7.59717 -2.84826 0 
6.66677 -2.54333 0 
6.22228 -2.45183 0 
7.59717 -2.84826 0 
6.22228 -2.45183 0 
7.59717 -2.84826 0 
7.89367 -2.89003 0 
6.66677 -2.54333 0 
7.89367 -2.89003 0 
8.45771 -3.05797 0 
8.2404 -3.06078 0 
8.77774 -3.15853 0 
8.2404 -3.06078 0 
8.77774 -3.15853 0 
8.62478 -3.1889 0 
8.9158 -3.21897 0 
8.62478 -3.1889 0 
8.2404 -3.06078 0 
7.98697 -3.05097 0 
8.62478 -3.1889 0 
7.98697 -3.05097 0 
8.62478 -3.1889 0 
8.77774 -3.15853 0 
8.2404 -3.06078 0 
8.77774 -3.15853 0 
6.22228 -2.45183 0 
5.72127 -2.34218 0 
7.24761 -2.79802 0 
5.72127 -2.34218 0 
7.24761 -2.79802 0 
6.83829 -2.73295 0 
7.98697 -3.05097 0 
6.83829 -2.73295 0 
5.72127 -2.34218 0 
5.16997 -2.2069 0 
6.83829 -2.73295 0 
5.16997 -2.2069 0 
6.83829 -2.73295 0 
7.24761 -2.79802 0 
5.72127 -2.34218 0 
7.24761 -2.79802 0 
7.98697 -3.05097 0 
8.2404 -3.06078 0 
7.24761 -2.79802 0 
8.2404 -3.06078 0 
7.24761 -2.79802 0 
7.59717 -2.84826 0 
6.22228 -2.45183 0 
7.59717 -2.84826 0 
8.2404 -3.06078 0 
8.45771 -3.05797 0 
7.59717 -2.84826 0 
8.45771 -3.05797 0 
7.59717 -2.84826 0 
7.24761 -2.79802 0 
8.2404 -3.06078 0 
7.24761 -2.79802 0 
0.74767 -0.616659 0 
0.550733 -0.554761 0 
1.44144 -0.854127 0 
0.550733 -0.554761 0 
1.44144 -0.854127 0 
1.10454 -0.74869 0 
2.5035 -1.23279 0 
1.10454 -0.74869 0 
0.550733 -0.554761 0 
0.389504 -0.505216 0 
1.10454 -0.74869 0 
0.389504 -0.505216 0 
1.10454 -0.74869 0 
1.44144 -0.854127 0 
0.550733 -0.554761 0 
1.44144 -0.854127 0 
2.5035 -1.23279 0 
2.00834 -1.07747 0 
3.81768 -1.71358 0 
2.00834 -1.07747 0 
3.81768 -1.71358 0 
3.2234 -1.53375 0 
5.16997 -2.2069 0 
3.2234 -1.53375 0 
2.00834 -1.07747 0 
1.55737 -0.934182 0 
3.2234 -1.53375 0 
1.55737 -0.934182 0 
3.2234 -1.53375 0 
3.81768 -1.71358 0 
2.00834 -1.07747 0 
3.81768 -1.71358 0 
0.389504 -0.505216 0 
0.262548 -0.465881 0 
0.819912 -0.658622 0 
0.262548 -0.465881 0 
0.819912 -0.658622 0 
0.589197 -0.584775 0 
1.55737 -0.934182 0 
0.589197 -0.584775 0 
0.262548 -0.465881 0 
0.175969 -0.430446 0 
0.589197 -0.584775 0 
0.175969 -0.430446 0 
0.589197 -0.584775 0 
0.819912 -0.658622 0 
0.262548 -0.465881 0 
0.819912 -0.658622 0 
1.55737 -0.934182 0 
2.00834 -1.07747 0 
0.819912 -0.658622 0 
2.00834 -1.07747 0 
0.819912 -0.658622 0 
1.10454 -0.74869 0 
0.389504 -0.505216 0 
1.10454 -0.74869 0 
2.00834 -1.07747 0 
2.5035 -1.23279 0 
1.10454 -0.74869 0 
2.5035 -1.23279 0 
1.10454 -0.74869 0 
0.819912 -0.658622 0 
2.00834 -1.07747 0 
0.819912 -0.658622 0 
5.16997 -2.2069 0 
5.72127 -2.34218 0 
3.81768 -1.71358 0 
5.72127 -2.34218 0 
3.81768 -1.71358 0 
4.40007 -1.87879 0 
2.5035 -1.23279 0 
4.40007 -1.87879 0 
5.72127 -2.34218 0 
6.22228 -2.45183 0 
4.40007 -1.87879 0 
6.22228 -2.45183 0 
4.40007 -1.87879 0 
3.81768 -1.71358 0 
5.72127 -2.34218 0 
3.81768 -1.71358 0 
2.5035 -1.23279 0 
3.02928 -1.39334 0 
1.44144 -0.854127 0 
3.02928 -1.39334 0 
1.44144 -0.854127 0 
1.8287 -0.97302 0 
0.74767 -0.616659 0 
1.8287 -0.97302 0 
3.02928 -1.39334 0 
3.57095 -1.55049 0 
1.8287 -0.97302 0 
3.57095 -1.55049 0 
1.8287 -0.97302 0 
1.44144 -0.854127 0 
3.02928 -1.39334 0 
1.44144 -0.854127 0 
6.22228 -2.45183 0 
6.66677 -2.54333 0 
4.95693 -2.02422 0 
6.66677 -2.54333 0 
4.95693 -2.02422 0 
5.47171 -2.15305 0 
3.57095 -1.55049 0 
5.47171 -2.15305 0 
6.66677 -2.54333 0 
7.04989 -2.6309 0 
5.47171 -2.15305 0 
7.04989 -2.6309 0 
5.47171 -2.15305 0 
4.95693 -2.02422 0 
6.66677 -2.54333 0 
4.95693 -2.02422 0 
3.57095 -1.55049 0 
3.02928 -1.39334 0 
4.95693 -2.02422 0 
3.02928 -1.39334 0 
4.95693 -2.02422 0 
4.40007 -1.87879 0 
6.22228 -2.45183 0 
4.40007 -1.87879 0 
3.02928 -1.39334 0 
2.5035 -1.23279 0 
4.40007 -1.87879 0 
2.5035 -1.23279 0 
4.40007 -1.87879 0 
4.95693 -2.02422 0 
3.02928 -1.39334 0 
4.95693 -2.02422 0 
8.9158 -3.21897 0 
8.62478 -3.1889 0 
8.79664 -3.26304 0 
8.62478 -3.1889 0 
8.79664 -3.26304 0 
8.44232 -3.22004 0 
8.66062 -3.31365 0 
8.44232 -3.22004 0 
8.62478 -3.1889 0 
7.98697 -3.05097 0 
8.44232 -3.22004 0 
7.98697 -3.05097 0 
8.44232 -3.22004 0 
8.79664 -3.26304 0 
8.62478 -3.1889 0 
8.79664 -3.26304 0 
8.66062 -3.31365 0 
8.21337 -3.24547 0 
8.49849 -3.3696 0 
8.21337 -3.24547 0 
8.49849 -3.3696 0 
7.92568 -3.25904 0 
8.29768 -3.42476 0 
7.92568 -3.25904 0 
8.21337 -3.24547 0 
7.28179 -3.00101 0 
7.92568 -3.25904 0 
7.28179 -3.00101 0 
7.92568 -3.25904 0 
8.49849 -3.3696 0 
8.21337 -3.24547 0 
8.49849 -3.3696 0 
7.98697 -3.05097 0 
6.83829 -2.73295 0 
7.66721 -3.03525 0 
6.83829 -2.73295 0 
7.66721 -3.03525 0 
6.35511 -2.64798 0 
7.28179 -3.00101 0 
6.35511 -2.64798 0 
6.83829 -2.73295 0 
5.16997 -2.2069 0 
6.35511 -2.64798 0 
5.16997 -2.2069 0 
6.35511 -2.64798 0 
7.66721 -3.03525 0 
6.83829 -2.73295 0 
7.66721 -3.03525 0 
7.28179 -3.00101 0 
8.21337 -3.24547 0 
7.66721 -3.03525 0 
8.21337 -3.24547 0 
7.66721 -3.03525 0 
8.44232 -3.22004 0 
7.98697 -3.05097 0 
8.44232 -3.22004 0 
8.21337 -3.24547 0 
8.66062 -3.31365 0 
8.44232 -3.22004 0 
8.66062 -3.31365 0 
8.44232 -3.22004 0 
7.66721 -3.03525 0 
8.21337 -3.24547 0 
7.66721 -3.03525 0 
8.29768 -3.42476 0 
7.56523 -3.25356 0 
8.03951 -3.47156 0 
7.56523 -3.25356 0 
8.03951 -3.47156 0 
7.12637 -3.21496 0 
7.71054 -3.49244 0 
7.12637 -3.21496 0 
7.56523 -3.25356 0 
6.27789 -2.84811 0 
7.12637 -3.21496 0 
6.27789 -2.84811 0 
7.12637 -3.21496 0 
8.03951 -3.47156 0 
7.56523 -3.25356 0 
8.03951 -3.47156 0 
7.71054 -3.49244 0 
6.59389 -3.13719 0 
7.28705 -3.47633 0 
6.59389 -3.13719 0 
7.28705 -3.47633 0 
5.96131 -3.01077 0 
6.75815 -3.4136 0 
5.96131 -3.01077 0 
6.59389 -3.13719 0 
4.90997 -2.51761 0 
5.96131 -3.01077 0 
4.90997 -2.51761 0 
5.96131 -3.01077 0 
7.28705 -3.47633 0 
6.59389 -3.13719 0 
7.28705 -3.47633 0 
6.27789 -2.84811 0 
4.46748 -2.19178 0 
5.64264 -2.70897 0 
4.46748 -2.19178 0 
5.64264 -2.70897 0 
3.70592 -1.96139 0 
4.90997 -2.51761 0 
3.70592 -1.96139 0 
4.46748 -2.19178 0 
2.51182 -1.42274 0 
3.70592 -1.96139 0 
2.51182 -1.42274 0 
3.70592 -1.96139 0 
5.64264 -2.70897 0 
4.46748 -2.19178 0 
5.64264 -2.70897 0 
4.90997 -2.51761 0 
6.59389 -3.13719 0 
5.64264 -2.70897 0 
6.59389 -3.13719 0 
5.64264 -2.70897 0 
7.12637 -3.21496 0 
6.27789 -2.84811 0 
7.12637 -3.21496 0 
6.59389 -3.13719 0 
7.71054 -3.49244 0 
7.12637 -3.21496 0 
7.71054 -3.49244 0 
7.12637 -3.21496 0 
5.64264 -2.70897 0 
6.59389 -3.13719 0 
5.64264 -2.70897 0 
5.16997 -2.2069 0 
3.2234 -1.53375 0 
4.55146 -2.04882 0 
3.2234 -1.53375 0 
4.55146 -2.04882 0 
2.61873 -1.34844 0 
3.88952 -1.86039 0 
2.61873 -1.34844 0 
3.2234 -1.53375 0 
1.55737 -0.934182 0 
2.61873 -1.34844 0 
1.55737 -0.934182 0 
2.61873 -1.34844 0 
4.55146 -2.04882 0 
3.2234 -1.53375 0 
4.55146 -2.04882 0 
3.88952 -1.86039 0 
2.04125 -1.16138 0 
3.2023 -1.64744 0 
2.04125 -1.16138 0 
3.2023 -1.64744 0 
1.51124 -0.984529 0 
2.51182 -1.42274 0 
1.51124 -0.984529 0 
2.04125 -1.16138 0 
0.812702 -0.692322 0 
1.51124 -0.984529 0 
0.812702 -0.692322 0 
1.51124 -0.984529 0 
3.2023 -1.64744 0 
2.04125 -1.16138 0 
3.2023 -1.64744 0 
1.55737 -0.934182 0 
0.589197 -0.584775 0 
1.15364 -0.801685 0 
0.589197 -0.584775 0 
1.15364 -0.801685 0 
0.39936 -0.527911 0 
0.812702 -0.692322 0 
0.39936 -0.527911 0 
0.589197 -0.584775 0 
0.175969 -0.430446 0 
0.39936 -0.527911 0 
0.175969 -0.430446 0 
0.39936 -0.527911 0 
1.15364 -0.801685 0 
0.589197 -0.584775 0 
1.15364 -0.801685 0 
0.812702 -0.692322 0 
2.04125 -1.16138 0 
1.15364 -0.801685 0 
2.04125 -1.16138 0 
1.15364 -0.801685 0 
2.61873 -1.34844 0 
1.55737 -0.934182 0 
2.61873 -1.34844 0 
2.04125 -1.16138 0 
3.88952 -1.86039 0 
2.61873 -1.34844 0 
3.88952 -1.86039 0 
2.61873 -1.34844 0 
1.15364 -0.801685 0 
2.04125 -1.16138 0 
1.15364 -0.801685 0 
2.51182 -1.42274 0 
4.46748 -2.19178 0 
3.2023 -1.64744 0 
4.46748 -2.19178 0 
3.2023 -1.64744 0 
5.16802 -2.38517 0 
3.88952 -1.86039 0 
5.16802 -2.38517 0 
4.46748 -2.19178 0 
6.27789 -2.84811 0 
5.16802 -2.38517 0 
6.27789 -2.84811 0 
5.16802 -2.38517 0 
3.2023 -1.64744 0 
4.46748 -2.19178 0 
3.2023 -1.64744 0 
3.88952 -1.86039 0 
5.79821 -2.53555 0 
4.55146 -2.04882 0 
5.79821 -2.53555 0 
4.55146 -2.04882 0 
6.35511 -2.64798 0 
5.16997 -2.2069 0 
6.35511 -2.64798 0 
5.79821 -2.53555 0 
7.28179 -3.00101 0 
6.35511 -2.64798 0 
7.28179 -3.00101 0 
6.35511 -2.64798 0 
4.55146 -2.04882 0 
5.79821 -2.53555 0 
4.55146 -2.04882 0 
6.27789 -2.84811 0 
7.56523 -3.25356 0 
6.82046 -2.94245 0 
7.56523 -3.25356 0 
6.82046 -2.94245 0 
7.92568 -3.25904 0 
7.28179 -3.00101 0 
7.92568 -3.25904 0 
7.56523 -3.25356 0 
8.29768 -3.42476 0 
7.92568 -3.25904 0 
8.29768 -3.42476 0 
7.92568 -3.25904 0 
6.82046 -2.94245 0 
7.56523 -3.25356 0 
6.82046 -2.94245 0 
7.28179 -3.00101 0 
5.79821 -2.53555 0 
6.82046 -2.94245 0 
5.79821 -2.53555 0 
6.82046 -2.94245 0 
5.16802 -2.38517 0 
6.27789 -2.84811 0 
5.16802 -2.38517 0 
5.79821 -2.53555 0 
3.88952 -1.86039 0 
5.16802 -2.38517 0 
3.88952 -1.86039 0 
5.16802 -2.38517 0 
6.82046 -2.94245 0 
5.79821 -2.53555 0 
6.82046 -2.94245 0 
6.75815 -3.4136 0 
5.96131 -3.01077 0 
5.19052 -2.80571 0 
5.96131 -3.01077 0 
5.19052 -2.80571 0 
4.06937 -2.24926 0 
3.15836 -1.91625 0 
4.06937 -2.24926 0 
5.96131 -3.01077 0 
4.90997 -2.51761 0 
4.06937 -2.24926 0 
4.90997 -2.51761 0 
4.06937 -2.24926 0 
5.19052 -2.80571 0 
5.96131 -3.01077 0 
5.19052 -2.80571 0 
3.15836 -1.91625 0 
2.13146 -1.38672 0 
1.42184 -1.09968 0 
2.13146 -1.38672 0 
1.42184 -1.09968 0 
0.813496 -0.769361 0 
0.470779 -0.618404 0 
0.813496 -0.769361 0 
2.13146 -1.38672 0 
1.28289 -0.960866 0 
0.813496 -0.769361 0 
1.28289 -0.960866 0 
0.813496 -0.769361 0 
1.42184 -1.09968 0 
2.13146 -1.38672 0 
1.42184 -1.09968 0 
4.90997 -2.51761 0 
3.70592 -1.96139 0 
2.91386 -1.68181 0 
3.70592 -1.96139 0 
2.91386 -1.68181 0 
1.86376 -1.18046 0 
1.28289 -0.960866 0 
1.86376 -1.18046 0 
3.70592 -1.96139 0 
2.51182 -1.42274 0 
1.86376 -1.18046 0 
2.51182 -1.42274 0 
1.86376 -1.18046 0 
2.91386 -1.68181 0 
3.70592 -1.96139 0 
2.91386 -1.68181 0 
1.28289 -0.960866 0 
2.13146 -1.38672 0 
2.91386 -1.68181 0 
2.13146 -1.38672 0 
2.91386 -1.68181 0 
4.06937 -2.24926 0 
4.90997 -2.51761 0 
4.06937 -2.24926 0 
2.13146 -1.38672 0 
3.15836 -1.91625 0 
4.06937 -2.24926 0 
3.15836 -1.91625 0 
4.06937 -2.24926 0 
2.91386 -1.68181 0 
2.13146 -1.38672 0 
2.91386 -1.68181 0 
0.470779 -0.618404 0 
0.215346 -0.480104 0 
0.109846 -0.42714 0 
0.215346 -0.480104 0 
0.109846 -0.42714 0 
0.0349386 -0.393553 0 
0.0184828 -0.38773 0 
0.0349386 -0.393553 0 
0.215346 -0.480104 0 
0.082216 -0.412897 0 
0.0349386 -0.393553 0 
0.082216 -0.412897 0 
0.0349386 -0.393553 0 
0.109846 -0.42714 0 
0.215346 -0.480104 0 
0.109846 -0.42714 0 
0.082216 -0.412897 0 
0.0314939 -0.388964 0 
0.0182229 -0.385616 0 
0.0314939 -0.388964 0 
0.0182229 -0.385616 0 
0.0149653 -0.383004 0 
0.0126199 -0.383697 0 
0.0149653 -0.383004 0 
0.0314939 -0.388964 0 
0.0173873 -0.382292 0 
0.0149653 -0.383004 0 
0.0173873 -0.382292 0 
0.0149653 -0.383004 0 
0.0182229 -0.385616 0 
0.0314939 -0.388964 0 
0.0182229 -0.385616 0 
0.0126199 -0.383697 0 
0.0138114 -0.385191 0 
0.0182229 -0.385616 0 
0.0138114 -0.385191 0 
0.0182229 -0.385616 0 
0.0349386 -0.393553 0 
0.082216 -0.412897 0 
0.0349386 -0.393553 0 
0.0138114 -0.385191 0 
0.0184828 -0.38773 0 
0.0349386 -0.393553 0 
0.0184828 -0.38773 0 
0.0349386 -0.393553 0 
0.0182229 -0.385616 0 
0.0138114 -0.385191 0 
0.0182229 -0.385616 0 
2.51182 -1.42274 0 
1.51124 -0.984529 0 
1.05874 -0.816332 0 
1.51124 -0.984529 0 
1.05874 -0.816332 0 
0.539581 -0.596904 0 
0.328416 -0.515685 0 
0.539581 -0.596904 0 
1.51124 -0.984529 0 
0.812702 -0.692322 0 
0.539581 -0.596904 0 
0.812702 -0.692322 0 
0.539581 -0.596904 0 
1.05874 -0.816332 0 
1.51124 -0.984529 0 
1.05874 -0.816332 0 
0.328416 -0.515685 0 
0.13359 -0.423264 0 
0.0616922 -0.402069 0 
0.13359 -0.423264 0 
0.0616922 -0.402069 0 
0.024742 -0.38656 0 
0.0173873 -0.382292 0 
0.024742 -0.38656 0 
0.13359 -0.423264 0 
0.0389351 -0.387231 0 
0.024742 -0.38656 0 
0.0389351 -0.387231 0 
0.024742 -0.38656 0 
0.0616922 -0.402069 0 
0.13359 -0.423264 0 
0.0616922 -0.402069 0 
0.812702 -0.692322 0 
0.39936 -0.527911 0 
0.244406 -0.472467 0 
0.39936 -0.527911 0 
0.244406 -0.472467 0 
0.0897568 -0.402399 0 
0.0389351 -0.387231 0 
0.0897568 -0.402399 0 
0.39936 -0.527911 0 
0.175969 -0.430446 0 
0.0897568 -0.402399 0 
0.175969 -0.430446 0 
0.0897568 -0.402399 0 
0.244406 -0.472467 0 
0.39936 -0.527911 0 
0.244406 -0.472467 0 
0.0389351 -0.387231 0 
0.13359 -0.423264 0 
0.244406 -0.472467 0 
0.13359 -0.423264 0 
0.244406 -0.472467 0 
0.539581 -0.596904 0 
0.812702 -0.692322 0 
0.539581 -0.596904 0 
0.13359 -0.423264 0 
0.328416 -0.515685 0 
0.539581 -0.596904 0 
0.328416 -0.515685 0 
0.539581 -0.596904 0 
0.244406 -0.472467 0 
0.13359 -0.423264 0 
0.244406 -0.472467 0 
0.0173873 -0.382292 0 
0.0314939 -0.388964 0 
0.0616922 -0.402069 0 
0.0314939 -0.388964 0 
0.0616922 -0.402069 0 
0.174145 -0.452254 0 
0.328416 -0.515685 0 
0.174145 -0.452254 0 
0.0314939 -0.388964 0 
0.082216 -0.412897 0 
0.174145 -0.452254 0 
0.082216 -0.412897 0 
0.174145 -0.452254 0 
0.0616922 -0.402069 0 
0.0314939 -0.388964 0 
0.0616922 -0.402069 0 
0.328416 -0.515685 0 
0.686539 -0.680686 0 
1.05874 -0.816332 0 
0.686539 -0.680686 0 
1.05874 -0.816332 0 
1.86376 -1.18046 0 
2.51182 -1.42274 0 
1.86376 -1.18046 0 
0.686539 -0.680686 0 
1.28289 -0.960866 0 
1.86376 -1.18046 0 
1.28289 -0.960866 0 
1.86376 -1.18046 0 
1.05874 -0.816332 0 
0.686539 -0.680686 0 
1.05874 -0.816332 0 
0.082216 -0.412897 0 
0.215346 -0.480104 0 
0.406434 -0.564455 0 
0.215346 -0.480104 0 
0.406434 -0.564455 0 
0.813496 -0.769361 0 
1.28289 -0.960866 0 
0.813496 -0.769361 0 
0.215346 -0.480104 0 
0.470779 -0.618404 0 
0.813496 -0.769361 0 
0.470779 -0.618404 0 
0.813496 -0.769361 0 
0.406434 -0.564455 0 
0.215346 -0.480104 0 
0.406434 -0.564455 0 
1.28289 -0.960866 0 
0.686539 -0.680686 0 
0.406434 -0.564455 0 
0.686539 -0.680686 0 
0.406434 -0.564455 0 
0.174145 -0.452254 0 
0.082216 -0.412897 0 
0.174145 -0.452254 0 
0.686539 -0.680686 0 
0.328416 -0.515685 0 
0.174145 -0.452254 0 
0.328416 -0.515685 0 
0.174145 -0.452254 0 
0.406434 -0.564455 0 
0.686539 -0.680686 0 
0.406434 -0.564455 0 
0.0389351 -0.387231 0 
0.0897568 -0.402399 0 
0.0241787 -0.380737 0 
0.0897568 -0.402399 0 
0.0241787 -0.380737 0 
0.0297933 -0.382018 0 
0.0178443 -0.377045 0 
0.0297933 -0.382018 0 
0.0897568 -0.402399 0 
0.175969 -0.430446 0 
0.0297933 -0.382018 0 
0.175969 -0.430446 0 
0.0297933 -0.382018 0 
0.0241787 -0.380737 0 
0.0897568 -0.402399 0 
0.0241787 -0.380737 0 
0.0178443 -0.377045 0 
0.0297933 -0.382018 0 
0.0196752 -0.375878 0 
0.0297933 -0.382018 0 
0.0196752 -0.375878 0 
0.0404566 -0.382205 0 
0.0223973 -0.374091 0 
0.0404566 -0.382205 0 
0.0297933 -0.382018 0 
0.175969 -0.430446 0 
0.0404566 -0.382205 0 
0.175969 -0.430446 0 
0.0404566 -0.382205 0 
0.0196752 -0.375878 0 
0.0297933 -0.382018 0 
0.0196752 -0.375878 0 
0.054887 -0.37419 0 
0.339949 -0.464178 0 
0.449966 -0.492677 0 
0.339949 -0.464178 0 
0.449966 -0.492677 0 
1.57213 -0.858794 0 
1.91774 -0.952978 0 
1.57213 -0.858794 0 
0.339949 -0.464178 0 
1.25853 -0.771431 0 
1.57213 -0.858794 0 
1.25853 -0.771431 0 
1.57213 -0.858794 0 
0.449966 -0.492677 0 
0.339949 -0.464178 0 
0.449966 -0.492677 0 
0.0392428 -0.373712 0 
0.167815 -0.41599 0 
0.240492 -0.436617 0 
0.167815 -0.41599 0 
0.240492 -0.436617 0 
0.983659 -0.68895 0 
1.25853 -0.771431 0 
0.983659 -0.68895 0 
0.167815 -0.41599 0 
0.74767 -0.616659 0 
0.983659 -0.68895 0 
0.74767 -0.616659 0 
0.983659 -0.68895 0 
0.240492 -0.436617 0 
0.167815 -0.41599 0 
0.240492 -0.436617 0 
1.25853 -0.771431 0 
0.339949 -0.464178 0 
0.240492 -0.436617 0 
0.339949 -0.464178 0 
0.240492 -0.436617 0 
0.0449979 -0.375936 0 
0.0392428 -0.373712 0 
0.0449979 -0.375936 0 
0.339949 -0.464178 0 
0.054887 -0.37419 0 
0.0449979 -0.375936 0 
0.054887 -0.37419 0 
0.0449979 -0.375936 0 
0.240492 -0.436617 0 
0.339949 -0.464178 0 
0.240492 -0.436617 0 
0.0287517 -0.373321 0 
0.0780748 -0.392179 0 
0.115055 -0.401673 0 
0.0780748 -0.392179 0 
0.115055 -0.401673 0 
0.550733 -0.554761 0 
0.74767 -0.616659 0 
0.550733 -0.554761 0 
0.0780748 -0.392179 0 
0.389504 -0.505216 0 
0.550733 -0.554761 0 
0.389504 -0.505216 0 
0.550733 -0.554761 0 
0.115055 -0.401673 0 
0.0780748 -0.392179 0 
0.115055 -0.401673 0 
0.0223973 -0.374091 0 
0.0404566 -0.382205 0 
0.0536496 -0.386117 0 
0.0404566 -0.382205 0 
0.0536496 -0.386117 0 
0.262548 -0.465881 0 
0.389504 -0.505216 0 
0.262548 -0.465881 0 
0.0404566 -0.382205 0 
0.175969 -0.430446 0 
0.262548 -0.465881 0 
0.175969 -0.430446 0 
0.262548 -0.465881 0 
0.0536496 -0.386117 0 
0.0404566 -0.382205 0 
0.0536496 -0.386117 0 
0.389504 -0.505216 0 
0.0780748 -0.392179 0 
0.0536496 -0.386117 0 
0.0780748 -0.392179 0 
0.0536496 -0.386117 0 
0.0249358 -0.37388 0 
0.0223973 -0.374091 0 
0.0249358 -0.37388 0 
0.0780748 -0.392179 0 
0.0287517 -0.373321 0 
0.0249358 -0.37388 0 
0.0287517 -0.373321 0 
0.0249358 -0.37388 0 
0.0536496 -0.386117 0 
0.0780748 -0.392179 0 
0.0536496 -0.386117 0 
0.74767 -0.616659 0 
0.167815 -0.41599 0 
0.115055 -0.401673 0 
0.167815 -0.41599 0 
0.115055 -0.401673 0 
0.0327334 -0.374044 0 
0.0287517 -0.373321 0 
0.0327334 -0.374044 0 
0.167815 -0.41599 0 
0.0392428 -0.373712 0 
0.0327334 -0.374044 0 
0.0392428 -0.373712 0 
0.0327334 -0.374044 0 
0.115055 -0.401673 0 
0.167815 -0.41599 0 
0.115055 -0.401673 0 
0.0219122 -0.179611 0 
0.0197408 -0.187638 0 
0.0334368 -0.163894 0 
0.0197408 -0.187638 0 
0.0334368 -0.163894 0 
0.021769 -0.187907 0 
0.0592096 -0.132563 0 
0.021769 -0.187907 0 
0.0197408 -0.187638 0 
0.0184099 -0.191338 0 
0.021769 -0.187907 0 
0.0184099 -0.191338 0 
0.021769 -0.187907 0 
0.0334368 -0.163894 0 
0.0197408 -0.187638 0 
0.0334368 -0.163894 0 
0.0592096 -0.132563 0 
0.0264151 -0.183542 0 
0.107663 -0.0744832 0 
0.0264151 -0.183542 0 
0.107663 -0.0744832 0 
0.0355493 -0.175819 0 
0.197234 0.0195995 0 
0.0355493 -0.175819 0 
0.0264151 -0.183542 0 
0.021258 -0.193178 0 
0.0355493 -0.175819 0 
0.021258 -0.193178 0 
0.0355493 -0.175819 0 
0.107663 -0.0744832 0 
0.0264151 -0.183542 0 
0.107663 -0.0744832 0 
0.197234 0.0195995 0 
0.0509864 -0.162858 0 
0.346218 0.149466 0 
0.0509864 -0.162858 0 
0.346218 0.149466 0 
0.0759445 -0.144558 0 
0.550814 0.273271 0 
0.0759445 -0.144558 0 
0.0509864 -0.162858 0 
0.0264071 -0.19317 0 
0.0759445 -0.144558 0 
0.0264071 -0.19317 0 
0.0759445 -0.144558 0 
0.346218 0.149466 0 
0.0509864 -0.162858 0 
0.346218 0.149466 0 
0.0264071 -0.19317 0 
0.0509864 -0.162858 0 
0.023547 -0.193501 0 
0.0509864 -0.162858 0 
0.023547 -0.193501 0 
0.0355493 -0.175819 0 
0.021258 -0.193178 0 
0.0355493 -0.175819 0 
0.0509864 -0.162858 0 
0.197234 0.0195995 0 
0.0355493 -0.175819 0 
0.197234 0.0195995 0 
0.0355493 -0.175819 0 
0.023547 -0.193501 0 
0.0509864 -0.162858 0 
0.023547 -0.193501 0 
0.021258 -0.193178 0 
0.0264151 -0.183542 0 
0.0197351 -0.192383 0 
0.0264151 -0.183542 0 
0.0197351 -0.192383 0 
0.021769 -0.187907 0 
0.0184099 -0.191338 0 
0.021769 -0.187907 0 
0.0264151 -0.183542 0 
0.0592096 -0.132563 0 
0.021769 -0.187907 0 
0.0592096 -0.132563 0 
0.021769 -0.187907 0 
0.0197351 -0.192383 0 
0.0264151 -0.183542 0 
0.0197351 -0.192383 0 
0.550814 0.273271 0 
0.0759445 -0.144558 0 
0.109932 -0.123796 0 
0.0759445 -0.144558 0 
0.109932 -0.123796 0 
0.0299494 -0.191893 0 
0.0340614 -0.193365 0 
0.0299494 -0.191893 0 
0.0759445 -0.144558 0 
0.0264071 -0.19317 0 
0.0299494 -0.191893 0 
0.0264071 -0.19317 0 
0.0299494 -0.191893 0 
0.109932 -0.123796 0 
0.0759445 -0.144558 0 
0.109932 -0.123796 0 
12.0492 0.821272 0 
10.0183 0.57349 0 
11.1339 0.502732 0 
10.0183 0.57349 0 
11.1339 0.502732 0 
7.75356 0.298685 0 
9.37091 0.216068 0 
7.75356 0.298685 0 
10.0183 0.57349 0 
5.87962 0.310643 0 
7.75356 0.298685 0 
5.87962 0.310643 0 
7.75356 0.298685 0 
11.1339 0.502732 0 
10.0183 0.57349 0 
11.1339 0.502732 0 
9.37091 0.216068 0 
5.23035 0.0515812 0 
6.93409 -0.00649805 0 
5.23035 0.0515812 0 
6.93409 -0.00649805 0 
3.03094 -0.128388 0 
4.40412 -0.163432 0 
3.03094 -0.128388 0 
5.23035 0.0515812 0 
1.90488 -0.137473 0 
3.03094 -0.128388 0 
1.90488 -0.137473 0 
3.03094 -0.128388 0 
6.93409 -0.00649805 0 
5.23035 0.0515812 0 
6.93409 -0.00649805 0 
5.87962 0.310643 0 
2.25967 -0.016639 0 
3.61701 0.0428501 0 
2.25967 -0.016639 0 
3.61701 0.0428501 0 
1.06736 -0.174434 0 
1.90488 -0.137473 0 
1.06736 -0.174434 0 
2.25967 -0.016639 0 
0.507301 -0.211844 0 
1.06736 -0.174434 0 
0.507301 -0.211844 0 
1.06736 -0.174434 0 
3.61701 0.0428501 0 
2.25967 -0.016639 0 
3.61701 0.0428501 0 
1.90488 -0.137473 0 
5.23035 0.0515812 0 
3.61701 0.0428501 0 
5.23035 0.0515812 0 
3.61701 0.0428501 0 
7.75356 0.298685 0 
5.87962 0.310643 0 
7.75356 0.298685 0 
5.23035 0.0515812 0 
9.37091 0.216068 0 
7.75356 0.298685 0 
9.37091 0.216068 0 
7.75356 0.298685 0 
3.61701 0.0428501 0 
5.23035 0.0515812 0 
3.61701 0.0428501 0 
4.40412 -0.163432 0 
1.47544 -0.226737 0 
2.36662 -0.247104 0 
1.47544 -0.226737 0 
2.36662 -0.247104 0 
0.586166 -0.269368 0 
1.04615 -0.283575 0 
0.586166 -0.269368 0 
1.47544 -0.226737 0 
0.295846 -0.271247 0 
0.586166 -0.269368 0 
0.295846 -0.271247 0 
0.586166 -0.269368 0 
2.36662 -0.247104 0 
1.47544 -0.226737 0 
2.36662 -0.247104 0 
1.04615 -0.283575 0 
0.197403 -0.290143 0 
0.369681 -0.295273 0 
0.197403 -0.290143 0 
0.369681 -0.295273 0 
0.0786377 -0.295991 0 
0.121762 -0.298549 0 
0.0786377 -0.295991 0 
0.197403 -0.290143 0 
0.0476411 -0.295245 0 
0.0786377 -0.295991 0 
0.0476411 -0.295245 0 
0.0786377 -0.295991 0 
0.369681 -0.295273 0 
0.197403 -0.290143 0 
0.369681 -0.295273 0 
0.295846 -0.271247 0 
0.0578592 -0.287651 0 
0.103279 -0.287028 0 
0.0578592 -0.287651 0 
0.103279 -0.287028 0 
0.0390096 -0.292089 0 
0.0476411 -0.295245 0 
0.0390096 -0.292089 0 
0.0578592 -0.287651 0 
0.0340947 -0.288936 0 
0.0390096 -0.292089 0 
0.0340947 -0.288936 0 
0.0390096 -0.292089 0 
0.103279 -0.287028 0 
0.0578592 -0.287651 0 
0.103279 -0.287028 0 
0.0476411 -0.295245 0 
0.197403 -0.290143 0 
0.103279 -0.287028 0 
0.197403 -0.290143 0 
0.103279 -0.287028 0 
0.586166 -0.269368 0 
0.295846 -0.271247 0 
0.586166 -0.269368 0 
0.197403 -0.290143 0 
1.04615 -0.283575 0 
0.586166 -0.269368 0 
1.04615 -0.283575 0 
0.586166 -0.269368 0 
0.103279 -0.287028 0 
0.197403 -0.290143 0 
0.103279 -0.287028 0 
0.507301 -0.211844 0 
0.0719759 -0.277089 0 
0.167761 -0.264249 0 
0.0719759 -0.277089 0 
0.167761 -0.264249 0 
0.0475418 -0.278542 0 
0.0627336 -0.279086 0 
0.0475418 -0.278542 0 
0.0719759 -0.277089 0 
0.0393867 -0.275871 0 
0.0475418 -0.278542 0 
0.0393867 -0.275871 0 
0.0475418 -0.278542 0 
0.167761 -0.264249 0 
0.0719759 -0.277089 0 
0.167761 -0.264249 0 
0.0340947 -0.288936 0 
0.0578592 -0.287651 0 
0.0437665 -0.285988 0 
0.0578592 -0.287651 0 
0.0437665 -0.285988 0 
0.134132 -0.274556 0 
0.0627336 -0.279086 0 
0.134132 -0.274556 0 
0.0578592 -0.287651 0 
0.295846 -0.271247 0 
0.134132 -0.274556 0 
0.295846 -0.271247 0 
0.134132 -0.274556 0 
0.0437665 -0.285988 0 
0.0578592 -0.287651 0 
0.0437665 -0.285988 0 
0.0627336 -0.279086 0 
0.408407 -0.246182 0 
0.167761 -0.264249 0 
0.408407 -0.246182 0 
0.167761 -0.264249 0 
1.06736 -0.174434 0 
0.507301 -0.211844 0 
1.06736 -0.174434 0 
0.408407 -0.246182 0 
1.90488 -0.137473 0 
1.06736 -0.174434 0 
1.90488 -0.137473 0 
1.06736 -0.174434 0 
0.167761 -0.264249 0 
0.408407 -0.246182 0 
0.167761 -0.264249 0 
0.295846 -0.271247 0 
1.47544 -0.226737 0 
0.831081 -0.227218 0 
1.47544 -0.226737 0 
0.831081 -0.227218 0 
3.03094 -0.128388 0 
1.90488 -0.137473 0 
3.03094 -0.128388 0 
1.47544 -0.226737 0 
4.40412 -0.163432 0 
3.03094 -0.128388 0 
4.40412 -0.163432 0 
3.03094 -0.128388 0 
0.831081 -0.227218 0 
1.47544 -0.226737 0 
0.831081 -0.227218 0 
1.90488 -0.137473 0 
0.408407 -0.246182 0 
0.831081 -0.227218 0 
0.408407 -0.246182 0 
0.831081 -0.227218 0 
0.134132 -0.274556 0 
0.295846 -0.271247 0 
0.134132 -0.274556 0 
0.408407 -0.246182 0 
0.0627336 -0.279086 0 
0.134132 -0.274556 0 
0.0627336 -0.279086 0 
0.134132 -0.274556 0 
0.831081 -0.227218 0 
0.408407 -0.246182 0 
0.831081 -0.227218 0 
0.550814 0.273271 0 
0.861446 0.595669 0 
1.86473 1.6276 0 
0.861446 0.595669 0 
1.86473 1.6276 0 
2.63852 2.28123 0 
4.68655 4.52564 0 
2.63852 2.28123 0 
0.861446 0.595669 0 
1.28289 0.923992 0 
2.63852 2.28123 0 
1.28289 0.923992 0 
2.63852 2.28123 0 
1.86473 1.6276 0 
0.861446 0.595669 0 
1.86473 1.6276 0 
4.68655 4.52564 0 
6.09404 5.54021 0 
8.96866 8.9508 0 
6.09404 5.54021 0 
8.96866 8.9508 0 
10.5813 9.79399 0 
12.945 13.3103 0 
10.5813 9.79399 0 
6.09404 5.54021 0 
7.52311 6.38713 0 
10.5813 9.79399 0 
7.52311 6.38713 0 
10.5813 9.79399 0 
8.96866 8.9508 0 
6.09404 5.54021 0 
8.96866 8.9508 0 
1.28289 0.923992 0 
1.79219 1.28789 0 
3.55116 2.93538 0 
1.79219 1.28789 0 
3.55116 2.93538 0 
4.57016 3.57634 0 
7.52311 6.38713 0 
4.57016 3.57634 0 
1.79219 1.28789 0 
2.386 1.66618 0 
4.57016 3.57634 0 
2.386 1.66618 0 
4.57016 3.57634 0 
3.55116 2.93538 0 
1.79219 1.28789 0 
3.55116 2.93538 0 
7.52311 6.38713 0 
6.09404 5.54021 0 
3.55116 2.93538 0 
6.09404 5.54021 0 
3.55116 2.93538 0 
2.63852 2.28123 0 
1.28289 0.923992 0 
2.63852 2.28123 0 
6.09404 5.54021 0 
4.68655 4.52564 0 
2.63852 2.28123 0 
4.68655 4.52564 0 
2.63852 2.28123 0 
3.55116 2.93538 0 
6.09404 5.54021 0 
3.55116 2.93538 0 
12.945 13.3103 0 
14.0216 13.1945 0 
14.9746 16.1589 0 
14.0216 13.1945 0 
14.9746 16.1589 0 
15.5658 14.9885 0 
15.6643 18.1301 0 
15.5658 14.9885 0 
14.0216 13.1945 0 
14.7845 12.7821 0 
15.5658 14.9885 0 
14.7845 12.7821 0 
15.5658 14.9885 0 
14.9746 16.1589 0 
14.0216 13.1945 0 
14.9746 16.1589 0 
15.6643 18.1301 0 
16.1162 15.9582 0 
15.6212 20.0697 0 
16.1162 15.9582 0 
15.6212 20.0697 0 
16.1755 16.6752 0 
15.3649 22.7506 0 
16.1755 16.6752 0 
16.1162 15.9582 0 
16.2969 14.4213 0 
16.1755 16.6752 0 
16.2969 14.4213 0 
16.1755 16.6752 0 
15.6212 20.0697 0 
16.1162 15.9582 0 
15.6212 20.0697 0 
14.7845 12.7821 0 
15.2635 12.1903 0 
15.9326 13.9214 0 
15.2635 12.1903 0 
15.9326 13.9214 0 
16.1068 12.8708 0 
16.2969 14.4213 0 
16.1068 12.8708 0 
15.2635 12.1903 0 
15.5436 11.5193 0 
16.1068 12.8708 0 
15.5436 11.5193 0 
16.1068 12.8708 0 
15.9326 13.9214 0 
15.2635 12.1903 0 
15.9326 13.9214 0 
16.2969 14.4213 0 
16.1162 15.9582 0 
15.9326 13.9214 0 
16.1162 15.9582 0 
15.9326 13.9214 0 
15.5658 14.9885 0 
14.7845 12.7821 0 
15.5658 14.9885 0 
16.1162 15.9582 0 
15.6643 18.1301 0 
15.5658 14.9885 0 
15.6643 18.1301 0 
15.5658 14.9885 0 
15.9326 13.9214 0 
16.1162 15.9582 0 
15.9326 13.9214 0 
2.386 1.66618 0 
3.05033 2.02978 0 
5.64027 4.1648 0 
3.05033 2.02978 0 
5.64027 4.1648 0 
6.71083 4.65423 0 
10.1308 7.56151 0 
6.71083 4.65423 0 
3.05033 2.02978 0 
3.7664 2.37406 0 
6.71083 4.65423 0 
3.7664 2.37406 0 
6.71083 4.65423 0 
5.64027 4.1648 0 
3.05033 2.02978 0 
5.64027 4.1648 0 
10.1308 7.56151 0 
11.2004 7.82361 0 
13.7961 10.284 0 
11.2004 7.82361 0 
13.7961 10.284 0 
14.3315 9.96455 0 
15.5436 11.5193 0 
14.3315 9.96455 0 
11.2004 7.82361 0 
12.0515 7.84538 0 
14.3315 9.96455 0 
12.0515 7.84538 0 
14.3315 9.96455 0 
13.7961 10.284 0 
11.2004 7.82361 0 
13.7961 10.284 0 
3.7664 2.37406 0 
4.4923 2.7907 0 
7.7224 5.01193 0 
4.4923 2.7907 0 
7.7224 5.01193 0 
8.62337 5.32777 0 
12.0515 7.84538 0 
8.62337 5.32777 0 
4.4923 2.7907 0 
5.14126 2.97427 0 
8.62337 5.32777 0 
5.14126 2.97427 0 
8.62337 5.32777 0 
7.7224 5.01193 0 
4.4923 2.7907 0 
7.7224 5.01193 0 
12.0515 7.84538 0 
11.2004 7.82361 0 
7.7224 5.01193 0 
11.2004 7.82361 0 
7.7224 5.01193 0 
6.71083 4.65423 0 
3.7664 2.37406 0 
6.71083 4.65423 0 
11.2004 7.82361 0 
10.1308 7.56151 0 
6.71083 4.65423 0 
10.1308 7.56151 0 
6.71083 4.65423 0 
7.7224 5.01193 0 
11.2004 7.82361 0 
7.7224 5.01193 0 
15.5436 11.5193 0 
15.2635 12.1903 0 
13.7961 10.284 0 
15.2635 12.1903 0 
13.7961 10.284 0 
13.0306 10.389 0 
10.1308 7.56151 0 
13.0306 10.389 0 
15.2635 12.1903 0 
14.7845 12.7821 0 
13.0306 10.389 0 
14.7845 12.7821 0 
13.0306 10.389 0 
13.7961 10.284 0 
15.2635 12.1903 0 
13.7961 10.284 0 
10.1308 7.56151 0 
8.89125 7.07426 0 
5.64027 4.1648 0 
8.89125 7.07426 0 
5.64027 4.1648 0 
4.57016 3.57634 0 
2.386 1.66618 0 
4.57016 3.57634 0 
8.89125 7.07426 0 
7.52311 6.38713 0 
4.57016 3.57634 0 
7.52311 6.38713 0 
4.57016 3.57634 0 
5.64027 4.1648 0 
8.89125 7.07426 0 
5.64027 4.1648 0 
14.7845 12.7821 0 
14.0216 13.1945 0 
11.9651 10.2416 0 
14.0216 13.1945 0 
11.9651 10.2416 0 
10.5813 9.79399 0 
7.52311 6.38713 0 
10.5813 9.79399 0 
14.0216 13.1945 0 
12.945 13.3103 0 
10.5813 9.79399 0 
12.945 13.3103 0 
10.5813 9.79399 0 
11.9651 10.2416 0 
14.0216 13.1945 0 
11.9651 10.2416 0 
7.52311 6.38713 0 
8.89125 7.07426 0 
11.9651 10.2416 0 
8.89125 7.07426 0 
11.9651 10.2416 0 
13.0306 10.389 0 
14.7845 12.7821 0 
13.0306 10.389 0 
8.89125 7.07426 0 
10.1308 7.56151 0 
13.0306 10.389 0 
10.1308 7.56151 0 
13.0306 10.389 0 
11.9651 10.2416 0 
8.89125 7.07426 0 
11.9651 10.2416 0 
0.0346643 -0.221201 0 
0.0526876 -0.210113 0 
0.0307442 -0.219792 0 
0.0526876 -0.210113 0 
0.0307442 -0.219792 0 
0.0369299 -0.213964 0 
0.0283735 -0.217815 0 
0.0369299 -0.213964 0 
0.0526876 -0.210113 0 
0.142965 -0.169423 0 
0.0369299 -0.213964 0 
0.142965 -0.169423 0 
0.0369299 -0.213964 0 
0.0307442 -0.219792 0 
0.0526876 -0.210113 0 
0.0307442 -0.219792 0 
0.142965 -0.169423 0 
0.472385 -0.00452387 0 
0.0647323 -0.197428 0 
0.472385 -0.00452387 0 
0.0647323 -0.197428 0 
0.202773 -0.113234 0 
0.0361994 -0.208749 0 
0.202773 -0.113234 0 
0.472385 -0.00452387 0 
1.28956 0.477531 0 
0.202773 -0.113234 0 
1.28956 0.477531 0 
0.202773 -0.113234 0 
0.0647323 -0.197428 0 
0.472385 -0.00452387 0 
0.0647323 -0.197428 0 
0.0361994 -0.208749 0 
0.0819773 -0.188998 0 
0.029694 -0.209844 0 
0.0819773 -0.188998 0 
0.029694 -0.209844 0 
0.037461 -0.200337 0 
0.0256081 -0.209763 0 
0.037461 -0.200337 0 
0.0819773 -0.188998 0 
0.231045 -0.0816133 0 
0.037461 -0.200337 0 
0.231045 -0.0816133 0 
0.037461 -0.200337 0 
0.029694 -0.209844 0 
0.0819773 -0.188998 0 
0.029694 -0.209844 0 
1.28956 0.477531 0 
2.82503 1.40936 0 
0.646812 0.131396 0 
2.82503 1.40936 0 
0.646812 0.131396 0 
1.51648 0.666762 0 
0.231045 -0.0816133 0 
1.51648 0.666762 0 
2.82503 1.40936 0 
5.14126 2.97427 0 
1.51648 0.666762 0 
5.14126 2.97427 0 
1.51648 0.666762 0 
0.646812 0.131396 0 
2.82503 1.40936 0 
0.646812 0.131396 0 
0.231045 -0.0816133 0 
0.0819773 -0.188998 0 
0.646812 0.131396 0 
0.0819773 -0.188998 0 
0.646812 0.131396 0 
0.202773 -0.113234 0 
1.28956 0.477531 0 
0.202773 -0.113234 0 
0.0819773 -0.188998 0 
0.0361994 -0.208749 0 
0.202773 -0.113234 0 
0.0361994 -0.208749 0 
0.202773 -0.113234 0 
0.646812 0.131396 0 
0.0819773 -0.188998 0 
0.646812 0.131396 0 
0.0361994 -0.208749 0 
0.0311562 -0.214646 0 
0.0647323 -0.197428 0 
0.0311562 -0.214646 0 
0.0647323 -0.197428 0 
0.0369299 -0.213964 0 
0.142965 -0.169423 0 
0.0369299 -0.213964 0 
0.0311562 -0.214646 0 
0.0283735 -0.217815 0 
0.0369299 -0.213964 0 
0.0283735 -0.217815 0 
0.0369299 -0.213964 0 
0.0647323 -0.197428 0 
0.0311562 -0.214646 0 
0.0647323 -0.197428 0 
0.0340614 -0.193365 0 
0.168913 -0.060856 0 
0.109932 -0.123796 0 
0.168913 -0.060856 0 
0.109932 -0.123796 0 
0.861446 0.595669 0 
0.550814 0.273271 0 
0.861446 0.595669 0 
0.168913 -0.060856 0 
1.28289 0.923992 0 
0.861446 0.595669 0 
1.28289 0.923992 0 
0.861446 0.595669 0 
0.109932 -0.123796 0 
0.168913 -0.060856 0 
0.109932 -0.123796 0 
0.0467931 -0.183309 0 
0.452348 0.15783 0 
0.281611 0.0326049 0 
0.452348 0.15783 0 
0.281611 0.0326049 0 
1.79219 1.28789 0 
1.28289 0.923992 0 
1.79219 1.28789 0 
0.452348 0.15783 0 
2.386 1.66618 0 
1.79219 1.28789 0 
2.386 1.66618 0 
1.79219 1.28789 0 
0.281611 0.0326049 0 
0.452348 0.15783 0 
0.281611 0.0326049 0 
1.28289 0.923992 0 
0.168913 -0.060856 0 
0.281611 0.0326049 0 
0.168913 -0.060856 0 
0.281611 0.0326049 0 
0.039725 -0.189221 0 
0.0467931 -0.183309 0 
0.039725 -0.189221 0 
0.168913 -0.060856 0 
0.0340614 -0.193365 0 
0.039725 -0.189221 0 
0.0340614 -0.193365 0 
0.039725 -0.189221 0 
0.281611 0.0326049 0 
0.168913 -0.060856 0 
0.281611 0.0326049 0 
0.0256081 -0.209763 0 
0.037461 -0.200337 0 
0.0329489 -0.203551 0 
0.037461 -0.200337 0 
0.0329489 -0.203551 0 
0.168947 -0.0838294 0 
0.110272 -0.133544 0 
0.168947 -0.0838294 0 
0.037461 -0.200337 0 
0.231045 -0.0816133 0 
0.168947 -0.0838294 0 
0.231045 -0.0816133 0 
0.168947 -0.0838294 0 
0.0329489 -0.203551 0 
0.037461 -0.200337 0 
0.0329489 -0.203551 0 
0.110272 -0.133544 0 
0.938239 0.460976 0 
0.671799 0.30555 0 
0.938239 0.460976 0 
0.671799 0.30555 0 
3.05033 2.02978 0 
2.386 1.66618 0 
3.05033 2.02978 0 
0.938239 0.460976 0 
3.7664 2.37406 0 
3.05033 2.02978 0 
3.7664 2.37406 0 
3.05033 2.02978 0 
0.671799 0.30555 0 
0.938239 0.460976 0 
0.671799 0.30555 0 
0.231045 -0.0816133 0 
1.51648 0.666762 0 
1.24024 0.664105 0 
1.51648 0.666762 0 
1.24024 0.664105 0 
4.4923 2.7907 0 
3.7664 2.37406 0 
4.4923 2.7907 0 
1.51648 0.666762 0 
5.14126 2.97427 0 
4.4923 2.7907 0 
5.14126 2.97427 0 
4.4923 2.7907 0 
1.24024 0.664105 0 
1.51648 0.666762 0 
1.24024 0.664105 0 
3.7664 2.37406 0 
0.938239 0.460976 0 
1.24024 0.664105 0 
0.938239 0.460976 0 
1.24024 0.664105 0 
0.168947 -0.0838294 0 
0.231045 -0.0816133 0 
0.168947 -0.0838294 0 
0.938239 0.460976 0 
0.110272 -0.133544 0 
0.168947 -0.0838294 0 
0.110272 -0.133544 0 
0.168947 -0.0838294 0 
1.24024 0.664105 0 
0.938239 0.460976 0 
1.24024 0.664105 0 
2.386 1.66618 0 
0.452348 0.15783 0 
0.671799 0.30555 0 
0.452348 0.15783 0 
0.671799 0.30555 0 
0.0692464 -0.161282 0 
0.110272 -0.133544 0 
0.0692464 -0.161282 0 
0.452348 0.15783 0 
0.0467931 -0.183309 0 
0.0692464 -0.161282 0 
0.0467931 -0.183309 0 
0.0692464 -0.161282 0 
0.671799 0.30555 0 
0.452348 0.15783 0 
0.671799 0.30555 0 
0.110272 -0.133544 0 
0.0306318 -0.204742 0 
0.0329489 -0.203551 0 
0.0306318 -0.204742 0 
0.0329489 -0.203551 0 
0.0249695 -0.20857 0 
0.0256081 -0.209763 0 
0.0249695 -0.20857 0 
0.0306318 -0.204742 0 
0.0242295 -0.207112 0 
0.0249695 -0.20857 0 
0.0242295 -0.207112 0 
0.0249695 -0.20857 0 
0.0329489 -0.203551 0 
0.0306318 -0.204742 0 
0.0329489 -0.203551 0 
0.0242295 -0.207112 0 
0.0306318 -0.204742 0 
0.0309495 -0.200227 0 
0.0306318 -0.204742 0 
0.0309495 -0.200227 0 
0.0692464 -0.161282 0 
0.0467931 -0.183309 0 
0.0692464 -0.161282 0 
0.0306318 -0.204742 0 
0.110272 -0.133544 0 
0.0692464 -0.161282 0 
0.110272 -0.133544 0 
0.0692464 -0.161282 0 
0.0309495 -0.200227 0 
0.0306318 -0.204742 0 
0.0309495 -0.200227 0 
11.7295 -0.00662241 0 
11.7758 0.135219 0 
11.8536 0.127674 0 
11.7758 0.135219 0 
11.8536 0.127674 0 
11.9034 0.276074 0 
11.9727 0.26744 0 
11.9034 0.276074 0 
11.7758 0.135219 0 
11.8267 0.282328 0 
11.9034 0.276074 0 
11.8267 0.282328 0 
11.9034 0.276074 0 
11.8536 0.127674 0 
11.7758 0.135219 0 
11.8536 0.127674 0 
11.9727 0.26744 0 
12.0305 0.418722 0 
12.074 0.409109 0 
12.0305 0.418722 0 
12.074 0.409109 0 
12.1552 0.569549 0 
12.1396 0.554808 0 
12.1552 0.569549 0 
12.0305 0.418722 0 
12.0963 0.578271 0 
12.1552 0.569549 0 
12.0963 0.578271 0 
12.1552 0.569549 0 
12.074 0.409109 0 
12.0305 0.418722 0 
12.074 0.409109 0 
12.1396 0.554808 0 
12.2634 0.723924 0 
12.1421 0.705524 0 
12.2634 0.723924 0 
12.1421 0.705524 0 
12.3207 0.865233 0 
12.0492 0.821272 0 
12.3207 0.865233 0 
12.2634 0.723924 0 
12.3535 0.888548 0 
12.3207 0.865233 0 
12.3535 0.888548 0 
12.3207 0.865233 0 
12.1421 0.705524 0 
12.2634 0.723924 0 
12.1421 0.705524 0 
12.0963 0.578271 0 
12.1681 0.738942 0 
12.2313 0.734024 0 
12.1681 0.738942 0 
12.2313 0.734024 0 
12.309 0.899079 0 
12.3535 0.888548 0 
12.309 0.899079 0 
12.1681 0.738942 0 
12.2407 0.908311 0 
12.309 0.899079 0 
12.2407 0.908311 0 
12.309 0.899079 0 
12.2313 0.734024 0 
12.1681 0.738942 0 
12.2313 0.734024 0 
12.3535 0.888548 0 
12.2634 0.723924 0 
12.2313 0.734024 0 
12.2634 0.723924 0 
12.2313 0.734024 0 
12.1552 0.569549 0 
12.0963 0.578271 0 
12.1552 0.569549 0 
12.2634 0.723924 0 
12.1396 0.554808 0 
12.1552 0.569549 0 
12.1396 0.554808 0 
12.1552 0.569549 0 
12.2313 0.734024 0 
12.2634 0.723924 0 
12.2313 0.734024 0 
12.0963 0.578271 0 
12.0305 0.418722 0 
11.9596 0.425797 0 
12.0305 0.418722 0 
11.9596 0.425797 0 
11.9034 0.276074 0 
11.8267 0.282328 0 
11.9034 0.276074 0 
12.0305 0.418722 0 
11.9727 0.26744 0 
11.9034 0.276074 0 
11.9727 0.26744 0 
11.9034 0.276074 0 
11.9596 0.425797 0 
12.0305 0.418722 0 
11.9596 0.425797 0 
10.4653 -1.50403 0 
10.5077 -1.41714 0 
10.5655 -1.52014 0 
10.5077 -1.41714 0 
10.5655 -1.52014 0 
10.6083 -1.43428 0 
10.6567 -1.53511 0 
10.6083 -1.43428 0 
10.5077 -1.41714 0 
10.5508 -1.3297 0 
10.6083 -1.43428 0 
10.5508 -1.3297 0 
10.6083 -1.43428 0 
10.5655 -1.52014 0 
10.5077 -1.41714 0 
10.5655 -1.52014 0 
10.6567 -1.53511 0 
10.7038 -1.45008 0 
10.6992 -1.54761 0 
10.7038 -1.45008 0 
10.6992 -1.54761 0 
10.7667 -1.46379 0 
10.5823 -1.54236 0 
10.7667 -1.46379 0 
10.7038 -1.45008 0 
10.7504 -1.36191 0 
10.7667 -1.46379 0 
10.7504 -1.36191 0 
10.7667 -1.46379 0 
10.6992 -1.54761 0 
10.7038 -1.45008 0 
10.6992 -1.54761 0 
10.7504 -1.36191 0 
10.7038 -1.45008 0 
10.6524 -1.34622 0 
10.7038 -1.45008 0 
10.6524 -1.34622 0 
10.6083 -1.43428 0 
10.5508 -1.3297 0 
10.6083 -1.43428 0 
10.7038 -1.45008 0 
10.6567 -1.53511 0 
10.6083 -1.43428 0 
10.6567 -1.53511 0 
10.6083 -1.43428 0 
10.6524 -1.34622 0 
10.7038 -1.45008 0 
10.6524 -1.34622 0 
10.5823 -1.54236 0 
10.6999 -1.46373 0 
10.1069 -1.49473 0 
10.6999 -1.46373 0 
10.1069 -1.49473 0 
10.3163 -1.42999 0 
9.03478 -1.37547 0 
10.3163 -1.42999 0 
10.6999 -1.46373 0 
10.7975 -1.383 0 
10.3163 -1.42999 0 
10.7975 -1.383 0 
10.3163 -1.42999 0 
10.1069 -1.49473 0 
10.6999 -1.46373 0 
10.1069 -1.49473 0 
9.03478 -1.37547 0 
9.37384 -1.33666 0 
7.28776 -1.17629 0 
9.37384 -1.33666 0 
7.28776 -1.17629 0 
7.743 -1.17127 0 
5.11812 -0.931167 0 
7.743 -1.17127 0 
9.37384 -1.33666 0 
9.68741 -1.28346 0 
7.743 -1.17127 0 
9.68741 -1.28346 0 
7.743 -1.17127 0 
7.28776 -1.17629 0 
9.37384 -1.33666 0 
7.28776 -1.17629 0 
10.7975 -1.383 0 
10.888 -1.29163 0 
10.497 -1.36083 0 
10.888 -1.29163 0 
10.497 -1.36083 0 
10.6618 -1.27355 0 
9.68741 -1.28346 0 
10.6618 -1.27355 0 
10.888 -1.29163 0 
10.9628 -1.20257 0 
10.6618 -1.27355 0 
10.9628 -1.20257 0 
10.6618 -1.27355 0 
10.497 -1.36083 0 
10.888 -1.29163 0 
10.497 -1.36083 0 
9.68741 -1.28346 0 
9.37384 -1.33666 0 
10.497 -1.36083 0 
9.37384 -1.33666 0 
10.497 -1.36083 0 
10.3163 -1.42999 0 
10.7975 -1.383 0 
10.3163 -1.42999 0 
9.37384 -1.33666 0 
9.03478 -1.37547 0 
10.3163 -1.42999 0 
9.03478 -1.37547 0 
10.3163 -1.42999 0 
10.497 -1.36083 0 
9.37384 -1.33666 0 
10.497 -1.36083 0 
10.8433 -1.18347 0 
10.8861 -1.09686 0 
10.9325 -1.1969 0 
10.8861 -1.09686 0 
10.9325 -1.1969 0 
10.9792 -1.10955 0 
10.9628 -1.20257 0 
10.9792 -1.10955 0 
10.8861 -1.09686 0 
10.9322 -1.00682 0 
10.9792 -1.10955 0 
10.9322 -1.00682 0 
10.9792 -1.10955 0 
10.9325 -1.1969 0 
10.8861 -1.09686 0 
10.9325 -1.1969 0 
10.9628 -1.20257 0 
10.888 -1.29163 0 
10.9325 -1.1969 0 
10.888 -1.29163 0 
10.9325 -1.1969 0 
10.8823 -1.28596 0 
10.8433 -1.18347 0 
10.8823 -1.28596 0 
10.888 -1.29163 0 
10.7975 -1.383 0 
10.8823 -1.28596 0 
10.7975 -1.383 0 
10.8823 -1.28596 0 
10.9325 -1.1969 0 
10.888 -1.29163 0 
10.9325 -1.1969 0 
10.7975 -1.383 0 
10.6999 -1.46373 0 
10.8255 -1.37633 0 
10.6999 -1.46373 0 
10.8255 -1.37633 0 
10.7667 -1.46379 0 
10.7504 -1.36191 0 
10.7667 -1.46379 0 
10.6999 -1.46373 0 
10.5823 -1.54236 0 
10.7667 -1.46379 0 
10.5823 -1.54236 0 
10.7667 -1.46379 0 
10.8255 -1.37633 0 
10.6999 -1.46373 0 
10.8255 -1.37633 0 
10.7504 -1.36191 0 
10.7971 -1.27218 0 
10.8255 -1.37633 0 
10.7971 -1.27218 0 
10.8255 -1.37633 0 
10.8823 -1.28596 0 
10.7975 -1.383 0 
10.8823 -1.28596 0 
10.7971 -1.27218 0 
10.8433 -1.18347 0 
10.8823 -1.28596 0 
10.8433 -1.18347 0 
10.8823 -1.28596 0 
10.8255 -1.37633 0 
10.7971 -1.27218 0 
10.8255 -1.37633 0 
5.11812 -0.931167 0 
7.743 -1.17127 0 
7.19827 -1.06652 0 
7.743 -1.17127 0 
7.19827 -1.06652 0 
9.36537 -1.19535 0 
8.96687 -1.11103 0 
9.36537 -1.19535 0 
7.743 -1.17127 0 
9.68741 -1.28346 0 
9.36537 -1.19535 0 
9.68741 -1.28346 0 
9.36537 -1.19535 0 
7.19827 -1.06652 0 
7.743 -1.17127 0 
7.19827 -1.06652 0 
8.96687 -1.11103 0 
10.4102 -1.13546 0 
10.1902 -1.06364 0 
10.4102 -1.13546 0 
10.1902 -1.06364 0 
10.9699 -1.01404 0 
10.8969 -0.948298 0 
10.9699 -1.01404 0 
10.4102 -1.13546 0 
10.9971 -1.07854 0 
10.9699 -1.01404 0 
10.9971 -1.07854 0 
10.9699 -1.01404 0 
10.1902 -1.06364 0 
10.4102 -1.13546 0 
10.1902 -1.06364 0 
9.68741 -1.28346 0 
10.6618 -1.27355 0 
10.5654 -1.20418 0 
10.6618 -1.27355 0 
10.5654 -1.20418 0 
10.9919 -1.14146 0 
10.9971 -1.07854 0 
10.9919 -1.14146 0 
10.6618 -1.27355 0 
10.9628 -1.20257 0 
10.9919 -1.14146 0 
10.9628 -1.20257 0 
10.9919 -1.14146 0 
10.5654 -1.20418 0 
10.6618 -1.27355 0 
10.5654 -1.20418 0 
10.9971 -1.07854 0 
10.4102 -1.13546 0 
10.5654 -1.20418 0 
10.4102 -1.13546 0 
10.5654 -1.20418 0 
9.36537 -1.19535 0 
9.68741 -1.28346 0 
9.36537 -1.19535 0 
10.4102 -1.13546 0 
8.96687 -1.11103 0 
9.36537 -1.19535 0 
8.96687 -1.11103 0 
9.36537 -1.19535 0 
10.5654 -1.20418 0 
10.4102 -1.13546 0 
10.5654 -1.20418 0 
10.8969 -0.948298 0 
11.2198 -0.857916 0 
11.2409 -0.793954 0 
11.2198 -0.857916 0 
11.2409 -0.793954 0 
11.3182 -0.688716 0 
11.3829 -0.624223 0 
11.3182 -0.688716 0 
11.2198 -0.857916 0 
11.2449 -0.754051 0 
11.3182 -0.688716 0 
11.2449 -0.754051 0 
11.3182 -0.688716 0 
11.2409 -0.793954 0 
11.2198 -0.857916 0 
11.2409 -0.793954 0 
11.3829 -0.624223 0 
11.3634 -0.515598 0 
11.4428 -0.448144 0 
11.3634 -0.515598 0 
11.4428 -0.448144 0 
11.3988 -0.332897 0 
11.482 -0.26533 0 
11.3988 -0.332897 0 
11.3634 -0.515598 0 
11.3145 -0.402486 0 
11.3988 -0.332897 0 
11.3145 -0.402486 0 
11.3988 -0.332897 0 
11.4428 -0.448144 0 
11.3634 -0.515598 0 
11.4428 -0.448144 0 
11.3145 -0.402486 0 
11.3634 -0.515598 0 
11.2835 -0.580919 0 
11.3634 -0.515598 0 
11.2835 -0.580919 0 
11.3182 -0.688716 0 
11.2449 -0.754051 0 
11.3182 -0.688716 0 
11.3634 -0.515598 0 
11.3829 -0.624223 0 
11.3182 -0.688716 0 
11.3829 -0.624223 0 
11.3182 -0.688716 0 
11.2835 -0.580919 0 
11.3634 -0.515598 0 
11.2835 -0.580919 0 
10.9628 -1.20257 0 
10.9792 -1.10955 0 
11.0508 -1.04855 0 
10.9792 -1.10955 0 
11.0508 -1.04855 0 
11.01 -0.944926 0 
11.0886 -0.882016 0 
11.01 -0.944926 0 
10.9792 -1.10955 0 
10.9322 -1.00682 0 
11.01 -0.944926 0 
10.9322 -1.00682 0 
11.01 -0.944926 0 
11.0508 -1.04855 0 
10.9792 -1.10955 0 
11.0508 -1.04855 0 
11.0886 -0.882016 0 
11.1176 -0.986145 0 
11.0508 -1.04855 0 
11.1176 -0.986145 0 
11.0508 -1.04855 0 
10.9919 -1.14146 0 
10.9628 -1.20257 0 
10.9919 -1.14146 0 
11.1176 -0.986145 0 
10.9971 -1.07854 0 
10.9919 -1.14146 0 
10.9971 -1.07854 0 
10.9919 -1.14146 0 
11.0508 -1.04855 0 
11.1176 -0.986145 0 
11.0508 -1.04855 0 
11.2449 -0.754051 0 
11.2198 -0.857916 0 
11.1758 -0.922442 0 
11.2198 -0.857916 0 
11.1758 -0.922442 0 
10.9699 -1.01404 0 
10.9971 -1.07854 0 
10.9699 -1.01404 0 
11.2198 -0.857916 0 
10.8969 -0.948298 0 
10.9699 -1.01404 0 
10.8969 -0.948298 0 
10.9699 -1.01404 0 
11.1758 -0.922442 0 
11.2198 -0.857916 0 
11.1758 -0.922442 0 
10.9971 -1.07854 0 
11.1176 -0.986145 0 
11.1758 -0.922442 0 
11.1176 -0.986145 0 
11.1758 -0.922442 0 
11.1673 -0.818312 0 
11.2449 -0.754051 0 
11.1673 -0.818312 0 
11.1176 -0.986145 0 
11.0886 -0.882016 0 
11.1673 -0.818312 0 
11.0886 -0.882016 0 
11.1673 -0.818312 0 
11.1758 -0.922442 0 
11.1176 -0.986145 0 
11.1758 -0.922442 0 
0.0828127 -0.226051 0 
0.120287 -0.218839 0 
0.328355 -0.153449 0 
0.120287 -0.218839 0 
0.328355 -0.153449 0 
0.481817 -0.117695 0 
1.14836 0.0782907 0 
0.481817 -0.117695 0 
0.120287 -0.218839 0 
0.177302 -0.211641 0 
0.481817 -0.117695 0 
0.177302 -0.211641 0 
0.481817 -0.117695 0 
0.328355 -0.153449 0 
0.120287 -0.218839 0 
0.328355 -0.153449 0 
1.14836 0.0782907 0 
1.52814 0.154521 0 
3.08404 0.591415 0 
1.52814 0.154521 0 
3.08404 0.591415 0 
3.78433 0.707172 0 
6.32334 1.41604 0 
3.78433 0.707172 0 
1.52814 0.154521 0 
1.95349 0.223028 0 
3.78433 0.707172 0 
1.95349 0.223028 0 
3.78433 0.707172 0 
3.08404 0.591415 0 
1.52814 0.154521 0 
3.08404 0.591415 0 
0.177302 -0.211641 0 
0.255184 -0.199394 0 
0.66868 -0.08337 0 
0.255184 -0.199394 0 
0.66868 -0.08337 0 
0.890748 -0.0456265 0 
1.95349 0.223028 0 
0.890748 -0.0456265 0 
0.255184 -0.199394 0 
0.357646 -0.180461 0 
0.890748 -0.0456265 0 
0.357646 -0.180461 0 
0.890748 -0.0456265 0 
0.66868 -0.08337 0 
0.255184 -0.199394 0 
0.66868 -0.08337 0 
1.95349 0.223028 0 
1.52814 0.154521 0 
0.66868 -0.08337 0 
1.52814 0.154521 0 
0.66868 -0.08337 0 
0.481817 -0.117695 0 
0.177302 -0.211641 0 
0.481817 -0.117695 0 
1.52814 0.154521 0 
1.14836 0.0782907 0 
0.481817 -0.117695 0 
1.14836 0.0782907 0 
0.481817 -0.117695 0 
0.66868 -0.08337 0 
1.52814 0.154521 0 
0.66868 -0.08337 0 
6.32334 1.41604 0 
7.19377 1.50467 0 
9.86801 2.27914 0 
7.19377 1.50467 0 
9.86801 2.27914 0 
10.4957 2.24554 0 
12.2788 2.8338 0 
10.4957 2.24554 0 
7.19377 1.50467 0 
7.97331 1.54688 0 
10.4957 2.24554 0 
7.97331 1.54688 0 
10.4957 2.24554 0 
9.86801 2.27914 0 
7.19377 1.50467 0 
9.86801 2.27914 0 
12.2788 2.8338 0 
12.5168 2.66387 0 
13.3421 3.0466 0 
12.5168 2.66387 0 
13.3421 3.0466 0 
13.3198 2.79573 0 
13.6017 3.0737 0 
13.3198 2.79573 0 
12.5168 2.66387 0 
12.637 2.45481 0 
13.3198 2.79573 0 
12.637 2.45481 0 
13.3198 2.79573 0 
13.3421 3.0466 0 
12.5168 2.66387 0 
13.3421 3.0466 0 
7.97331 1.54688 0 
8.65044 1.55036 0 
10.9643 2.1552 0 
8.65044 1.55036 0 
10.9643 2.1552 0 
11.313 2.03151 0 
12.637 2.45481 0 
11.313 2.03151 0 
8.65044 1.55036 0 
9.21492 1.52073 0 
11.313 2.03151 0 
9.21492 1.52073 0 
11.313 2.03151 0 
10.9643 2.1552 0 
8.65044 1.55036 0 
10.9643 2.1552 0 
12.637 2.45481 0 
12.5168 2.66387 0 
10.9643 2.1552 0 
12.5168 2.66387 0 
10.9643 2.1552 0 
10.4957 2.24554 0 
7.97331 1.54688 0 
10.4957 2.24554 0 
12.5168 2.66387 0 
12.2788 2.8338 0 
10.4957 2.24554 0 
12.2788 2.8338 0 
10.4957 2.24554 0 
10.9643 2.1552 0 
12.5168 2.66387 0 
10.9643 2.1552 0 
0.357646 -0.180461 0 
0.488909 -0.147816 0 
1.1444 -0.003188 0 
0.488909 -0.147816 0 
1.1444 -0.003188 0 
1.42398 0.0465584 0 
2.92884 0.356693 0 
1.42398 0.0465584 0 
0.488909 -0.147816 0 
0.644006 -0.103802 0 
1.42398 0.0465584 0 
0.644006 -0.103802 0 
1.42398 0.0465584 0 
1.1444 -0.003188 0 
0.488909 -0.147816 0 
1.1444 -0.003188 0 
2.92884 0.356693 0 
3.45591 0.430139 0 
5.92464 0.931622 0 
3.45591 0.430139 0 
5.92464 0.931622 0 
6.56111 0.986325 0 
9.21492 1.52073 0 
6.56111 0.986325 0 
3.45591 0.430139 0 
3.97842 0.488992 0 
6.56111 0.986325 0 
3.97842 0.488992 0 
6.56111 0.986325 0 
5.92464 0.931622 0 
3.45591 0.430139 0 
5.92464 0.931622 0 
0.644006 -0.103802 0 
0.809282 -0.070785 0 
1.71791 0.0962473 0 
0.809282 -0.070785 0 
1.71791 0.0962473 0 
2.02115 0.128157 0 
3.97842 0.488992 0 
2.02115 0.128157 0 
0.809282 -0.070785 0 
0.947927 -0.0935821 0 
2.02115 0.128157 0 
0.947927 -0.0935821 0 
2.02115 0.128157 0 
1.71791 0.0962473 0 
0.809282 -0.070785 0 
1.71791 0.0962473 0 
3.97842 0.488992 0 
3.45591 0.430139 0 
1.71791 0.0962473 0 
3.45591 0.430139 0 
1.71791 0.0962473 0 
1.42398 0.0465584 0 
0.644006 -0.103802 0 
1.42398 0.0465584 0 
3.45591 0.430139 0 
2.92884 0.356693 0 
1.42398 0.0465584 0 
2.92884 0.356693 0 
1.42398 0.0465584 0 
1.71791 0.0962473 0 
3.45591 0.430139 0 
1.71791 0.0962473 0 
9.21492 1.52073 0 
8.65044 1.55036 0 
5.92464 0.931622 0 
8.65044 1.55036 0 
5.92464 0.931622 0 
5.23135 0.874967 0 
2.92884 0.356693 0 
5.23135 0.874967 0 
8.65044 1.55036 0 
7.97331 1.54688 0 
5.23135 0.874967 0 
7.97331 1.54688 0 
5.23135 0.874967 0 
5.92464 0.931622 0 
8.65044 1.55036 0 
5.92464 0.931622 0 
2.92884 0.356693 0 
2.42324 0.289714 0 
1.1444 -0.003188 0 
2.42324 0.289714 0 
1.1444 -0.003188 0 
0.890748 -0.0456265 0 
0.357646 -0.180461 0 
0.890748 -0.0456265 0 
2.42324 0.289714 0 
1.95349 0.223028 0 
0.890748 -0.0456265 0 
1.95349 0.223028 0 
0.890748 -0.0456265 0 
1.1444 -0.003188 0 
2.42324 0.289714 0 
1.1444 -0.003188 0 
7.97331 1.54688 0 
7.19377 1.50467 0 
4.50777 0.799964 0 
7.19377 1.50467 0 
4.50777 0.799964 0 
3.78433 0.707172 0 
1.95349 0.223028 0 
3.78433 0.707172 0 
7.19377 1.50467 0 
6.32334 1.41604 0 
3.78433 0.707172 0 
6.32334 1.41604 0 
3.78433 0.707172 0 
4.50777 0.799964 0 
7.19377 1.50467 0 
4.50777 0.799964 0 
1.95349 0.223028 0 
2.42324 0.289714 0 
4.50777 0.799964 0 
2.42324 0.289714 0 
4.50777 0.799964 0 
5.23135 0.874967 0 
7.97331 1.54688 0 
5.23135 0.874967 0 
2.42324 0.289714 0 
2.92884 0.356693 0 
5.23135 0.874967 0 
2.92884 0.356693 0 
5.23135 0.874967 0 
4.50777 0.799964 0 
2.42324 0.289714 0 
4.50777 0.799964 0 
0.0343592 -0.245902 0 
0.0522592 -0.241979 0 
0.0485949 -0.239737 0 
0.0522592 -0.241979 0 
0.0485949 -0.239737 0 
0.120287 -0.218839 0 
0.0828127 -0.226051 0 
0.120287 -0.218839 0 
0.0522592 -0.241979 0 
0.177302 -0.211641 0 
0.120287 -0.218839 0 
0.177302 -0.211641 0 
0.120287 -0.218839 0 
0.0485949 -0.239737 0 
0.0522592 -0.241979 0 
0.0485949 -0.239737 0 
0.0393089 -0.249003 0 
0.0769163 -0.239268 0 
0.0615038 -0.241244 0 
0.0769163 -0.239268 0 
0.0615038 -0.241244 0 
0.255184 -0.199394 0 
0.177302 -0.211641 0 
0.255184 -0.199394 0 
0.0769163 -0.239268 0 
0.357646 -0.180461 0 
0.255184 -0.199394 0 
0.357646 -0.180461 0 
0.255184 -0.199394 0 
0.0615038 -0.241244 0 
0.0769163 -0.239268 0 
0.0615038 -0.241244 0 
0.177302 -0.211641 0 
0.0522592 -0.241979 0 
0.0615038 -0.241244 0 
0.0522592 -0.241979 0 
0.0615038 -0.241244 0 
0.0367777 -0.247262 0 
0.0393089 -0.249003 0 
0.0367777 -0.247262 0 
0.0522592 -0.241979 0 
0.0343592 -0.245902 0 
0.0367777 -0.247262 0 
0.0343592 -0.245902 0 
0.0367777 -0.247262 0 
0.0615038 -0.241244 0 
0.0522592 -0.241979 0 
0.0615038 -0.241244 0 
0.0465415 -0.251224 0 
0.130222 -0.227516 0 
0.0994606 -0.235222 0 
0.130222 -0.227516 0 
0.0994606 -0.235222 0 
0.488909 -0.147816 0 
0.357646 -0.180461 0 
0.488909 -0.147816 0 
0.130222 -0.227516 0 
0.644006 -0.103802 0 
0.488909 -0.147816 0 
0.644006 -0.103802 0 
0.488909 -0.147816 0 
0.0994606 -0.235222 0 
0.130222 -0.227516 0 
0.0994606 -0.235222 0 
0.0571131 -0.253864 0 
0.205492 -0.23189 0 
0.169969 -0.221121 0 
0.205492 -0.23189 0 
0.169969 -0.221121 0 
0.809282 -0.070785 0 
0.644006 -0.103802 0 
0.809282 -0.070785 0 
0.205492 -0.23189 0 
0.947927 -0.0935821 0 
0.809282 -0.070785 0 
0.947927 -0.0935821 0 
0.809282 -0.070785 0 
0.169969 -0.221121 0 
0.205492 -0.23189 0 
0.169969 -0.221121 0 
0.644006 -0.103802 0 
0.130222 -0.227516 0 
0.169969 -0.221121 0 
0.130222 -0.227516 0 
0.169969 -0.221121 0 
0.0517749 -0.252561 0 
0.0571131 -0.253864 0 
0.0517749 -0.252561 0 
0.130222 -0.227516 0 
0.0465415 -0.251224 0 
0.0517749 -0.252561 0 
0.0465415 -0.251224 0 
0.0517749 -0.252561 0 
0.169969 -0.221121 0 
0.130222 -0.227516 0 
0.169969 -0.221121 0 
0.357646 -0.180461 0 
0.0769163 -0.239268 0 
0.0994606 -0.235222 0 
0.0769163 -0.239268 0 
0.0994606 -0.235222 0 
0.0422628 -0.250851 0 
0.0465415 -0.251224 0 
0.0422628 -0.250851 0 
0.0769163 -0.239268 0 
0.0393089 -0.249003 0 
0.0422628 -0.250851 0 
0.0393089 -0.249003 0 
0.0422628 -0.250851 0 
0.0994606 -0.235222 0 
0.0769163 -0.239268 0 
0.0994606 -0.235222 0 
0.138526 -0.261585 0 
0.391225 -0.206291 0 
0.101637 -0.241835 0 
0.391225 -0.206291 0 
0.101637 -0.241835 0 
0.205492 -0.23189 0 
0.0571131 -0.253864 0 
0.205492 -0.23189 0 
0.391225 -0.206291 0 
0.947927 -0.0935821 0 
0.205492 -0.23189 0 
0.947927 -0.0935821 0 
0.205492 -0.23189 0 
0.101637 -0.241835 0 
0.391225 -0.206291 0 
0.101637 -0.241835 0 
0.0571131 -0.253864 0 
0.0441426 -0.258985 0 
0.101637 -0.241835 0 
0.0441426 -0.258985 0 
0.101637 -0.241835 0 
0.0568641 -0.259996 0 
0.138526 -0.261585 0 
0.0568641 -0.259996 0 
0.0441426 -0.258985 0 
0.0383946 -0.261162 0 
0.0568641 -0.259996 0 
0.0383946 -0.261162 0 
0.0568641 -0.259996 0 
0.101637 -0.241835 0 
0.0441426 -0.258985 0 
0.101637 -0.241835 0 
12.0492 0.821272 0 
11.5025 0.795919 0 
10.0183 0.57349 0 
11.5025 0.795919 0 
10.0183 0.57349 0 
8.36381 0.501547 0 
5.87962 0.310643 0 
8.36381 0.501547 0 
11.5025 0.795919 0 
10.4835 0.727227 0 
8.36381 0.501547 0 
10.4835 0.727227 0 
8.36381 0.501547 0 
10.0183 0.57349 0 
11.5025 0.795919 0 
10.0183 0.57349 0 
5.87962 0.310643 0 
4.1242 0.236379 0 
2.25967 -0.016639 0 
4.1242 0.236379 0 
2.25967 -0.016639 0 
1.29259 -0.0971792 0 
0.507301 -0.211844 0 
1.29259 -0.0971792 0 
4.1242 0.236379 0 
2.6362 0.116126 0 
1.29259 -0.0971792 0 
2.6362 0.116126 0 
1.29259 -0.0971792 0 
2.25967 -0.016639 0 
4.1242 0.236379 0 
2.25967 -0.016639 0 
10.4835 0.727227 0 
8.97599 0.693315 0 
6.52715 0.531898 0 
8.97599 0.693315 0 
6.52715 0.531898 0 
4.65005 0.454564 0 
2.6362 0.116126 0 
4.65005 0.454564 0 
8.97599 0.693315 0 
7.10599 0.688906 0 
4.65005 0.454564 0 
7.10599 0.688906 0 
4.65005 0.454564 0 
6.52715 0.531898 0 
8.97599 0.693315 0 
6.52715 0.531898 0 
2.6362 0.116126 0 
4.1242 0.236379 0 
6.52715 0.531898 0 
4.1242 0.236379 0 
6.52715 0.531898 0 
8.36381 0.501547 0 
10.4835 0.727227 0 
8.36381 0.501547 0 
4.1242 0.236379 0 
5.87962 0.310643 0 
8.36381 0.501547 0 
5.87962 0.310643 0 
8.36381 0.501547 0 
6.52715 0.531898 0 
4.1242 0.236379 0 
6.52715 0.531898 0 
0.507301 -0.211844 0 
0.218355 -0.233912 0 
0.0719759 -0.277089 0 
0.218355 -0.233912 0 
0.0719759 -0.277089 0 
0.0528126 -0.277953 0 
0.0393867 -0.275871 0 
0.0528126 -0.277953 0 
0.218355 -0.233912 0 
0.091038 -0.257698 0 
0.0528126 -0.277953 0 
0.091038 -0.257698 0 
0.0528126 -0.277953 0 
0.0719759 -0.277089 0 
0.218355 -0.233912 0 
0.0719759 -0.277089 0 
0.0340684 -0.273386 0 
0.0347387 -0.275618 0 
0.0446635 -0.271683 0 
0.0347387 -0.275618 0 
0.0446635 -0.271683 0 
0.0528126 -0.277953 0 
0.091038 -0.257698 0 
0.0528126 -0.277953 0 
0.0347387 -0.275618 0 
0.0393867 -0.275871 0 
0.0528126 -0.277953 0 
0.0393867 -0.275871 0 
0.0528126 -0.277953 0 
0.0446635 -0.271683 0 
0.0347387 -0.275618 0 
0.0446635 -0.271683 0 
7.10599 0.688906 0 
5.1163 0.618168 0 
2.97698 0.253708 0 
5.1163 0.618168 0 
2.97698 0.253708 0 
1.699 0.032898 0 
0.754055 -0.133889 0 
1.699 0.032898 0 
5.1163 0.618168 0 
3.30073 0.429482 0 
1.699 0.032898 0 
3.30073 0.429482 0 
1.699 0.032898 0 
2.97698 0.253708 0 
5.1163 0.618168 0 
2.97698 0.253708 0 
0.754055 -0.133889 0 
0.328794 -0.212058 0 
0.120369 -0.260268 0 
0.328794 -0.212058 0 
0.120369 -0.260268 0 
0.0691633 -0.265463 0 
0.043103 -0.268365 0 
0.0691633 -0.265463 0 
0.328794 -0.212058 0 
0.138526 -0.261585 0 
0.0691633 -0.265463 0 
0.138526 -0.261585 0 
0.0691633 -0.265463 0 
0.120369 -0.260268 0 
0.328794 -0.212058 0 
0.120369 -0.260268 0 
3.30073 0.429482 0 
1.88055 0.164695 0 
0.860364 -0.118896 0 
1.88055 0.164695 0 
0.860364 -0.118896 0 
0.391225 -0.206291 0 
0.138526 -0.261585 0 
0.391225 -0.206291 0 
1.88055 0.164695 0 
0.947927 -0.0935821 0 
0.391225 -0.206291 0 
0.947927 -0.0935821 0 
0.391225 -0.206291 0 
0.860364 -0.118896 0 
1.88055 0.164695 0 
0.860364 -0.118896 0 
0.138526 -0.261585 0 
0.328794 -0.212058 0 
0.860364 -0.118896 0 
0.328794 -0.212058 0 
0.860364 -0.118896 0 
1.699 0.032898 0 
3.30073 0.429482 0 
1.699 0.032898 0 
0.328794 -0.212058 0 
0.754055 -0.133889 0 
1.699 0.032898 0 
0.754055 -0.133889 0 
1.699 0.032898 0 
0.860364 -0.118896 0 
0.328794 -0.212058 0 
0.860364 -0.118896 0 
0.043103 -0.268365 0 
0.0627858 -0.262768 0 
0.120369 -0.260268 0 
0.0627858 -0.262768 0 
0.120369 -0.260268 0 
0.270678 -0.23569 0 
0.754055 -0.133889 0 
0.270678 -0.23569 0 
0.0627858 -0.262768 0 
0.091038 -0.257698 0 
0.270678 -0.23569 0 
0.091038 -0.257698 0 
0.270678 -0.23569 0 
0.120369 -0.260268 0 
0.0627858 -0.262768 0 
0.120369 -0.260268 0 
0.754055 -0.133889 0 
1.50815 -0.0195087 0 
2.97698 0.253708 0 
1.50815 -0.0195087 0 
2.97698 0.253708 0 
4.65005 0.454564 0 
7.10599 0.688906 0 
4.65005 0.454564 0 
1.50815 -0.0195087 0 
2.6362 0.116126 0 
4.65005 0.454564 0 
2.6362 0.116126 0 
4.65005 0.454564 0 
2.97698 0.253708 0 
1.50815 -0.0195087 0 
2.97698 0.253708 0 
0.091038 -0.257698 0 
0.218355 -0.233912 0 
0.639088 -0.182367 0 
0.218355 -0.233912 0 
0.639088 -0.182367 0 
1.29259 -0.0971792 0 
2.6362 0.116126 0 
1.29259 -0.0971792 0 
0.218355 -0.233912 0 
0.507301 -0.211844 0 
1.29259 -0.0971792 0 
0.507301 -0.211844 0 
1.29259 -0.0971792 0 
0.639088 -0.182367 0 
0.218355 -0.233912 0 
0.639088 -0.182367 0 
2.6362 0.116126 0 
1.50815 -0.0195087 0 
0.639088 -0.182367 0 
1.50815 -0.0195087 0 
0.639088 -0.182367 0 
0.270678 -0.23569 0 
0.091038 -0.257698 0 
0.270678 -0.23569 0 
1.50815 -0.0195087 0 
0.754055 -0.133889 0 
0.270678 -0.23569 0 
0.754055 -0.133889 0 
0.270678 -0.23569 0 
0.639088 -0.182367 0 
1.50815 -0.0195087 0 
0.639088 -0.182367 0 
5.14126 2.97427 0 
9.89026 5.84177 0 
8.62337 5.32777 0 
9.89026 5.84177 0 
8.62337 5.32777 0 
12.9856 8.16716 0 
12.0515 7.84538 0 
12.9856 8.16716 0 
9.89026 5.84177 0 
13.7306 8.34192 0 
12.9856 8.16716 0 
13.7306 8.34192 0 
12.9856 8.16716 0 
8.62337 5.32777 0 
9.89026 5.84177 0 
8.62337 5.32777 0 
12.0515 7.84538 0 
14.863 10.0313 0 
14.3315 9.96455 0 
14.863 10.0313 0 
14.3315 9.96455 0 
15.7895 11.3958 0 
15.5436 11.5193 0 
15.7895 11.3958 0 
14.863 10.0313 0 
15.9398 11.1668 0 
15.7895 11.3958 0 
15.9398 11.1668 0 
15.7895 11.3958 0 
14.3315 9.96455 0 
14.863 10.0313 0 
14.3315 9.96455 0 
13.7306 8.34192 0 
15.4665 9.75045 0 
15.2321 9.95837 0 
15.4665 9.75045 0 
15.2321 9.95837 0 
16.0215 10.8534 0 
15.9398 11.1668 0 
16.0215 10.8534 0 
15.4665 9.75045 0 
16.0371 10.458 0 
16.0215 10.8534 0 
16.0371 10.458 0 
16.0215 10.8534 0 
15.2321 9.95837 0 
15.4665 9.75045 0 
15.2321 9.95837 0 
15.9398 11.1668 0 
14.863 10.0313 0 
15.2321 9.95837 0 
14.863 10.0313 0 
15.2321 9.95837 0 
12.9856 8.16716 0 
13.7306 8.34192 0 
12.9856 8.16716 0 
14.863 10.0313 0 
12.0515 7.84538 0 
12.9856 8.16716 0 
12.0515 7.84538 0 
12.9856 8.16716 0 
15.2321 9.95837 0 
14.863 10.0313 0 
15.2321 9.95837 0 
15.5436 11.5193 0 
16.2115 12.5378 0 
16.1068 12.8708 0 
16.2115 12.5378 0 
16.1068 12.8708 0 
16.3356 13.8908 0 
16.2969 14.4213 0 
16.3356 13.8908 0 
16.2115 12.5378 0 
16.3322 13.3429 0 
16.3356 13.8908 0 
16.3322 13.3429 0 
16.3356 13.8908 0 
16.1068 12.8708 0 
16.2115 12.5378 0 
16.1068 12.8708 0 
16.2969 14.4213 0 
16.2339 15.904 0 
16.1755 16.6752 0 
16.2339 15.904 0 
16.1755 16.6752 0 
16.0278 21.0207 0 
15.3649 22.7506 0 
16.0278 21.0207 0 
16.2339 15.904 0 
16.0929 18.5219 0 
16.0278 21.0207 0 
16.0929 18.5219 0 
16.0278 21.0207 0 
16.1755 16.6752 0 
16.2339 15.904 0 
16.1755 16.6752 0 
16.3322 13.3429 0 
16.2048 14.2643 0 
16.2588 15.1052 0 
16.2048 14.2643 0 
16.2588 15.1052 0 
15.8849 16.6041 0 
16.0929 18.5219 0 
15.8849 16.6041 0 
16.2048 14.2643 0 
15.6162 15.2043 0 
15.8849 16.6041 0 
15.6162 15.2043 0 
15.8849 16.6041 0 
16.2588 15.1052 0 
16.2048 14.2643 0 
16.2588 15.1052 0 
16.0929 18.5219 0 
16.2339 15.904 0 
16.2588 15.1052 0 
16.2339 15.904 0 
16.2588 15.1052 0 
16.3356 13.8908 0 
16.3322 13.3429 0 
16.3356 13.8908 0 
16.2339 15.904 0 
16.2969 14.4213 0 
16.3356 13.8908 0 
16.2969 14.4213 0 
16.3356 13.8908 0 
16.2588 15.1052 0 
16.2339 15.904 0 
16.2588 15.1052 0 
16.0371 10.458 0 
16.1441 10.9217 0 
16.2137 11.3779 0 
16.1441 10.9217 0 
16.2137 11.3779 0 
16.096 11.742 0 
16.2108 12.2454 0 
16.096 11.742 0 
16.1441 10.9217 0 
15.9572 11.2483 0 
16.096 11.742 0 
15.9572 11.2483 0 
16.096 11.742 0 
16.2137 11.3779 0 
16.1441 10.9217 0 
16.2137 11.3779 0 
16.2108 12.2454 0 
15.8744 12.6505 0 
16.0683 13.4303 0 
15.8744 12.6505 0 
16.0683 13.4303 0 
15.3433 14.0687 0 
15.6162 15.2043 0 
15.3433 14.0687 0 
15.8744 12.6505 0 
15.0847 13.0923 0 
15.3433 14.0687 0 
15.0847 13.0923 0 
15.3433 14.0687 0 
16.0683 13.4303 0 
15.8744 12.6505 0 
16.0683 13.4303 0 
15.9572 11.2483 0 
15.4286 11.4356 0 
15.652 11.9793 0 
15.4286 11.4356 0 
15.652 11.9793 0 
14.8345 12.244 0 
15.0847 13.0923 0 
14.8345 12.244 0 
15.4286 11.4356 0 
14.5474 11.531 0 
14.8345 12.244 0 
14.5474 11.531 0 
14.8345 12.244 0 
15.652 11.9793 0 
15.4286 11.4356 0 
15.652 11.9793 0 
15.0847 13.0923 0 
15.8744 12.6505 0 
15.652 11.9793 0 
15.8744 12.6505 0 
15.652 11.9793 0 
16.096 11.742 0 
15.9572 11.2483 0 
16.096 11.742 0 
15.8744 12.6505 0 
16.2108 12.2454 0 
16.096 11.742 0 
16.2108 12.2454 0 
16.096 11.742 0 
15.652 11.9793 0 
15.8744 12.6505 0 
15.652 11.9793 0 
15.6162 15.2043 0 
16.2048 14.2643 0 
16.0683 13.4303 0 
16.2048 14.2643 0 
16.0683 13.4303 0 
16.2909 12.7855 0 
16.2108 12.2454 0 
16.2909 12.7855 0 
16.2048 14.2643 0 
16.3322 13.3429 0 
16.2909 12.7855 0 
16.3322 13.3429 0 
16.2909 12.7855 0 
16.0683 13.4303 0 
16.2048 14.2643 0 
16.0683 13.4303 0 
16.2108 12.2454 0 
16.25 11.7832 0 
16.2137 11.3779 0 
16.25 11.7832 0 
16.2137 11.3779 0 
16.0215 10.8534 0 
16.0371 10.458 0 
16.0215 10.8534 0 
16.25 11.7832 0 
15.9398 11.1668 0 
16.0215 10.8534 0 
15.9398 11.1668 0 
16.0215 10.8534 0 
16.2137 11.3779 0 
16.25 11.7832 0 
16.2137 11.3779 0 
16.3322 13.3429 0 
16.2115 12.5378 0 
16.254 12.165 0 
16.2115 12.5378 0 
16.254 12.165 0 
15.7895 11.3958 0 
15.9398 11.1668 0 
15.7895 11.3958 0 
16.2115 12.5378 0 
15.5436 11.5193 0 
15.7895 11.3958 0 
15.5436 11.5193 0 
15.7895 11.3958 0 
16.254 12.165 0 
16.2115 12.5378 0 
16.254 12.165 0 
15.9398 11.1668 0 
16.25 11.7832 0 
16.254 12.165 0 
16.25 11.7832 0 
16.254 12.165 0 
16.2909 12.7855 0 
16.3322 13.3429 0 
16.2909 12.7855 0 
16.25 11.7832 0 
16.2108 12.2454 0 
16.2909 12.7855 0 
16.2108 12.2454 0 
16.2909 12.7855 0 
16.254 12.165 0 
16.25 11.7832 0 
16.254 12.165 0 
13.6017 3.0737 0 
13.7095 3.32217 0 
13.3421 3.0466 0 
13.7095 3.32217 0 
13.3421 3.0466 0 
13.3298 3.25586 0 
12.2788 2.8338 0 
13.3298 3.25586 0 
13.7095 3.32217 0 
13.8076 3.5957 0 
13.3298 3.25586 0 
13.8076 3.5957 0 
13.3298 3.25586 0 
13.3421 3.0466 0 
13.7095 3.32217 0 
13.3421 3.0466 0 
12.2788 2.8338 0 
11.9764 2.94407 0 
9.86801 2.27914 0 
11.9764 2.94407 0 
9.86801 2.27914 0 
9.17938 2.24875 0 
6.32334 1.41604 0 
9.17938 2.24875 0 
11.9764 2.94407 0 
11.5537 3.03304 0 
9.17938 2.24875 0 
11.5537 3.03304 0 
9.17938 2.24875 0 
9.86801 2.27914 0 
11.9764 2.94407 0 
9.86801 2.27914 0 
13.8076 3.5957 0 
13.8803 3.87426 0 
13.2565 3.47234 0 
13.8803 3.87426 0 
13.2565 3.47234 0 
13.098 3.66809 0 
11.5537 3.03304 0 
13.098 3.66809 0 
13.8803 3.87426 0 
13.9061 4.14115 0 
13.098 3.66809 0 
13.9061 4.14115 0 
13.098 3.66809 0 
13.2565 3.47234 0 
13.8803 3.87426 0 
13.2565 3.47234 0 
11.5537 3.03304 0 
11.9764 2.94407 0 
13.2565 3.47234 0 
11.9764 2.94407 0 
13.2565 3.47234 0 
13.3298 3.25586 0 
13.8076 3.5957 0 
13.3298 3.25586 0 
11.9764 2.94407 0 
12.2788 2.8338 0 
13.3298 3.25586 0 
12.2788 2.8338 0 
13.3298 3.25586 0 
13.2565 3.47234 0 
11.9764 2.94407 0 
13.2565 3.47234 0 
6.32334 1.41604 0 
5.49792 1.30101 0 
3.08404 0.591415 0 
5.49792 1.30101 0 
3.08404 0.591415 0 
2.5048 0.48682 0 
1.14836 0.0782907 0 
2.5048 0.48682 0 
5.49792 1.30101 0 
4.66215 1.14962 0 
2.5048 0.48682 0 
4.66215 1.14962 0 
2.5048 0.48682 0 
3.08404 0.591415 0 
5.49792 1.30101 0 
3.08404 0.591415 0 
1.14836 0.0782907 0 
0.865108 0.0169627 0 
0.328355 -0.153449 0 
0.865108 0.0169627 0 
0.328355 -0.153449 0 
0.225335 -0.18101 0 
0.0828127 -0.226051 0 
0.225335 -0.18101 0 
0.865108 0.0169627 0 
0.62077 -0.0536398 0 
0.225335 -0.18101 0 
0.62077 -0.0536398 0 
0.225335 -0.18101 0 
0.328355 -0.153449 0 
0.865108 0.0169627 0 
0.328355 -0.153449 0 
4.66215 1.14962 0 
3.84536 0.984252 0 
1.96833 0.363949 0 
3.84536 0.984252 0 
1.96833 0.363949 0 
1.49215 0.245117 0 
0.62077 -0.0536398 0 
1.49215 0.245117 0 
3.84536 0.984252 0 
3.06951 0.803434 0 
1.49215 0.245117 0 
3.06951 0.803434 0 
1.49215 0.245117 0 
1.96833 0.363949 0 
3.84536 0.984252 0 
1.96833 0.363949 0 
0.62077 -0.0536398 0 
0.865108 0.0169627 0 
1.96833 0.363949 0 
0.865108 0.0169627 0 
1.96833 0.363949 0 
2.5048 0.48682 0 
4.66215 1.14962 0 
2.5048 0.48682 0 
0.865108 0.0169627 0 
1.14836 0.0782907 0 
2.5048 0.48682 0 
1.14836 0.0782907 0 
2.5048 0.48682 0 
1.96833 0.363949 0 
0.865108 0.0169627 0 
1.96833 0.363949 0 
13.9061 4.14115 0 
13.8613 4.37884 0 
12.8239 3.82477 0 
13.8613 4.37884 0 
12.8239 3.82477 0 
12.4022 3.92245 0 
10.2497 3.04741 0 
12.4022 3.92245 0 
13.8613 4.37884 0 
13.7205 4.58073 0 
12.4022 3.92245 0 
13.7205 4.58073 0 
12.4022 3.92245 0 
12.8239 3.82477 0 
13.8613 4.37884 0 
12.8239 3.82477 0 
10.2497 3.04741 0 
9.33532 2.94167 0 
6.44586 1.88935 0 
9.33532 2.94167 0 
6.44586 1.88935 0 
5.40825 1.66626 0 
3.06951 0.803434 0 
5.40825 1.66626 0 
9.33532 2.94167 0 
8.25587 2.7563 0 
5.40825 1.66626 0 
8.25587 2.7563 0 
5.40825 1.66626 0 
6.44586 1.88935 0 
9.33532 2.94167 0 
6.44586 1.88935 0 
13.7205 4.58073 0 
13.4484 4.73763 0 
11.8023 3.94442 0 
13.4484 4.73763 0 
11.8023 3.94442 0 
10.9895 3.87395 0 
8.25587 2.7563 0 
10.9895 3.87395 0 
13.4484 4.73763 0 
13 4.82248 0 
10.9895 3.87395 0 
13 4.82248 0 
10.9895 3.87395 0 
11.8023 3.94442 0 
13.4484 4.73763 0 
11.8023 3.94442 0 
8.25587 2.7563 0 
9.33532 2.94167 0 
11.8023 3.94442 0 
9.33532 2.94167 0 
11.8023 3.94442 0 
12.4022 3.92245 0 
13.7205 4.58073 0 
12.4022 3.92245 0 
9.33532 2.94167 0 
10.2497 3.04741 0 
12.4022 3.92245 0 
10.2497 3.04741 0 
12.4022 3.92245 0 
11.8023 3.94442 0 
9.33532 2.94167 0 
11.8023 3.94442 0 
3.06951 0.803434 0 
3.84536 0.984252 0 
6.44586 1.88935 0 
3.84536 0.984252 0 
6.44586 1.88935 0 
7.44866 2.05963 0 
10.2497 3.04741 0 
7.44866 2.05963 0 
3.84536 0.984252 0 
4.66215 1.14962 0 
7.44866 2.05963 0 
4.66215 1.14962 0 
7.44866 2.05963 0 
6.44586 1.88935 0 
3.84536 0.984252 0 
6.44586 1.88935 0 
10.2497 3.04741 0 
10.9857 3.07536 0 
12.8239 3.82477 0 
10.9857 3.07536 0 
12.8239 3.82477 0 
13.098 3.66809 0 
13.9061 4.14115 0 
13.098 3.66809 0 
10.9857 3.07536 0 
11.5537 3.03304 0 
13.098 3.66809 0 
11.5537 3.03304 0 
13.098 3.66809 0 
12.8239 3.82477 0 
10.9857 3.07536 0 
12.8239 3.82477 0 
4.66215 1.14962 0 
5.49792 1.30101 0 
8.37007 2.17438 0 
5.49792 1.30101 0 
8.37007 2.17438 0 
9.17938 2.24875 0 
11.5537 3.03304 0 
9.17938 2.24875 0 
5.49792 1.30101 0 
6.32334 1.41604 0 
9.17938 2.24875 0 
6.32334 1.41604 0 
9.17938 2.24875 0 
8.37007 2.17438 0 
5.49792 1.30101 0 
8.37007 2.17438 0 
11.5537 3.03304 0 
10.9857 3.07536 0 
8.37007 2.17438 0 
10.9857 3.07536 0 
8.37007 2.17438 0 
7.44866 2.05963 0 
4.66215 1.14962 0 
7.44866 2.05963 0 
10.9857 3.07536 0 
10.2497 3.04741 0 
7.44866 2.05963 0 
10.2497 3.04741 0 
7.44866 2.05963 0 
8.37007 2.17438 0 
10.9857 3.07536 0 
8.37007 2.17438 0 
0.0828127 -0.226051 0 
0.225335 -0.18101 0 
0.0681498 -0.226388 0 
0.225335 -0.18101 0 
0.0681498 -0.226388 0 
0.150193 -0.199271 0 
0.0538001 -0.23115 0 
0.150193 -0.199271 0 
0.225335 -0.18101 0 
0.62077 -0.0536398 0 
0.150193 -0.199271 0 
0.62077 -0.0536398 0 
0.150193 -0.199271 0 
0.0681498 -0.226388 0 
0.225335 -0.18101 0 
0.0681498 -0.226388 0 
0.0538001 -0.23115 0 
0.101978 -0.208542 0 
0.0458426 -0.231195 0 
0.101978 -0.208542 0 
0.0458426 -0.231195 0 
0.0709858 -0.216322 0 
0.0390604 -0.231581 0 
0.0709858 -0.216322 0 
0.101978 -0.208542 0 
0.278494 -0.138191 0 
0.0709858 -0.216322 0 
0.278494 -0.138191 0 
0.0709858 -0.216322 0 
0.0458426 -0.231195 0 
0.101978 -0.208542 0 
0.0458426 -0.231195 0 
0.62077 -0.0536398 0 
1.49215 0.245117 0 
0.427412 -0.096805 0 
1.49215 0.245117 0 
0.427412 -0.096805 0 
1.08763 0.145159 0 
0.278494 -0.138191 0 
1.08763 0.145159 0 
1.49215 0.245117 0 
3.06951 0.803434 0 
1.08763 0.145159 0 
3.06951 0.803434 0 
1.08763 0.145159 0 
0.427412 -0.096805 0 
1.49215 0.245117 0 
0.427412 -0.096805 0 
0.278494 -0.138191 0 
0.101978 -0.208542 0 
0.427412 -0.096805 0 
0.101978 -0.208542 0 
0.427412 -0.096805 0 
0.150193 -0.199271 0 
0.62077 -0.0536398 0 
0.150193 -0.199271 0 
0.101978 -0.208542 0 
0.0538001 -0.23115 0 
0.150193 -0.199271 0 
0.0538001 -0.23115 0 
0.150193 -0.199271 0 
0.427412 -0.096805 0 
0.101978 -0.208542 0 
0.427412 -0.096805 0 
0.0390604 -0.231581 0 
0.0526169 -0.221828 0 
0.0353447 -0.230757 0 
0.0526169 -0.221828 0 
0.0353447 -0.230757 0 
0.0420938 -0.225075 0 
0.0323672 -0.229587 0 
0.0420938 -0.225075 0 
0.0526169 -0.221828 0 
0.103605 -0.196655 0 
0.0420938 -0.225075 0 
0.103605 -0.196655 0 
0.0420938 -0.225075 0 
0.0353447 -0.230757 0 
0.0526169 -0.221828 0 
0.0353447 -0.230757 0 
0.103605 -0.196655 0 
0.288196 -0.118922 0 
0.0647564 -0.212927 0 
0.288196 -0.118922 0 
0.0647564 -0.212927 0 
0.156694 -0.16446 0 
0.0443634 -0.218726 0 
0.156694 -0.16446 0 
0.288196 -0.118922 0 
0.746051 0.0894502 0 
0.156694 -0.16446 0 
0.746051 0.0894502 0 
0.156694 -0.16446 0 
0.0647564 -0.212927 0 
0.288196 -0.118922 0 
0.0647564 -0.212927 0 
0.0443634 -0.218726 0 
0.0366072 -0.226184 0 
0.0647564 -0.212927 0 
0.0366072 -0.226184 0 
0.0647564 -0.212927 0 
0.0420938 -0.225075 0 
0.103605 -0.196655 0 
0.0420938 -0.225075 0 
0.0366072 -0.226184 0 
0.0323672 -0.229587 0 
0.0420938 -0.225075 0 
0.0323672 -0.229587 0 
0.0420938 -0.225075 0 
0.0647564 -0.212927 0 
0.0366072 -0.226184 0 
0.0647564 -0.212927 0 
3.06951 0.803434 0 
5.40825 1.66626 0 
2.35682 0.623883 0 
5.40825 1.66626 0 
2.35682 0.623883 0 
4.37356 1.40415 0 
1.71808 0.430866 0 
4.37356 1.40415 0 
5.40825 1.66626 0 
8.25587 2.7563 0 
4.37356 1.40415 0 
8.25587 2.7563 0 
4.37356 1.40415 0 
2.35682 0.623883 0 
5.40825 1.66626 0 
2.35682 0.623883 0 
1.71808 0.430866 0 
3.3753 1.11617 0 
1.18023 0.249025 0 
3.3753 1.11617 0 
1.18023 0.249025 0 
2.46479 0.797878 0 
0.746051 0.0894502 0 
2.46479 0.797878 0 
3.3753 1.11617 0 
5.75812 2.11955 0 
2.46479 0.797878 0 
5.75812 2.11955 0 
2.46479 0.797878 0 
1.18023 0.249025 0 
3.3753 1.11617 0 
1.18023 0.249025 0 
8.25587 2.7563 0 
10.9895 3.87395 0 
7.03481 2.48688 0 
10.9895 3.87395 0 
7.03481 2.48688 0 
9.9303 3.71825 0 
5.75812 2.11955 0 
9.9303 3.71825 0 
10.9895 3.87395 0 
13 4.82248 0 
9.9303 3.71825 0 
13 4.82248 0 
9.9303 3.71825 0 
7.03481 2.48688 0 
10.9895 3.87395 0 
7.03481 2.48688 0 
5.75812 2.11955 0 
3.3753 1.11617 0 
7.03481 2.48688 0 
3.3753 1.11617 0 
7.03481 2.48688 0 
4.37356 1.40415 0 
8.25587 2.7563 0 
4.37356 1.40415 0 
3.3753 1.11617 0 
1.71808 0.430866 0 
4.37356 1.40415 0 
1.71808 0.430866 0 
4.37356 1.40415 0 
7.03481 2.48688 0 
3.3753 1.11617 0 
7.03481 2.48688 0 
0.746051 0.0894502 0 
0.288196 -0.118922 0 
1.18023 0.249025 0 
0.288196 -0.118922 0 
1.18023 0.249025 0 
0.480998 -0.0444201 0 
1.71808 0.430866 0 
0.480998 -0.0444201 0 
0.288196 -0.118922 0 
0.103605 -0.196655 0 
0.480998 -0.0444201 0 
0.103605 -0.196655 0 
0.480998 -0.0444201 0 
1.18023 0.249025 0 
0.288196 -0.118922 0 
1.18023 0.249025 0 
1.71808 0.430866 0 
0.747633 0.0461696 0 
2.35682 0.623883 0 
0.747633 0.0461696 0 
2.35682 0.623883 0 
1.08763 0.145159 0 
3.06951 0.803434 0 
1.08763 0.145159 0 
0.747633 0.0461696 0 
0.278494 -0.138191 0 
1.08763 0.145159 0 
0.278494 -0.138191 0 
1.08763 0.145159 0 
2.35682 0.623883 0 
0.747633 0.0461696 0 
2.35682 0.623883 0 
0.103605 -0.196655 0 
0.0526169 -0.221828 0 
0.171822 -0.171855 0 
0.0526169 -0.221828 0 
0.171822 -0.171855 0 
0.0709858 -0.216322 0 
0.278494 -0.138191 0 
0.0709858 -0.216322 0 
0.0526169 -0.221828 0 
0.0390604 -0.231581 0 
0.0709858 -0.216322 0 
0.0390604 -0.231581 0 
0.0709858 -0.216322 0 
0.171822 -0.171855 0 
0.0526169 -0.221828 0 
0.171822 -0.171855 0 
0.278494 -0.138191 0 
0.747633 0.0461696 0 
0.171822 -0.171855 0 
0.747633 0.0461696 0 
0.171822 -0.171855 0 
0.480998 -0.0444201 0 
0.103605 -0.196655 0 
0.480998 -0.0444201 0 
0.747633 0.0461696 0 
1.71808 0.430866 0 
0.480998 -0.0444201 0 
1.71808 0.430866 0 
0.480998 -0.0444201 0 
0.171822 -0.171855 0 
0.747633 0.0461696 0 
0.171822 -0.171855 0 
0.0346643 -0.221201 0 
0.0722718 -0.201057 0 
0.0526876 -0.210113 0 
0.0722718 -0.201057 0 
0.0526876 -0.210113 0 
0.23207 -0.114894 0 
0.142965 -0.169423 0 
0.23207 -0.114894 0 
0.0722718 -0.201057 0 
0.364134 -0.0557361 0 
0.23207 -0.114894 0 
0.364134 -0.0557361 0 
0.23207 -0.114894 0 
0.0526876 -0.210113 0 
0.0722718 -0.201057 0 
0.0526876 -0.210113 0 
0.0443634 -0.218726 0 
0.156694 -0.16446 0 
0.106369 -0.186186 0 
0.156694 -0.16446 0 
0.106369 -0.186186 0 
0.539919 0.0140372 0 
0.364134 -0.0557361 0 
0.539919 0.0140372 0 
0.156694 -0.16446 0 
0.746051 0.0894502 0 
0.539919 0.0140372 0 
0.746051 0.0894502 0 
0.539919 0.0140372 0 
0.106369 -0.186186 0 
0.156694 -0.16446 0 
0.106369 -0.186186 0 
0.364134 -0.0557361 0 
0.0722718 -0.201057 0 
0.106369 -0.186186 0 
0.0722718 -0.201057 0 
0.106369 -0.186186 0 
0.0388395 -0.220613 0 
0.0443634 -0.218726 0 
0.0388395 -0.220613 0 
0.0722718 -0.201057 0 
0.0346643 -0.221201 0 
0.0388395 -0.220613 0 
0.0346643 -0.221201 0 
0.0388395 -0.220613 0 
0.106369 -0.186186 0 
0.0722718 -0.201057 0 
0.106369 -0.186186 0 
0.142965 -0.169423 0 
0.733899 0.145443 0 
0.472385 -0.00452387 0 
0.733899 0.145443 0 
0.472385 -0.00452387 0 
1.84893 0.751252 0 
1.28956 0.477531 0 
1.84893 0.751252 0 
0.733899 0.145443 0 
2.50919 1.05322 0 
1.84893 0.751252 0 
2.50919 1.05322 0 
1.84893 0.751252 0 
0.472385 -0.00452387 0 
0.733899 0.145443 0 
0.472385 -0.00452387 0 
1.28956 0.477531 0 
3.78332 1.87545 0 
2.82503 1.40936 0 
3.78332 1.87545 0 
2.82503 1.40936 0 
6.47281 3.66662 0 
5.14126 2.97427 0 
6.47281 3.66662 0 
3.78332 1.87545 0 
7.89252 4.1933 0 
6.47281 3.66662 0 
7.89252 4.1933 0 
6.47281 3.66662 0 
2.82503 1.40936 0 
3.78332 1.87545 0 
2.82503 1.40936 0 
2.50919 1.05322 0 
5.94404 2.77022 0 
4.83116 2.33983 0 
5.94404 2.77022 0 
4.83116 2.33983 0 
9.2249 4.61126 0 
7.89252 4.1933 0 
9.2249 4.61126 0 
5.94404 2.77022 0 
10.3946 4.90286 0 
9.2249 4.61126 0 
10.3946 4.90286 0 
9.2249 4.61126 0 
4.83116 2.33983 0 
5.94404 2.77022 0 
4.83116 2.33983 0 
7.89252 4.1933 0 
3.78332 1.87545 0 
4.83116 2.33983 0 
3.78332 1.87545 0 
4.83116 2.33983 0 
1.84893 0.751252 0 
2.50919 1.05322 0 
1.84893 0.751252 0 
3.78332 1.87545 0 
1.28956 0.477531 0 
1.84893 0.751252 0 
1.28956 0.477531 0 
1.84893 0.751252 0 
4.83116 2.33983 0 
3.78332 1.87545 0 
4.83116 2.33983 0 
0.746051 0.0894502 0 
2.46479 0.797878 0 
1.95197 0.642 0 
2.46479 0.797878 0 
1.95197 0.642 0 
4.90867 1.90884 0 
4.066 1.64597 0 
4.90867 1.90884 0 
2.46479 0.797878 0 
5.75812 2.11955 0 
4.90867 1.90884 0 
5.75812 2.11955 0 
4.90867 1.90884 0 
1.95197 0.642 0 
2.46479 0.797878 0 
1.95197 0.642 0 
4.066 1.64597 0 
8.12828 3.42762 0 
7.06232 3.14104 0 
8.12828 3.42762 0 
7.06232 3.14104 0 
11.3546 5.05928 0 
10.3946 4.90286 0 
11.3546 5.05928 0 
8.12828 3.42762 0 
12.0919 5.08396 0 
11.3546 5.05928 0 
12.0919 5.08396 0 
11.3546 5.05928 0 
7.06232 3.14104 0 
8.12828 3.42762 0 
7.06232 3.14104 0 
5.75812 2.11955 0 
9.9303 3.71825 0 
9.0914 3.62271 0 
9.9303 3.71825 0 
9.0914 3.62271 0 
12.63 4.99223 0 
12.0919 5.08396 0 
12.63 4.99223 0 
9.9303 3.71825 0 
13 4.82248 0 
12.63 4.99223 0 
13 4.82248 0 
12.63 4.99223 0 
9.0914 3.62271 0 
9.9303 3.71825 0 
9.0914 3.62271 0 
12.0919 5.08396 0 
8.12828 3.42762 0 
9.0914 3.62271 0 
8.12828 3.42762 0 
9.0914 3.62271 0 
4.90867 1.90884 0 
5.75812 2.11955 0 
4.90867 1.90884 0 
8.12828 3.42762 0 
4.066 1.64597 0 
4.90867 1.90884 0 
4.066 1.64597 0 
4.90867 1.90884 0 
9.0914 3.62271 0 
8.12828 3.42762 0 
9.0914 3.62271 0 
10.3946 4.90286 0 
5.94404 2.77022 0 
7.06232 3.14104 0 
5.94404 2.77022 0 
7.06232 3.14104 0 
3.25723 1.35888 0 
4.066 1.64597 0 
3.25723 1.35888 0 
5.94404 2.77022 0 
2.50919 1.05322 0 
3.25723 1.35888 0 
2.50919 1.05322 0 
3.25723 1.35888 0 
7.06232 3.14104 0 
5.94404 2.77022 0 
7.06232 3.14104 0 
4.066 1.64597 0 
1.47892 0.470957 0 
1.95197 0.642 0 
1.47892 0.470957 0 
1.95197 0.642 0 
0.539919 0.0140372 0 
0.746051 0.0894502 0 
0.539919 0.0140372 0 
1.47892 0.470957 0 
0.364134 -0.0557361 0 
0.539919 0.0140372 0 
0.364134 -0.0557361 0 
0.539919 0.0140372 0 
1.95197 0.642 0 
1.47892 0.470957 0 
1.95197 0.642 0 
2.50919 1.05322 0 
0.733899 0.145443 0 
1.07103 0.305334 0 
0.733899 0.145443 0 
1.07103 0.305334 0 
0.23207 -0.114894 0 
0.364134 -0.0557361 0 
0.23207 -0.114894 0 
0.733899 0.145443 0 
0.142965 -0.169423 0 
0.23207 -0.114894 0 
0.142965 -0.169423 0 
0.23207 -0.114894 0 
1.07103 0.305334 0 
0.733899 0.145443 0 
1.07103 0.305334 0 
0.364134 -0.0557361 0 
1.47892 0.470957 0 
1.07103 0.305334 0 
1.47892 0.470957 0 
1.07103 0.305334 0 
3.25723 1.35888 0 
2.50919 1.05322 0 
3.25723 1.35888 0 
1.47892 0.470957 0 
4.066 1.64597 0 
3.25723 1.35888 0 
4.066 1.64597 0 
3.25723 1.35888 0 
1.07103 0.305334 0 
1.47892 0.470957 0 
1.07103 0.305334 0 
5.14126 2.97427 0 
6.47281 3.66662 0 
9.89026 5.84177 0 
6.47281 3.66662 0 
9.89026 5.84177 0 
11.2734 6.33575 0 
13.7306 8.34192 0 
11.2734 6.33575 0 
6.47281 3.66662 0 
7.89252 4.1933 0 
11.2734 6.33575 0 
7.89252 4.1933 0 
11.2734 6.33575 0 
9.89026 5.84177 0 
6.47281 3.66662 0 
9.89026 5.84177 0 
13.7306 8.34192 0 
14.405 8.26988 0 
15.4665 9.75045 0 
14.405 8.26988 0 
15.4665 9.75045 0 
15.5967 9.19491 0 
16.0371 10.458 0 
15.5967 9.19491 0 
14.405 8.26988 0 
14.8015 8.03718 0 
15.5967 9.19491 0 
14.8015 8.03718 0 
15.5967 9.19491 0 
15.4665 9.75045 0 
14.405 8.26988 0 
15.4665 9.75045 0 
7.89252 4.1933 0 
9.2249 4.61126 0 
12.3776 6.59009 0 
9.2249 4.61126 0 
12.3776 6.59009 0 
13.1936 6.64877 0 
14.8015 8.03718 0 
13.1936 6.64877 0 
9.2249 4.61126 0 
10.3946 4.90286 0 
13.1936 6.64877 0 
10.3946 4.90286 0 
13.1936 6.64877 0 
12.3776 6.59009 0 
9.2249 4.61126 0 
12.3776 6.59009 0 
14.8015 8.03718 0 
14.405 8.26988 0 
12.3776 6.59009 0 
14.405 8.26988 0 
12.3776 6.59009 0 
11.2734 6.33575 0 
7.89252 4.1933 0 
11.2734 6.33575 0 
14.405 8.26988 0 
13.7306 8.34192 0 
11.2734 6.33575 0 
13.7306 8.34192 0 
11.2734 6.33575 0 
12.3776 6.59009 0 
14.405 8.26988 0 
12.3776 6.59009 0 
16.0371 10.458 0 
15.9497 9.64592 0 
16.1441 10.9217 0 
15.9497 9.64592 0 
16.1441 10.9217 0 
15.9458 9.94677 0 
15.9572 11.2483 0 
15.9458 9.94677 0 
15.9497 9.64592 0 
15.8191 8.92704 0 
15.9458 9.94677 0 
15.8191 8.92704 0 
15.9458 9.94677 0 
16.1441 10.9217 0 
15.9497 9.64592 0 
16.1441 10.9217 0 
15.9572 11.2483 0 
15.6826 10.1573 0 
15.4286 11.4356 0 
15.6826 10.1573 0 
15.4286 11.4356 0 
15.1158 10.312 0 
14.5474 11.531 0 
15.1158 10.312 0 
15.6826 10.1573 0 
15.3768 9.19915 0 
15.1158 10.312 0 
15.3768 9.19915 0 
15.1158 10.312 0 
15.4286 11.4356 0 
15.6826 10.1573 0 
15.4286 11.4356 0 
15.8191 8.92704 0 
15.6484 8.25991 0 
15.7123 9.09916 0 
15.6484 8.25991 0 
15.7123 9.09916 0 
15.46 8.34438 0 
15.3768 9.19915 0 
15.46 8.34438 0 
15.6484 8.25991 0 
15.4514 7.62244 0 
15.46 8.34438 0 
15.4514 7.62244 0 
15.46 8.34438 0 
15.7123 9.09916 0 
15.6484 8.25991 0 
15.7123 9.09916 0 
15.3768 9.19915 0 
15.6826 10.1573 0 
15.7123 9.09916 0 
15.6826 10.1573 0 
15.7123 9.09916 0 
15.9458 9.94677 0 
15.8191 8.92704 0 
15.9458 9.94677 0 
15.6826 10.1573 0 
15.9572 11.2483 0 
15.9458 9.94677 0 
15.9572 11.2483 0 
15.9458 9.94677 0 
15.7123 9.09916 0 
15.6826 10.1573 0 
15.7123 9.09916 0 
10.3946 4.90286 0 
11.3546 5.05928 0 
13.7469 6.54969 0 
11.3546 5.05928 0 
13.7469 6.54969 0 
14.096 6.33889 0 
15.0662 7.26167 0 
14.096 6.33889 0 
11.3546 5.05928 0 
12.0919 5.08396 0 
14.096 6.33889 0 
12.0919 5.08396 0 
14.096 6.33889 0 
13.7469 6.54969 0 
11.3546 5.05928 0 
13.7469 6.54969 0 
15.0662 7.26167 0 
15.0434 6.82332 0 
15.398 7.5068 0 
15.0434 6.82332 0 
15.398 7.5068 0 
15.2442 6.97868 0 
15.4514 7.62244 0 
15.2442 6.97868 0 
15.0434 6.82332 0 
14.96 6.36788 0 
15.2442 6.97868 0 
14.96 6.36788 0 
15.2442 6.97868 0 
15.398 7.5068 0 
15.0434 6.82332 0 
15.398 7.5068 0 
12.0919 5.08396 0 
12.63 4.99223 0 
14.2887 6.04889 0 
12.63 4.99223 0 
14.2887 6.04889 0 
14.3652 5.6996 0 
14.96 6.36788 0 
14.3652 5.6996 0 
12.63 4.99223 0 
13 4.82248 0 
14.3652 5.6996 0 
13 4.82248 0 
14.3652 5.6996 0 
14.2887 6.04889 0 
12.63 4.99223 0 
14.2887 6.04889 0 
14.96 6.36788 0 
15.0434 6.82332 0 
14.2887 6.04889 0 
15.0434 6.82332 0 
14.2887 6.04889 0 
14.096 6.33889 0 
12.0919 5.08396 0 
14.096 6.33889 0 
15.0434 6.82332 0 
15.0662 7.26167 0 
14.096 6.33889 0 
15.0662 7.26167 0 
14.096 6.33889 0 
14.2887 6.04889 0 
15.0434 6.82332 0 
14.2887 6.04889 0 
15.4514 7.62244 0 
15.6484 8.25991 0 
15.398 7.5068 0 
15.6484 8.25991 0 
15.398 7.5068 0 
15.5253 8.07093 0 
15.0662 7.26167 0 
15.5253 8.07093 0 
15.6484 8.25991 0 
15.8191 8.92704 0 
15.5253 8.07093 0 
15.8191 8.92704 0 
15.5253 8.07093 0 
15.398 7.5068 0 
15.6484 8.25991 0 
15.398 7.5068 0 
15.0662 7.26167 0 
15.0011 7.68106 0 
13.7469 6.54969 0 
15.0011 7.68106 0 
13.7469 6.54969 0 
13.1936 6.64877 0 
10.3946 4.90286 0 
13.1936 6.64877 0 
15.0011 7.68106 0 
14.8015 8.03718 0 
13.1936 6.64877 0 
14.8015 8.03718 0 
13.1936 6.64877 0 
13.7469 6.54969 0 
15.0011 7.68106 0 
13.7469 6.54969 0 
15.8191 8.92704 0 
15.9497 9.64592 0 
15.6025 8.63665 0 
15.9497 9.64592 0 
15.6025 8.63665 0 
15.5967 9.19491 0 
14.8015 8.03718 0 
15.5967 9.19491 0 
15.9497 9.64592 0 
16.0371 10.458 0 
15.5967 9.19491 0 
16.0371 10.458 0 
15.5967 9.19491 0 
15.6025 8.63665 0 
15.9497 9.64592 0 
15.6025 8.63665 0 
14.8015 8.03718 0 
15.0011 7.68106 0 
15.6025 8.63665 0 
15.0011 7.68106 0 
15.6025 8.63665 0 
15.5253 8.07093 0 
15.8191 8.92704 0 
15.5253 8.07093 0 
15.0011 7.68106 0 
15.0662 7.26167 0 
15.5253 8.07093 0 
15.0662 7.26167 0 
15.5253 8.07093 0 
15.6025 8.63665 0 
15.0011 7.68106 0 
15.6025 8.63665 0 
14.5474 11.531 0 
15.1158 10.312 0 
14.3163 10.9856 0 
15.1158 10.312 0 
14.3163 10.9856 0 
14.8721 9.69761 0 
14.1174 10.385 0 
14.8721 9.69761 0 
15.1158 10.312 0 
15.3768 9.19915 0 
14.8721 9.69761 0 
15.3768 9.19915 0 
14.8721 9.69761 0 
14.3163 10.9856 0 
15.1158 10.312 0 
14.3163 10.9856 0 
14.1174 10.385 0 
14.6335 9.13177 0 
13.9368 9.78621 0 
14.6335 9.13177 0 
13.9368 9.78621 0 
14.4107 8.61909 0 
13.7691 9.21828 0 
14.4107 8.61909 0 
14.6335 9.13177 0 
14.9719 8.25601 0 
14.4107 8.61909 0 
14.9719 8.25601 0 
14.4107 8.61909 0 
13.9368 9.78621 0 
14.6335 9.13177 0 
13.9368 9.78621 0 
15.3768 9.19915 0 
15.46 8.34438 0 
15.174 8.71185 0 
15.46 8.34438 0 
15.174 8.71185 0 
15.2893 7.94424 0 
14.9719 8.25601 0 
15.2893 7.94424 0 
15.46 8.34438 0 
15.4514 7.62244 0 
15.2893 7.94424 0 
15.4514 7.62244 0 
15.2893 7.94424 0 
15.174 8.71185 0 
15.46 8.34438 0 
15.174 8.71185 0 
14.9719 8.25601 0 
14.6335 9.13177 0 
15.174 8.71185 0 
14.6335 9.13177 0 
15.174 8.71185 0 
14.8721 9.69761 0 
15.3768 9.19915 0 
14.8721 9.69761 0 
14.6335 9.13177 0 
14.1174 10.385 0 
14.8721 9.69761 0 
14.1174 10.385 0 
14.8721 9.69761 0 
15.174 8.71185 0 
14.6335 9.13177 0 
15.174 8.71185 0 
13.7691 9.21828 0 
14.2048 8.15183 0 
13.6109 8.69322 0 
14.2048 8.15183 0 
13.6109 8.69322 0 
14.0148 7.72017 0 
13.4622 8.21215 0 
14.0148 7.72017 0 
14.2048 8.15183 0 
14.579 7.4271 0 
14.0148 7.72017 0 
14.579 7.4271 0 
14.0148 7.72017 0 
13.6109 8.69322 0 
14.2048 8.15183 0 
13.6109 8.69322 0 
13.4622 8.21215 0 
13.8387 7.31966 0 
13.3232 7.7696 0 
13.8387 7.31966 0 
13.3232 7.7696 0 
13.6731 6.95293 0 
13.1858 7.35008 0 
13.6731 6.95293 0 
13.8387 7.31966 0 
14.2117 6.70997 0 
13.6731 6.95293 0 
14.2117 6.70997 0 
13.6731 6.95293 0 
13.3232 7.7696 0 
13.8387 7.31966 0 
13.3232 7.7696 0 
14.579 7.4271 0 
14.7587 6.85192 0 
14.3924 7.05536 0 
14.7587 6.85192 0 
14.3924 7.05536 0 
14.5901 6.52311 0 
14.2117 6.70997 0 
14.5901 6.52311 0 
14.7587 6.85192 0 
14.9085 6.32657 0 
14.5901 6.52311 0 
14.9085 6.32657 0 
14.5901 6.52311 0 
14.3924 7.05536 0 
14.7587 6.85192 0 
14.3924 7.05536 0 
14.2117 6.70997 0 
13.8387 7.31966 0 
14.3924 7.05536 0 
13.8387 7.31966 0 
14.3924 7.05536 0 
14.0148 7.72017 0 
14.579 7.4271 0 
14.0148 7.72017 0 
13.8387 7.31966 0 
13.4622 8.21215 0 
14.0148 7.72017 0 
13.4622 8.21215 0 
14.0148 7.72017 0 
14.3924 7.05536 0 
13.8387 7.31966 0 
14.3924 7.05536 0 
15.4514 7.62244 0 
15.2442 6.97868 0 
15.3246 7.2839 0 
15.2442 6.97868 0 
15.3246 7.2839 0 
15.1492 6.68725 0 
15.1911 6.95856 0 
15.1492 6.68725 0 
15.2442 6.97868 0 
14.96 6.36788 0 
15.1492 6.68725 0 
14.96 6.36788 0 
15.1492 6.68725 0 
15.3246 7.2839 0 
15.2442 6.97868 0 
15.3246 7.2839 0 
15.1911 6.95856 0 
15.0451 6.39848 0 
15.0529 6.64024 0 
15.0451 6.39848 0 
15.0529 6.64024 0 
14.9277 6.11152 0 
14.9085 6.32657 0 
14.9277 6.11152 0 
15.0451 6.39848 0 
14.8285 5.86853 0 
14.9277 6.11152 0 
14.8285 5.86853 0 
14.9277 6.11152 0 
15.0529 6.64024 0 
15.0451 6.39848 0 
15.0529 6.64024 0 
14.96 6.36788 0 
14.3652 5.6996 0 
14.9072 6.12551 0 
14.3652 5.6996 0 
14.9072 6.12551 0 
14.4281 5.51543 0 
14.8285 5.86853 0 
14.4281 5.51543 0 
14.3652 5.6996 0 
13 4.82248 0 
14.4281 5.51543 0 
13 4.82248 0 
14.4281 5.51543 0 
14.9072 6.12551 0 
14.3652 5.6996 0 
14.9072 6.12551 0 
14.8285 5.86853 0 
15.0451 6.39848 0 
14.9072 6.12551 0 
15.0451 6.39848 0 
14.9072 6.12551 0 
15.1492 6.68725 0 
14.96 6.36788 0 
15.1492 6.68725 0 
15.0451 6.39848 0 
15.1911 6.95856 0 
15.1492 6.68725 0 
15.1911 6.95856 0 
15.1492 6.68725 0 
14.9072 6.12551 0 
15.0451 6.39848 0 
14.9072 6.12551 0 
14.9085 6.32657 0 
14.7587 6.85192 0 
15.0529 6.64024 0 
14.7587 6.85192 0 
15.0529 6.64024 0 
14.9346 7.19529 0 
15.1911 6.95856 0 
14.9346 7.19529 0 
14.7587 6.85192 0 
14.579 7.4271 0 
14.9346 7.19529 0 
14.579 7.4271 0 
14.9346 7.19529 0 
15.0529 6.64024 0 
14.7587 6.85192 0 
15.0529 6.64024 0 
15.1911 6.95856 0 
15.1124 7.55869 0 
15.3246 7.2839 0 
15.1124 7.55869 0 
15.3246 7.2839 0 
15.2893 7.94424 0 
15.4514 7.62244 0 
15.2893 7.94424 0 
15.1124 7.55869 0 
14.9719 8.25601 0 
15.2893 7.94424 0 
14.9719 8.25601 0 
15.2893 7.94424 0 
15.3246 7.2839 0 
15.1124 7.55869 0 
15.3246 7.2839 0 
14.579 7.4271 0 
14.2048 8.15183 0 
14.7725 7.8277 0 
14.2048 8.15183 0 
14.7725 7.8277 0 
14.4107 8.61909 0 
14.9719 8.25601 0 
14.4107 8.61909 0 
14.2048 8.15183 0 
13.7691 9.21828 0 
14.4107 8.61909 0 
13.7691 9.21828 0 
14.4107 8.61909 0 
14.7725 7.8277 0 
14.2048 8.15183 0 
14.7725 7.8277 0 
14.9719 8.25601 0 
15.1124 7.55869 0 
14.7725 7.8277 0 
15.1124 7.55869 0 
14.7725 7.8277 0 
14.9346 7.19529 0 
14.579 7.4271 0 
14.9346 7.19529 0 
15.1124 7.55869 0 
15.1911 6.95856 0 
14.9346 7.19529 0 
15.1911 6.95856 0 
14.9346 7.19529 0 
14.7725 7.8277 0 
15.1124 7.55869 0 
14.7725 7.8277 0 
13.1858 7.35008 0 
13.6731 6.95293 0 
13.4285 6.41071 0 
13.6731 6.95293 0 
13.4285 6.41071 0 
13.9312 6.17588 0 
13.662 5.67934 0 
13.9312 6.17588 0 
13.6731 6.95293 0 
14.2117 6.70997 0 
13.9312 6.17588 0 
14.2117 6.70997 0 
13.9312 6.17588 0 
13.4285 6.41071 0 
13.6731 6.95293 0 
13.4285 6.41071 0 
13.9936 4.66738 0 
14.1639 4.57595 0 
13.9743 4.24748 0 
14.1639 4.57595 0 
13.9743 4.24748 0 
14.059 4.15069 0 
13.8814 3.83272 0 
14.059 4.15069 0 
14.1639 4.57595 0 
14.2283 4.47053 0 
14.059 4.15069 0 
14.2283 4.47053 0 
14.059 4.15069 0 
13.9743 4.24748 0 
14.1639 4.57595 0 
13.9743 4.24748 0 
13.8814 3.83272 0 
13.9204 3.73499 0 
13.7608 3.4381 0 
13.9204 3.73499 0 
13.7608 3.4381 0 
13.7095 3.32217 0 
13.6017 3.0737 0 
13.7095 3.32217 0 
13.9204 3.73499 0 
13.8076 3.5957 0 
13.7095 3.32217 0 
13.8076 3.5957 0 
13.7095 3.32217 0 
13.7608 3.4381 0 
13.9204 3.73499 0 
13.7608 3.4381 0 
14.2283 4.47053 0 
14.2112 4.34541 0 
14.0733 4.04005 0 
14.2112 4.34541 0 
14.0733 4.04005 0 
13.8803 3.87426 0 
13.8076 3.5957 0 
13.8803 3.87426 0 
14.2112 4.34541 0 
13.9061 4.14115 0 
13.8803 3.87426 0 
13.9061 4.14115 0 
13.8803 3.87426 0 
14.0733 4.04005 0 
14.2112 4.34541 0 
14.0733 4.04005 0 
13.8076 3.5957 0 
13.9204 3.73499 0 
14.0733 4.04005 0 
13.9204 3.73499 0 
14.0733 4.04005 0 
14.059 4.15069 0 
14.2283 4.47053 0 
14.059 4.15069 0 
13.9204 3.73499 0 
13.8814 3.83272 0 
14.059 4.15069 0 
13.8814 3.83272 0 
14.059 4.15069 0 
14.0733 4.04005 0 
13.9204 3.73499 0 
14.0733 4.04005 0 
14.9085 6.32657 0 
14.9277 6.11152 0 
14.7301 5.66518 0 
14.9277 6.11152 0 
14.7301 5.66518 0 
14.6905 5.47098 0 
14.5403 5.11097 0 
14.6905 5.47098 0 
14.9277 6.11152 0 
14.8285 5.86853 0 
14.6905 5.47098 0 
14.8285 5.86853 0 
14.6905 5.47098 0 
14.7301 5.66518 0 
14.9277 6.11152 0 
14.7301 5.66518 0 
14.5403 5.11097 0 
14.4128 4.92888 0 
14.325 4.63708 0 
14.4128 4.92888 0 
14.325 4.63708 0 
13.8613 4.37884 0 
13.9061 4.14115 0 
13.8613 4.37884 0 
14.4128 4.92888 0 
13.7205 4.58073 0 
13.8613 4.37884 0 
13.7205 4.58073 0 
13.8613 4.37884 0 
14.325 4.63708 0 
14.4128 4.92888 0 
14.325 4.63708 0 
14.8285 5.86853 0 
14.4281 5.51543 0 
14.4591 5.22324 0 
14.4281 5.51543 0 
14.4591 5.22324 0 
13.4484 4.73763 0 
13.7205 4.58073 0 
13.4484 4.73763 0 
14.4281 5.51543 0 
13 4.82248 0 
13.4484 4.73763 0 
13 4.82248 0 
13.4484 4.73763 0 
14.4591 5.22324 0 
14.4281 5.51543 0 
14.4591 5.22324 0 
13.7205 4.58073 0 
14.4128 4.92888 0 
14.4591 5.22324 0 
14.4128 4.92888 0 
14.4591 5.22324 0 
14.6905 5.47098 0 
14.8285 5.86853 0 
14.6905 5.47098 0 
14.4128 4.92888 0 
14.5403 5.11097 0 
14.6905 5.47098 0 
14.5403 5.11097 0 
14.6905 5.47098 0 
14.4591 5.22324 0 
14.4128 4.92888 0 
14.4591 5.22324 0 
13.9061 4.14115 0 
14.2112 4.34541 0 
14.325 4.63708 0 
14.2112 4.34541 0 
14.325 4.63708 0 
14.3852 4.78037 0 
14.5403 5.11097 0 
14.3852 4.78037 0 
14.2112 4.34541 0 
14.2283 4.47053 0 
14.3852 4.78037 0 
14.2283 4.47053 0 
14.3852 4.78037 0 
14.325 4.63708 0 
14.2112 4.34541 0 
14.325 4.63708 0 
14.5403 5.11097 0 
14.5351 5.26188 0 
14.7301 5.66518 0 
14.5351 5.26188 0 
14.7301 5.66518 0 
14.6581 5.83777 0 
14.9085 6.32657 0 
14.6581 5.83777 0 
14.5351 5.26188 0 
14.4233 5.39891 0 
14.6581 5.83777 0 
14.4233 5.39891 0 
14.6581 5.83777 0 
14.7301 5.66518 0 
14.5351 5.26188 0 
14.7301 5.66518 0 
14.2283 4.47053 0 
14.1639 4.57595 0 
14.3449 4.89965 0 
14.1639 4.57595 0 
14.3449 4.89965 0 
14.1935 5.00466 0 
14.4233 5.39891 0 
14.1935 5.00466 0 
14.1639 4.57595 0 
13.9936 4.66738 0 
14.1935 5.00466 0 
13.9936 4.66738 0 
14.1935 5.00466 0 
14.3449 4.89965 0 
14.1639 4.57595 0 
14.3449 4.89965 0 
14.4233 5.39891 0 
14.5351 5.26188 0 
14.3449 4.89965 0 
14.5351 5.26188 0 
14.3449 4.89965 0 
14.3852 4.78037 0 
14.2283 4.47053 0 
14.3852 4.78037 0 
14.5351 5.26188 0 
14.5403 5.11097 0 
14.3852 4.78037 0 
14.5403 5.11097 0 
14.3852 4.78037 0 
14.3449 4.89965 0 
14.5351 5.26188 0 
14.3449 4.89965 0 
13.6017 3.0737 0 
13.5605 2.98817 0 
13.5758 3.09742 0 
13.5605 2.98817 0 
13.5758 3.09742 0 
13.4662 2.98286 0 
13.442 3.1 0 
13.4662 2.98286 0 
13.5605 2.98817 0 
13.468 2.84217 0 
13.4662 2.98286 0 
13.468 2.84217 0 
13.4662 2.98286 0 
13.5758 3.09742 0 
13.5605 2.98817 0 
13.5758 3.09742 0 
13.468 2.84217 0 
13.3499 2.69383 0 
13.3373 2.8359 0 
13.3499 2.69383 0 
13.3373 2.8359 0 
13.2007 2.68558 0 
13.1692 2.82209 0 
13.2007 2.68558 0 
13.3499 2.69383 0 
13.2291 2.56103 0 
13.2007 2.68558 0 
13.2291 2.56103 0 
13.2007 2.68558 0 
13.3373 2.8359 0 
13.3499 2.69383 0 
13.3373 2.8359 0 
13.1692 2.82209 0 
13.3194 2.97761 0 
13.3373 2.8359 0 
13.3194 2.97761 0 
13.3373 2.8359 0 
13.4662 2.98286 0 
13.468 2.84217 0 
13.4662 2.98286 0 
13.3194 2.97761 0 
13.442 3.1 0 
13.4662 2.98286 0 
13.442 3.1 0 
13.4662 2.98286 0 
13.3373 2.8359 0 
13.3194 2.97761 0 
13.3373 2.8359 0 
12.8789 2.53929 0 
13.0209 2.67307 0 
13.0676 2.55117 0 
13.0209 2.67307 0 
13.0676 2.55117 0 
13.2007 2.68558 0 
13.2291 2.56103 0 
13.2007 2.68558 0 
13.0209 2.67307 0 
13.1692 2.82209 0 
13.2007 2.68558 0 
13.1692 2.82209 0 
13.2007 2.68558 0 
13.0676 2.55117 0 
13.0209 2.67307 0 
13.0676 2.55117 0 
12.2407 0.908311 0 
12.3286 1.02565 0 
12.309 0.899079 0 
12.3286 1.02565 0 
12.309 0.899079 0 
12.3997 1.02122 0 
12.3535 0.888548 0 
12.3997 1.02122 0 
12.3286 1.02565 0 
12.429 1.15326 0 
12.3997 1.02122 0 
12.429 1.15326 0 
12.3997 1.02122 0 
12.309 0.899079 0 
12.3286 1.02565 0 
12.309 0.899079 0 
12.3535 0.888548 0 
12.4369 1.01339 0 
12.3207 0.865233 0 
12.4369 1.01339 0 
12.3207 0.865233 0 
12.3634 0.992594 0 
12.0492 0.821272 0 
12.3634 0.992594 0 
12.4369 1.01339 0 
12.5168 1.14162 0 
12.3634 0.992594 0 
12.5168 1.14162 0 
12.3634 0.992594 0 
12.3207 0.865233 0 
12.4369 1.01339 0 
12.3207 0.865233 0 
12.429 1.15326 0 
12.5232 1.281 0 
12.4937 1.14908 0 
12.5232 1.281 0 
12.4937 1.14908 0 
12.5876 1.27777 0 
12.5168 1.14162 0 
12.5876 1.27777 0 
12.5232 1.281 0 
12.6272 1.41863 0 
12.5876 1.27777 0 
12.6272 1.41863 0 
12.5876 1.27777 0 
12.4937 1.14908 0 
12.5232 1.281 0 
12.4937 1.14908 0 
12.5168 1.14162 0 
12.4369 1.01339 0 
12.4937 1.14908 0 
12.4369 1.01339 0 
12.4937 1.14908 0 
12.3997 1.02122 0 
12.429 1.15326 0 
12.3997 1.02122 0 
12.4369 1.01339 0 
12.3535 0.888548 0 
12.3997 1.02122 0 
12.3535 0.888548 0 
12.3997 1.02122 0 
12.4937 1.14908 0 
12.4369 1.01339 0 
12.4937 1.14908 0 
12.0492 0.821272 0 
12.3634 0.992594 0 
11.5025 0.795919 0 
12.3634 0.992594 0 
11.5025 0.795919 0 
12.1032 1.01197 0 
10.4835 0.727227 0 
12.1032 1.01197 0 
12.3634 0.992594 0 
12.5168 1.14162 0 
12.1032 1.01197 0 
12.5168 1.14162 0 
12.1032 1.01197 0 
11.5025 0.795919 0 
12.3634 0.992594 0 
11.5025 0.795919 0 
10.4835 0.727227 0 
11.4921 0.989962 0 
8.97599 0.693315 0 
11.4921 0.989962 0 
8.97599 0.693315 0 
10.3945 0.91867 0 
7.10599 0.688906 0 
10.3945 0.91867 0 
11.4921 0.989962 0 
12.1525 1.21116 0 
10.3945 0.91867 0 
12.1525 1.21116 0 
10.3945 0.91867 0 
8.97599 0.693315 0 
11.4921 0.989962 0 
8.97599 0.693315 0 
12.5168 1.14162 0 
12.5876 1.27777 0 
12.4558 1.19136 0 
12.5876 1.27777 0 
12.4558 1.19136 0 
12.643 1.35739 0 
12.1525 1.21116 0 
12.643 1.35739 0 
12.5876 1.27777 0 
12.6272 1.41863 0 
12.643 1.35739 0 
12.6272 1.41863 0 
12.643 1.35739 0 
12.4558 1.19136 0 
12.5876 1.27777 0 
12.4558 1.19136 0 
12.1525 1.21116 0 
11.4921 0.989962 0 
12.4558 1.19136 0 
11.4921 0.989962 0 
12.4558 1.19136 0 
12.1032 1.01197 0 
12.5168 1.14162 0 
12.1032 1.01197 0 
11.4921 0.989962 0 
10.4835 0.727227 0 
12.1032 1.01197 0 
10.4835 0.727227 0 
12.1032 1.01197 0 
12.4558 1.19136 0 
11.4921 0.989962 0 
12.4558 1.19136 0 
7.10599 0.688906 0 
8.77872 0.829879 0 
5.1163 0.618168 0 
8.77872 0.829879 0 
5.1163 0.618168 0 
6.79687 0.728712 0 
3.30073 0.429482 0 
6.79687 0.728712 0 
8.77872 0.829879 0 
10.2317 1.05519 0 
6.79687 0.728712 0 
10.2317 1.05519 0 
6.79687 0.728712 0 
5.1163 0.618168 0 
8.77872 0.829879 0 
5.1163 0.618168 0 
3.30073 0.429482 0 
4.73597 0.561751 0 
1.88055 0.164695 0 
4.73597 0.561751 0 
1.88055 0.164695 0 
2.90365 0.316252 0 
0.947927 -0.0935821 0 
2.90365 0.316252 0 
4.73597 0.561751 0 
6.39859 0.723973 0 
2.90365 0.316252 0 
6.39859 0.723973 0 
2.90365 0.316252 0 
1.88055 0.164695 0 
4.73597 0.561751 0 
1.88055 0.164695 0 
10.2317 1.05519 0 
11.3636 1.34379 0 
8.4861 0.914976 0 
11.3636 1.34379 0 
8.4861 0.914976 0 
10.0237 1.21433 0 
6.39859 0.723973 0 
10.0237 1.21433 0 
11.3636 1.34379 0 
12.1626 1.63261 0 
10.0237 1.21433 0 
12.1626 1.63261 0 
10.0237 1.21433 0 
8.4861 0.914976 0 
11.3636 1.34379 0 
8.4861 0.914976 0 
6.39859 0.723973 0 
4.73597 0.561751 0 
8.4861 0.914976 0 
4.73597 0.561751 0 
8.4861 0.914976 0 
6.79687 0.728712 0 
10.2317 1.05519 0 
6.79687 0.728712 0 
4.73597 0.561751 0 
3.30073 0.429482 0 
6.79687 0.728712 0 
3.30073 0.429482 0 
6.79687 0.728712 0 
8.4861 0.914976 0 
4.73597 0.561751 0 
8.4861 0.914976 0 
12.6272 1.41863 0 
12.6534 1.55169 0 
12.7327 1.5052 0 
12.6534 1.55169 0 
12.7327 1.5052 0 
12.7766 1.64268 0 
12.7639 1.57539 0 
12.7766 1.64268 0 
12.6534 1.55169 0 
12.6571 1.70438 0 
12.7766 1.64268 0 
12.6571 1.70438 0 
12.7766 1.64268 0 
12.7327 1.5052 0 
12.6534 1.55169 0 
12.7327 1.5052 0 
12.7639 1.57539 0 
12.8742 1.74114 0 
12.6195 1.62411 0 
12.8742 1.74114 0 
12.6195 1.62411 0 
12.881 1.82998 0 
12.1626 1.63261 0 
12.881 1.82998 0 
12.8742 1.74114 0 
12.9439 1.91132 0 
12.881 1.82998 0 
12.9439 1.91132 0 
12.881 1.82998 0 
12.6195 1.62411 0 
12.8742 1.74114 0 
12.6195 1.62411 0 
12.6571 1.70438 0 
12.6827 1.86471 0 
12.8132 1.80666 0 
12.6827 1.86471 0 
12.8132 1.80666 0 
12.8401 1.9728 0 
12.9439 1.91132 0 
12.8401 1.9728 0 
12.6827 1.86471 0 
12.696 2.03561 0 
12.8401 1.9728 0 
12.696 2.03561 0 
12.8401 1.9728 0 
12.8132 1.80666 0 
12.6827 1.86471 0 
12.8132 1.80666 0 
12.9439 1.91132 0 
12.8742 1.74114 0 
12.8132 1.80666 0 
12.8742 1.74114 0 
12.8132 1.80666 0 
12.7766 1.64268 0 
12.6571 1.70438 0 
12.7766 1.64268 0 
12.8742 1.74114 0 
12.7639 1.57539 0 
12.7766 1.64268 0 
12.7639 1.57539 0 
12.7766 1.64268 0 
12.8132 1.80666 0 
12.8742 1.74114 0 
12.8132 1.80666 0 
12.1626 1.63261 0 
11.3636 1.34379 0 
12.6195 1.62411 0 
11.3636 1.34379 0 
12.6195 1.62411 0 
12.1721 1.41158 0 
12.7639 1.57539 0 
12.1721 1.41158 0 
11.3636 1.34379 0 
10.2317 1.05519 0 
12.1721 1.41158 0 
10.2317 1.05519 0 
12.1721 1.41158 0 
12.6195 1.62411 0 
11.3636 1.34379 0 
12.6195 1.62411 0 
12.7639 1.57539 0 
12.5497 1.40989 0 
12.7327 1.5052 0 
12.5497 1.40989 0 
12.7327 1.5052 0 
12.643 1.35739 0 
12.6272 1.41863 0 
12.643 1.35739 0 
12.5497 1.40989 0 
12.1525 1.21116 0 
12.643 1.35739 0 
12.1525 1.21116 0 
12.643 1.35739 0 
12.7327 1.5052 0 
12.5497 1.40989 0 
12.7327 1.5052 0 
10.2317 1.05519 0 
8.77872 0.829879 0 
11.4547 1.16743 0 
8.77872 0.829879 0 
11.4547 1.16743 0 
10.3945 0.91867 0 
12.1525 1.21116 0 
10.3945 0.91867 0 
8.77872 0.829879 0 
7.10599 0.688906 0 
10.3945 0.91867 0 
7.10599 0.688906 0 
10.3945 0.91867 0 
11.4547 1.16743 0 
8.77872 0.829879 0 
11.4547 1.16743 0 
12.1525 1.21116 0 
12.5497 1.40989 0 
11.4547 1.16743 0 
12.5497 1.40989 0 
11.4547 1.16743 0 
12.1721 1.41158 0 
10.2317 1.05519 0 
12.1721 1.41158 0 
12.5497 1.40989 0 
12.7639 1.57539 0 
12.1721 1.41158 0 
12.7639 1.57539 0 
12.1721 1.41158 0 
11.4547 1.16743 0 
12.5497 1.40989 0 
11.4547 1.16743 0 
0.947927 -0.0935821 0 
2.90365 0.316252 0 
2.02115 0.128157 0 
2.90365 0.316252 0 
2.02115 0.128157 0 
5.15695 0.629895 0 
3.97842 0.488992 0 
5.15695 0.629895 0 
2.90365 0.316252 0 
6.39859 0.723973 0 
5.15695 0.629895 0 
6.39859 0.723973 0 
5.15695 0.629895 0 
2.02115 0.128157 0 
2.90365 0.316252 0 
2.02115 0.128157 0 
3.97842 0.488992 0 
7.82839 1.07461 0 
6.56111 0.986325 0 
7.82839 1.07461 0 
6.56111 0.986325 0 
10.2619 1.57488 0 
9.21492 1.52073 0 
10.2619 1.57488 0 
7.82839 1.07461 0 
11.1045 1.62759 0 
10.2619 1.57488 0 
11.1045 1.62759 0 
10.2619 1.57488 0 
6.56111 0.986325 0 
7.82839 1.07461 0 
6.56111 0.986325 0 
6.39859 0.723973 0 
10.0237 1.21433 0 
9.01262 1.16118 0 
10.0237 1.21433 0 
9.01262 1.16118 0 
11.7344 1.65149 0 
11.1045 1.62759 0 
11.7344 1.65149 0 
10.0237 1.21433 0 
12.1626 1.63261 0 
11.7344 1.65149 0 
12.1626 1.63261 0 
11.7344 1.65149 0 
9.01262 1.16118 0 
10.0237 1.21433 0 
9.01262 1.16118 0 
11.1045 1.62759 0 
7.82839 1.07461 0 
9.01262 1.16118 0 
7.82839 1.07461 0 
9.01262 1.16118 0 
5.15695 0.629895 0 
6.39859 0.723973 0 
5.15695 0.629895 0 
7.82839 1.07461 0 
3.97842 0.488992 0 
5.15695 0.629895 0 
3.97842 0.488992 0 
5.15695 0.629895 0 
9.01262 1.16118 0 
7.82839 1.07461 0 
9.01262 1.16118 0 
9.21492 1.52073 0 
11.9746 2.04197 0 
11.313 2.03151 0 
11.9746 2.04197 0 
11.313 2.03151 0 
12.9419 2.4172 0 
12.637 2.45481 0 
12.9419 2.4172 0 
11.9746 2.04197 0 
13.0871 2.33891 0 
12.9419 2.4172 0 
13.0871 2.33891 0 
12.9419 2.4172 0 
11.313 2.03151 0 
11.9746 2.04197 0 
11.313 2.03151 0 
12.637 2.45481 0 
13.3791 2.70456 0 
13.3198 2.79573 0 
13.3791 2.70456 0 
13.3198 2.79573 0 
13.5605 2.98817 0 
13.6017 3.0737 0 
13.5605 2.98817 0 
13.3791 2.70456 0 
13.468 2.84217 0 
13.5605 2.98817 0 
13.468 2.84217 0 
13.5605 2.98817 0 
13.3198 2.79573 0 
13.3791 2.70456 0 
13.3198 2.79573 0 
13.0871 2.33891 0 
13.2898 2.47569 0 
13.3557 2.59346 0 
13.2898 2.47569 0 
13.3557 2.59346 0 
13.3499 2.69383 0 
13.468 2.84217 0 
13.3499 2.69383 0 
13.2898 2.47569 0 
13.2291 2.56103 0 
13.3499 2.69383 0 
13.2291 2.56103 0 
13.3499 2.69383 0 
13.3557 2.59346 0 
13.2898 2.47569 0 
13.3557 2.59346 0 
13.468 2.84217 0 
13.3791 2.70456 0 
13.3557 2.59346 0 
13.3791 2.70456 0 
13.3557 2.59346 0 
12.9419 2.4172 0 
13.0871 2.33891 0 
12.9419 2.4172 0 
13.3791 2.70456 0 
12.637 2.45481 0 
12.9419 2.4172 0 
12.637 2.45481 0 
12.9419 2.4172 0 
13.3557 2.59346 0 
13.3791 2.70456 0 
13.3557 2.59346 0 
12.1626 1.63261 0 
12.881 1.82998 0 
12.8363 1.90939 0 
12.881 1.82998 0 
12.8363 1.90939 0 
13.0375 2.02249 0 
13.1033 2.13385 0 
13.0375 2.02249 0 
12.881 1.82998 0 
12.9439 1.91132 0 
13.0375 2.02249 0 
12.9439 1.91132 0 
13.0375 2.02249 0 
12.8363 1.90939 0 
12.881 1.82998 0 
12.8363 1.90939 0 
13.1033 2.13385 0 
13.0818 2.21547 0 
13.1947 2.34692 0 
13.0818 2.21547 0 
13.1947 2.34692 0 
13.1015 2.42816 0 
13.2291 2.56103 0 
13.1015 2.42816 0 
13.0818 2.21547 0 
12.9645 2.2872 0 
13.1015 2.42816 0 
12.9645 2.2872 0 
13.1015 2.42816 0 
13.1947 2.34692 0 
13.0818 2.21547 0 
13.1947 2.34692 0 
12.9439 1.91132 0 
12.8401 1.9728 0 
12.9638 2.09442 0 
12.8401 1.9728 0 
12.9638 2.09442 0 
12.8319 2.16156 0 
12.9645 2.2872 0 
12.8319 2.16156 0 
12.8401 1.9728 0 
12.696 2.03561 0 
12.8319 2.16156 0 
12.696 2.03561 0 
12.8319 2.16156 0 
12.9638 2.09442 0 
12.8401 1.9728 0 
12.9638 2.09442 0 
12.9645 2.2872 0 
13.0818 2.21547 0 
12.9638 2.09442 0 
13.0818 2.21547 0 
12.9638 2.09442 0 
13.0375 2.02249 0 
12.9439 1.91132 0 
13.0375 2.02249 0 
13.0818 2.21547 0 
13.1033 2.13385 0 
13.0375 2.02249 0 
13.1033 2.13385 0 
13.0375 2.02249 0 
12.9638 2.09442 0 
13.0818 2.21547 0 
12.9638 2.09442 0 
13.2291 2.56103 0 
13.2898 2.47569 0 
13.1947 2.34692 0 
13.2898 2.47569 0 
13.1947 2.34692 0 
13.1287 2.23998 0 
13.1033 2.13385 0 
13.1287 2.23998 0 
13.2898 2.47569 0 
13.0871 2.33891 0 
13.1287 2.23998 0 
13.0871 2.33891 0 
13.1287 2.23998 0 
13.1947 2.34692 0 
13.2898 2.47569 0 
13.1947 2.34692 0 
13.1033 2.13385 0 
12.6917 1.97604 0 
12.8363 1.90939 0 
12.6917 1.97604 0 
12.8363 1.90939 0 
11.7344 1.65149 0 
12.1626 1.63261 0 
11.7344 1.65149 0 
12.6917 1.97604 0 
11.1045 1.62759 0 
11.7344 1.65149 0 
11.1045 1.62759 0 
11.7344 1.65149 0 
12.8363 1.90939 0 
12.6917 1.97604 0 
12.8363 1.90939 0 
13.0871 2.33891 0 
11.9746 2.04197 0 
12.4164 2.01882 0 
11.9746 2.04197 0 
12.4164 2.01882 0 
10.2619 1.57488 0 
11.1045 1.62759 0 
10.2619 1.57488 0 
11.9746 2.04197 0 
9.21492 1.52073 0 
10.2619 1.57488 0 
9.21492 1.52073 0 
10.2619 1.57488 0 
12.4164 2.01882 0 
11.9746 2.04197 0 
12.4164 2.01882 0 
11.1045 1.62759 0 
12.6917 1.97604 0 
12.4164 2.01882 0 
12.6917 1.97604 0 
12.4164 2.01882 0 
13.1287 2.23998 0 
13.0871 2.33891 0 
13.1287 2.23998 0 
12.6917 1.97604 0 
13.1033 2.13385 0 
13.1287 2.23998 0 
13.1033 2.13385 0 
13.1287 2.23998 0 
12.4164 2.01882 0 
12.6917 1.97604 0 
12.4164 2.01882 0 
8.83181 -3.27292 0 
8.74536 -3.14953 0 
8.90383 -3.1632 0 
8.74536 -3.14953 0 
8.90383 -3.1632 0 
8.81436 -3.03661 0 
8.97606 -3.05295 0 
8.81436 -3.03661 0 
8.74536 -3.14953 0 
8.65091 -3.0191 0 
8.81436 -3.03661 0 
8.65091 -3.0191 0 
8.81436 -3.03661 0 
8.90383 -3.1632 0 
8.74536 -3.14953 0 
8.90383 -3.1632 0 
13.0458 3.09009 0 
12.6809 3.85775 0 
13.4992 3.83695 0 
12.6809 3.85775 0 
13.4992 3.83695 0 
13.1268 4.68607 0 
13.9936 4.66738 0 
13.1268 4.68607 0 
12.6809 3.85775 0 
12.3712 4.85237 0 
13.1268 4.68607 0 
12.3712 4.85237 0 
13.1268 4.68607 0 
13.4992 3.83695 0 
12.6809 3.85775 0 
13.4992 3.83695 0 
0.0272007 -0.204251 0 
0.0257259 -0.207421 0 
0.0250959 -0.204403 0 
0.0257259 -0.207421 0 
0.0250959 -0.204403 0 
0.0242295 -0.207112 0 
0.0232385 -0.204025 0 
0.0242295 -0.207112 0 
0.0257259 -0.207421 0 
0.0256081 -0.209763 0 
0.0242295 -0.207112 0 
0.0256081 -0.209763 0 
0.0242295 -0.207112 0 
0.0250959 -0.204403 0 
0.0257259 -0.207421 0 
0.0250959 -0.204403 0 

