1.3889161458333338e+10,88541.66666666669,146875.00000000006,5208.333333333334,-6944346006.944445,-5208.333333333334,136284.72222222225,36458.33333333334,0,0,0,0,0,0,0,0,0,0,0,0,0,0,0,0,0,0,0,0,0,0,0,0,0,0,0,0,-336111.1111111113,-62500.00000000002,-87847.22222222225,-20833.333333333343,-184722.22222222225,-20833.333333333347,1.3888843402777779e+10,-20833.33333333335,0,0,0,0,0,0,0,0,0,0,0,0,0,0,0,0,0,0,0,0,0,0,0,0,0,0,0,0,0,0,0,0,0,0,0,0,0,0,0,0,0,0,0.006944444444444449,-0.006944444444444447,-0.003472222222222221,-0.003472222222222222,0,0,0,0,0,0,0,0,0,0,0,0,0,0,0.013888888888888892,-0.006944444444444442,1.734723475976807e-18,0.020833333333333336,0,0,0,0,0,0,0,0,0,0,0,0,0,0,0,0,0,0,0,0,0
88541.66666666669,225694.4444444445,-5208.33333333334,93750,5208.333333333334,109375,36458.33333333335,112847.22222222223,0,0,0,0,0,0,0,0,0,0,0,0,0,0,0,0,0,0,0,0,0,0,0,0,0,0,0,0,-20833.33333333334,-111111.11111111115,-20833.33333333334,-128472.22222222225,-20833.333333333343,-97222.22222222225,-62500.00000000002,-204861.11111111118,0,0,0,0,0,0,0,0,0,0,0,0,0,0,0,0,0,0,0,0,0,0,0,0,0,0,0,0,0,0,0,0,0,0,0,0,0,0,0,0,0,0,0.005555555555555558,-0.0027777777777777788,-0.005555555555555557,-0.0027777777777777783,0,0,0,0,0,0,0,0,0,0,0,0,0,0,0.016666666666666666,1.734723475976807e-18,-0.005555555555555553,0.011111111111111112,0,0,0,0,0,0,0,0,0,0,0,0,0,0,0,0,0,0,0,0,0
146875.00000000006,-5208.33333333334,1.3889161458333338e+10,-88541.6666666667,136284.72222222222,-36458.333333333336,-6944346006.944445,5208.333333333339,0,0,0,0,0,0,0,0,0,0,0,0,0,0,0,0,0,0,0,0,0,0,0,0,0,0,0,0,-336111.1111111113,62500.00000000002,1.3888843402777779e+10,20833.333333333336,-184722.22222222225,20833.333333333347,-87847.22222222225,20833.333333333343,0,0,0,0,0,0,0,0,0,0,0,0,0,0,0,0,0,0,0,0,0,0,0,0,0,0,0,0,0,0,0,0,0,0,0,0,0,0,0,0,0,0,0.0069444444444444475,-0.006944444444444448,0.003472222222222223,0.0034722222222222216,0,0,0,0,0,0,0,0,0,0,0,0,0,0,-0.013888888888888892,-0.020833333333333336,-4.7704895589362195e-18,0.006944444444444441,0,0,0,0,0,0,0,0,0,0,0,0,0,0,0,0,0,0,0,0,0
5208.333333333334,93750,-88541.6666666667,225694.44444444455,-36458.333333333336,112847.22222222222,-5208.333333333327,109375.00000000003,0,0,0,0,0,0,0,0,0,0,0,0,0,0,0,0,0,0,0,0,0,0,0,0,0,0,0,0,20833.33333333335,-111111.11111111115,62500.000000000015,-204861.11111111118,20833.333333333343,-97222.22222222223,20833.333333333336,-128472.22222222223,0,0,0,0,0,0,0,0,0,0,0,0,0,0,0,0,0,0,0,0,0,0,0,0,0,0,0,0,0,0,0,0,0,0,0,0,0,0,0,0,0,0,-0.00277777777777778,0.005555555555555558,-0.0027777777777777788,-0.005555555555555557,0,0,0,0,0,0,0,0,0,0,0,0,0,0,0.016666666666666666,0.011111111111111113,-0.005555555555555552,1.734723475976807e-18,0,0,0,0,0,0,0,0,0,0,0,0,0,0,0,0,0,0,0,0,0
-6944346006.944445,5208.333333333332,136284.72222222222,-36458.333333333336,2.7778322916666676e+10,0,293750.0000000001,7.275957614183426e-12,-6944346006.944444,-5208.33333333335,136284.72222222225,36458.33333333335,0,0,0,0,0,0,0,0,0,0,0,0,0,0,0,0,0,0,0,0,0,0,0,0,-184722.22222222225,20833.33333333334,-87847.22222222225,20833.33333333333,-672222.2222222225,-1.4551915228366852e-11,1.3888843402777775e+10,20833.333333333343,-87847.22222222222,-20833.33333333335,-184722.22222222225,-20833.33333333331,1.3888843402777794e+10,-20833.333333333314,0,0,0,0,0,0,0,0,0,0,0,0,0,0,0,0,0,0,0,0,0,0,0,0,0,0,0,0,0,0,0,0,0,0,0,0,-0.0034722222222222194,-0.003472222222222222,0.013888888888888895,-0.01388888888888889,-0.0034722222222222194,-0.003472222222222221,0,0,0,0,0,0,0,0,0,0,0,0,-4.336808689942018e-19,-0.006944444444444442,0.02777777777777777,0.02083333333333333,-0.0069444444444444475,-8.673617379884035e-19,0.02083333333333333,0,0,0,0,0,0,0,0,0,0,0,0,0,0,0,0,0,0
-5208.333333333335,109375,-36458.333333333336,112847.22222222222,0,451388.888888889,-9.094947017729282e-13,187500,5208.333333333327,109375.00000000001,36458.33333333334,112847.22222222225,0,0,0,0,0,0,0,0,0,0,0,0,0,0,0,0,0,0,0,0,0,0,0,0,20833.333333333336,-97222.22222222223,20833.333333333332,-128472.22222222223,-7.275957614183426e-12,-222222.22222222225,62500.000000000044,-204861.11111111118,-20833.333333333347,-128472.22222222223,-20833.33333333332,-97222.22222222222,-62500.00000000001,-204861.11111111115,0,0,0,0,0,0,0,0,0,0,0,0,0,0,0,0,0,0,0,0,0,0,0,0,0,0,0,0,0,0,0,0,0,0,0,0,0.005555555555555555,0.002777777777777778,0,-8.673617379884035e-19,-0.005555555555555557,-0.0027777777777777783,0,0,0,0,0,0,0,0,0,0,0,0,0.005555555555555555,6.505213034913027e-19,3.469446951953614e-18,-0.011111111111111112,1.734723475976807e-18,-0.005555555555555553,0.011111111111111112,0,0,0,0,0,0,0,0,0,0,0,0,0,0,0,0,0,0
136284.72222222225,36458.33333333335,-6944346006.944445,-5208.333333333327,293750.0000000001,5.4569682106375694e-12,2.7778322916666676e+10,5.820766091346741e-11,136284.72222222228,-36458.333333333336,-6944346006.944444,5208.333333333361,0,0,0,0,0,0,0,0,0,0,0,0,0,0,0,0,0,0,0,0,0,0,0,0,-184722.22222222228,-20833.333333333358,1.3888843402777775e+10,-20833.333333333376,-672222.2222222225,7.275957614183426e-12,-87847.22222222225,-20833.333333333343,1.3888843402777794e+10,20833.333333333292,-184722.22222222228,20833.333333333336,-87847.22222222225,20833.33333333333,0,0,0,0,0,0,0,0,0,0,0,0,0,0,0,0,0,0,0,0,0,0,0,0,0,0,0,0,0,0,0,0,0,0,0,0,0.003472222222222223,0.003472222222222222,0.013888888888888897,-0.013888888888888895,0.003472222222222225,0.003472222222222222,0,0,0,0,0,0,0,0,0,0,0,0,-1.734723475976807e-18,-0.020833333333333336,-0.02777777777777779,0.00694444444444444,-0.02083333333333334,-4.7704895589362195e-18,0.0069444444444444415,0,0,0,0,0,0,0,0,0,0,0,0,0,0,0,0,0,0
36458.33333333334,112847.22222222225,5208.333333333339,109375.00000000003,1.4551915228366852e-11,187500,5.820766091346741e-11,451388.888888889,-36458.333333333336,112847.22222222225,-5208.333333333307,109375.00000000003,0,0,0,0,0,0,0,0,0,0,0,0,0,0,0,0,0,0,0,0,0,0,0,0,-20833.333333333354,-97222.22222222228,-62500.00000000005,-204861.11111111124,3.637978807091713e-12,-222222.22222222236,-20833.333333333343,-128472.22222222225,62499.99999999996,-204861.11111111107,20833.333333333336,-97222.22222222223,20833.33333333333,-128472.22222222223,0,0,0,0,0,0,0,0,0,0,0,0,0,0,0,0,0,0,0,0,0,0,0,0,0,0,0,0,0,0,0,0,0,0,0,0,0.0027777777777777775,0.005555555555555556,-4.336808689942018e-19,0,-0.0027777777777777783,-0.005555555555555556,0,0,0,0,0,0,0,0,0,0,0,0,0.005555555555555552,-0.011111111111111115,-3.469446951953614e-18,-8.673617379884035e-19,0.011111111111111113,-0.005555555555555553,1.734723475976807e-18,0,0,0,0,0,0,0,0,0,0,0,0,0,0,0,0,0,0
0,0,0,0,-6944346006.944444,5208.333333333323,136284.72222222228,-36458.333333333336,2.7778322916666664e+10,-5.820766091346741e-11,293750.0000000002,3.637978807091713e-12,-6944346006.944445,-5208.333333333362,136284.7222222223,36458.33333333335,0,0,0,0,0,0,0,0,0,0,0,0,0,0,0,0,0,0,0,0,0,0,0,0,-184722.2222222223,20833.333333333347,0,0,-87847.2222222223,20833.333333333325,-672222.2222222227,-7.275957614183426e-12,1.388884340277776e+10,20833.33333333338,-87847.22222222228,-20833.333333333347,-184722.22222222225,-20833.333333333314,1.3888843402777779e+10,-20833.333333333303,0,0,0,0,0,0,0,0,0,0,0,0,0,0,0,0,0,0,0,0,0,0,0,0,0,0,0,0,0,0,0,0,-0.003472222222222223,-0.0034722222222222238,0.013888888888888899,-0.013888888888888895,-0.00347222222222222,-0.0034722222222222246,0,0,0,0,0,0,0,0,0,0,0,0,4.336808689942018e-19,0,-0.0069444444444444415,0.027777777777777787,0.02083333333333334,-0.0069444444444444475,0,0.02083333333333334,0,0,0,0,0,0,0,0,0,0,0,0,0,0,0
0,0,0,0,-5208.33333333335,109375.00000000001,-36458.333333333336,112847.22222222225,-4.3655745685100555e-11,451388.888888889,7.275957614183426e-12,187500.00000000006,5208.333333333309,109375.00000000004,36458.33333333336,112847.22222222228,0,0,0,0,0,0,0,0,0,0,0,0,0,0,0,0,0,0,0,0,0,0,0,0,20833.333333333343,-97222.22222222225,0,0,20833.333333333318,-128472.22222222225,-1.4551915228366852e-11,-222222.2222222224,62500.000000000065,-204861.11111111118,-20833.333333333358,-128472.22222222226,-20833.33333333332,-97222.22222222219,-62499.99999999998,-204861.1111111111,0,0,0,0,0,0,0,0,0,0,0,0,0,0,0,0,0,0,0,0,0,0,0,0,0,0,0,0,0,0,0,0,0.005555555555555556,0.0027777777777777783,8.673617379884035e-19,0,-0.005555555555555555,-0.0027777777777777783,0,0,0,0,0,0,0,0,0,0,0,0,0.005555555555555554,0,-4.336808689942018e-19,3.469446951953614e-18,-0.011111111111111112,1.734723475976807e-18,-0.005555555555555553,0.011111111111111112,0,0,0,0,0,0,0,0,0,0,0,0,0,0,0
0,0,0,0,136284.72222222228,36458.33333333335,-6944346006.944444,-5208.33333333331,293750.0000000001,7.275957614183426e-12,2.7778322916666664e+10,7.275957614183426e-11,136284.72222222228,-36458.33333333335,-6944346006.944445,5208.333333333372,0,0,0,0,0,0,0,0,0,0,0,0,0,0,0,0,0,0,0,0,0,0,0,0,-184722.2222222223,-20833.333333333365,0,0,1.388884340277776e+10,-20833.33333333343,-672222.2222222227,2.1827872842550278e-11,-87847.2222222223,-20833.33333333335,1.3888843402777779e+10,20833.33333333328,-184722.22222222228,20833.333333333336,-87847.22222222229,20833.333333333336,0,0,0,0,0,0,0,0,0,0,0,0,0,0,0,0,0,0,0,0,0,0,0,0,0,0,0,0,0,0,0,0,0.0034722222222222233,0.003472222222222224,0.013888888888888899,-0.013888888888888897,0.0034722222222222246,0.003472222222222221,0,0,0,0,0,0,0,0,0,0,0,0,-3.469446951953614e-18,0,-0.02083333333333334,-0.027777777777777787,0.006944444444444441,-0.020833333333333343,-9.974659986866641e-18,0.006944444444444441,0,0,0,0,0,0,0,0,0,0,0,0,0,0,0
0,0,0,0,36458.33333333335,112847.22222222225,5208.333333333361,109375.00000000003,7.275957614183426e-12,187500.00000000006,7.275957614183426e-11,451388.8888888891,-36458.33333333335,112847.22222222228,-5208.333333333299,109375.00000000006,0,0,0,0,0,0,0,0,0,0,0,0,0,0,0,0,0,0,0,0,0,0,0,0,-20833.333333333365,-97222.2222222223,0,0,-62500.000000000095,-204861.11111111124,2.1827872842550278e-11,-222222.22222222236,-20833.333333333354,-128472.22222222229,62499.999999999956,-204861.1111111111,20833.33333333334,-97222.22222222222,20833.33333333334,-128472.22222222228,0,0,0,0,0,0,0,0,0,0,0,0,0,0,0,0,0,0,0,0,0,0,0,0,0,0,0,0,0,0,0,0,0.0027777777777777783,0.005555555555555556,-8.673617379884035e-19,0,-0.0027777777777777783,-0.005555555555555556,0,0,0,0,0,0,0,0,0,0,0,0,0.005555555555555554,0,-0.011111111111111113,-3.469446951953614e-18,-8.673617379884035e-19,0.011111111111111113,-0.005555555555555553,1.3010426069826053e-18,0,0,0,0,0,0,0,0,0,0,0,0,0,0,0
0,0,0,0,0,0,0,0,-6944346006.944445,5208.333333333309,136284.72222222228,-36458.33333333335,2.7778322916666676e+10,-8.731149137020111e-11,293750.00000000023,0,-6944346006.944445,-5208.333333333375,136284.7222222223,36458.33333333334,0,0,0,0,0,0,0,0,0,0,0,0,0,0,0,0,0,0,0,0,0,0,0,0,0,0,-184722.22222222236,20833.333333333365,0,0,-87847.22222222234,20833.333333333336,-672222.2222222226,-1.4551915228366852e-11,1.3888843402777779e+10,20833.33333333343,-87847.2222222223,-20833.33333333334,-184722.22222222234,-20833.33333333333,1.3888843402777779e+10,-20833.333333333278,0,0,0,0,0,0,0,0,0,0,0,0,0,0,0,0,0,0,0,0,0,0,0,0,0,0,0,0,-0.003472222222222221,-0.003472222222222222,0.013888888888888897,-0.013888888888888895,-0.0034722222222222225,-0.0034722222222222272,0,0,0,0,0,0,0,0,0,0,0,0,0,-3.469446951953614e-18,0,-0.006944444444444445,0.02777777777777779,0.02083333333333333,-0.006944444444444441,1.0408340855860843e-17,0.020833333333333353,0,0,0,0,0,0,0,0,0,0,0,0
0,0,0,0,0,0,0,0,-5208.333333333358,109375.00000000004,-36458.33333333335,112847.22222222226,-8.731149137020111e-11,451388.888888889,-9.094947017729282e-13,187500.00000000006,5208.333333333294,109375,36458.33333333334,112847.22222222223,0,0,0,0,0,0,0,0,0,0,0,0,0,0,0,0,0,0,0,0,0,0,0,0,0,0,20833.333333333358,-97222.22222222234,0,0,20833.333333333325,-128472.22222222228,-1.8189894035458565e-11,-222222.22222222234,62500.00000000011,-204861.11111111133,-20833.33333333333,-128472.22222222223,-20833.333333333347,-97222.22222222222,-62499.999999999956,-204861.11111111098,0,0,0,0,0,0,0,0,0,0,0,0,0,0,0,0,0,0,0,0,0,0,0,0,0,0,0,0,0.005555555555555554,0.0027777777777777788,-8.673617379884035e-19,4.336808689942018e-19,-0.005555555555555555,-0.0027777777777777775,0,0,0,0,0,0,0,0,0,0,0,0,0,0.005555555555555553,0,-4.336808689942018e-19,3.469446951953614e-18,-0.011111111111111112,8.673617379884035e-19,-0.005555555555555554,0.011111111111111112,0,0,0,0,0,0,0,0,0,0,0,0
0,0,0,0,0,0,0,0,136284.72222222234,36458.33333333336,-6944346006.944445,-5208.333333333299,293750.00000000023,-9.094947017729282e-13,2.7778322916666676e+10,1.1641532182693481e-10,136284.72222222236,-36458.33333333336,-6944346006.944445,5208.333333333354,0,0,0,0,0,0,0,0,0,0,0,0,0,0,0,0,0,0,0,0,0,0,0,0,0,0,-184722.22222222242,-20833.333333333387,0,0,1.3888843402777779e+10,-20833.33333333348,-672222.2222222227,5.093170329928398e-11,-87847.22222222242,-20833.333333333358,1.3888843402777779e+10,20833.3333333333,-184722.2222222223,20833.33333333332,-87847.22222222225,20833.333333333365,0,0,0,0,0,0,0,0,0,0,0,0,0,0,0,0,0,0,0,0,0,0,0,0,0,0,0,0,0.0034722222222222277,0.003472222222222227,0.013888888888888899,-0.013888888888888902,0.0034722222222222233,0.0034722222222222177,0,0,0,0,0,0,0,0,0,0,0,0,0,-5.204170427930421e-18,0,-0.02083333333333335,-0.027777777777777794,0.006944444444444435,-0.020833333333333332,2.6020852139652106e-18,0.0069444444444444545,0,0,0,0,0,0,0,0,0,0,0,0
0,0,0,0,0,0,0,0,36458.33333333335,112847.22222222228,5208.333333333376,109375.00000000003,0,187500.00000000006,1.1641532182693481e-10,451388.8888888892,-36458.333333333365,112847.22222222228,-5208.333333333312,109375.00000000003,0,0,0,0,0,0,0,0,0,0,0,0,0,0,0,0,0,0,0,0,0,0,0,0,0,0,-20833.333333333387,-97222.22222222236,0,0,-62500.00000000015,-204861.1111111113,5.093170329928398e-11,-222222.22222222236,-20833.333333333347,-128472.2222222223,62499.99999999998,-204861.11111111112,20833.333333333325,-97222.22222222225,20833.333333333358,-128472.22222222222,0,0,0,0,0,0,0,0,0,0,0,0,0,0,0,0,0,0,0,0,0,0,0,0,0,0,0,0,0.0027777777777777783,0.005555555555555556,-1.3010426069826053e-18,0,-0.0027777777777777788,-0.005555555555555556,0,0,0,0,0,0,0,0,0,0,0,0,0,0.005555555555555554,0,-0.011111111111111113,-3.469446951953614e-18,-8.673617379884035e-19,0.011111111111111113,-0.005555555555555552,1.734723475976807e-18,0,0,0,0,0,0,0,0,0,0,0,0
0,0,0,0,0,0,0,0,0,0,0,0,-6944346006.944445,5208.333333333295,136284.72222222234,-36458.33333333336,2.7778322916666695e+10,-8.731149137020111e-11,293750.00000000035,7.275957614183426e-12,-6944346006.944445,-5208.333333333318,136284.72222222236,36458.33333333337,0,0,0,0,0,0,0,0,0,0,0,0,0,0,0,0,0,0,0,0,0,0,0,0,0,0,0,0,-184722.22222222245,20833.33333333338,0,0,-87847.22222222244,20833.33333333335,-672222.222222223,-5.820766091346741e-11,1.3888843402777779e+10,20833.333333333485,-87847.22222222232,-20833.33333333337,-184722.22222222234,-20833.333333333336,1.388884340277782e+10,-20833.3333333334,0,0,0,0,0,0,0,0,0,0,0,0,0,0,0,0,0,0,0,0,0,0,0,0,-0.00347222222222223,-0.003472222222222228,0.01388888888888891,-0.013888888888888909,-0.0034722222222222272,-0.0034722222222222238,0,0,0,0,0,0,0,0,0,0,0,0,0,0,8.239936510889834e-18,0,-0.006944444444444435,0.027777777777777825,0.02083333333333336,-0.006944444444444449,-2.6020852139652106e-18,0.020833333333333356,0,0,0,0,0,0,0,0,0
0,0,0,0,0,0,0,0,0,0,0,0,-5208.333333333373,109375,-36458.333333333365,112847.22222222228,-8.731149137020111e-11,451388.8888888891,9.094947017729282e-13,187500.00000000012,5208.33333333335,109375.00000000001,36458.33333333337,112847.22222222228,0,0,0,0,0,0,0,0,0,0,0,0,0,0,0,0,0,0,0,0,0,0,0,0,0,0,0,0,20833.33333333338,-97222.22222222234,0,0,20833.333333333354,-128472.22222222229,-5.820766091346741e-11,-222222.22222222257,62500.00000000015,-204861.11111111118,-20833.333333333372,-128472.22222222223,-20833.33333333334,-97222.2222222222,-62500.000000000065,-204861.11111111107,0,0,0,0,0,0,0,0,0,0,0,0,0,0,0,0,0,0,0,0,0,0,0,0,0.005555555555555556,0.0027777777777777788,0,4.336808689942018e-19,-0.005555555555555555,-0.0027777777777777775,0,0,0,0,0,0,0,0,0,0,0,0,0,0,0.005555555555555554,0,-2.168404344971009e-19,3.469446951953614e-18,-0.011111111111111112,0,-0.005555555555555554,0.011111111111111112,0,0,0,0,0,0,0,0,0
0,0,0,0,0,0,0,0,0,0,0,0,136284.7222222223,36458.33333333334,-6944346006.944445,-5208.333333333314,293750.00000000035,2.7284841053187847e-12,2.7778322916666695e+10,7.275957614183426e-11,136284.72222222222,-36458.33333333333,-6944346006.944445,5208.333333333372,0,0,0,0,0,0,0,0,0,0,0,0,0,0,0,0,0,0,0,0,0,0,0,0,0,0,0,0,-184722.22222222242,-20833.333333333358,0,0,1.3888843402777779e+10,-20833.333333333423,-672222.222222223,2.9103830456733704e-11,-87847.22222222235,-20833.333333333336,1.388884340277782e+10,20833.333333333263,-184722.22222222225,20833.333333333347,-87847.22222222232,20833.333333333318,0,0,0,0,0,0,0,0,0,0,0,0,0,0,0,0,0,0,0,0,0,0,0,0,0.0034722222222222238,0.003472222222222223,0.013888888888888905,-0.013888888888888902,0.003472222222222225,0.0034722222222222272,0,0,0,0,0,0,0,0,0,0,0,0,0,0,3.469446951953614e-18,0,-0.02083333333333334,-0.027777777777777804,0.006944444444444448,-0.02083333333333336,-1.9081958235744878e-17,0.006944444444444437,0,0,0,0,0,0,0,0,0
0,0,0,0,0,0,0,0,0,0,0,0,36458.33333333334,112847.22222222225,5208.333333333358,109375.00000000003,-3.637978807091713e-12,187500.00000000012,7.275957614183426e-11,451388.8888888891,-36458.33333333332,112847.22222222222,-5208.333333333296,109375,0,0,0,0,0,0,0,0,0,0,0,0,0,0,0,0,0,0,0,0,0,0,0,0,0,0,0,0,-20833.333333333358,-97222.22222222235,0,0,-62500.00000000011,-204861.11111111124,1.4551915228366852e-11,-222222.2222222225,-20833.33333333334,-128472.22222222225,62499.99999999995,-204861.11111111095,20833.333333333347,-97222.22222222218,20833.333333333314,-128472.22222222226,0,0,0,0,0,0,0,0,0,0,0,0,0,0,0,0,0,0,0,0,0,0,0,0,0.0027777777777777775,0.005555555555555556,-8.673617379884035e-19,0,-0.0027777777777777788,-0.005555555555555557,0,0,0,0,0,0,0,0,0,0,0,0,0,0,0.005555555555555554,0,-0.011111111111111113,-3.469446951953614e-18,-8.673617379884035e-19,0.011111111111111113,-0.005555555555555552,1.734723475976807e-18,0,0,0,0,0,0,0,0,0
0,0,0,0,0,0,0,0,0,0,0,0,0,0,0,0,-6944346006.944445,5208.3333333333485,136284.72222222222,-36458.33333333333,2.777832291666665e+10,1.4551915228366852e-11,293750.00000000023,2.1827872842550278e-11,-6944346006.944439,-5208.333333333347,136284.7222222224,36458.333333333365,0,0,0,0,0,0,0,0,0,0,0,0,0,0,0,0,0,0,0,0,0,0,0,0,0,0,0,0,0,0,-184722.22222222234,20833.33333333332,0,0,-87847.22222222219,20833.333333333307,-672222.2222222228,-7.275957614183426e-12,1.3888843402777733e+10,20833.3333333333,-87847.22222222255,-20833.33333333337,-184722.2222222223,-20833.333333333303,1.3888843402777786e+10,-20833.33333333332,0,0,0,0,0,0,0,0,0,0,0,0,0,0,0,0,0,0,0,0,-0.0034722222222222116,-0.00347222222222222,0.013888888888888902,-0.013888888888888902,-0.003472222222222238,-0.003472222222222233,0,0,0,0,0,0,0,0,0,0,0,0,0,0,0,-7.806255641895632e-18,0,-0.0069444444444444545,0.027777777777777807,0.02083333333333331,-0.006944444444444427,1.9949319973733282e-17,0.02083333333333339,0,0,0,0,0,0
0,0,0,0,0,0,0,0,0,0,0,0,0,0,0,0,-5208.3333333333185,109375.00000000001,-36458.33333333333,112847.22222222222,1.4551915228366852e-11,451388.8888888889,1.7280399333685637e-11,187500.0000000001,5208.333333333321,109374.9999999999,36458.33333333336,112847.22222222226,0,0,0,0,0,0,0,0,0,0,0,0,0,0,0,0,0,0,0,0,0,0,0,0,0,0,0,0,0,0,20833.333333333332,-97222.22222222234,0,0,20833.333333333296,-128472.22222222219,-1.8189894035458565e-11,-222222.2222222225,62499.99999999998,-204861.11111111124,-20833.33333333337,-128472.2222222223,-20833.33333333331,-97222.22222222212,-62500,-204861.1111111106,0,0,0,0,0,0,0,0,0,0,0,0,0,0,0,0,0,0,0,0,0.005555555555555555,0.0027777777777777788,-8.673617379884035e-19,0,-0.005555555555555555,-0.0027777777777777783,0,0,0,0,0,0,0,0,0,0,0,0,0,0,0,0.005555555555555554,0,-2.168404344971009e-19,3.469446951953614e-18,-0.011111111111111112,8.673617379884035e-19,-0.005555555555555554,0.011111111111111112,0,0,0,0,0,0
0,0,0,0,0,0,0,0,0,0,0,0,0,0,0,0,136284.72222222236,36458.33333333337,-6944346006.944445,-5208.333333333292,293750.00000000023,2.091837814077735e-11,2.777832291666665e+10,8.731149137020111e-11,136284.72222222236,-36458.33333333335,-6944346006.944439,5208.3333333333685,0,0,0,0,0,0,0,0,0,0,0,0,0,0,0,0,0,0,0,0,0,0,0,0,0,0,0,0,0,0,-184722.22222222245,-20833.333333333383,0,0,1.3888843402777733e+10,-20833.33333333349,-672222.2222222228,1.4551915228366852e-11,-87847.22222222236,-20833.33333333338,1.3888843402777786e+10,20833.33333333331,-184722.22222222248,20833.333333333365,-87847.22222222219,20833.333333333336,0,0,0,0,0,0,0,0,0,0,0,0,0,0,0,0,0,0,0,0,0.00347222222222223,0.0034722222222222272,0.013888888888888902,-0.013888888888888905,0.003472222222222221,0.0034722222222222164,0,0,0,0,0,0,0,0,0,0,0,0,0,0,0,-1.734723475976807e-18,0,-0.020833333333333353,-0.027777777777777794,0.006944444444444438,-0.020833333333333343,8.673617379884035e-19,0.006944444444444463,0,0,0,0,0,0
0,0,0,0,0,0,0,0,0,0,0,0,0,0,0,0,36458.33333333337,112847.22222222228,5208.333333333372,109375.00000000001,1.8189894035458565e-11,187500.00000000006,8.731149137020111e-11,451388.88888888934,-36458.33333333335,112847.22222222225,-5208.333333333299,109375.00000000015,0,0,0,0,0,0,0,0,0,0,0,0,0,0,0,0,0,0,0,0,0,0,0,0,0,0,0,0,0,0,-20833.333333333387,-97222.2222222224,0,0,-62500.000000000175,-204861.11111111124,1.8189894035458565e-11,-222222.22222222248,-20833.33333333338,-128472.22222222226,62500.00000000001,-204861.11111111133,20833.333333333372,-97222.2222222223,20833.33333333334,-128472.22222222219,0,0,0,0,0,0,0,0,0,0,0,0,0,0,0,0,0,0,0,0,0.0027777777777777775,0.005555555555555556,-4.336808689942018e-19,0,-0.0027777777777777783,-0.005555555555555557,0,0,0,0,0,0,0,0,0,0,0,0,0,0,0,0.005555555555555552,0,-0.011111111111111115,-3.469446951953614e-18,-8.673617379884035e-19,0.011111111111111113,-0.005555555555555552,1.0842021724855044e-18,0,0,0,0,0,0
0,0,0,0,0,0,0,0,0,0,0,0,0,0,0,0,0,0,0,0,-6944346006.944439,5208.333333333321,136284.72222222236,-36458.33333333335,2.777832291666667e+10,-8.731149137020111e-11,293750.0000000003,2.7284841053187847e-12,-6944346006.944445,-5208.333333333349,136284.72222222207,36458.333333333285,0,0,0,0,0,0,0,0,0,0,0,0,0,0,0,0,0,0,0,0,0,0,0,0,0,0,0,0,0,0,0,0,-184722.2222222224,20833.333333333343,0,0,-87847.22222222251,20833.33333333333,-672222.2222222233,2.1827872842550278e-11,1.3888843402777744e+10,20833.333333333387,-87847.2222222221,-20833.33333333327,-184722.22222222216,-20833.333333333325,1.388884340277782e+10,-20833.333333333263,0,0,0,0,0,0,0,0,0,0,0,0,0,0,0,0,-0.0034722222222222307,-0.003472222222222232,0.013888888888888909,-0.013888888888888923,-0.0034722222222222363,-0.0034722222222222238,0,0,0,0,0,0,0,0,0,0,0,0,0,0,0,0,1.3444106938820255e-17,0,-0.006944444444444425,0.027777777777777846,0.020833333333333367,-0.0069444444444444345,2.168404344971009e-17,0.020833333333333377,0,0,0
0,0,0,0,0,0,0,0,0,0,0,0,0,0,0,0,0,0,0,0,-5208.333333333347,109374.9999999999,-36458.33333333335,112847.22222222225,-8.731149137020111e-11,451388.88888888876,-5.4569682106375694e-12,187500.00000000006,5208.333333333323,109374.99999999985,36458.333333333285,112847.2222222221,0,0,0,0,0,0,0,0,0,0,0,0,0,0,0,0,0,0,0,0,0,0,0,0,0,0,0,0,0,0,0,0,20833.333333333336,-97222.22222222229,0,0,20833.333333333332,-128472.22222222229,-3.637978807091713e-12,-222222.22222222277,62500.000000000065,-204861.11111111086,-20833.333333333274,-128472.22222222206,-20833.33333333333,-97222.22222222207,-62499.99999999995,-204861.11111111054,0,0,0,0,0,0,0,0,0,0,0,0,0,0,0,0,0.005555555555555554,0.002777777777777778,0,-8.673617379884035e-19,-0.005555555555555555,-0.0027777777777777783,0,0,0,0,0,0,0,0,0,0,0,0,0,0,0,0,0.005555555555555555,0,6.505213034913027e-19,3.469446951953614e-18,-0.011111111111111112,1.734723475976807e-18,-0.005555555555555553,0.011111111111111112,0,0,0
0,0,0,0,0,0,0,0,0,0,0,0,0,0,0,0,0,0,0,0,136284.7222222224,36458.33333333336,-6944346006.944439,-5208.333333333299,293750.0000000003,-1.8189894035458565e-12,2.777832291666667e+10,2.0372681319713593e-10,136284.72222222216,-36458.333333333314,-6944346006.944445,5208.333333333321,0,0,0,0,0,0,0,0,0,0,0,0,0,0,0,0,0,0,0,0,0,0,0,0,0,0,0,0,0,0,0,0,-184722.22222222263,-20833.33333333341,0,0,1.3888843402777744e+10,-20833.33333333351,-672222.222222223,1.3096723705530167e-10,-87847.22222222223,-20833.333333333376,1.388884340277782e+10,20833.33333333327,-184722.22222222213,20833.33333333327,-87847.222222222,20833.33333333332,0,0,0,0,0,0,0,0,0,0,0,0,0,0,0,0,0.003472222222222223,0.003472222222222213,0.013888888888888899,-0.013888888888888918,0.0034722222222222194,0.0034722222222222294,0,0,0,0,0,0,0,0,0,0,0,0,0,0,0,0,1.3877787807814457e-17,0,-0.020833333333333325,-0.027777777777777776,0.006944444444444466,-0.02083333333333335,1.0842021724855044e-17,0.006944444444444459,0,0,0
0,0,0,0,0,0,0,0,0,0,0,0,0,0,0,0,0,0,0,0,36458.333333333365,112847.22222222226,5208.3333333333685,109375.00000000013,2.7284841053187847e-12,187500.00000000003,2.0372681319713593e-10,451388.888888889,-36458.333333333314,112847.2222222221,-5208.3333333333485,109374.99999999985,0,0,0,0,0,0,0,0,0,0,0,0,0,0,0,0,0,0,0,0,0,0,0,0,0,0,0,0,0,0,0,0,-20833.33333333341,-97222.22222222251,0,0,-62500.00000000019,-204861.11111111156,1.382431946694851e-10,-222222.22222222254,-20833.333333333372,-128472.22222222219,62499.99999999995,-204861.1111111106,20833.333333333263,-97222.22222222206,20833.333333333318,-128472.22222222199,0,0,0,0,0,0,0,0,0,0,0,0,0,0,0,0,0.0027777777777777775,0.005555555555555555,4.336808689942018e-19,8.673617379884035e-19,-0.0027777777777777783,-0.005555555555555557,0,0,0,0,0,0,0,0,0,0,0,0,0,0,0,0,0.005555555555555552,0,-0.011111111111111112,3.469446951953614e-18,-8.673617379884035e-19,0.011111111111111113,-0.005555555555555554,4.336808689942018e-19,0,0,0
0,0,0,0,0,0,0,0,0,0,0,0,0,0,0,0,0,0,0,0,0,0,0,0,-6944346006.944445,5208.333333333323,136284.7222222222,-36458.333333333314,2.77783229166667e+10,-5.820766091346741e-11,293749.99999999977,-9.094947017729282e-13,-6944346006.944457,-5208.333333333298,136284.722222222,36458.33333333329,0,0,0,0,0,0,0,0,0,0,0,0,0,0,0,0,0,0,0,0,0,0,0,0,0,0,0,0,0,0,0,0,0,0,-184722.22222222234,20833.333333333336,0,0,-87847.22222222197,20833.333333333314,-672222.222222223,-5.093170329928398e-11,1.3888843402777733e+10,20833.333333333336,-87847.22222222206,-20833.333333333303,-184722.22222222178,-20833.333333333274,1.3888843402777847e+10,-20833.333333333303,0,0,0,0,0,0,0,0,0,0,0,0,-0.0034722222222222238,-0.003472222222222229,0.013888888888888909,-0.013888888888888905,-0.003472222222222241,-0.0034722222222222207,0,0,0,0,0,0,0,0,0,0,0,0,0,0,0,0,0,-3.469446951953614e-18,0,-0.006944444444444443,0.027777777777777832,0.020833333333333346,-0.006944444444444419,7.806255641895632e-18,0.020833333333333353
0,0,0,0,0,0,0,0,0,0,0,0,0,0,0,0,0,0,0,0,0,0,0,0,-5208.333333333349,109374.99999999983,-36458.333333333314,112847.2222222221,-5.820766091346741e-11,451388.8888888885,5.4569682106375694e-12,187499.99999999985,5208.333333333374,109374.99999999981,36458.3333333333,112847.22222222209,0,0,0,0,0,0,0,0,0,0,0,0,0,0,0,0,0,0,0,0,0,0,0,0,0,0,0,0,0,0,0,0,0,0,20833.333333333332,-97222.22222222229,0,0,20833.33333333331,-128472.22222222197,-6.912159733474255e-11,-222222.2222222226,62500.000000000015,-204861.11111111077,-20833.3333333333,-128472.22222222213,-20833.33333333327,-97222.22222222188,-62499.999999999985,-204861.11111111057,0,0,0,0,0,0,0,0,0,0,0,0,0.005555555555555554,0.002777777777777778,8.673617379884035e-19,0,-0.005555555555555555,-0.002777777777777778,0,0,0,0,0,0,0,0,0,0,0,0,0,0,0,0,0,0.005555555555555555,0,4.336808689942018e-19,3.469446951953614e-18,-0.011111111111111112,8.673617379884035e-19,-0.005555555555555554,0.011111111111111112
0,0,0,0,0,0,0,0,0,0,0,0,0,0,0,0,0,0,0,0,0,0,0,0,136284.72222222207,36458.333333333285,-6944346006.944445,-5208.3333333333485,293749.99999999977,5.4569682106375694e-12,2.77783229166667e+10,2.9103830456733704e-11,136284.72222222178,-36458.33333333325,-6944346006.944457,5208.333333333347,0,0,0,0,0,0,0,0,0,0,0,0,0,0,0,0,0,0,0,0,0,0,0,0,0,0,0,0,0,0,0,0,0,0,-184722.22222222213,-20833.333333333267,0,0,1.3888843402777733e+10,-20833.333333333194,-672222.222222222,-2.9103830456733704e-11,-87847.22222222174,-20833.333333333278,1.3888843402777847e+10,20833.333333333183,-184722.22222222172,20833.333333333285,-87847.22222222168,20833.333333333234,0,0,0,0,0,0,0,0,0,0,0,0,0.003472222222222214,0.0034722222222222025,0.01388888888888887,-0.013888888888888892,0.0034722222222222034,0.0034722222222222125,0,0,0,0,0,0,0,0,0,0,0,0,0,0,0,0,0,2.949029909160572e-17,0,-0.02083333333333328,-0.027777777777777672,0.006944444444444473,-0.02083333333333328,5.637851296924623e-18,0.0069444444444444545
0,0,0,0,0,0,0,0,0,0,0,0,0,0,0,0,0,0,0,0,0,0,0,0,36458.333333333285,112847.2222222221,5208.333333333321,109374.99999999987,9.094947017729282e-13,187499.99999999983,2.9103830456733704e-11,451388.88888888864,-36458.333333333256,112847.22222222209,-5208.333333333314,109374.99999999997,0,0,0,0,0,0,0,0,0,0,0,0,0,0,0,0,0,0,0,0,0,0,0,0,0,0,0,0,0,0,0,0,0,0,-20833.333333333263,-97222.2222222223,0,0,-62499.99999999987,-204861.111111111,-1.8189894035458565e-11,-222222.22222222202,-20833.333333333278,-128472.22222222193,62499.99999999987,-204861.11111111118,20833.333333333285,-97222.222222222,20833.33333333324,-128472.22222222203,0,0,0,0,0,0,0,0,0,0,0,0,0.0027777777777777783,0.005555555555555556,4.336808689942018e-19,0,-0.0027777777777777775,-0.005555555555555556,0,0,0,0,0,0,0,0,0,0,0,0,0,0,0,0,0,0.005555555555555552,0,-0.011111111111111115,-3.469446951953614e-18,-8.673617379884035e-19,0.011111111111111113,-0.005555555555555553,0
0,0,0,0,0,0,0,0,0,0,0,0,0,0,0,0,0,0,0,0,0,0,0,0,0,0,0,0,-6944346006.944457,5208.333333333372,136284.72222222178,-36458.333333333256,1.388916145833334e+10,-88541.66666666648,146874.99999999956,-5208.333333333327,0,0,0,0,0,0,0,0,0,0,0,0,0,0,0,0,0,0,0,0,0,0,0,0,0,0,0,0,0,0,0,0,0,0,0,0,0,0,0,0,-184722.22222222167,20833.33333333324,0,0,-87847.2222222217,20833.333333333234,-336111.11111111037,62500.00000000012,1.388884340277776e+10,20833.333333333096,0,0,0,0,0,0,0,0,0,0,0,0,0,0,-0.0034722222222222055,-0.0034722222222222116,0.00694444444444443,-0.006944444444444424,0,0,0,0,0,0,0,0,0,0,0,0,0,0,0,0,0,0,0,0,-6.938893903907228e-18,0,-0.006944444444444437,0.013888888888888836,0.020833333333333266
0,0,0,0,0,0,0,0,0,0,0,0,0,0,0,0,0,0,0,0,0,0,0,0,0,0,0,0,-5208.333333333298,109374.99999999981,-36458.333333333256,112847.22222222207,-88541.66666666648,1.111133680555556e+10,5208.33333333335,-5555461805.555555,0,0,0,0,0,0,0,0,0,0,0,0,0,0,0,0,0,0,0,0,0,0,0,0,0,0,0,0,0,0,0,0,0,0,0,0,0,0,0,0,20833.33333333324,-97222.2222222221,0,0,20833.333333333238,-128472.22222222203,20833.333333333438,1.1111e+10,62499.99999999978,-204861.11111111098,0,0,0,0,0,0,0,0,0,0,0,0,0,0,0.005555555555555554,0.0027777777777777788,-0.005555555555555558,0.0027777777777777783,0,0,0,0,0,0,0,0,0,0,0,0,0,0,0,0,0,0,0,0,0.005555555555555553,0,-1.3010426069826053e-18,-0.016666666666666663,-0.011111111111111112
0,0,0,0,0,0,0,0,0,0,0,0,0,0,0,0,0,0,0,0,0,0,0,0,0,0,0,0,136284.72222222196,36458.33333333329,-6944346006.944457,-5208.333333333321,146874.99999999956,5208.33333333335,1.388916145833334e+10,88541.66666666661,0,0,0,0,0,0,0,0,0,0,0,0,0,0,0,0,0,0,0,0,0,0,0,0,0,0,0,0,0,0,0,0,0,0,0,0,0,0,0,0,-184722.22222222196,-20833.33333333329,0,0,1.388884340277776e+10,-20833.333333333267,-336111.1111111105,-62500.00000000009,-87847.2222222216,-20833.333333333314,0,0,0,0,0,0,0,0,0,0,0,0,0,0,0.0034722222222222134,0.0034722222222222034,0.006944444444444421,-0.006944444444444441,0,0,0,0,0,0,0,0,0,0,0,0,0,0,0,0,0,0,0,0,3.469446951953614e-17,0,-0.02083333333333326,-0.013888888888888833,0.006944444444444463
0,0,0,0,0,0,0,0,0,0,0,0,0,0,0,0,0,0,0,0,0,0,0,0,0,0,0,0,36458.33333333329,112847.2222222221,5208.333333333347,109374.99999999997,-5208.333333333327,-5555461805.555555,88541.6666666666,1.1111336805555557e+10,0,0,0,0,0,0,0,0,0,0,0,0,0,0,0,0,0,0,0,0,0,0,0,0,0,0,0,0,0,0,0,0,0,0,0,0,0,0,0,0,-20833.333333333292,-97222.22222222223,0,0,-62499.99999999995,-204861.11111111136,-20833.3333333334,1.1111e+10,-20833.333333333303,-128472.22222222194,0,0,0,0,0,0,0,0,0,0,0,0,0,0,0.0027777777777777788,0.005555555555555556,0.0027777777777777796,-0.005555555555555558,0,0,0,0,0,0,0,0,0,0,0,0,0,0,0,0,0,0,0,0,0.005555555555555552,0,-0.011111111111111115,-0.01666666666666667,-8.673617379884035e-19
-336111.1111111113,-20833.333333333347,-336111.1111111113,20833.333333333354,-184722.22222222225,20833.333333333332,-184722.2222222223,-20833.333333333354,0,0,0,0,0,0,0,0,0,0,0,0,0,0,0,0,0,0,0,0,0,0,0,0,0,0,0,0,738888.888888889,7.275957614183426e-12,3.5697667044587433e-11,-83333.33333333331,302777.77777777787,7.275957614183426e-12,4.3655745685100555e-11,83333.33333333331,0,0,0,0,0,0,0,0,0,0,0,0,0,0,0,0,0,0,0,0,0,0,0,0,0,0,0,0,0,0,0,0,0,0,0,0,0,0,0,0,0,0,-0.013888888888888895,0.013888888888888897,-1.3010426069826053e-18,4.336808689942018e-19,0,0,0,0,0,0,0,0,0,0,0,0,0,0,0,0.027777777777777776,0,-0.027777777777777773,0,0,0,0,0,0,0,0,0,0,0,0,0,0,0,0,0,0,0,0,0
-62500.00000000002,-111111.11111111115,62500.00000000004,-111111.11111111115,20833.333333333336,-97222.22222222223,-20833.33333333335,-97222.22222222226,0,0,0,0,0,0,0,0,0,0,0,0,0,0,0,0,0,0,0,0,0,0,0,0,0,0,0,0,7.275957614183426e-12,388888.888888889,-83333.33333333331,3.637978807091713e-11,1.8189894035458565e-12,27777.777777777832,83333.33333333333,7.275957614183426e-12,0,0,0,0,0,0,0,0,0,0,0,0,0,0,0,0,0,0,0,0,0,0,0,0,0,0,0,0,0,0,0,0,0,0,0,0,0,0,0,0,0,0,-0.00555555555555555,-0.0055555555555555506,-0.005555555555555551,-0.00555555555555555,0,0,0,0,0,0,0,0,0,0,0,0,0,0,0.022222222222222213,0.022222222222222213,0.022222222222222213,0.022222222222222213,0,0,0,0,0,0,0,0,0,0,0,0,0,0,0,0,0,0,0,0,0
-87847.22222222226,-20833.33333333334,1.3888843402777779e+10,62500.00000000001,-87847.22222222225,20833.33333333333,1.3888843402777775e+10,-62500.00000000005,0,0,0,0,0,0,0,0,0,0,0,0,0,0,0,0,0,0,0,0,0,0,0,0,0,0,0,0,7.503331289626658e-12,-83333.33333333331,5.555590694444441e+10,3.637978807091713e-11,5.820766091346741e-11,83333.33333333334,-84722.22222222209,7.275957614183426e-12,0,0,0,0,0,0,0,0,0,0,0,0,0,0,0,0,0,0,0,0,0,0,0,0,0,0,0,0,0,0,0,0,0,0,0,0,0,0,0,0,0,0,0.006944444444444436,0.0069444444444444345,0.006944444444444435,0.006944444444444441,0,0,0,0,0,0,0,0,0,0,0,0,0,0,-0.027777777777777762,-0.027777777777777755,-0.02777777777777775,-0.02777777777777776,0,0,0,0,0,0,0,0,0,0,0,0,0,0,0,0,0,0,0,0,0
-20833.333333333343,-128472.22222222225,20833.33333333333,-204861.11111111118,20833.33333333333,-128472.22222222223,-20833.333333333376,-204861.1111111112,0,0,0,0,0,0,0,0,0,0,0,0,0,0,0,0,0,0,0,0,0,0,0,0,0,0,0,0,-83333.33333333333,3.637978807091713e-11,3.637978807091713e-11,513888.888888889,83333.33333333331,2.9103830456733704e-11,1.2732925824820995e-11,152777.77777777787,0,0,0,0,0,0,0,0,0,0,0,0,0,0,0,0,0,0,0,0,0,0,0,0,0,0,0,0,0,0,0,0,0,0,0,0,0,0,0,0,0,0,0,-0.011111111111111113,-8.673617379884035e-19,0.011111111111111115,0,0,0,0,0,0,0,0,0,0,0,0,0,0,-0.022222222222222223,0,0.02222222222222222,-1.734723475976807e-18,0,0,0,0,0,0,0,0,0,0,0,0,0,0,0,0,0,0,0,0,0
-184722.22222222222,-20833.333333333336,-184722.22222222225,20833.333333333343,-672222.2222222224,-1.4551915228366852e-11,-672222.2222222225,7.275957614183426e-12,-184722.2222222223,20833.333333333343,-184722.2222222223,-20833.333333333365,0,0,0,0,0,0,0,0,0,0,0,0,0,0,0,0,0,0,0,0,0,0,0,0,302777.77777777787,1.8189894035458565e-12,8.731149137020111e-11,83333.3333333333,1477777.7777777782,2.3646862246096134e-11,-2.9103830456733704e-11,-83333.3333333333,-1.9099388737231493e-11,-83333.33333333328,302777.7777777779,-7.275957614183426e-12,1.4551915228366852e-11,83333.33333333331,0,0,0,0,0,0,0,0,0,0,0,0,0,0,0,0,0,0,0,0,0,0,0,0,0,0,0,0,0,0,0,0,0,0,0,0,-1.734723475976807e-18,1.734723475976807e-18,-0.02777777777777779,0.02777777777777779,-6.5052130349130266e-18,-4.336808689942018e-19,0,0,0,0,0,0,0,0,0,0,0,0,-1.734723475976807e-18,0.02777777777777777,1.5178830414797062e-17,-0.02777777777777777,0.02777777777777779,6.938893903907228e-18,-0.027777777777777776,0,0,0,0,0,0,0,0,0,0,0,0,0,0,0,0,0,0
-20833.33333333334,-97222.22222222223,20833.33333333334,-97222.22222222225,-2.1827872842550278e-11,-222222.22222222225,7.275957614183426e-12,-222222.22222222234,20833.333333333347,-97222.22222222228,-20833.33333333336,-97222.2222222223,0,0,0,0,0,0,0,0,0,0,0,0,0,0,0,0,0,0,0,0,0,0,0,0,0,27777.777777777846,83333.33333333334,2.9103830456733704e-11,2.3646862246096134e-11,777777.7777777779,-83333.33333333333,-3.637978807091713e-12,-83333.33333333331,5.820766091346741e-11,-9.094947017729282e-12,27777.777777777857,83333.33333333333,2.1827872842550278e-11,0,0,0,0,0,0,0,0,0,0,0,0,0,0,0,0,0,0,0,0,0,0,0,0,0,0,0,0,0,0,0,0,0,0,0,0,0.00555555555555555,0.00555555555555555,1.734723475976807e-18,0,-0.005555555555555551,-0.005555555555555549,0,0,0,0,0,0,0,0,0,0,0,0,-0.022222222222222213,-0.022222222222222213,0,-0.022222222222222213,0.022222222222222213,0.022222222222222213,0.022222222222222213,0,0,0,0,0,0,0,0,0,0,0,0,0,0,0,0,0,0
1.3888843402777779e+10,-62500.00000000002,-87847.22222222226,20833.333333333336,1.3888843402777775e+10,62500.00000000003,-87847.22222222226,-20833.333333333336,0,0,0,0,0,0,0,0,0,0,0,0,0,0,0,0,0,0,0,0,0,0,0,0,0,0,0,0,2.1827872842550278e-11,83333.33333333333,-84722.22222222209,7.275957614183426e-12,0,-83333.33333333336,5.555590694444441e+10,1.8189894035458565e-12,0,0,0,0,0,0,0,0,0,0,0,0,0,0,0,0,0,0,0,0,0,0,0,0,0,0,0,0,0,0,0,0,0,0,0,0,0,0,0,0,0,0,-0.006944444444444437,-0.006944444444444437,-0.006944444444444439,-0.006944444444444439,0,0,0,0,0,0,0,0,0,0,0,0,0,0,0.027777777777777766,0.027777777777777762,0.02777777777777776,0.027777777777777762,0,0,0,0,0,0,0,0,0,0,0,0,0,0,0,0,0,0,0,0,0
-20833.333333333343,-204861.11111111118,20833.333333333343,-128472.22222222223,20833.333333333343,-204861.11111111118,-20833.333333333343,-128472.22222222225,0,0,0,0,0,0,0,0,0,0,0,0,0,0,0,0,0,0,0,0,0,0,0,0,0,0,0,0,83333.33333333331,0,7.275957614183426e-12,152777.77777777787,-83333.33333333331,3.637978807091713e-12,1.8189894035458565e-12,513888.888888889,0,0,0,0,0,0,0,0,0,0,0,0,0,0,0,0,0,0,0,0,0,0,0,0,0,0,0,0,0,0,0,0,0,0,0,0,0,0,0,0,0,0,-0.011111111111111115,0,0.011111111111111115,2.168404344971009e-19,0,0,0,0,0,0,0,0,0,0,0,0,0,0,-0.022222222222222223,-8.673617379884035e-19,0.022222222222222223,0,0,0,0,0,0,0,0,0,0,0,0,0,0,0,0,0,0,0,0,0,0
0,0,0,0,-87847.2222222222,-20833.333333333343,1.388884340277779e+10,62499.99999999996,-87847.2222222223,20833.333333333332,1.388884340277776e+10,-62500.00000000011,0,0,0,0,0,0,0,0,0,0,0,0,0,0,0,0,0,0,0,0,0,0,0,0,0,0,0,0,-4.729372449219227e-11,-83333.33333333331,0,0,5.5555906944444405e+10,1.3096723705530167e-10,2.6193447411060333e-10,83333.33333333334,-84722.22222222212,1.4551915228366852e-11,0,0,0,0,0,0,0,0,0,0,0,0,0,0,0,0,0,0,0,0,0,0,0,0,0,0,0,0,0,0,0,0,0,0,0,0,0,0,0.006944444444444438,0.006944444444444428,0.006944444444444432,0.006944444444444446,0,0,0,0,0,0,0,0,0,0,0,0,0,0,-0.02777777777777777,0,-0.027777777777777755,-0.02777777777777775,-0.027777777777777762,0,0,0,0,0,0,0,0,0,0,0,0,0,0,0,0,0,0
0,0,0,0,-20833.333333333347,-128472.22222222223,20833.333333333285,-204861.11111111107,20833.333333333325,-128472.22222222228,-20833.333333333427,-204861.11111111124,0,0,0,0,0,0,0,0,0,0,0,0,0,0,0,0,0,0,0,0,0,0,0,0,0,0,0,0,-83333.3333333333,4.3655745685100555e-11,0,0,1.3096723705530167e-10,513888.8888888889,83333.3333333333,5.820766091346741e-11,2.3646862246096134e-11,152777.77777777784,0,0,0,0,0,0,0,0,0,0,0,0,0,0,0,0,0,0,0,0,0,0,0,0,0,0,0,0,0,0,0,0,0,0,0,0,0,0,8.673617379884035e-19,-0.011111111111111113,0,0.011111111111111113,0,0,0,0,0,0,0,0,0,0,0,0,0,0,-0.022222222222222223,0,0,0.022222222222222223,8.673617379884035e-19,0,0,0,0,0,0,0,0,0,0,0,0,0,0,0,0,0,0
0,0,0,0,-184722.2222222222,-20833.33333333332,-184722.22222222228,20833.333333333336,-672222.2222222226,-7.275957614183426e-12,-672222.2222222225,2.9103830456733704e-11,-184722.22222222236,20833.333333333365,-184722.22222222242,-20833.33333333338,0,0,0,0,0,0,0,0,0,0,0,0,0,0,0,0,0,0,0,0,0,0,0,0,302777.77777777787,-1.4551915228366852e-11,0,0,2.6193447411060333e-10,83333.3333333333,1477777.7777777785,1.8189894035458565e-11,7.275957614183426e-11,-83333.33333333333,6.230038707144558e-11,-83333.33333333327,302777.7777777779,-7.275957614183426e-12,5.820766091346741e-11,83333.3333333333,0,0,0,0,0,0,0,0,0,0,0,0,0,0,0,0,0,0,0,0,0,0,0,0,0,0,0,0,0,0,0,0,2.6020852139652106e-18,6.938893903907228e-18,-0.02777777777777779,0.02777777777777779,-2.6020852139652106e-18,2.168404344971009e-18,0,0,0,0,0,0,0,0,0,0,0,0,-1.734723475976807e-18,0,0.027777777777777755,-2.211772431870429e-17,-0.027777777777777776,0.02777777777777779,6.938893903907228e-18,-0.02777777777777778,0,0,0,0,0,0,0,0,0,0,0,0,0,0,0
0,0,0,0,-20833.33333333332,-97222.22222222222,20833.33333333333,-97222.22222222223,7.275957614183426e-12,-222222.22222222236,2.1827872842550278e-11,-222222.22222222236,20833.333333333365,-97222.22222222234,-20833.33333333338,-97222.22222222235,0,0,0,0,0,0,0,0,0,0,0,0,0,0,0,0,0,0,0,0,0,0,0,0,-7.275957614183426e-12,27777.777777777857,0,0,83333.33333333331,7.275957614183426e-11,3.2741809263825417e-11,777777.7777777779,-83333.33333333334,0,-83333.33333333328,1.1641532182693481e-10,-1.8189894035458565e-11,27777.777777777846,83333.33333333331,1.0186340659856796e-10,0,0,0,0,0,0,0,0,0,0,0,0,0,0,0,0,0,0,0,0,0,0,0,0,0,0,0,0,0,0,0,0,0.005555555555555551,0.00555555555555555,1.734723475976807e-18,0,-0.005555555555555551,-0.0055555555555555506,0,0,0,0,0,0,0,0,0,0,0,0,-0.022222222222222213,0,-0.022222222222222213,0,-0.02222222222222222,0.022222222222222213,0.022222222222222213,0.022222222222222213,0,0,0,0,0,0,0,0,0,0,0,0,0,0,0
0,0,0,0,1.388884340277779e+10,-62500,-87847.22222222225,20833.333333333336,1.388884340277776e+10,62500.000000000065,-87847.2222222223,-20833.333333333354,0,0,0,0,0,0,0,0,0,0,0,0,0,0,0,0,0,0,0,0,0,0,0,0,0,0,0,0,7.275957614183426e-12,83333.33333333336,0,0,-84722.2222222221,2.546585164964199e-11,7.275957614183426e-11,-83333.33333333336,5.5555906944444405e+10,-6.912159733474255e-11,0,0,0,0,0,0,0,0,0,0,0,0,0,0,0,0,0,0,0,0,0,0,0,0,0,0,0,0,0,0,0,0,0,0,0,0,0,0,-0.006944444444444435,-0.006944444444444439,-0.006944444444444442,-0.00694444444444444,0,0,0,0,0,0,0,0,0,0,0,0,0,0,0.027777777777777776,0,0.02777777777777777,0.027777777777777762,0.02777777777777777,0,0,0,0,0,0,0,0,0,0,0,0,0,0,0,0,0,0
0,0,0,0,-20833.333333333314,-204861.11111111115,20833.333333333336,-128472.22222222222,20833.33333333338,-204861.11111111118,-20833.33333333335,-128472.22222222228,0,0,0,0,0,0,0,0,0,0,0,0,0,0,0,0,0,0,0,0,0,0,0,0,0,0,0,0,83333.33333333331,2.1827872842550278e-11,0,0,1.4551915228366852e-11,152777.77777777784,-83333.33333333334,0,-6.912159733474255e-11,513888.888888889,0,0,0,0,0,0,0,0,0,0,0,0,0,0,0,0,0,0,0,0,0,0,0,0,0,0,0,0,0,0,0,0,0,0,0,0,0,0,-0.011111111111111115,-1.3010426069826053e-18,0.011111111111111113,1.0842021724855044e-18,0,0,0,0,0,0,0,0,0,0,0,0,0,0,-0.022222222222222223,0,0,0.022222222222222223,2.168404344971009e-19,0,0,0,0,0,0,0,0,0,0,0,0,0,0,0,0,0,0
0,0,0,0,0,0,0,0,-87847.22222222228,-20833.333333333354,1.3888843402777779e+10,62499.999999999956,-87847.22222222234,20833.333333333325,1.3888843402777779e+10,-62500.00000000017,0,0,0,0,0,0,0,0,0,0,0,0,0,0,0,0,0,0,0,0,0,0,0,0,0,0,0,0,0,0,2.8421709430404007e-11,-83333.33333333328,0,0,5.555590694444441e+10,2.0372681319713593e-10,3.2014213502407074e-10,83333.3333333333,-84722.222222222,7.275957614183426e-12,0,0,0,0,0,0,0,0,0,0,0,0,0,0,0,0,0,0,0,0,0,0,0,0,0,0,0,0,0,0,0,0,0,0,0.006944444444444434,0.006944444444444425,0.00694444444444443,0.006944444444444448,0,0,0,0,0,0,0,0,0,0,0,0,0,0,0,-0.02777777777777777,0,-0.02777777777777774,-0.027777777777777728,-0.02777777777777776,0,0,0,0,0,0,0,0,0,0,0,0,0,0,0
0,0,0,0,0,0,0,0,-20833.333333333354,-128472.22222222226,20833.33333333327,-204861.11111111112,20833.333333333336,-128472.22222222228,-20833.333333333485,-204861.1111111113,0,0,0,0,0,0,0,0,0,0,0,0,0,0,0,0,0,0,0,0,0,0,0,0,0,0,0,0,0,0,-83333.33333333327,1.0186340659856796e-10,0,0,2.0372681319713593e-10,513888.8888888889,83333.33333333327,7.275957614183426e-11,2.000888343900442e-11,152777.7777777779,0,0,0,0,0,0,0,0,0,0,0,0,0,0,0,0,0,0,0,0,0,0,0,0,0,0,0,0,0,0,0,0,0,0,8.673617379884035e-19,-0.011111111111111113,8.673617379884035e-19,0.011111111111111113,0,0,0,0,0,0,0,0,0,0,0,0,0,0,0,-0.022222222222222223,0,0,0.022222222222222223,1.734723475976807e-18,0,0,0,0,0,0,0,0,0,0,0,0,0,0,0
0,0,0,0,0,0,0,0,-184722.22222222225,-20833.333333333325,-184722.22222222225,20833.333333333343,-672222.2222222225,-1.8189894035458565e-11,-672222.2222222225,6.548361852765083e-11,-184722.22222222245,20833.33333333338,-184722.22222222242,-20833.333333333358,0,0,0,0,0,0,0,0,0,0,0,0,0,0,0,0,0,0,0,0,0,0,0,0,0,0,302777.77777777787,-2.000888343900442e-11,0,0,3.2014213502407074e-10,83333.33333333328,1477777.777777778,-5.4569682106375694e-12,2.764863893389702e-10,-83333.33333333331,8.822098607197404e-11,-83333.3333333333,302777.777777778,7.275957614183426e-12,-5.093170329928398e-11,83333.33333333327,0,0,0,0,0,0,0,0,0,0,0,0,0,0,0,0,0,0,0,0,0,0,0,0,0,0,0,0,-6.938893903907228e-18,3.469446951953614e-18,-0.027777777777777783,0.027777777777777783,8.673617379884035e-19,8.239936510889834e-18,0,0,0,0,0,0,0,0,0,0,0,0,0,0,0,0.027777777777777762,-1.5612511283791264e-17,-0.027777777777777752,0.027777777777777776,-1.0408340855860843e-17,-0.027777777777777804,0,0,0,0,0,0,0,0,0,0,0,0
0,0,0,0,0,0,0,0,-20833.333333333318,-97222.22222222219,20833.333333333336,-97222.22222222222,0,-222222.2222222223,5.093170329928398e-11,-222222.22222222234,20833.33333333338,-97222.22222222234,-20833.333333333358,-97222.22222222234,0,0,0,0,0,0,0,0,0,0,0,0,0,0,0,0,0,0,0,0,0,0,0,0,0,0,-1.4551915228366852e-11,27777.77777777785,0,0,83333.3333333333,7.275957614183426e-11,-5.4569682106375694e-12,777777.7777777778,-83333.33333333334,2.1827872842550278e-11,-83333.33333333333,7.275957614183426e-11,9.094947017729282e-12,27777.777777777937,83333.33333333328,2.9103830456733704e-11,0,0,0,0,0,0,0,0,0,0,0,0,0,0,0,0,0,0,0,0,0,0,0,0,0,0,0,0,0.005555555555555551,0.00555555555555555,-8.673617379884035e-19,0,-0.00555555555555555,-0.00555555555555555,0,0,0,0,0,0,0,0,0,0,0,0,0,-0.022222222222222213,0,-0.022222222222222213,-3.469446951953614e-18,-0.022222222222222213,0.022222222222222213,0.022222222222222213,0.02222222222222221,0,0,0,0,0,0,0,0,0,0,0,0
0,0,0,0,0,0,0,0,1.3888843402777779e+10,-62499.99999999997,-87847.22222222229,20833.333333333336,1.3888843402777779e+10,62500.00000000011,-87847.22222222242,-20833.333333333347,0,0,0,0,0,0,0,0,0,0,0,0,0,0,0,0,0,0,0,0,0,0,0,0,0,0,0,0,0,0,5.820766091346741e-11,83333.33333333331,0,0,-84722.222222222,2.1827872842550278e-11,2.764863893389702e-10,-83333.33333333334,5.555590694444441e+10,-1.255102688446641e-10,0,0,0,0,0,0,0,0,0,0,0,0,0,0,0,0,0,0,0,0,0,0,0,0,0,0,0,0,0,0,0,0,0,0,-0.006944444444444429,-0.006944444444444439,-0.00694444444444445,-0.006944444444444432,0,0,0,0,0,0,0,0,0,0,0,0,0,0,0,0.027777777777777773,0,0.02777777777777777,0.027777777777777745,0.02777777777777775,0,0,0,0,0,0,0,0,0,0,0,0,0,0,0
0,0,0,0,0,0,0,0,-20833.333333333292,-204861.1111111111,20833.333333333343,-128472.22222222228,20833.333333333423,-204861.11111111133,-20833.333333333358,-128472.2222222223,0,0,0,0,0,0,0,0,0,0,0,0,0,0,0,0,0,0,0,0,0,0,0,0,0,0,0,0,0,0,83333.33333333331,1.0186340659856796e-10,0,0,1.4551915228366852e-11,152777.7777777779,-83333.33333333331,-7.275957614183426e-12,-1.255102688446641e-10,513888.88888888905,0,0,0,0,0,0,0,0,0,0,0,0,0,0,0,0,0,0,0,0,0,0,0,0,0,0,0,0,0,0,0,0,0,0,-0.011111111111111115,-4.336808689942018e-19,0.011111111111111113,2.168404344971009e-19,0,0,0,0,0,0,0,0,0,0,0,0,0,0,0,-0.022222222222222223,0,8.673617379884035e-19,0.022222222222222223,2.168404344971009e-19,0,0,0,0,0,0,0,0,0,0,0,0,0,0,0
0,0,0,0,0,0,0,0,0,0,0,0,-87847.2222222223,-20833.33333333333,1.3888843402777779e+10,62499.99999999998,-87847.22222222244,20833.333333333354,1.3888843402777779e+10,-62500.0000000001,0,0,0,0,0,0,0,0,0,0,0,0,0,0,0,0,0,0,0,0,0,0,0,0,0,0,0,0,0,0,0,0,8.913048077374697e-11,-83333.33333333331,0,0,5.555590694444441e+10,1.382431946694851e-10,3.2014213502407074e-10,83333.33333333333,-84722.22222222209,-1.4551915228366852e-11,0,0,0,0,0,0,0,0,0,0,0,0,0,0,0,0,0,0,0,0,0,0,0,0,0,0,0,0,0,0,0.00694444444444444,0.006944444444444433,0.006944444444444434,0.006944444444444451,0,0,0,0,0,0,0,0,0,0,0,0,0,0,0,0,-0.02777777777777778,0,-0.02777777777777776,-0.027777777777777755,-0.02777777777777778,0,0,0,0,0,0,0,0,0,0,0,0
0,0,0,0,0,0,0,0,0,0,0,0,-20833.333333333336,-128472.22222222223,20833.333333333296,-204861.11111111112,20833.333333333358,-128472.22222222229,-20833.33333333343,-204861.11111111124,0,0,0,0,0,0,0,0,0,0,0,0,0,0,0,0,0,0,0,0,0,0,0,0,0,0,0,0,0,0,0,0,-83333.3333333333,7.275957614183426e-11,0,0,1.382431946694851e-10,513888.88888888893,83333.33333333331,1.1641532182693481e-10,-1.4551915228366852e-11,152777.7777777778,0,0,0,0,0,0,0,0,0,0,0,0,0,0,0,0,0,0,0,0,0,0,0,0,0,0,0,0,0,0,8.673617379884035e-19,-0.011111111111111113,-8.673617379884035e-19,0.011111111111111115,0,0,0,0,0,0,0,0,0,0,0,0,0,0,0,0,-0.022222222222222223,0,0,0.022222222222222223,0,0,0,0,0,0,0,0,0,0,0,0,0
0,0,0,0,0,0,0,0,0,0,0,0,-184722.2222222223,-20833.33333333334,-184722.22222222228,20833.33333333333,-672222.222222223,-5.4569682106375694e-11,-672222.2222222228,1.4551915228366852e-11,-184722.22222222234,20833.333333333332,-184722.22222222248,-20833.333333333383,0,0,0,0,0,0,0,0,0,0,0,0,0,0,0,0,0,0,0,0,0,0,0,0,0,0,0,0,302777.777777778,9.094947017729282e-12,0,0,3.2014213502407074e-10,83333.33333333331,1477777.7777777785,1.6370904631912708e-11,3.4924596548080444e-10,-83333.33333333328,-3.410605131648481e-11,-83333.33333333327,302777.777777778,-2.9103830456733704e-11,2.546585164964199e-10,83333.33333333333,0,0,0,0,0,0,0,0,0,0,0,0,0,0,0,0,0,0,0,0,0,0,0,0,-2.6020852139652106e-18,5.204170427930421e-18,-0.027777777777777804,0.027777777777777797,4.336808689942018e-19,-4.7704895589362195e-18,0,0,0,0,0,0,0,0,0,0,0,0,0,0,-3.469446951953614e-18,0,0.027777777777777766,1.3010426069826053e-17,-0.02777777777777777,0.02777777777777781,2.0816681711721685e-17,-0.02777777777777778,0,0,0,0,0,0,0,0,0
0,0,0,0,0,0,0,0,0,0,0,0,-20833.333333333332,-97222.22222222222,20833.333333333332,-97222.22222222226,-5.820766091346741e-11,-222222.22222222254,2.9103830456733704e-11,-222222.22222222248,20833.33333333333,-97222.22222222234,-20833.33333333338,-97222.22222222236,0,0,0,0,0,0,0,0,0,0,0,0,0,0,0,0,0,0,0,0,0,0,0,0,0,0,0,0,7.275957614183426e-12,27777.77777777794,0,0,83333.33333333334,1.1641532182693481e-10,1.6370904631912708e-11,777777.7777777778,-83333.3333333333,7.275957614183426e-11,-83333.33333333328,8.731149137020111e-11,-2.7284841053187847e-11,27777.777777777923,83333.33333333336,2.255546860396862e-10,0,0,0,0,0,0,0,0,0,0,0,0,0,0,0,0,0,0,0,0,0,0,0,0,0.005555555555555551,0.00555555555555555,0,0,-0.005555555555555551,-0.0055555555555555506,0,0,0,0,0,0,0,0,0,0,0,0,0,0,-0.022222222222222213,0,-0.022222222222222213,-3.469446951953614e-18,-0.022222222222222213,0.022222222222222213,0.022222222222222213,0.022222222222222213,0,0,0,0,0,0,0,0,0
0,0,0,0,0,0,0,0,0,0,0,0,1.3888843402777779e+10,-62499.999999999956,-87847.22222222225,20833.333333333365,1.3888843402777779e+10,62500.00000000017,-87847.22222222235,-20833.33333333334,0,0,0,0,0,0,0,0,0,0,0,0,0,0,0,0,0,0,0,0,0,0,0,0,0,0,0,0,0,0,0,0,-6.548361852765083e-11,83333.33333333328,0,0,-84722.22222222209,-1.0913936421275139e-11,3.4924596548080444e-10,-83333.33333333331,5.555590694444441e+10,-2.0190782379359007e-10,0,0,0,0,0,0,0,0,0,0,0,0,0,0,0,0,0,0,0,0,0,0,0,0,0,0,0,0,0,0,-0.006944444444444425,-0.006944444444444439,-0.006944444444444451,-0.00694444444444443,0,0,0,0,0,0,0,0,0,0,0,0,0,0,0,0,0.027777777777777776,0,0.027777777777777766,0.027777777777777738,0.02777777777777775,0,0,0,0,0,0,0,0,0,0,0,0
0,0,0,0,0,0,0,0,0,0,0,0,-20833.333333333278,-204861.11111111098,20833.333333333365,-128472.22222222222,20833.333333333485,-204861.11111111118,-20833.333333333336,-128472.22222222226,0,0,0,0,0,0,0,0,0,0,0,0,0,0,0,0,0,0,0,0,0,0,0,0,0,0,0,0,0,0,0,0,83333.33333333327,2.9103830456733704e-11,0,0,-1.4551915228366852e-11,152777.7777777778,-83333.3333333333,7.275957614183426e-11,-2.0190782379359007e-10,513888.88888888876,0,0,0,0,0,0,0,0,0,0,0,0,0,0,0,0,0,0,0,0,0,0,0,0,0,0,0,0,0,0,-0.011111111111111113,-4.336808689942018e-19,0.011111111111111115,6.505213034913027e-19,0,0,0,0,0,0,0,0,0,0,0,0,0,0,0,0,-0.022222222222222223,0,0,0.022222222222222223,3.686287386450715e-18,0,0,0,0,0,0,0,0,0,0,0,0
0,0,0,0,0,0,0,0,0,0,0,0,0,0,0,0,-87847.22222222232,-20833.333333333372,1.388884340277782e+10,62499.99999999995,-87847.22222222216,20833.333333333296,1.3888843402777733e+10,-62500.000000000175,0,0,0,0,0,0,0,0,0,0,0,0,0,0,0,0,0,0,0,0,0,0,0,0,0,0,0,0,0,0,0,0,0,0,-3.888089850079268e-11,-83333.33333333328,0,0,5.555590694444441e+10,2.1827872842550278e-10,2.9103830456733704e-10,83333.33333333331,-84722.22222222213,8.003553375601768e-11,0,0,0,0,0,0,0,0,0,0,0,0,0,0,0,0,0,0,0,0,0,0,0,0,0,0,0.006944444444444432,0.006944444444444425,0.006944444444444435,0.00694444444444445,0,0,0,0,0,0,0,0,0,0,0,0,0,0,0,0,0,-0.027777777777777783,0,-0.027777777777777752,-0.027777777777777728,-0.027777777777777762,0,0,0,0,0,0,0,0,0
0,0,0,0,0,0,0,0,0,0,0,0,0,0,0,0,-20833.33333333337,-128472.22222222223,20833.333333333263,-204861.11111111095,20833.333333333307,-128472.22222222219,-20833.33333333349,-204861.11111111118,0,0,0,0,0,0,0,0,0,0,0,0,0,0,0,0,0,0,0,0,0,0,0,0,0,0,0,0,0,0,0,0,0,0,-83333.33333333326,9.458744898438454e-11,0,0,2.1827872842550278e-10,513888.88888888876,83333.33333333327,4.3655745685100555e-11,7.09405867382884e-11,152777.7777777778,0,0,0,0,0,0,0,0,0,0,0,0,0,0,0,0,0,0,0,0,0,0,0,0,0,0,8.673617379884035e-19,-0.011111111111111113,0,0.011111111111111115,0,0,0,0,0,0,0,0,0,0,0,0,0,0,0,0,0,-0.022222222222222223,0,0,0.022222222222222223,0,0,0,0,0,0,0,0,0,0
0,0,0,0,0,0,0,0,0,0,0,0,0,0,0,0,-184722.2222222223,-20833.333333333332,-184722.22222222225,20833.33333333335,-672222.2222222227,-1.4551915228366852e-11,-672222.2222222228,2.1827872842550278e-11,-184722.22222222242,20833.33333333333,-184722.22222222263,-20833.33333333341,0,0,0,0,0,0,0,0,0,0,0,0,0,0,0,0,0,0,0,0,0,0,0,0,0,0,0,0,0,0,302777.777777778,-2.7284841053187847e-11,0,0,2.9103830456733704e-10,83333.33333333326,1477777.7777777785,8.731149137020111e-11,-1.4551915228366852e-11,-83333.33333333333,6.248228601180017e-10,-83333.33333333323,302777.7777777782,-7.275957614183426e-12,-2.764863893389702e-10,83333.33333333333,0,0,0,0,0,0,0,0,0,0,0,0,0,0,0,0,0,0,0,0,-7.806255641895632e-18,8.673617379884035e-18,-0.02777777777777779,0.027777777777777804,2.2551405187698492e-17,2.0166160408230382e-17,0,0,0,0,0,0,0,0,0,0,0,0,0,0,0,-1.734723475976807e-18,0,0.027777777777777762,-6.808789643208968e-17,-0.027777777777777766,0.027777777777777755,-2.6020852139652106e-17,-0.027777777777777863,0,0,0,0,0,0
0,0,0,0,0,0,0,0,0,0,0,0,0,0,0,0,-20833.333333333336,-97222.2222222222,20833.333333333347,-97222.22222222219,-7.275957614183426e-12,-222222.2222222225,1.4551915228366852e-11,-222222.22222222245,20833.333333333343,-97222.22222222229,-20833.33333333341,-97222.22222222251,0,0,0,0,0,0,0,0,0,0,0,0,0,0,0,0,0,0,0,0,0,0,0,0,0,0,0,0,0,0,-3.637978807091713e-11,27777.77777777793,0,0,83333.33333333328,1.4551915228366852e-11,8.731149137020111e-11,777777.7777777779,-83333.33333333333,-1.4551915228366852e-10,-83333.33333333326,3.8562575355172157e-10,-1.8189894035458565e-11,27777.77777777803,83333.33333333336,7.275957614183426e-12,0,0,0,0,0,0,0,0,0,0,0,0,0,0,0,0,0,0,0,0,0.005555555555555551,0.00555555555555555,0,8.673617379884035e-19,-0.005555555555555551,-0.00555555555555555,0,0,0,0,0,0,0,0,0,0,0,0,0,0,0,-0.022222222222222213,0,-0.022222222222222213,0,-0.022222222222222213,0.022222222222222213,0.022222222222222213,0.022222222222222213,0,0,0,0,0,0
0,0,0,0,0,0,0,0,0,0,0,0,0,0,0,0,1.388884340277782e+10,-62500.000000000065,-87847.22222222234,20833.333333333314,1.3888843402777733e+10,62499.99999999998,-87847.22222222236,-20833.333333333387,0,0,0,0,0,0,0,0,0,0,0,0,0,0,0,0,0,0,0,0,0,0,0,0,0,0,0,0,0,0,0,0,0,0,2.473825588822365e-10,83333.33333333336,0,0,-84722.22222222212,7.821654435247183e-11,-1.4551915228366852e-11,-83333.33333333333,5.555590694444441e+10,8.003553375601768e-11,0,0,0,0,0,0,0,0,0,0,0,0,0,0,0,0,0,0,0,0,0,0,0,0,0,0,-0.0069444444444444415,-0.006944444444444439,-0.006944444444444444,-0.006944444444444441,0,0,0,0,0,0,0,0,0,0,0,0,0,0,0,0,0,0.027777777777777783,0,0.027777777777777783,0.027777777777777776,0.02777777777777777,0,0,0,0,0,0,0,0,0
0,0,0,0,0,0,0,0,0,0,0,0,0,0,0,0,-20833.333333333394,-204861.11111111107,20833.33333333331,-128472.22222222226,20833.3333333333,-204861.11111111124,-20833.333333333383,-128472.22222222226,0,0,0,0,0,0,0,0,0,0,0,0,0,0,0,0,0,0,0,0,0,0,0,0,0,0,0,0,0,0,0,0,0,0,83333.33333333334,2.255546860396862e-10,0,0,8.731149137020111e-11,152777.7777777778,-83333.33333333333,-1.4551915228366852e-10,1.0913936421275139e-10,513888.888888889,0,0,0,0,0,0,0,0,0,0,0,0,0,0,0,0,0,0,0,0,0,0,0,0,0,0,-0.011111111111111115,-4.336808689942018e-19,0.011111111111111115,-6.505213034913027e-19,0,0,0,0,0,0,0,0,0,0,0,0,0,0,0,0,0,-0.02222222222222222,0,1.734723475976807e-18,0.022222222222222223,3.686287386450715e-18,0,0,0,0,0,0,0,0,0
0,0,0,0,0,0,0,0,0,0,0,0,0,0,0,0,0,0,0,0,-87847.22222222252,-20833.333333333365,1.3888843402777786e+10,62500.00000000001,-87847.22222222251,20833.333333333332,1.3888843402777744e+10,-62500.00000000019,0,0,0,0,0,0,0,0,0,0,0,0,0,0,0,0,0,0,0,0,0,0,0,0,0,0,0,0,0,0,0,0,0,0,0,0,6.218670023372397e-10,-83333.33333333324,0,0,5.555590694444437e+10,2.1100277081131935e-10,9.313225746154785e-10,83333.33333333321,-84722.2222222221,3.637978807091713e-11,0,0,0,0,0,0,0,0,0,0,0,0,0,0,0,0,0,0,0,0,0,0,0.006944444444444422,0.006944444444444429,0.006944444444444422,0.006944444444444455,0,0,0,0,0,0,0,0,0,0,0,0,0,0,0,0,0,0,-0.027777777777777773,0,-0.0277777777777777,-0.027777777777777714,-0.027777777777777783,0,0,0,0,0,0
0,0,0,0,0,0,0,0,0,0,0,0,0,0,0,0,0,0,0,0,-20833.333333333376,-128472.2222222223,20833.33333333331,-204861.11111111133,20833.33333333333,-128472.22222222229,-20833.33333333351,-204861.11111111156,0,0,0,0,0,0,0,0,0,0,0,0,0,0,0,0,0,0,0,0,0,0,0,0,0,0,0,0,0,0,0,0,0,0,0,0,-83333.33333333323,3.710738383233547e-10,0,0,2.1100277081131935e-10,513888.8888888891,83333.33333333321,2.1827872842550278e-10,3.2741809263825417e-11,152777.77777777775,0,0,0,0,0,0,0,0,0,0,0,0,0,0,0,0,0,0,0,0,0,0,0,-0.011111111111111113,-8.673617379884035e-19,0.011111111111111113,0,0,0,0,0,0,0,0,0,0,0,0,0,0,0,0,0,0,-0.022222222222222223,0,0,0.02222222222222222,-1.734723475976807e-18,0,0,0,0,0,0
0,0,0,0,0,0,0,0,0,0,0,0,0,0,0,0,0,0,0,0,-184722.2222222223,-20833.33333333331,-184722.22222222248,20833.33333333337,-672222.2222222233,-7.275957614183426e-12,-672222.222222223,1.382431946694851e-10,-184722.2222222223,20833.33333333332,-184722.22222222213,-20833.333333333267,0,0,0,0,0,0,0,0,0,0,0,0,0,0,0,0,0,0,0,0,0,0,0,0,0,0,0,0,0,0,0,0,302777.77777777816,-1.4551915228366852e-11,0,0,9.022187441587448e-10,83333.33333333321,1477777.7777777794,5.4569682106375694e-12,-3.2014213502407074e-10,-83333.33333333334,-3.7994141166564077e-10,-83333.33333333346,302777.7777777781,3.637978807091713e-11,-3.637978807091713e-10,83333.33333333331,0,0,0,0,0,0,0,0,0,0,0,0,0,0,0,0,1.6479873021779667e-17,3.469446951953614e-17,-0.027777777777777804,0.027777777777777835,1.3444106938820255e-17,-1.3660947373317356e-17,0,0,0,0,0,0,0,0,0,0,0,0,0,0,0,0,-4.336808689942018e-17,0,0.027777777777777693,-9.8879238130678e-17,-0.027777777777777842,0.02777777777777782,-2.42861286636753e-17,-0.027777777777777846,0,0,0
0,0,0,0,0,0,0,0,0,0,0,0,0,0,0,0,0,0,0,0,-20833.333333333303,-97222.22222222212,20833.33333333337,-97222.2222222223,7.275957614183426e-12,-222222.22222222277,1.4551915228366852e-10,-222222.22222222254,20833.333333333336,-97222.22222222229,-20833.333333333267,-97222.2222222223,0,0,0,0,0,0,0,0,0,0,0,0,0,0,0,0,0,0,0,0,0,0,0,0,0,0,0,0,0,0,0,0,-2.1827872842550278e-11,27777.777777778032,0,0,83333.33333333321,2.1827872842550278e-10,2.000888343900442e-11,777777.7777777782,-83333.33333333337,-2.7284841053187847e-10,-83333.33333333346,8.731149137020111e-11,2.3646862246096134e-11,27777.777777778072,83333.33333333334,3.637978807091713e-11,0,0,0,0,0,0,0,0,0,0,0,0,0,0,0,0,0.005555555555555551,0.0055555555555555506,0,8.673617379884035e-19,-0.005555555555555551,-0.00555555555555555,0,0,0,0,0,0,0,0,0,0,0,0,0,0,0,0,-0.022222222222222213,0,-0.022222222222222213,0,-0.022222222222222213,0.022222222222222213,0.022222222222222213,0.022222222222222213,0,0,0
0,0,0,0,0,0,0,0,0,0,0,0,0,0,0,0,0,0,0,0,1.3888843402777786e+10,-62499.99999999999,-87847.22222222219,20833.33333333334,1.3888843402777744e+10,62500.000000000065,-87847.22222222223,-20833.333333333372,0,0,0,0,0,0,0,0,0,0,0,0,0,0,0,0,0,0,0,0,0,0,0,0,0,0,0,0,0,0,0,0,0,0,0,0,-2.764863893389702e-10,83333.33333333336,0,0,-84722.2222222221,4.001776687800884e-11,-2.9103830456733704e-10,-83333.33333333337,5.555590694444437e+10,-4.9112713895738125e-11,0,0,0,0,0,0,0,0,0,0,0,0,0,0,0,0,0,0,0,0,0,0,-0.006944444444444432,-0.0069444444444444475,-0.0069444444444444475,-0.006944444444444446,0,0,0,0,0,0,0,0,0,0,0,0,0,0,0,0,0,0,0.027777777777777804,0,0.02777777777777777,0.02777777777777777,0.027777777777777804,0,0,0,0,0,0
0,0,0,0,0,0,0,0,0,0,0,0,0,0,0,0,0,0,0,0,-20833.33333333332,-204861.1111111106,20833.333333333336,-128472.22222222219,20833.33333333338,-204861.11111111086,-20833.333333333376,-128472.22222222219,0,0,0,0,0,0,0,0,0,0,0,0,0,0,0,0,0,0,0,0,0,0,0,0,0,0,0,0,0,0,0,0,0,0,0,0,83333.33333333333,2.1827872842550278e-11,0,0,3.637978807091713e-11,152777.77777777775,-83333.33333333334,-2.6921043172478676e-10,-6.366462912410498e-11,513888.88888888835,0,0,0,0,0,0,0,0,0,0,0,0,0,0,0,0,0,0,0,0,0,0,-0.011111111111111115,8.673617379884035e-19,0.011111111111111115,2.168404344971009e-19,0,0,0,0,0,0,0,0,0,0,0,0,0,0,0,0,0,0,-0.022222222222222223,0,-8.673617379884035e-19,0.02222222222222222,-3.686287386450715e-18,0,0,0,0,0,0
0,0,0,0,0,0,0,0,0,0,0,0,0,0,0,0,0,0,0,0,0,0,0,0,-87847.2222222221,-20833.333333333274,1.388884340277782e+10,62499.99999999995,-87847.22222222197,20833.33333333331,1.3888843402777733e+10,-62499.99999999987,0,0,0,0,0,0,0,0,0,0,0,0,0,0,0,0,0,0,0,0,0,0,0,0,0,0,0,0,0,0,0,0,0,0,0,0,0,0,-3.7903191696386784e-10,-83333.33333333346,0,0,5.555590694444441e+10,-8.003553375601768e-11,-6.402842700481415e-10,83333.33333333349,-84722.22222222283,-3.637978807091713e-11,0,0,0,0,0,0,0,0,0,0,0,0,0,0,0,0,0,0,0.006944444444444464,0.006944444444444449,0.006944444444444469,0.006944444444444456,0,0,0,0,0,0,0,0,0,0,0,0,0,0,0,0,0,0,0,-0.027777777777777863,0,-0.02777777777777788,-0.02777777777777784,-0.027777777777777825,0,0,0
0,0,0,0,0,0,0,0,0,0,0,0,0,0,0,0,0,0,0,0,0,0,0,0,-20833.33333333327,-128472.22222222206,20833.333333333274,-204861.11111111063,20833.333333333307,-128472.22222222197,-20833.333333333198,-204861.111111111,0,0,0,0,0,0,0,0,0,0,0,0,0,0,0,0,0,0,0,0,0,0,0,0,0,0,0,0,0,0,0,0,0,0,0,0,0,0,-83333.33333333346,8.731149137020111e-11,0,0,-8.003553375601768e-11,513888.88888888876,83333.33333333346,-5.093170329928398e-10,-4.18367562815547e-11,152777.7777777773,0,0,0,0,0,0,0,0,0,0,0,0,0,0,0,0,0,0,8.673617379884035e-19,-0.011111111111111115,0,0.011111111111111113,0,0,0,0,0,0,0,0,0,0,0,0,0,0,0,0,0,0,0,-0.022222222222222223,0,0,0.02222222222222222,-8.673617379884035e-19,0,0,0
0,0,0,0,0,0,0,0,0,0,0,0,0,0,0,0,0,0,0,0,0,0,0,0,-184722.2222222222,-20833.333333333325,-184722.2222222221,20833.333333333263,-672222.222222223,-7.639755494892597e-11,-672222.2222222218,-1.8189894035458565e-11,-184722.22222222167,20833.333333333245,-184722.22222222193,-20833.333333333292,0,0,0,0,0,0,0,0,0,0,0,0,0,0,0,0,0,0,0,0,0,0,0,0,0,0,0,0,0,0,0,0,0,0,302777.77777777804,2.3646862246096134e-11,0,0,-6.402842700481415e-10,83333.33333333347,1477777.7777777796,1.8189894035458565e-11,-4.802132025361061e-10,-83333.33333333333,-3.4492586564738303e-10,-83333.33333333343,302777.77777777734,-4.3655745685100555e-11,-9.167706593871117e-10,83333.33333333349,0,0,0,0,0,0,0,0,0,0,0,0,8.673617379884035e-19,1.0408340855860843e-17,-0.027777777777777818,0.027777777777777832,3.8163916471489756e-17,-4.336808689942018e-19,0,0,0,0,0,0,0,0,0,0,0,0,0,0,0,0,0,-1.214306433183765e-17,0,0.027777777777777783,-9.280770596475918e-17,-0.027777777777777814,0.02777777777777775,-1.5612511283791264e-17,-0.02777777777777784
0,0,0,0,0,0,0,0,0,0,0,0,0,0,0,0,0,0,0,0,0,0,0,0,-20833.33333333333,-97222.22222222207,20833.333333333263,-97222.22222222206,-6.548361852765083e-11,-222222.22222222263,-2.9103830456733704e-11,-222222.22222222202,20833.33333333324,-97222.2222222221,-20833.33333333329,-97222.22222222223,0,0,0,0,0,0,0,0,0,0,0,0,0,0,0,0,0,0,0,0,0,0,0,0,0,0,0,0,0,0,0,0,0,0,2.9103830456733704e-11,27777.77777777808,0,0,83333.33333333349,-5.093170329928398e-10,1.8189894035458565e-11,777777.7777777783,-83333.33333333333,-3.7471181713044643e-10,-83333.33333333343,0,-3.637978807091713e-11,27777.777777777635,83333.33333333349,-8.731149137020111e-11,0,0,0,0,0,0,0,0,0,0,0,0,0.005555555555555551,0.005555555555555551,0,0,-0.005555555555555551,-0.0055555555555555506,0,0,0,0,0,0,0,0,0,0,0,0,0,0,0,0,0,-0.022222222222222213,0,-0.022222222222222213,0,-0.022222222222222213,0.022222222222222213,0.022222222222222213,0.022222222222222213
0,0,0,0,0,0,0,0,0,0,0,0,0,0,0,0,0,0,0,0,0,0,0,0,1.388884340277782e+10,-62499.99999999995,-87847.22222222202,20833.33333333331,1.3888843402777733e+10,62500.000000000015,-87847.22222222174,-20833.33333333328,0,0,0,0,0,0,0,0,0,0,0,0,0,0,0,0,0,0,0,0,0,0,0,0,0,0,0,0,0,0,0,0,0,0,0,0,0,0,-3.637978807091713e-10,83333.33333333334,0,0,-84722.22222222283,-4.3655745685100555e-11,-4.656612873077393e-10,-83333.33333333333,5.555590694444441e+10,-8.003553375601768e-11,0,0,0,0,0,0,0,0,0,0,0,0,0,0,0,0,0,0,-0.006944444444444439,-0.006944444444444448,-0.006944444444444449,-0.006944444444444462,0,0,0,0,0,0,0,0,0,0,0,0,0,0,0,0,0,0,0,0.02777777777777784,0,0.027777777777777783,0.027777777777777783,0.027777777777777835,0,0,0
0,0,0,0,0,0,0,0,0,0,0,0,0,0,0,0,0,0,0,0,0,0,0,0,-20833.33333333327,-204861.11111111048,20833.333333333314,-128472.22222222199,20833.333333333336,-204861.11111111075,-20833.333333333278,-128472.2222222219,0,0,0,0,0,0,0,0,0,0,0,0,0,0,0,0,0,0,0,0,0,0,0,0,0,0,0,0,0,0,0,0,0,0,0,0,0,0,83333.33333333331,2.9103830456733704e-11,0,0,-4.3655745685100555e-11,152777.7777777773,-83333.33333333333,-3.8198777474462986e-10,-8.003553375601768e-11,513888.88888888835,0,0,0,0,0,0,0,0,0,0,0,0,0,0,0,0,0,0,-0.011111111111111115,0,0.011111111111111113,6.505213034913027e-19,0,0,0,0,0,0,0,0,0,0,0,0,0,0,0,0,0,0,0,-0.022222222222222223,0,-1.734723475976807e-18,0.02222222222222222,-3.469446951953614e-18,0,0,0
0,0,0,0,0,0,0,0,0,0,0,0,0,0,0,0,0,0,0,0,0,0,0,0,0,0,0,0,-87847.22222222206,-20833.3333333333,1.3888843402777847e+10,62499.99999999987,-87847.22222222168,20833.333333333234,1.388884340277776e+10,-62499.99999999995,0,0,0,0,0,0,0,0,0,0,0,0,0,0,0,0,0,0,0,0,0,0,0,0,0,0,0,0,0,0,0,0,0,0,0,0,0,0,0,0,-3.4788172342814505e-10,-83333.33333333343,0,0,5.555590694444451e+10,7.275957614183426e-11,-4.94765117764473e-10,83333.33333333344,-84722.22222222268,7.275957614183426e-11,0,0,0,0,0,0,0,0,0,0,0,0,0,0,0.006944444444444442,0.006944444444444437,0.006944444444444463,0.006944444444444444,0,0,0,0,0,0,0,0,0,0,0,0,0,0,0,0,0,0,0,0,-0.027777777777777825,0,-0.027777777777777825,-0.02777777777777777,-0.027777777777777773
0,0,0,0,0,0,0,0,0,0,0,0,0,0,0,0,0,0,0,0,0,0,0,0,0,0,0,0,-20833.333333333292,-128472.22222222213,20833.33333333319,-204861.11111111115,20833.33333333324,-128472.22222222204,-20833.333333333267,-204861.11111111136,0,0,0,0,0,0,0,0,0,0,0,0,0,0,0,0,0,0,0,0,0,0,0,0,0,0,0,0,0,0,0,0,0,0,0,0,0,0,0,0,-83333.33333333343,1.4551915228366852e-11,0,0,7.275957614183426e-11,513888.8888888895,83333.33333333343,-3.4924596548080444e-10,7.09405867382884e-11,152777.77777777764,0,0,0,0,0,0,0,0,0,0,0,0,0,0,0,-0.011111111111111113,-1.734723475976807e-18,0.011111111111111115,0,0,0,0,0,0,0,0,0,0,0,0,0,0,0,0,0,0,0,0,-0.022222222222222223,0,0,0.022222222222222223,1.734723475976807e-18
0,0,0,0,0,0,0,0,0,0,0,0,0,0,0,0,0,0,0,0,0,0,0,0,0,0,0,0,-184722.22222222175,-20833.333333333274,-184722.22222222172,20833.333333333285,-336111.1111111104,20833.333333333434,-336111.11111111054,-20833.3333333334,0,0,0,0,0,0,0,0,0,0,0,0,0,0,0,0,0,0,0,0,0,0,0,0,0,0,0,0,0,0,0,0,0,0,0,0,0,0,0,0,302777.77777777734,-3.8198777474462986e-11,0,0,-4.94765117764473e-10,83333.33333333343,738888.8888888892,5.820766091346741e-11,-1.4260876923799515e-9,-83333.33333333349,0,0,0,0,0,0,0,0,0,0,0,0,0,0,9.540979117872439e-18,1.3877787807814457e-17,-0.013888888888888878,0.013888888888888895,0,0,0,0,0,0,0,0,0,0,0,0,0,0,0,0,0,0,0,0,-3.8163916471489756e-17,0,0.027777777777777717,-4.85722573273506e-17,-0.02777777777777781
0,0,0,0,0,0,0,0,0,0,0,0,0,0,0,0,0,0,0,0,0,0,0,0,0,0,0,0,-20833.333333333274,-97222.22222222188,20833.333333333285,-97222.222222222,62500.00000000012,1.1111e+10,-62500.00000000009,1.1110999999999998e+10,0,0,0,0,0,0,0,0,0,0,0,0,0,0,0,0,0,0,0,0,0,0,0,0,0,0,0,0,0,0,0,0,0,0,0,0,0,0,0,0,-3.637978807091713e-11,27777.777777777635,0,0,83333.33333333344,-3.4924596548080444e-10,5.820766091346741e-11,4.444483333333331e+10,-83333.33333333352,-8.11269273981452e-10,0,0,0,0,0,0,0,0,0,0,0,0,0,0,0.005555555555555551,0.00555555555555555,0.00555555555555555,0.005555555555555551,0,0,0,0,0,0,0,0,0,0,0,0,0,0,0,0,0,0,0,0,-0.022222222222222213,0,-0.022222222222222213,-0.022222222222222213,-0.02222222222222222
0,0,0,0,0,0,0,0,0,0,0,0,0,0,0,0,0,0,0,0,0,0,0,0,0,0,0,0,1.3888843402777847e+10,-62499.999999999985,-87847.2222222217,20833.33333333323,1.388884340277776e+10,62499.99999999978,-87847.2222222216,-20833.333333333303,0,0,0,0,0,0,0,0,0,0,0,0,0,0,0,0,0,0,0,0,0,0,0,0,0,0,0,0,0,0,0,0,0,0,0,0,0,0,0,0,-8.87666828930378e-10,83333.33333333349,0,0,-84722.22222222268,7.275957614183426e-11,-1.3969838619232178e-9,-83333.33333333349,5.555590694444451e+10,2.1464074961841106e-10,0,0,0,0,0,0,0,0,0,0,0,0,0,0,-0.006944444444444437,-0.006944444444444465,-0.006944444444444435,-0.00694444444444447,0,0,0,0,0,0,0,0,0,0,0,0,0,0,0,0,0,0,0,0,0.02777777777777782,0,0.02777777777777776,0.027777777777777818,0.027777777777777884
0,0,0,0,0,0,0,0,0,0,0,0,0,0,0,0,0,0,0,0,0,0,0,0,0,0,0,0,-20833.333333333307,-204861.11111111057,20833.33333333323,-128472.22222222203,20833.33333333309,-204861.11111111098,-20833.333333333314,-128472.22222222194,0,0,0,0,0,0,0,0,0,0,0,0,0,0,0,0,0,0,0,0,0,0,0,0,0,0,0,0,0,0,0,0,0,0,0,0,0,0,0,0,83333.33333333347,-1.0913936421275139e-10,0,0,8.003553375601768e-11,152777.7777777776,-83333.33333333347,-8.185452315956354e-10,2.1464074961841106e-10,513888.88888888893,0,0,0,0,0,0,0,0,0,0,0,0,0,0,-0.011111111111111115,0,0.011111111111111115,2.168404344971009e-19,0,0,0,0,0,0,0,0,0,0,0,0,0,0,0,0,0,0,0,0,-0.022222222222222223,0,-8.673617379884035e-19,0.022222222222222223,-2.168404344971009e-19
-0.006944444444444449,-0.005555555555555558,-0.0069444444444444475,0.00277777777777778,0.0034722222222222194,-0.005555555555555555,-0.003472222222222223,-0.0027777777777777775,0,0,0,0,0,0,0,0,0,0,0,0,0,0,0,0,0,0,0,0,0,0,0,0,0,0,0,0,0.013888888888888895,0.00555555555555555,-0.006944444444444436,0,1.734723475976807e-18,-0.00555555555555555,0.006944444444444437,0.011111111111111115,0,0,0,0,0,0,0,0,0,0,0,0,0,0,0,0,0,0,0,0,0,0,0,0,0,0,0,0,0,0,0,0,0,0,0,0,0,0,0,0,0,0,2.020799418901811e+11,-1.0103997094509052e+11,8.16391751580524e-8,9.787153734834743e-8,0,0,0,0,0,0,0,0,0,0,0,0,0,0,2.0207994189018103e+11,-8.498117599298244e-8,-1.1076196814815686e-7,-9.83489709993692e-8,0,0,0,0,0,0,0,0,0,0,0,0,0,0,0,0,0,0,0,0,0
0.006944444444444447,0.0027777777777777788,0.006944444444444448,-0.005555555555555558,0.003472222222222222,-0.002777777777777778,-0.003472222222222222,-0.005555555555555556,0,0,0,0,0,0,0,0,0,0,0,0,0,0,0,0,0,0,0,0,0,0,0,0,0,0,0,0,-0.013888888888888897,0.0055555555555555506,-0.0069444444444444345,0.011111111111111113,-1.734723475976807e-18,-0.00555555555555555,0.006944444444444437,0,0,0,0,0,0,0,0,0,0,0,0,0,0,0,0,0,0,0,0,0,0,0,0,0,0,0,0,0,0,0,0,0,0,0,0,0,0,0,0,0,0,0,-1.0103997094509052e+11,2.0207994189018106e+11,9.787153734834743e-8,8.163917515805241e-8,0,0,0,0,0,0,0,0,0,0,0,0,0,0,2.02079941890181e+11,-9.83489709993692e-8,-1.1076196814815687e-7,-8.498117599298243e-8,0,0,0,0,0,0,0,0,0,0,0,0,0,0,0,0,0,0,0,0,0
0.003472222222222221,0.005555555555555557,-0.003472222222222223,0.0027777777777777788,-0.013888888888888895,0,-0.013888888888888897,4.336808689942018e-19,0.003472222222222223,-0.005555555555555556,-0.0034722222222222233,-0.0027777777777777783,0,0,0,0,0,0,0,0,0,0,0,0,0,0,0,0,0,0,0,0,0,0,0,0,1.3010426069826053e-18,0.005555555555555551,-0.006944444444444435,8.673617379884035e-19,0.02777777777777779,-1.734723475976807e-18,0.006944444444444439,-0.011111111111111115,-0.006944444444444438,-8.673617379884035e-19,-2.6020852139652106e-18,-0.005555555555555551,0.006944444444444435,0.011111111111111115,0,0,0,0,0,0,0,0,0,0,0,0,0,0,0,0,0,0,0,0,0,0,0,0,0,0,0,0,0,0,0,0,0,0,0,0,8.16391751580524e-8,9.787153734834743e-8,3.9148614939338966e-7,1.8905914247127927e-7,8.16391751580524e-8,9.787153734834744e-8,0,0,0,0,0,0,0,0,0,0,0,0,-1.1076196814815686e-7,-8.498117599298241e-8,-3.5138269492978504e-7,-9.834897099936922e-8,-8.498117599298241e-8,-1.1076196814815686e-7,-9.834897099936915e-8,0,0,0,0,0,0,0,0,0,0,0,0,0,0,0,0,0,0
0.003472222222222222,0.0027777777777777783,-0.0034722222222222216,0.005555555555555557,0.01388888888888889,8.673617379884035e-19,0.013888888888888895,0,0.0034722222222222238,-0.0027777777777777783,-0.003472222222222224,-0.005555555555555556,0,0,0,0,0,0,0,0,0,0,0,0,0,0,0,0,0,0,0,0,0,0,0,0,-4.336808689942018e-19,0.00555555555555555,-0.006944444444444441,-0.011111111111111115,-0.02777777777777779,0,0.006944444444444439,-2.168404344971009e-19,-0.006944444444444428,0.011111111111111113,-6.938893903907228e-18,-0.00555555555555555,0.006944444444444439,1.3010426069826053e-18,0,0,0,0,0,0,0,0,0,0,0,0,0,0,0,0,0,0,0,0,0,0,0,0,0,0,0,0,0,0,0,0,0,0,0,0,9.787153734834743e-8,8.163917515805241e-8,1.8905914247127927e-7,3.9148614939338976e-7,9.787153734834743e-8,8.163917515805241e-8,0,0,0,0,0,0,0,0,0,0,0,0,-1.107619681481569e-7,-9.834897099936923e-8,-3.5138269492978515e-7,-8.498117599298243e-8,-9.834897099936911e-8,-1.1076196814815689e-7,-8.498117599298243e-8,0,0,0,0,0,0,0,0,0,0,0,0,0,0,0,0,0,0
0,0,0,0,0.0034722222222222194,0.005555555555555557,-0.003472222222222225,0.0027777777777777783,-0.013888888888888899,-8.673617379884035e-19,-0.013888888888888899,8.673617379884035e-19,0.003472222222222221,-0.005555555555555554,-0.0034722222222222277,-0.0027777777777777783,0,0,0,0,0,0,0,0,0,0,0,0,0,0,0,0,0,0,0,0,0,0,0,0,6.5052130349130266e-18,0.005555555555555551,0,0,-0.006944444444444432,0,0.02777777777777779,-1.734723475976807e-18,0.006944444444444442,-0.011111111111111113,-0.006944444444444434,-8.673617379884035e-19,6.938893903907228e-18,-0.005555555555555551,0.006944444444444429,0.011111111111111115,0,0,0,0,0,0,0,0,0,0,0,0,0,0,0,0,0,0,0,0,0,0,0,0,0,0,0,0,0,0,0,0,8.16391751580524e-8,9.787153734834743e-8,3.9148614939338976e-7,1.8905914247127932e-7,8.163917515805242e-8,9.787153734834747e-8,0,0,0,0,0,0,0,0,0,0,0,0,-1.1076196814815689e-7,0,-8.498117599298244e-8,-3.513826949297852e-7,-9.83489709993692e-8,-8.498117599298244e-8,-1.1076196814815686e-7,-9.834897099936914e-8,0,0,0,0,0,0,0,0,0,0,0,0,0,0,0
0,0,0,0,0.003472222222222221,0.0027777777777777783,-0.003472222222222222,0.005555555555555556,0.013888888888888895,0,0.013888888888888897,0,0.003472222222222222,-0.0027777777777777788,-0.003472222222222227,-0.005555555555555556,0,0,0,0,0,0,0,0,0,0,0,0,0,0,0,0,0,0,0,0,0,0,0,0,4.336808689942018e-19,0.005555555555555549,0,0,-0.006944444444444446,-0.011111111111111113,-0.02777777777777779,0,0.00694444444444444,-1.0842021724855044e-18,-0.006944444444444425,0.011111111111111113,-3.469446951953614e-18,-0.00555555555555555,0.006944444444444439,4.336808689942018e-19,0,0,0,0,0,0,0,0,0,0,0,0,0,0,0,0,0,0,0,0,0,0,0,0,0,0,0,0,0,0,0,0,9.787153734834744e-8,8.163917515805241e-8,1.8905914247127932e-7,3.9148614939338987e-7,9.787153734834744e-8,8.163917515805244e-8,0,0,0,0,0,0,0,0,0,0,0,0,-1.1076196814815691e-7,0,-9.834897099936928e-8,-3.513826949297852e-7,-8.498117599298249e-8,-9.83489709993691e-8,-1.1076196814815687e-7,-8.498117599298248e-8,0,0,0,0,0,0,0,0,0,0,0,0,0,0,0
0,0,0,0,0,0,0,0,0.00347222222222222,0.005555555555555555,-0.0034722222222222246,0.0027777777777777783,-0.013888888888888897,8.673617379884035e-19,-0.013888888888888899,1.3010426069826053e-18,0.00347222222222223,-0.005555555555555556,-0.0034722222222222238,-0.0027777777777777775,0,0,0,0,0,0,0,0,0,0,0,0,0,0,0,0,0,0,0,0,0,0,0,0,0,0,2.6020852139652106e-18,0.005555555555555551,0,0,-0.00694444444444443,-8.673617379884035e-19,0.027777777777777783,8.673617379884035e-19,0.00694444444444445,-0.011111111111111113,-0.00694444444444444,-8.673617379884035e-19,2.6020852139652106e-18,-0.005555555555555551,0.006944444444444425,0.011111111111111113,0,0,0,0,0,0,0,0,0,0,0,0,0,0,0,0,0,0,0,0,0,0,0,0,0,0,0,0,8.163917515805242e-8,9.787153734834744e-8,3.914861493933898e-7,1.8905914247127932e-7,8.163917515805242e-8,9.787153734834745e-8,0,0,0,0,0,0,0,0,0,0,0,0,0,-1.1076196814815695e-7,0,-8.498117599298249e-8,-3.513826949297851e-7,-9.834897099936933e-8,-8.498117599298247e-8,-1.107619681481569e-7,-9.834897099936906e-8,0,0,0,0,0,0,0,0,0,0,0,0
0,0,0,0,0,0,0,0,0.0034722222222222246,0.0027777777777777783,-0.003472222222222221,0.005555555555555556,0.013888888888888895,-4.336808689942018e-19,0.013888888888888902,0,0.003472222222222228,-0.0027777777777777788,-0.003472222222222223,-0.005555555555555556,0,0,0,0,0,0,0,0,0,0,0,0,0,0,0,0,0,0,0,0,0,0,0,0,0,0,-2.168404344971009e-18,0.0055555555555555506,0,0,-0.006944444444444448,-0.011111111111111113,-0.027777777777777783,0,0.006944444444444432,-2.168404344971009e-19,-0.006944444444444433,0.011111111111111113,-5.204170427930421e-18,-0.00555555555555555,0.006944444444444439,4.336808689942018e-19,0,0,0,0,0,0,0,0,0,0,0,0,0,0,0,0,0,0,0,0,0,0,0,0,0,0,0,0,9.787153734834747e-8,8.163917515805244e-8,1.8905914247127932e-7,3.9148614939339003e-7,9.787153734834747e-8,8.163917515805244e-8,0,0,0,0,0,0,0,0,0,0,0,0,0,-1.1076196814815697e-7,0,-9.834897099936931e-8,-3.513826949297852e-7,-8.498117599298253e-8,-9.834897099936915e-8,-1.107619681481569e-7,-8.498117599298241e-8,0,0,0,0,0,0,0,0,0,0,0,0
0,0,0,0,0,0,0,0,0,0,0,0,0.0034722222222222225,0.005555555555555555,-0.0034722222222222233,0.0027777777777777788,-0.01388888888888891,0,-0.013888888888888905,8.673617379884035e-19,0.0034722222222222116,-0.005555555555555555,-0.00347222222222223,-0.0027777777777777775,0,0,0,0,0,0,0,0,0,0,0,0,0,0,0,0,0,0,0,0,0,0,0,0,0,0,0,0,-8.673617379884035e-19,0.00555555555555555,0,0,-0.006944444444444434,8.673617379884035e-19,0.027777777777777804,0,0.006944444444444451,-0.011111111111111115,-0.006944444444444432,-8.673617379884035e-19,7.806255641895632e-18,-0.005555555555555551,0.0069444444444444415,0.011111111111111115,0,0,0,0,0,0,0,0,0,0,0,0,0,0,0,0,0,0,0,0,0,0,0,0,8.163917515805242e-8,9.787153734834747e-8,3.9148614939339013e-7,1.890591424712794e-7,8.163917515805241e-8,9.787153734834751e-8,0,0,0,0,0,0,0,0,0,0,0,0,0,0,-1.1076196814815698e-7,0,-8.498117599298253e-8,-3.513826949297854e-7,-9.834897099936924e-8,-8.498117599298244e-8,-1.1076196814815689e-7,-9.834897099936912e-8,0,0,0,0,0,0,0,0,0
0,0,0,0,0,0,0,0,0,0,0,0,0.0034722222222222272,0.0027777777777777775,-0.0034722222222222177,0.005555555555555556,0.013888888888888909,-4.336808689942018e-19,0.013888888888888902,0,0.00347222222222222,-0.0027777777777777788,-0.0034722222222222272,-0.005555555555555556,0,0,0,0,0,0,0,0,0,0,0,0,0,0,0,0,0,0,0,0,0,0,0,0,0,0,0,0,-8.239936510889834e-18,0.00555555555555555,0,0,-0.006944444444444451,-0.011111111111111115,-0.027777777777777797,0,0.00694444444444443,-6.505213034913027e-19,-0.006944444444444425,0.011111111111111113,-8.673617379884035e-18,-0.00555555555555555,0.006944444444444439,4.336808689942018e-19,0,0,0,0,0,0,0,0,0,0,0,0,0,0,0,0,0,0,0,0,0,0,0,0,9.787153734834745e-8,8.163917515805244e-8,1.890591424712794e-7,3.9148614939338987e-7,9.787153734834741e-8,8.163917515805244e-8,0,0,0,0,0,0,0,0,0,0,0,0,0,0,-1.1076196814815698e-7,0,-9.834897099936928e-8,-3.513826949297853e-7,-8.498117599298249e-8,-9.834897099936902e-8,-1.1076196814815686e-7,-8.498117599298248e-8,0,0,0,0,0,0,0,0,0
0,0,0,0,0,0,0,0,0,0,0,0,0,0,0,0,0.0034722222222222272,0.005555555555555555,-0.003472222222222225,0.0027777777777777788,-0.013888888888888902,8.673617379884035e-19,-0.013888888888888902,4.336808689942018e-19,0.0034722222222222307,-0.005555555555555554,-0.003472222222222223,-0.0027777777777777775,0,0,0,0,0,0,0,0,0,0,0,0,0,0,0,0,0,0,0,0,0,0,0,0,0,0,0,0,0,0,-4.336808689942018e-19,0.005555555555555551,0,0,-0.006944444444444435,0,0.02777777777777779,0,0.006944444444444444,-0.011111111111111115,-0.006944444444444422,0,-1.6479873021779667e-17,-0.005555555555555551,0.006944444444444432,0.011111111111111115,0,0,0,0,0,0,0,0,0,0,0,0,0,0,0,0,0,0,0,0,8.163917515805241e-8,9.787153734834741e-8,3.9148614939338976e-7,1.8905914247127938e-7,8.163917515805236e-8,9.787153734834751e-8,0,0,0,0,0,0,0,0,0,0,0,0,0,0,0,-1.1076196814815693e-7,0,-8.498117599298237e-8,-3.5138269492978536e-7,-9.834897099936927e-8,-8.498117599298259e-8,-1.1076196814815685e-7,-9.834897099936877e-8,0,0,0,0,0,0
0,0,0,0,0,0,0,0,0,0,0,0,0,0,0,0,0.0034722222222222238,0.0027777777777777775,-0.0034722222222222272,0.005555555555555557,0.013888888888888902,0,0.013888888888888905,0,0.003472222222222232,-0.002777777777777778,-0.003472222222222213,-0.005555555555555555,0,0,0,0,0,0,0,0,0,0,0,0,0,0,0,0,0,0,0,0,0,0,0,0,0,0,0,0,0,0,4.7704895589362195e-18,0.0055555555555555506,0,0,-0.00694444444444445,-0.011111111111111115,-0.027777777777777804,-8.673617379884035e-19,0.006944444444444441,6.505213034913027e-19,-0.006944444444444429,0.011111111111111113,-3.469446951953614e-17,-0.0055555555555555506,0.0069444444444444475,-8.673617379884035e-19,0,0,0,0,0,0,0,0,0,0,0,0,0,0,0,0,0,0,0,0,9.787153734834751e-8,8.163917515805244e-8,1.8905914247127938e-7,3.9148614939339013e-7,9.787153734834747e-8,8.163917515805252e-8,0,0,0,0,0,0,0,0,0,0,0,0,0,0,0,-1.1076196814815702e-7,0,-9.834897099936926e-8,-3.513826949297853e-7,-8.498117599298249e-8,-9.83489709993693e-8,-1.1076196814815698e-7,-8.498117599298237e-8,0,0,0,0,0,0
0,0,0,0,0,0,0,0,0,0,0,0,0,0,0,0,0,0,0,0,0.003472222222222238,0.005555555555555555,-0.003472222222222221,0.0027777777777777783,-0.013888888888888909,0,-0.013888888888888899,-4.336808689942018e-19,0.0034722222222222238,-0.005555555555555554,-0.003472222222222214,-0.0027777777777777783,0,0,0,0,0,0,0,0,0,0,0,0,0,0,0,0,0,0,0,0,0,0,0,0,0,0,0,0,0,0,0,0,-2.2551405187698492e-17,0.005555555555555551,0,0,-0.006944444444444422,8.673617379884035e-19,0.027777777777777804,0,0.0069444444444444475,-0.011111111111111115,-0.006944444444444464,-8.673617379884035e-19,-8.673617379884035e-19,-0.005555555555555551,0.006944444444444439,0.011111111111111115,0,0,0,0,0,0,0,0,0,0,0,0,0,0,0,0,8.163917515805236e-8,9.787153734834747e-8,3.9148614939338976e-7,1.8905914247127935e-7,8.16391751580523e-8,9.787153734834732e-8,0,0,0,0,0,0,0,0,0,0,0,0,0,0,0,0,-1.1076196814815695e-7,0,-8.498117599298256e-8,-3.513826949297856e-7,-9.834897099936899e-8,-8.498117599298231e-8,-1.1076196814815681e-7,-9.83489709993687e-8,0,0,0
0,0,0,0,0,0,0,0,0,0,0,0,0,0,0,0,0,0,0,0,0.003472222222222233,0.0027777777777777783,-0.0034722222222222164,0.005555555555555557,0.013888888888888923,8.673617379884035e-19,0.013888888888888918,-8.673617379884035e-19,0.003472222222222229,-0.002777777777777778,-0.0034722222222222025,-0.005555555555555556,0,0,0,0,0,0,0,0,0,0,0,0,0,0,0,0,0,0,0,0,0,0,0,0,0,0,0,0,0,0,0,0,-2.0166160408230382e-17,0.00555555555555555,0,0,-0.006944444444444455,-0.011111111111111113,-0.027777777777777835,-8.673617379884035e-19,0.006944444444444446,-2.168404344971009e-19,-0.006944444444444449,0.011111111111111115,-1.0408340855860843e-17,-0.005555555555555551,0.006944444444444448,0,0,0,0,0,0,0,0,0,0,0,0,0,0,0,0,0,9.787153734834751e-8,8.163917515805252e-8,1.8905914247127935e-7,3.9148614939338987e-7,9.787153734834735e-8,8.163917515805227e-8,0,0,0,0,0,0,0,0,0,0,0,0,0,0,0,0,-1.1076196814815713e-7,0,-9.834897099936957e-8,-3.513826949297854e-7,-8.498117599298239e-8,-9.834897099936877e-8,-1.1076196814815674e-7,-8.498117599298223e-8,0,0,0
0,0,0,0,0,0,0,0,0,0,0,0,0,0,0,0,0,0,0,0,0,0,0,0,0.0034722222222222363,0.005555555555555555,-0.0034722222222222194,0.0027777777777777783,-0.013888888888888909,-8.673617379884035e-19,-0.01388888888888887,-4.336808689942018e-19,0.0034722222222222055,-0.005555555555555554,-0.0034722222222222134,-0.0027777777777777788,0,0,0,0,0,0,0,0,0,0,0,0,0,0,0,0,0,0,0,0,0,0,0,0,0,0,0,0,0,0,0,0,0,0,-1.3444106938820255e-17,0.005555555555555551,0,0,-0.006944444444444469,0,0.027777777777777818,0,0.006944444444444449,-0.011111111111111113,-0.006944444444444442,0,-9.540979117872439e-18,-0.005555555555555551,0.006944444444444437,0.011111111111111115,0,0,0,0,0,0,0,0,0,0,0,0,8.16391751580523e-8,9.787153734834735e-8,3.9148614939338955e-7,1.8905914247127906e-7,8.163917515805217e-8,9.787153734834727e-8,0,0,0,0,0,0,0,0,0,0,0,0,0,0,0,0,0,-1.1076196814815693e-7,0,-8.498117599298223e-8,-3.513826949297854e-7,-9.83489709993689e-8,-8.498117599298233e-8,-1.1076196814815654e-7,-9.834897099936869e-8
0,0,0,0,0,0,0,0,0,0,0,0,0,0,0,0,0,0,0,0,0,0,0,0,0.0034722222222222238,0.0027777777777777783,-0.0034722222222222294,0.005555555555555557,0.013888888888888905,0,0.013888888888888892,0,0.0034722222222222116,-0.0027777777777777788,-0.0034722222222222034,-0.005555555555555556,0,0,0,0,0,0,0,0,0,0,0,0,0,0,0,0,0,0,0,0,0,0,0,0,0,0,0,0,0,0,0,0,0,0,1.3660947373317356e-17,0.00555555555555555,0,0,-0.006944444444444456,-0.011111111111111113,-0.027777777777777832,0,0.006944444444444462,-6.505213034913027e-19,-0.006944444444444437,0.011111111111111113,-1.3877787807814457e-17,-0.00555555555555555,0.006944444444444465,0,0,0,0,0,0,0,0,0,0,0,0,0,9.787153734834732e-8,8.163917515805227e-8,1.8905914247127906e-7,3.9148614939338913e-7,9.787153734834719e-8,8.163917515805228e-8,0,0,0,0,0,0,0,0,0,0,0,0,0,0,0,0,0,-1.1076196814815686e-7,0,-9.834897099936903e-8,-3.513826949297847e-7,-8.498117599298212e-8,-9.83489709993691e-8,-1.1076196814815657e-7,-8.498117599298214e-8
0,0,0,0,0,0,0,0,0,0,0,0,0,0,0,0,0,0,0,0,0,0,0,0,0,0,0,0,0.003472222222222241,0.005555555555555555,-0.0034722222222222034,0.0027777777777777775,-0.00694444444444443,0.005555555555555558,-0.006944444444444421,-0.0027777777777777796,0,0,0,0,0,0,0,0,0,0,0,0,0,0,0,0,0,0,0,0,0,0,0,0,0,0,0,0,0,0,0,0,0,0,0,0,0,0,0,0,-3.8163916471489756e-17,0.005555555555555551,0,0,-0.006944444444444463,1.734723475976807e-18,0.013888888888888878,-0.00555555555555555,0.006944444444444435,-0.011111111111111115,0,0,0,0,0,0,0,0,0,0,0,0,0,0,8.163917515805217e-8,9.787153734834719e-8,1.957430746966943e-7,9.452957123563937e-8,0,0,0,0,0,0,0,0,0,0,0,0,0,0,0,0,0,0,0,0,-1.107619681481566e-7,0,-8.498117599298212e-8,-1.7569134746489207e-7,-9.834897099936891e-8
0,0,0,0,0,0,0,0,0,0,0,0,0,0,0,0,0,0,0,0,0,0,0,0,0,0,0,0,0.0034722222222222207,0.002777777777777778,-0.0034722222222222125,0.005555555555555556,0.006944444444444424,-0.0027777777777777783,0.006944444444444441,0.005555555555555558,0,0,0,0,0,0,0,0,0,0,0,0,0,0,0,0,0,0,0,0,0,0,0,0,0,0,0,0,0,0,0,0,0,0,0,0,0,0,0,0,4.336808689942018e-19,0.0055555555555555506,0,0,-0.006944444444444444,-0.011111111111111115,-0.013888888888888895,-0.005555555555555551,0.00694444444444447,-2.168404344971009e-19,0,0,0,0,0,0,0,0,0,0,0,0,0,0,9.787153734834727e-8,8.163917515805228e-8,9.452957123563937e-8,1.957430746966946e-7,0,0,0,0,0,0,0,0,0,0,0,0,0,0,0,0,0,0,0,0,-1.1076196814815674e-7,0,-9.834897099936927e-8,-1.7569134746489215e-7,-8.498117599298208e-8
-0.013888888888888892,-0.016666666666666666,0.013888888888888892,-0.016666666666666666,4.336808689942018e-19,-0.005555555555555555,1.734723475976807e-18,-0.005555555555555552,0,0,0,0,0,0,0,0,0,0,0,0,0,0,0,0,0,0,0,0,0,0,0,0,0,0,0,0,0,-0.022222222222222213,0.027777777777777762,0.022222222222222223,1.734723475976807e-18,0.022222222222222213,-0.027777777777777766,0.022222222222222223,0,0,0,0,0,0,0,0,0,0,0,0,0,0,0,0,0,0,0,0,0,0,0,0,0,0,0,0,0,0,0,0,0,0,0,0,0,0,0,0,0,0,2.0207994189018103e+11,2.02079941890181e+11,-1.1076196814815686e-7,-1.107619681481569e-7,0,0,0,0,0,0,0,0,0,0,0,0,0,0,8.083197675607239e+11,1.388888889279853e-13,1.298588975223602e-7,1.3888888891732263e-13,0,0,0,0,0,0,0,0,0,0,0,0,0,0,0,0,0,0,0,0,0
0.006944444444444442,-1.734723475976807e-18,0.020833333333333336,-0.011111111111111113,0.006944444444444442,-6.505213034913027e-19,0.020833333333333336,0.011111111111111115,0,0,0,0,0,0,0,0,0,0,0,0,0,0,0,0,0,0,0,0,0,0,0,0,0,0,0,0,-0.027777777777777776,-0.022222222222222213,0.027777777777777755,0,-0.02777777777777777,0.022222222222222213,-0.027777777777777762,8.673617379884035e-19,0,0,0,0,0,0,0,0,0,0,0,0,0,0,0,0,0,0,0,0,0,0,0,0,0,0,0,0,0,0,0,0,0,0,0,0,0,0,0,0,0,0,-8.498117599298244e-8,-9.83489709993692e-8,-8.498117599298241e-8,-9.834897099936923e-8,0,0,0,0,0,0,0,0,0,0,0,0,0,0,1.388888889279853e-13,3.3992470397192965e-7,1.3888888893153954e-13,2.673572890166248e-8,0,0,0,0,0,0,0,0,0,0,0,0,0,0,0,0,0,0,0,0,0
-1.734723475976807e-18,0.005555555555555553,4.7704895589362195e-18,0.005555555555555552,-0.02777777777777777,-3.469446951953614e-18,0.02777777777777779,3.469446951953614e-18,-4.336808689942018e-19,-0.005555555555555554,3.469446951953614e-18,-0.005555555555555554,0,0,0,0,0,0,0,0,0,0,0,0,0,0,0,0,0,0,0,0,0,0,0,0,0,-0.022222222222222213,0.02777777777777775,-0.02222222222222222,-1.5178830414797062e-17,0,-0.02777777777777776,-0.022222222222222223,0.02777777777777777,0.022222222222222223,1.734723475976807e-18,0.022222222222222213,-0.027777777777777776,0.022222222222222223,0,0,0,0,0,0,0,0,0,0,0,0,0,0,0,0,0,0,0,0,0,0,0,0,0,0,0,0,0,0,0,0,0,0,0,0,-1.1076196814815686e-7,-1.1076196814815687e-7,-3.5138269492978504e-7,-3.5138269492978515e-7,-1.1076196814815689e-7,-1.1076196814815691e-7,0,0,0,0,0,0,0,0,0,0,0,0,1.298588975223602e-7,1.3888888893153954e-13,8.86095745185255e-7,1.388888888888888e-13,1.3888888890310576e-13,1.298588975223602e-7,1.3888888889244304e-13,0,0,0,0,0,0,0,0,0,0,0,0,0,0,0,0,0,0
-0.020833333333333336,-0.011111111111111112,-0.006944444444444441,-1.734723475976807e-18,-0.02083333333333333,0.011111111111111112,-0.00694444444444444,8.673617379884035e-19,0,0,0,0,0,0,0,0,0,0,0,0,0,0,0,0,0,0,0,0,0,0,0,0,0,0,0,0,0.027777777777777773,-0.022222222222222213,0.02777777777777776,1.734723475976807e-18,0.02777777777777777,0.022222222222222213,-0.027777777777777762,0,0,0,0,0,0,0,0,0,0,0,0,0,0,0,0,0,0,0,0,0,0,0,0,0,0,0,0,0,0,0,0,0,0,0,0,0,0,0,0,0,0,0,-9.83489709993692e-8,-8.498117599298243e-8,-9.834897099936922e-8,-8.498117599298243e-8,0,0,0,0,0,0,0,0,0,0,0,0,0,0,1.3888888891732263e-13,2.673572890166248e-8,1.388888888888888e-13,3.3992470397192965e-7,0,0,0,0,0,0,0,0,0,0,0,0,0,0,0,0,0,0,0,0,0
0,0,0,0,0.0069444444444444475,-1.734723475976807e-18,0.02083333333333334,-0.011111111111111113,0.0069444444444444415,4.336808689942018e-19,0.02083333333333334,0.011111111111111113,0,0,0,0,0,0,0,0,0,0,0,0,0,0,0,0,0,0,0,0,0,0,0,0,0,0,0,0,-0.02777777777777779,-0.022222222222222213,0,0,0.027777777777777755,0,-0.027777777777777755,0.022222222222222213,-0.02777777777777777,0,0,0,0,0,0,0,0,0,0,0,0,0,0,0,0,0,0,0,0,0,0,0,0,0,0,0,0,0,0,0,0,0,0,0,0,0,0,0,-8.498117599298241e-8,-9.834897099936911e-8,-8.498117599298244e-8,-9.834897099936928e-8,0,0,0,0,0,0,0,0,0,0,0,0,0,0,1.3888888890310576e-13,0,3.399247039719296e-7,1.388888890026241e-13,2.673572890166245e-8,0,0,0,0,0,0,0,0,0,0,0,0,0,0,0,0,0,0
0,0,0,0,8.673617379884035e-19,0.005555555555555553,4.7704895589362195e-18,0.005555555555555553,-0.027777777777777787,-3.469446951953614e-18,0.027777777777777787,3.469446951953614e-18,3.469446951953614e-18,-0.005555555555555553,5.204170427930421e-18,-0.005555555555555554,0,0,0,0,0,0,0,0,0,0,0,0,0,0,0,0,0,0,0,0,0,0,0,0,-6.938893903907228e-18,-0.022222222222222213,0,0,0.02777777777777775,-0.022222222222222223,2.211772431870429e-17,0,-0.027777777777777762,-0.022222222222222223,0.02777777777777777,0.022222222222222223,0,0.022222222222222213,-0.027777777777777773,0.022222222222222223,0,0,0,0,0,0,0,0,0,0,0,0,0,0,0,0,0,0,0,0,0,0,0,0,0,0,0,0,0,0,0,0,-1.1076196814815686e-7,-1.1076196814815689e-7,-3.513826949297852e-7,-3.513826949297852e-7,-1.1076196814815695e-7,-1.1076196814815697e-7,0,0,0,0,0,0,0,0,0,0,0,0,1.298588975223602e-7,0,1.388888890026241e-13,8.860957451852551e-7,1.388888889102142e-13,1.3888888895997344e-13,1.2985889752236024e-7,1.3888888896708188e-13,0,0,0,0,0,0,0,0,0,0,0,0,0,0,0
0,0,0,0,-0.02083333333333333,-0.011111111111111112,-0.0069444444444444415,-1.734723475976807e-18,-0.02083333333333334,0.011111111111111112,-0.006944444444444441,8.673617379884035e-19,0,0,0,0,0,0,0,0,0,0,0,0,0,0,0,0,0,0,0,0,0,0,0,0,0,0,0,0,0.027777777777777776,-0.022222222222222213,0,0,0.027777777777777762,-8.673617379884035e-19,0.027777777777777776,0.02222222222222222,-0.02777777777777777,-2.168404344971009e-19,0,0,0,0,0,0,0,0,0,0,0,0,0,0,0,0,0,0,0,0,0,0,0,0,0,0,0,0,0,0,0,0,0,0,0,0,0,0,-9.834897099936915e-8,-8.498117599298243e-8,-9.83489709993692e-8,-8.498117599298249e-8,0,0,0,0,0,0,0,0,0,0,0,0,0,0,1.3888888889244304e-13,0,2.673572890166245e-8,1.388888889102142e-13,3.399247039719297e-7,0,0,0,0,0,0,0,0,0,0,0,0,0,0,0,0,0,0
0,0,0,0,0,0,0,0,0.0069444444444444475,-1.734723475976807e-18,0.020833333333333343,-0.011111111111111113,0.006944444444444445,4.336808689942018e-19,0.02083333333333335,0.011111111111111113,0,0,0,0,0,0,0,0,0,0,0,0,0,0,0,0,0,0,0,0,0,0,0,0,0,0,0,0,0,0,-0.02777777777777779,-0.022222222222222213,0,0,0.02777777777777774,0,-0.027777777777777762,0.022222222222222213,-0.02777777777777777,-8.673617379884035e-19,0,0,0,0,0,0,0,0,0,0,0,0,0,0,0,0,0,0,0,0,0,0,0,0,0,0,0,0,0,0,0,0,0,0,-8.498117599298244e-8,-9.83489709993691e-8,-8.498117599298249e-8,-9.834897099936931e-8,0,0,0,0,0,0,0,0,0,0,0,0,0,0,0,1.3888888895997344e-13,0,3.3992470397192955e-7,1.3888888905949177e-13,2.6735728901662517e-8,0,0,0,0,0,0,0,0,0,0,0,0,0,0,0
0,0,0,0,0,0,0,0,0,0.005555555555555553,9.974659986866641e-18,0.005555555555555553,-0.02777777777777779,-3.469446951953614e-18,0.027777777777777794,3.469446951953614e-18,-8.239936510889834e-18,-0.005555555555555554,-3.469446951953614e-18,-0.005555555555555554,0,0,0,0,0,0,0,0,0,0,0,0,0,0,0,0,0,0,0,0,0,0,0,0,0,0,-6.938893903907228e-18,-0.022222222222222213,0,0,0.027777777777777728,-0.022222222222222223,1.5612511283791264e-17,3.469446951953614e-18,-0.027777777777777745,-0.022222222222222223,0.02777777777777778,0.022222222222222223,3.469446951953614e-18,0.022222222222222213,-0.027777777777777776,0.022222222222222223,0,0,0,0,0,0,0,0,0,0,0,0,0,0,0,0,0,0,0,0,0,0,0,0,0,0,0,0,-1.1076196814815686e-7,-1.1076196814815687e-7,-3.513826949297851e-7,-3.513826949297852e-7,-1.1076196814815698e-7,-1.1076196814815698e-7,0,0,0,0,0,0,0,0,0,0,0,0,0,1.2985889752236024e-7,0,1.3888888905949177e-13,8.860957451852548e-7,1.388888889670818e-13,1.3888888899906992e-13,1.2985889752236032e-7,1.388888888888889e-13,0,0,0,0,0,0,0,0,0,0,0,0
0,0,0,0,0,0,0,0,-0.02083333333333334,-0.011111111111111112,-0.006944444444444441,-1.3010426069826053e-18,-0.02083333333333333,0.011111111111111112,-0.006944444444444435,8.673617379884035e-19,0,0,0,0,0,0,0,0,0,0,0,0,0,0,0,0,0,0,0,0,0,0,0,0,0,0,0,0,0,0,0.02777777777777778,-0.022222222222222213,0,0,0.02777777777777776,-1.734723475976807e-18,0.027777777777777752,0.022222222222222213,-0.02777777777777775,-2.168404344971009e-19,0,0,0,0,0,0,0,0,0,0,0,0,0,0,0,0,0,0,0,0,0,0,0,0,0,0,0,0,0,0,0,0,0,0,-9.834897099936914e-8,-8.498117599298248e-8,-9.834897099936933e-8,-8.498117599298253e-8,0,0,0,0,0,0,0,0,0,0,0,0,0,0,0,1.3888888896708188e-13,0,2.6735728901662517e-8,1.388888889670818e-13,3.3992470397192965e-7,0,0,0,0,0,0,0,0,0,0,0,0,0,0,0
0,0,0,0,0,0,0,0,0,0,0,0,0.006944444444444441,-8.673617379884035e-19,0.020833333333333332,-0.011111111111111113,0.006944444444444435,2.168404344971009e-19,0.02083333333333334,0.011111111111111113,0,0,0,0,0,0,0,0,0,0,0,0,0,0,0,0,0,0,0,0,0,0,0,0,0,0,0,0,0,0,0,0,-0.027777777777777776,-0.022222222222222213,0,0,0.02777777777777776,0,-0.027777777777777766,0.022222222222222213,-0.027777777777777766,0,0,0,0,0,0,0,0,0,0,0,0,0,0,0,0,0,0,0,0,0,0,0,0,0,0,0,0,0,0,0,-8.498117599298247e-8,-9.834897099936915e-8,-8.498117599298253e-8,-9.834897099936928e-8,0,0,0,0,0,0,0,0,0,0,0,0,0,0,0,0,1.3888888899906992e-13,0,3.3992470397192965e-7,1.3888888905949177e-13,2.6735728901662448e-8,0,0,0,0,0,0,0,0,0,0,0,0
0,0,0,0,0,0,0,0,0,0,0,0,-1.0408340855860843e-17,0.005555555555555554,-2.6020852139652106e-18,0.005555555555555552,-0.027777777777777825,-3.469446951953614e-18,0.027777777777777804,3.469446951953614e-18,7.806255641895632e-18,-0.005555555555555554,1.734723475976807e-18,-0.005555555555555552,0,0,0,0,0,0,0,0,0,0,0,0,0,0,0,0,0,0,0,0,0,0,0,0,0,0,0,0,1.0408340855860843e-17,-0.022222222222222213,0,0,0.027777777777777755,-0.022222222222222223,-1.3010426069826053e-17,3.469446951953614e-18,-0.027777777777777738,-0.022222222222222223,0.027777777777777783,0.022222222222222223,1.734723475976807e-18,0.022222222222222213,-0.027777777777777783,0.02222222222222222,0,0,0,0,0,0,0,0,0,0,0,0,0,0,0,0,0,0,0,0,0,0,0,0,-1.107619681481569e-7,-1.107619681481569e-7,-3.513826949297854e-7,-3.513826949297853e-7,-1.1076196814815693e-7,-1.1076196814815702e-7,0,0,0,0,0,0,0,0,0,0,0,0,0,0,1.2985889752236032e-7,0,1.3888888905949177e-13,8.860957451852551e-7,1.3888888905949182e-13,1.3888888893864815e-13,1.2985889752236032e-7,1.3888888907370878e-13,0,0,0,0,0,0,0,0,0
0,0,0,0,0,0,0,0,0,0,0,0,-0.020833333333333353,-0.011111111111111112,-0.0069444444444444545,-1.734723475976807e-18,-0.02083333333333336,0.011111111111111112,-0.006944444444444448,8.673617379884035e-19,0,0,0,0,0,0,0,0,0,0,0,0,0,0,0,0,0,0,0,0,0,0,0,0,0,0,0,0,0,0,0,0,0.027777777777777804,-0.02222222222222221,0,0,0.02777777777777778,0,0.02777777777777777,0.022222222222222213,-0.02777777777777775,-3.686287386450715e-18,0,0,0,0,0,0,0,0,0,0,0,0,0,0,0,0,0,0,0,0,0,0,0,0,0,0,0,0,0,0,-9.834897099936906e-8,-8.498117599298241e-8,-9.834897099936924e-8,-8.498117599298249e-8,0,0,0,0,0,0,0,0,0,0,0,0,0,0,0,0,1.388888888888889e-13,0,2.6735728901662448e-8,1.3888888905949182e-13,3.3992470397192955e-7,0,0,0,0,0,0,0,0,0,0,0,0
0,0,0,0,0,0,0,0,0,0,0,0,0,0,0,0,0.006944444444444449,0,0.02083333333333336,-0.011111111111111113,0.0069444444444444545,2.168404344971009e-19,0.020833333333333353,0.011111111111111115,0,0,0,0,0,0,0,0,0,0,0,0,0,0,0,0,0,0,0,0,0,0,0,0,0,0,0,0,0,0,0,0,0,0,-0.02777777777777781,-0.022222222222222213,0,0,0.027777777777777752,0,-0.027777777777777762,0.022222222222222213,-0.027777777777777783,-1.734723475976807e-18,0,0,0,0,0,0,0,0,0,0,0,0,0,0,0,0,0,0,0,0,0,0,0,0,0,0,-8.498117599298244e-8,-9.834897099936902e-8,-8.498117599298237e-8,-9.834897099936926e-8,0,0,0,0,0,0,0,0,0,0,0,0,0,0,0,0,0,1.3888888893864815e-13,0,3.399247039719295e-7,1.388888890026241e-13,2.6735728901662434e-8,0,0,0,0,0,0,0,0,0
0,0,0,0,0,0,0,0,0,0,0,0,0,0,0,0,2.6020852139652106e-18,0.005555555555555554,1.9081958235744878e-17,0.005555555555555552,-0.027777777777777807,-3.469446951953614e-18,0.027777777777777794,3.469446951953614e-18,-1.3444106938820255e-17,-0.005555555555555555,-1.3877787807814457e-17,-0.005555555555555552,0,0,0,0,0,0,0,0,0,0,0,0,0,0,0,0,0,0,0,0,0,0,0,0,0,0,0,0,0,0,-2.0816681711721685e-17,-0.022222222222222213,0,0,0.027777777777777728,-0.022222222222222223,6.808789643208968e-17,0,-0.027777777777777776,-0.022222222222222223,0.027777777777777773,0.022222222222222223,4.336808689942018e-17,0.022222222222222213,-0.027777777777777804,0.022222222222222223,0,0,0,0,0,0,0,0,0,0,0,0,0,0,0,0,0,0,0,0,-1.1076196814815689e-7,-1.1076196814815686e-7,-3.5138269492978536e-7,-3.513826949297853e-7,-1.1076196814815695e-7,-1.1076196814815713e-7,0,0,0,0,0,0,0,0,0,0,0,0,0,0,0,1.2985889752236032e-7,0,1.388888890026241e-13,8.860957451852551e-7,1.3888888882491268e-13,1.3888888930117936e-13,1.298588975223604e-7,1.3888888878581643e-13,0,0,0,0,0,0
0,0,0,0,0,0,0,0,0,0,0,0,0,0,0,0,-0.020833333333333356,-0.011111111111111112,-0.006944444444444437,-1.734723475976807e-18,-0.02083333333333331,0.011111111111111112,-0.006944444444444438,8.673617379884035e-19,0,0,0,0,0,0,0,0,0,0,0,0,0,0,0,0,0,0,0,0,0,0,0,0,0,0,0,0,0,0,0,0,0,0,0.02777777777777778,-0.022222222222222213,0,0,0.027777777777777762,0,0.027777777777777766,0.022222222222222213,-0.02777777777777777,-3.686287386450715e-18,0,0,0,0,0,0,0,0,0,0,0,0,0,0,0,0,0,0,0,0,0,0,0,0,0,0,-9.834897099936912e-8,-8.498117599298248e-8,-9.834897099936927e-8,-8.498117599298249e-8,0,0,0,0,0,0,0,0,0,0,0,0,0,0,0,0,0,1.3888888907370878e-13,0,2.6735728901662434e-8,1.3888888882491268e-13,3.399247039719297e-7,0,0,0,0,0,0,0,0,0
0,0,0,0,0,0,0,0,0,0,0,0,0,0,0,0,0,0,0,0,0.006944444444444427,-8.673617379884035e-19,0.020833333333333343,-0.011111111111111113,0.006944444444444425,-6.505213034913027e-19,0.020833333333333325,0.011111111111111112,0,0,0,0,0,0,0,0,0,0,0,0,0,0,0,0,0,0,0,0,0,0,0,0,0,0,0,0,0,0,0,0,0,0,0,0,-0.027777777777777755,-0.022222222222222213,0,0,0.0277777777777777,0,-0.027777777777777693,0.022222222222222213,-0.02777777777777777,8.673617379884035e-19,0,0,0,0,0,0,0,0,0,0,0,0,0,0,0,0,0,0,0,0,0,0,-8.498117599298259e-8,-9.83489709993693e-8,-8.498117599298256e-8,-9.834897099936957e-8,0,0,0,0,0,0,0,0,0,0,0,0,0,0,0,0,0,0,1.3888888930117936e-13,0,3.3992470397192965e-7,1.3888888932961304e-13,2.6735728901662425e-8,0,0,0,0,0,0
0,0,0,0,0,0,0,0,0,0,0,0,0,0,0,0,0,0,0,0,-1.9949319973733282e-17,0.005555555555555554,-8.673617379884035e-19,0.005555555555555552,-0.027777777777777846,-3.469446951953614e-18,0.027777777777777776,-3.469446951953614e-18,3.469446951953614e-18,-0.005555555555555555,-2.949029909160572e-17,-0.005555555555555552,0,0,0,0,0,0,0,0,0,0,0,0,0,0,0,0,0,0,0,0,0,0,0,0,0,0,0,0,0,0,0,0,2.6020852139652106e-17,-0.022222222222222213,0,0,0.027777777777777714,-0.02222222222222222,9.8879238130678e-17,0,-0.02777777777777777,-0.02222222222222222,0.027777777777777863,0.022222222222222223,1.214306433183765e-17,0.022222222222222213,-0.02777777777777784,0.022222222222222223,0,0,0,0,0,0,0,0,0,0,0,0,0,0,0,0,-1.1076196814815685e-7,-1.1076196814815698e-7,-3.513826949297856e-7,-3.513826949297854e-7,-1.1076196814815693e-7,-1.1076196814815686e-7,0,0,0,0,0,0,0,0,0,0,0,0,0,0,0,0,1.298588975223604e-7,0,1.3888888932961304e-13,8.860957451852555e-7,1.388888886400929e-13,1.3888888877870803e-13,1.298588975223604e-7,1.3888888874671998e-13,0,0,0
0,0,0,0,0,0,0,0,0,0,0,0,0,0,0,0,0,0,0,0,-0.02083333333333339,-0.011111111111111112,-0.006944444444444463,-1.0842021724855044e-18,-0.020833333333333367,0.011111111111111112,-0.006944444444444466,8.673617379884035e-19,0,0,0,0,0,0,0,0,0,0,0,0,0,0,0,0,0,0,0,0,0,0,0,0,0,0,0,0,0,0,0,0,0,0,0,0,0.027777777777777863,-0.022222222222222213,0,0,0.027777777777777783,1.734723475976807e-18,0.027777777777777842,0.022222222222222213,-0.027777777777777804,3.686287386450715e-18,0,0,0,0,0,0,0,0,0,0,0,0,0,0,0,0,0,0,0,0,0,0,-9.834897099936877e-8,-8.498117599298237e-8,-9.834897099936899e-8,-8.498117599298239e-8,0,0,0,0,0,0,0,0,0,0,0,0,0,0,0,0,0,0,1.3888888878581643e-13,0,2.6735728901662425e-8,1.388888886400929e-13,3.399247039719294e-7,0,0,0,0,0,0
0,0,0,0,0,0,0,0,0,0,0,0,0,0,0,0,0,0,0,0,0,0,0,0,0.0069444444444444345,-1.734723475976807e-18,0.02083333333333335,-0.011111111111111113,0.006944444444444443,-4.336808689942018e-19,0.02083333333333328,0.011111111111111115,0,0,0,0,0,0,0,0,0,0,0,0,0,0,0,0,0,0,0,0,0,0,0,0,0,0,0,0,0,0,0,0,0,0,0,0,0,0,-0.02777777777777782,-0.022222222222222213,0,0,0.02777777777777788,0,-0.027777777777777783,0.022222222222222213,-0.027777777777777783,1.734723475976807e-18,0,0,0,0,0,0,0,0,0,0,0,0,0,0,0,0,0,0,-8.498117599298231e-8,-9.834897099936877e-8,-8.498117599298223e-8,-9.834897099936903e-8,0,0,0,0,0,0,0,0,0,0,0,0,0,0,0,0,0,0,0,1.3888888877870803e-13,0,3.399247039719299e-7,1.3888888844816455e-13,2.673572890166195e-8,0,0,0
0,0,0,0,0,0,0,0,0,0,0,0,0,0,0,0,0,0,0,0,0,0,0,0,-2.168404344971009e-17,0.005555555555555553,-1.0842021724855044e-17,0.005555555555555554,-0.027777777777777832,-3.469446951953614e-18,0.027777777777777672,3.469446951953614e-18,6.938893903907228e-18,-0.005555555555555553,-3.469446951953614e-17,-0.005555555555555552,0,0,0,0,0,0,0,0,0,0,0,0,0,0,0,0,0,0,0,0,0,0,0,0,0,0,0,0,0,0,0,0,0,0,2.42861286636753e-17,-0.022222222222222213,0,0,0.02777777777777784,-0.02222222222222222,9.280770596475918e-17,0,-0.027777777777777783,-0.02222222222222222,0.027777777777777825,0.022222222222222223,3.8163916471489756e-17,0.022222222222222213,-0.02777777777777782,0.022222222222222223,0,0,0,0,0,0,0,0,0,0,0,0,-1.1076196814815681e-7,-1.1076196814815674e-7,-3.513826949297854e-7,-3.513826949297847e-7,-1.107619681481566e-7,-1.1076196814815674e-7,0,0,0,0,0,0,0,0,0,0,0,0,0,0,0,0,0,1.298588975223604e-7,0,1.3888888844816455e-13,8.860957451852557e-7,1.3888888855479146e-13,1.3888888874671965e-13,1.2985889752235995e-7,1.388888884872612e-13
0,0,0,0,0,0,0,0,0,0,0,0,0,0,0,0,0,0,0,0,0,0,0,0,-0.020833333333333377,-0.011111111111111112,-0.006944444444444459,-4.336808689942018e-19,-0.020833333333333346,0.011111111111111112,-0.006944444444444473,8.673617379884035e-19,0,0,0,0,0,0,0,0,0,0,0,0,0,0,0,0,0,0,0,0,0,0,0,0,0,0,0,0,0,0,0,0,0,0,0,0,0,0,0.027777777777777846,-0.022222222222222213,0,0,0.027777777777777825,8.673617379884035e-19,0.027777777777777814,0.022222222222222213,-0.027777777777777835,3.469446951953614e-18,0,0,0,0,0,0,0,0,0,0,0,0,0,0,0,0,0,0,-9.83489709993687e-8,-8.498117599298223e-8,-9.83489709993689e-8,-8.498117599298212e-8,0,0,0,0,0,0,0,0,0,0,0,0,0,0,0,0,0,0,0,1.3888888874671998e-13,0,2.673572890166195e-8,1.3888888855479146e-13,3.3992470397192944e-7,0,0,0
0,0,0,0,0,0,0,0,0,0,0,0,0,0,0,0,0,0,0,0,0,0,0,0,0,0,0,0,0.006944444444444419,-8.673617379884035e-19,0.02083333333333328,-0.011111111111111113,0.006944444444444437,1.3010426069826053e-18,0.02083333333333326,0.011111111111111115,0,0,0,0,0,0,0,0,0,0,0,0,0,0,0,0,0,0,0,0,0,0,0,0,0,0,0,0,0,0,0,0,0,0,0,0,0,0,0,0,-0.02777777777777775,-0.022222222222222213,0,0,0.027777777777777825,0,-0.027777777777777717,0.022222222222222213,-0.02777777777777776,8.673617379884035e-19,0,0,0,0,0,0,0,0,0,0,0,0,0,0,-8.498117599298233e-8,-9.83489709993691e-8,-8.498117599298212e-8,-9.834897099936927e-8,0,0,0,0,0,0,0,0,0,0,0,0,0,0,0,0,0,0,0,0,1.3888888874671965e-13,0,3.3992470397193013e-7,1.3888888854768273e-13,2.6735728901662137e-8
0,0,0,0,0,0,0,0,0,0,0,0,0,0,0,0,0,0,0,0,0,0,0,0,0,0,0,0,-7.806255641895632e-18,0.005555555555555554,-5.637851296924623e-18,0.005555555555555553,-0.013888888888888836,0.016666666666666663,0.013888888888888833,0.01666666666666667,0,0,0,0,0,0,0,0,0,0,0,0,0,0,0,0,0,0,0,0,0,0,0,0,0,0,0,0,0,0,0,0,0,0,0,0,0,0,0,0,1.5612511283791264e-17,-0.022222222222222213,0,0,0.02777777777777777,-0.022222222222222223,4.85722573273506e-17,0.022222222222222213,-0.027777777777777818,-0.022222222222222223,0,0,0,0,0,0,0,0,0,0,0,0,0,0,-1.1076196814815654e-7,-1.1076196814815657e-7,-1.7569134746489207e-7,-1.7569134746489215e-7,0,0,0,0,0,0,0,0,0,0,0,0,0,0,0,0,0,0,0,0,1.2985889752235995e-7,0,1.3888888854768273e-13,4.4304787259262755e-7,1.38888888021657e-13
0,0,0,0,0,0,0,0,0,0,0,0,0,0,0,0,0,0,0,0,0,0,0,0,0,0,0,0,-0.020833333333333353,-0.011111111111111112,-0.0069444444444444545,0,-0.020833333333333266,0.011111111111111112,-0.006944444444444463,8.673617379884035e-19,0,0,0,0,0,0,0,0,0,0,0,0,0,0,0,0,0,0,0,0,0,0,0,0,0,0,0,0,0,0,0,0,0,0,0,0,0,0,0,0,0.02777777777777784,-0.022222222222222213,0,0,0.027777777777777773,-1.734723475976807e-18,0.02777777777777781,0.02222222222222222,-0.027777777777777884,2.168404344971009e-19,0,0,0,0,0,0,0,0,0,0,0,0,0,0,-9.834897099936869e-8,-8.498117599298214e-8,-9.834897099936891e-8,-8.498117599298208e-8,0,0,0,0,0,0,0,0,0,0,0,0,0,0,0,0,0,0,0,0,1.388888884872612e-13,0,2.6735728901662137e-8,1.38888888021657e-13,3.399247039719299e-7
